{"type":"FeatureCollection","metadata":{"population_source":"WorldPop Global 2 R2025A","population_source_url":"https://hub.worldpop.org/project/categories?id=3","population_license":"CC BY 4.0","population_year":2025,"raster_resolution":"1km","h3_resolution":3,"population_method":"official_country_rasters","occupied_cells":258,"mapped_players":994},"features":[{"type":"Feature","properties":{"hex_id":"830813fffffffff","population":75032,"population_year":2025,"area_km2":8154.3,"population_density":9.2,"all_players":1,"players_per_million":13.33,"player_ids":["nhl:8479421"],"label":"Ostersund","country":"Sweden"},"geometry":{"type":"Polygon","coordinates":[[[12.939174,63.061054],[12.995076,62.603631],[14.057914,62.429054],[15.081231,62.708491],[15.046207,63.166721],[13.966842,63.344779],[12.939174,63.061054]]]}},{"type":"Feature","properties":{"hex_id":"830815fffffffff","population":329673,"population_year":2025,"area_km2":7890.8,"population_density":41.8,"all_players":1,"players_per_million":3.03,"player_ids":["nhl:8484392"],"label":"Trondheim","country":"Norway"},"geometry":{"type":"Polygon","coordinates":[[[9.693861,63.519707],[9.782461,63.071538],[10.856626,62.924851],[11.860961,63.22328],[11.792822,63.67262],[10.699671,63.822428],[9.693861,63.519707]]]}},{"type":"Feature","properties":{"hex_id":"830880fffffffff","population":247784,"population_year":2025,"area_km2":9064.9,"population_density":27.3,"all_players":2,"players_per_million":8.07,"player_ids":["nhl:8480873","nhl:8481013"],"label":"Uppsala","country":"Sweden"},"geometry":{"type":"Polygon","coordinates":[[[17.250449,60.411345],[17.262594,59.921571],[18.261053,59.698623],[19.259291,59.962058],[19.266387,60.452176],[18.255959,60.678588],[17.250449,60.411345]]]}},{"type":"Feature","properties":{"hex_id":"830884fffffffff","population":154595,"population_year":2025,"area_km2":9031.8,"population_density":17.1,"all_players":2,"players_per_million":12.94,"player_ids":["nhl:8476887","nhl:8482496"],"label":"Ostervala","country":"Sweden"},"geometry":{"type":"Polygon","coordinates":[[[15.246287,60.34036],[15.277419,59.851205],[16.278958,59.64339],[17.262594,59.921571],[17.250449,60.411345],[16.235599,60.62239],[15.246287,60.34036]]]}},{"type":"Feature","properties":{"hex_id":"830885fffffffff","population":178698,"population_year":2025,"area_km2":8833.8,"population_density":20.2,"all_players":5,"players_per_million":27.98,"player_ids":["nhl:8474593","nhl:8475714","nhl:8477992","nhl:8481599","nhl:8484188"],"label":"Gavle","country":"Sweden"},"geometry":{"type":"Polygon","coordinates":[[[16.213285,61.104087],[16.235599,60.62239],[17.250449,60.411345],[18.255959,60.678588],[18.253337,61.160745],[17.225446,61.375272],[16.213285,61.104087]]]}},{"type":"Feature","properties":{"hex_id":"830886fffffffff","population":2640375,"population_year":2025,"area_km2":9267.4,"population_density":284.9,"all_players":31,"players_per_million":11.74,"player_ids":["nhl:8474150","nhl:8476448","nhl:8476455","nhl:8476459","nhl:8476483","nhl:8477406","nhl:8477505","nhl:8477971","nhl:8478831","nhl:8479407","nhl:8480995","nhl:8481547","nhl:8481600","nhl:8482125","nhl:8482482","nhl:8482661","nhl:8482667","nhl:8482761","nhl:8482765","nhl:8483476","nhl:8483499","nhl:8483500","nhl:8483678","nhl:8483686","nhl:8483712","nhl:8484240","nhl:8484380","nhl:8484910","nhl:8485388","nhl:8485391","nhl:8486166"],"label":"Stockholm","country":"Sweden"},"geometry":{"type":"Polygon","coordinates":[[[16.278958,59.64339],[16.300028,59.146064],[17.2862,58.926343],[18.263528,59.200793],[18.261053,59.698623],[17.262594,59.921571],[16.278958,59.64339]]]}},{"type":"Feature","properties":{"hex_id":"830888fffffffff","population":135099,"population_year":2025,"area_km2":9064.9,"population_density":14.9,"all_players":6,"players_per_million":44.41,"player_ids":["nhl:8475287","nhl:8476469","nhl:8476914","nhl:8477996","nhl:8480829","nhl:8481572"],"label":"Pori","country":"Finland"},"geometry":{"type":"Polygon","coordinates":[[[21.005483,61.59765],[21.952715,61.396097],[22.781062,61.75929],[22.66083,62.331088],[21.682735,62.533116],[20.856291,62.162817],[21.005483,61.59765]]]}},{"type":"Feature","properties":{"hex_id":"83088afffffffff","population":301530,"population_year":2025,"area_km2":9241.7,"population_density":32.6,"all_players":2,"players_per_million":6.63,"player_ids":["nhl:8478449","nhl:8484797"],"label":"Ylojarvi","country":"Finland"},"geometry":{"type":"Polygon","coordinates":[[[22.080946,60.825166],[23.009481,60.610921],[23.838471,60.96689],[23.738785,61.54427],[22.781062,61.75929],[21.952715,61.396097],[22.080946,60.825166]]]}},{"type":"Feature","properties":{"hex_id":"83088efffffffff","population":83261,"population_year":2025,"area_km2":8996.5,"population_density":9.3,"all_players":1,"players_per_million":12.01,"player_ids":["nhl:8478427"],"label":"Rauma","country":"Finland"},"geometry":{"type":"Polygon","coordinates":[[[20.285745,60.7043],[21.289182,60.46251],[22.080946,60.825166],[21.952715,61.396097],[21.005483,61.59765],[20.21622,61.228014],[20.294334,60.946123],[20.285745,60.7043]]]}},{"type":"Feature","properties":{"hex_id":"830894fffffffff","population":35098,"population_year":2025,"area_km2":9709.8,"population_density":3.6,"all_players":1,"players_per_million":28.49,"player_ids":["nhl:8482126"],"label":"Vastervik","country":"Sweden"},"geometry":{"type":"Polygon","coordinates":[[[16.341003,58.135723],[16.36093,57.622703],[17.319999,57.394216],[18.270681,57.675828],[18.268341,58.189398],[17.297675,58.420875],[16.341003,58.135723]]]}},{"type":"Feature","properties":{"hex_id":"830895fffffffff","population":110184,"population_year":2025,"area_km2":9504.5,"population_density":11.6,"all_players":1,"players_per_million":9.08,"player_ids":["nhl:8476979"],"label":"Nynashamn","country":"Sweden"},"geometry":{"type":"Polygon","coordinates":[[[17.2862,58.926343],[17.297675,58.420875],[18.268341,58.189398],[19.238793,58.460244],[19.245498,58.9661],[18.263528,59.200793],[17.2862,58.926343]]]}},{"type":"Feature","properties":{"hex_id":"830899fffffffff","population":659304,"population_year":2025,"area_km2":9415.5,"population_density":70.0,"all_players":7,"players_per_million":10.62,"player_ids":["nhl:8477424","nhl:8480009","nhl:8480036","nhl:8480045","nhl:8482113","nhl:8483463","nhl:8484321"],"label":"Espoo","country":"Finland"},"geometry":{"type":"Polygon","coordinates":[[[23.118061,60.034583],[24.02802,59.807888],[24.856526,60.156524],[24.776007,60.739129],[23.838471,60.96689],[23.009481,60.610921],[23.118061,60.034583]]]}},{"type":"Feature","properties":{"hex_id":"83089dfffffffff","population":385080,"population_year":2025,"area_km2":9177.2,"population_density":42.0,"all_players":6,"players_per_million":15.58,"player_ids":["nhl:8477476","nhl:8477499","nhl:8478420","nhl:8481554","nhl:8481711","nhl:8482451"],"label":"Turku","country":"Finland"},"geometry":{"type":"Polygon","coordinates":[[[21.262732,59.972327],[22.247654,59.719041],[22.58675,59.797765],[23.118061,60.034583],[23.009481,60.610921],[22.080946,60.825166],[21.289182,60.46251],[21.262732,59.972327]]]}},{"type":"Feature","properties":{"hex_id":"8308a3fffffffff","population":176922,"population_year":2025,"area_km2":8798.2,"population_density":20.1,"all_players":5,"players_per_million":28.26,"player_ids":["nhl:8475218","nhl:8480003","nhl:8480871","nhl:8481035","nhl:8482476"],"label":"Falun","country":"Sweden"},"geometry":{"type":"Polygon","coordinates":[[[14.187909,61.0171],[14.229578,60.536136],[15.246287,60.34036],[16.235599,60.62239],[16.213285,61.104087],[15.182199,61.303091],[14.187909,61.0171]]]}},{"type":"Feature","properties":{"hex_id":"8308a8fffffffff","population":153066,"population_year":2025,"area_km2":8441.3,"population_density":18.1,"all_players":4,"players_per_million":26.13,"player_ids":["nhl:8476341","nhl:8480012","nhl:8480842","nhl:8482775"],"label":"Sundsvall","country":"Sweden"},"geometry":{"type":"Polygon","coordinates":[[[16.167328,62.051951],[17.212573,61.849457],[17.90136,62.023803],[18.152478,62.150917],[17.953843,62.702867],[16.984469,62.865819],[16.489551,62.607212],[16.143657,62.518158],[16.167328,62.051951]]]}},{"type":"Feature","properties":{"hex_id":"8308a9fffffffff","population":52399,"population_year":2025,"area_km2":8469.8,"population_density":6.2,"all_players":1,"players_per_million":19.08,"player_ids":["nhl:8477960"],"label":"Kramfors","country":"Sweden"},"geometry":{"type":"Polygon","coordinates":[[[16.984469,62.865819],[17.953843,62.702867],[18.734065,63.086018],[18.538787,63.638595],[17.535446,63.800793],[16.762033,63.411135],[16.984469,62.865819]]]}},{"type":"Feature","properties":{"hex_id":"8308b1fffffffff","population":365258,"population_year":2025,"area_km2":9228.9,"population_density":39.6,"all_players":2,"players_per_million":5.48,"player_ids":["nhl:8477405","nhl:8481598"],"label":"Orebro","country":"Sweden"},"geometry":{"type":"Polygon","coordinates":[[[14.310563,59.558645],[14.349923,59.062096],[15.337944,58.85726],[16.300028,59.146064],[16.278958,59.64339],[15.277419,59.851205],[14.310563,59.558645]]]}},{"type":"Feature","properties":{"hex_id":"8308b2fffffffff","population":163933,"population_year":2025,"area_km2":9668.2,"population_density":17.0,"all_players":1,"players_per_million":6.1,"player_ids":["nhl:8481601"],"label":"Tranas","country":"Sweden"},"geometry":{"type":"Polygon","coordinates":[[[14.42648,58.053358],[14.463717,57.541165],[15.42462,57.327177],[16.36093,57.622703],[16.341003,58.135723],[15.367369,58.352457],[14.42648,58.053358]]]}},{"type":"Feature","properties":{"hex_id":"8308b3fffffffff","population":468401,"population_year":2025,"area_km2":9468.7,"population_density":49.5,"all_players":2,"players_per_million":4.27,"player_ids":["nhl:8478055","nhl:8480874"],"label":"Linkoping","country":"Sweden"},"geometry":{"type":"Polygon","coordinates":[[[15.337944,58.85726],[15.367369,58.352457],[16.341003,58.135723],[17.297675,58.420875],[17.2862,58.926343],[16.300028,59.146064],[15.337944,58.85726]]]}},{"type":"Feature","properties":{"hex_id":"8308b4fffffffff","population":316371,"population_year":2025,"area_km2":9371.5,"population_density":33.8,"all_players":1,"players_per_million":3.16,"player_ids":["nhl:8480839"],"label":"Lidkoping","country":"Sweden"},"geometry":{"type":"Polygon","coordinates":[[[11.491807,58.6332],[11.555978,58.130531],[12.52887,57.942851],[13.452122,58.255469],[13.405095,58.759336],[12.417538,58.949451],[11.491807,58.6332]]]}},{"type":"Feature","properties":{"hex_id":"8308b5fffffffff","population":205586,"population_year":2025,"area_km2":9182.1,"population_density":22.4,"all_players":9,"players_per_million":43.78,"player_ids":["nhl:8476463","nhl:8478493","nhl:8480188","nhl:8480840","nhl:8481607","nhl:8481726","nhl:8481732","nhl:8482911","nhl:8484153"],"label":"Karlstad","country":"Sweden"},"geometry":{"type":"Polygon","coordinates":[[[12.360313,59.444957],[12.417538,58.949451],[13.405095,58.759336],[14.349923,59.062096],[14.310563,59.558645],[13.308383,59.751458],[12.360313,59.444957]]]}},{"type":"Feature","properties":{"hex_id":"8308c4fffffffff","population":30456,"population_year":2025,"area_km2":8833.8,"population_density":3.4,"all_players":2,"players_per_million":65.67,"player_ids":["nhl:8476897","nhl:8477496"],"label":"Boden","country":"Sweden"},"geometry":{"type":"Polygon","coordinates":[[[20.745683,65.897363],[21.840296,65.721392],[22.797516,66.09737],[22.65823,66.656632],[21.522117,66.833485],[20.56766,66.450108],[20.745683,65.897363]]]}},{"type":"Feature","properties":{"hex_id":"8308d1fffffffff","population":268286,"population_year":2025,"area_km2":9468.7,"population_density":28.3,"all_players":9,"players_per_million":33.55,"player_ids":["nhl:8475798","nhl:8478859","nhl:8480035","nhl:8481020","nhl:8482447","nhl:8482691","nhl:8482758","nhl:8483668","nhl:8484938"],"label":"Oulu","country":"Finland"},"geometry":{"type":"Polygon","coordinates":[[[25.186121,64.562344],[26.241034,64.343024],[27.24471,64.693887],[27.198004,65.271757],[26.107236,65.493326],[25.099653,65.134667],[25.186121,64.562344]]]}},{"type":"Feature","properties":{"hex_id":"8308d3fffffffff","population":66727,"population_year":2025,"area_km2":9668.2,"population_density":6.9,"all_players":1,"players_per_million":14.99,"player_ids":["nhl:8484177"],"label":"Kajaani","country":"Finland"},"geometry":{"type":"Polygon","coordinates":[[[26.304153,63.764688],[27.332855,63.531791],[28.33126,63.874829],[28.306772,64.458481],[27.24471,64.693887],[26.241034,64.343024],[26.304153,63.764688]]]}},{"type":"Feature","properties":{"hex_id":"8308e3fffffffff","population":19430,"population_year":2025,"area_km2":8646.0,"population_density":2.2,"all_players":2,"players_per_million":102.93,"player_ids":["nhl:8480806","nhl:8484223"],"label":"Gallivare","country":"Sweden"},"geometry":{"type":"Polygon","coordinates":[[[19.44817,66.611729],[20.56766,66.450108],[21.522117,66.833485],[21.353092,67.385691],[19.90883,67.49332],[19.101647,67.128499],[19.310273,66.975657],[19.44817,66.611729]]]}},{"type":"Feature","properties":{"hex_id":"8308f0fffffffff","population":75365,"population_year":2025,"area_km2":8755.0,"population_density":8.6,"all_players":6,"players_per_million":79.61,"player_ids":["nhl:8476457","nhl:8477969","nhl:8478042","nhl:8479406","nhl:8483445","nhl:8483510"],"label":"Skelleftea","country":"Sweden"},"geometry":{"type":"Polygon","coordinates":[[[19.357074,64.022697],[20.376172,63.847346],[21.240235,64.22484],[21.081601,64.784624],[20.02593,64.960112],[19.166204,64.575621],[19.357074,64.022697]]]}},{"type":"Feature","properties":{"hex_id":"8308f1fffffffff","population":66294,"population_year":2025,"area_km2":8798.2,"population_density":7.5,"all_players":1,"players_per_million":15.08,"player_ids":["nhl:8480878"],"label":"Pitea","country":"Sweden"},"geometry":{"type":"Polygon","coordinates":[[[20.02593,64.960112],[21.081601,64.784624],[21.99021,65.161706],[21.840296,65.721392],[20.745683,65.897363],[19.840728,65.513094],[20.02593,64.960112]]]}},{"type":"Feature","properties":{"hex_id":"8308f6fffffffff","population":169063,"population_year":2025,"area_km2":8704.4,"population_density":19.4,"all_players":4,"players_per_million":23.66,"player_ids":["nhl:8475167","nhl:8478109","nhl:8479336","nhl:8482766"],"label":"Ornskoldsvik","country":"Sweden"},"geometry":{"type":"Polygon","coordinates":[[[18.734065,63.086018],[19.718783,62.910504],[20.541924,63.287777],[20.376172,63.847346],[19.357074,64.022697],[18.538787,63.638595],[18.734065,63.086018]]]}},{"type":"Feature","properties":{"hex_id":"830999fffffffff","population":1719569,"population_year":2025,"area_km2":8885.6,"population_density":193.5,"all_players":2,"players_per_million":1.16,"player_ids":["nhl:8475692","nhl:8484794"],"label":"Oslo","country":"Norway"},"geometry":{"type":"Polygon","coordinates":[[[9.350687,59.952276],[9.435996,59.466549],[10.432407,59.303039],[11.359873,59.622978],[11.292042,60.110099],[10.279089,60.275949],[9.350687,59.952276]]]}},{"type":"Feature","properties":{"hex_id":"83099bfffffffff","population":300161,"population_year":2025,"area_km2":9127.4,"population_density":32.9,"all_players":1,"players_per_million":3.33,"player_ids":["nhl:8482929"],"label":"Sarpsborg","country":"Norway"},"geometry":{"type":"Polygon","coordinates":[[[10.432407,59.303039],[10.506961,58.80883],[11.491807,58.6332],[12.417538,58.949451],[12.360313,59.444957],[11.359873,59.622978],[10.432407,59.303039]]]}},{"type":"Feature","properties":{"hex_id":"830b96fffffffff","population":806272,"population_year":2025,"area_km2":13900.5,"population_density":58.0,"all_players":5,"players_per_million":6.2,"player_ids":["nhl:8475200","nhl:8475683","nhl:8478009","nhl:8478864","nhl:8480193"],"label":"Novokuznetsk","country":"Russia"},"geometry":{"type":"Polygon","coordinates":[[[86.420321,53.471368],[86.724855,52.830545],[87.772964,52.654203],[88.537534,53.11311],[88.258617,53.755486],[87.189215,53.937503],[86.420321,53.471368]]]}},{"type":"Feature","properties":{"hex_id":"830b9afffffffff","population":1391021,"population_year":2025,"area_km2":13220.0,"population_density":105.2,"all_players":1,"players_per_million":0.72,"player_ids":["nhl:8481721"],"label":"Krasnoyarsk","country":"Russia"},"geometry":{"type":"Polygon","coordinates":[[[91.234233,56.15432],[91.481214,55.515098],[92.547693,55.294858],[93.387021,55.707268],[93.169926,56.346531],[92.083414,56.573462],[91.234233,56.15432]]]}},{"type":"Feature","properties":{"hex_id":"830bb0fffffffff","population":2207919,"population_year":2025,"area_km2":14123.1,"population_density":156.3,"all_players":1,"players_per_million":0.45,"player_ids":["nhl:8482947"],"label":"Berdsk","country":"Russia"},"geometry":{"type":"Polygon","coordinates":[[[81.660027,54.70722],[82.044039,54.077799],[83.15435,53.940604],[83.905695,54.42848],[83.546862,55.061084],[82.411062,55.202717],[81.660027,54.70722]]]}},{"type":"Feature","properties":{"hex_id":"830bb2fffffffff","population":891076,"population_year":2025,"area_km2":14105.7,"population_density":63.2,"all_players":2,"players_per_million":2.24,"player_ids":["nhl:8480830","nhl:8480893"],"label":"Barnaul","country":"Russia"},"geometry":{"type":"Polygon","coordinates":[[[83.15435,53.940604],[83.510297,53.306124],[84.592971,53.156768],[85.343121,53.637138],[85.012179,54.274278],[83.905695,54.42848],[83.15435,53.940604]]]}},{"type":"Feature","properties":{"hex_id":"830c73fffffffff","population":435443,"population_year":2025,"area_km2":10947.5,"population_density":39.8,"all_players":1,"players_per_million":2.3,"player_ids":["nhl:8480280"],"label":"Anchorage","country":"United States"},"geometry":{"type":"Polygon","coordinates":[[[-150.392556,61.956278],[-151.272097,61.5061],[-150.922388,60.973132],[-149.734494,60.884637],[-148.855808,61.3207],[-149.163316,61.859163],[-150.392556,61.956278]]]}},{"type":"Feature","properties":{"hex_id":"830d5afffffffff","population":86469,"population_year":2025,"area_km2":11478.7,"population_density":7.5,"all_players":1,"players_per_million":11.56,"player_ids":["nhl:8477831"],"label":"North Pole","country":"United States"},"geometry":{"type":"Polygon","coordinates":[[[-148.531463,64.955386],[-149.554155,64.50716],[-149.202517,63.948243],[-147.882274,63.832254],[-146.864609,64.265108],[-147.161088,64.82905],[-148.531463,64.955386]]]}},{"type":"Feature","properties":{"hex_id":"830ecafffffffff","population":7814,"population_year":2025,"area_km2":14123.1,"population_density":0.6,"all_players":1,"players_per_million":127.98,"player_ids":["nhl:8473512"],"label":"Hearst","country":"Canada"},"geometry":{"type":"Polygon","coordinates":[[[-83.36699,50.480273],[-84.167508,50.060651],[-83.981312,49.41325],[-83.020771,49.181276],[-82.224735,49.590474],[-82.38447,50.241941],[-83.36699,50.480273]]]}},{"type":"Feature","properties":{"hex_id":"831032fffffffff","population":556464,"population_year":2025,"area_km2":11988.0,"population_density":46.4,"all_players":1,"players_per_million":1.8,"player_ids":["nhl:8484386"],"label":"Kostroma","country":"Russia"},"geometry":{"type":"Polygon","coordinates":[[[40.248688,57.392075],[41.089904,57.011863],[42.124277,57.248783],[42.335118,57.873213],[41.479983,58.259296],[40.427837,58.014961],[40.248688,57.392075]]]}},{"type":"Feature","properties":{"hex_id":"831036fffffffff","population":968244,"population_year":2025,"area_km2":11735.1,"population_density":82.5,"all_players":7,"players_per_million":7.23,"player_ids":["nhl:8475765","nhl:8478500","nhl:8478882","nhl:8482949","nhl:8483467","nhl:8483703","nhl:8484388"],"label":"Yaroslavl","country":"Russia"},"geometry":{"type":"Polygon","coordinates":[[[38.386583,57.505859],[39.236041,57.141268],[40.248688,57.392075],[40.427837,58.014961],[39.562735,58.384987],[38.534102,58.126578],[38.386583,57.505859]]]}},{"type":"Feature","properties":{"hex_id":"831081fffffffff","population":2290644,"population_year":2025,"area_km2":13361.1,"population_density":171.4,"all_players":1,"players_per_million":0.44,"player_ids":["nhl:8482768"],"label":"Togliatti","country":"Russia"},"geometry":{"type":"Polygon","coordinates":[[[49.181376,53.396763],[49.90654,52.931103],[50.939936,53.088444],[51.269287,53.717269],[50.540162,54.190111],[49.485347,54.026852],[49.181376,53.396763]]]}},{"type":"Feature","properties":{"hex_id":"8310a2fffffffff","population":770708,"population_year":2025,"area_km2":12803.9,"population_density":60.2,"all_players":2,"players_per_million":2.6,"player_ids":["nhl:8481611","nhl:8484994"],"label":"Penza","country":"Russia"},"geometry":{"type":"Polygon","coordinates":[[[44.427308,53.093294],[45.172395,52.662593],[46.15294,52.857013],[46.405953,53.48891],[45.652735,53.9261],[44.654463,53.724805],[44.427308,53.093294]]]}},{"type":"Feature","properties":{"hex_id":"8310a8fffffffff","population":1870026,"population_year":2025,"area_km2":13096.6,"population_density":142.8,"all_players":2,"players_per_million":1.07,"player_ids":["nhl:8482515","nhl:8484234"],"label":"Kazan","country":"Russia"},"geometry":{"type":"Polygon","coordinates":[[[48.277284,55.56508],[49.044225,55.114208],[50.121233,55.283467],[50.453977,55.909579],[49.681787,56.367641],[48.581781,56.192297],[48.277284,55.56508]]]}},{"type":"Feature","properties":{"hex_id":"8310abfffffffff","population":550276,"population_year":2025,"area_km2":13313.8,"population_density":41.3,"all_players":1,"players_per_million":1.82,"player_ids":["nhl:8479410"],"label":"Nizhnekamsk","country":"Russia"},"geometry":{"type":"Polygon","coordinates":[[[50.121233,55.283467],[50.871331,54.817778],[51.957833,54.970918],[52.317891,55.595312],[51.5645,56.068383],[50.453977,55.909579],[50.121233,55.283467]]]}},{"type":"Feature","properties":{"hex_id":"8310c0fffffffff","population":463109,"population_year":2025,"area_km2":13650.9,"population_density":33.9,"all_players":1,"players_per_million":2.16,"player_ids":["nhl:8481604"],"label":"Nizhny Tagil","country":"Russia"},"geometry":{"type":"Polygon","coordinates":[[[58.256081,57.929841],[58.98296,57.418788],[60.197057,57.501923],[60.715945,58.09935],[59.995348,58.618338],[58.748907,58.531896],[58.256081,57.929841]]]}},{"type":"Feature","properties":{"hex_id":"8310d6fffffffff","population":1272476,"population_year":2025,"area_km2":13900.5,"population_density":91.5,"all_players":1,"players_per_million":0.79,"player_ids":["nhl:8482166"],"label":"Ufa","country":"Russia"},"geometry":{"type":"Polygon","coordinates":[[[55.594318,54.253361],[56.286118,53.745323],[57.387244,53.848908],[57.822171,54.464659],[57.132794,54.980337],[56.005596,54.87255],[55.594318,54.253361]]]}},{"type":"Feature","properties":{"hex_id":"8310d9fffffffff","population":768329,"population_year":2025,"area_km2":14105.7,"population_density":54.5,"all_players":1,"players_per_million":1.3,"player_ids":["nhl:8476883"],"label":"Tyumen","country":"Russia"},"geometry":{"type":"Polygon","coordinates":[[[63.981516,56.548278],[64.623562,55.996694],[65.818662,56.024472],[66.402962,56.605231],[65.773216,57.164207],[64.546184,57.135006],[63.981516,56.548278]]]}},{"type":"Feature","properties":{"hex_id":"8310dbfffffffff","population":398346,"population_year":2025,"area_km2":14254.2,"population_density":27.9,"all_players":1,"players_per_million":2.51,"player_ids":["nhl:8484860"],"label":"Kurgan","country":"Russia"},"geometry":{"type":"Polygon","coordinates":[[[64.072342,55.406721],[64.697008,54.850371],[65.861793,54.876732],[66.431592,55.460835],[65.818662,56.024472],[64.623562,55.996694],[64.072342,55.406721]]]}},{"type":"Feature","properties":{"hex_id":"8310defffffffff","population":1693452,"population_year":2025,"area_km2":14123.1,"population_density":119.9,"all_players":7,"players_per_million":4.13,"player_ids":["nhl:8474149","nhl:8477501","nhl:8478508","nhl:8478550","nhl:8481178","nhl:8483525","nhl:8485702"],"label":"Chelyabinsk","country":"Russia"},"geometry":{"type":"Polygon","coordinates":[[[60.569802,55.241911],[61.229857,54.705431],[62.380124,54.7646],[62.899034,55.362812],[62.246931,55.906882],[61.067375,55.845102],[60.569802,55.241911]]]}},{"type":"Feature","properties":{"hex_id":"8310eafffffffff","population":183882,"population_year":2025,"area_km2":13456.5,"population_density":13.7,"all_players":1,"players_per_million":5.44,"player_ids":["nhl:8483733"],"label":"Serov","country":"Russia"},"geometry":{"type":"Polygon","coordinates":[[[59.782268,59.724662],[60.525527,59.21233],[61.802513,59.28217],[62.371538,59.867056],[61.637278,60.387496],[60.324188,60.314881],[59.782268,59.724662]]]}},{"type":"Feature","properties":{"hex_id":"8310f1fffffffff","population":1997437,"population_year":2025,"area_km2":13456.5,"population_density":148.4,"all_players":1,"players_per_million":0.5,"player_ids":["nhl:8484387"],"label":"Perm","country":"Russia"},"geometry":{"type":"Polygon","coordinates":[[[54.6456,57.590762],[55.40094,57.102386],[56.583985,57.21878],[57.041063,57.827876],[56.287512,58.324135],[55.074522,58.203326],[54.6456,57.590762]]]}},{"type":"Feature","properties":{"hex_id":"8310f6fffffffff","population":881002,"population_year":2025,"area_km2":13376.9,"population_density":65.9,"all_players":1,"players_per_million":1.14,"player_ids":["nhl:8482168"],"label":"Agryz","country":"Russia"},"geometry":{"type":"Polygon","coordinates":[[[51.5645,56.068383],[52.317891,55.595312],[53.43645,55.737282],[53.827118,56.357515],[53.071908,56.838154],[51.927419,56.690895],[51.5645,56.068383]]]}},{"type":"Feature","properties":{"hex_id":"83111bfffffffff","population":216842,"population_year":2025,"area_km2":11387.2,"population_density":19.0,"all_players":1,"players_per_million":4.61,"player_ids":["nhl:8477402"],"label":"Cherepovets","country":"Russia"},"geometry":{"type":"Polygon","coordinates":[[[36.902144,59.441536],[37.799671,59.09837],[38.844365,59.364439],[39.007636,59.981273],[38.091466,60.329667],[37.030696,60.055877],[36.902144,59.441536]]]}},{"type":"Feature","properties":{"hex_id":"831124fffffffff","population":384155,"population_year":2025,"area_km2":9491.0,"population_density":40.5,"all_players":6,"players_per_million":15.62,"player_ids":["nhl:8479339","nhl:8479533","nhl:8481575","nhl:8481704","nhl:8482162","nhl:8483497"],"label":"Tampere","country":"Finland"},"geometry":{"type":"Polygon","coordinates":[[[23.838471,60.96689],[24.776007,60.739129],[25.642328,61.087458],[25.572963,61.67092],[24.606482,61.900041],[23.738785,61.54427],[23.838471,60.96689]]]}},{"type":"Feature","properties":{"hex_id":"831125fffffffff","population":247964,"population_year":2025,"area_km2":9558.5,"population_density":25.9,"all_players":2,"players_per_million":8.07,"player_ids":["nhl:8476874","nhl:8483465"],"label":"Jyväskylä","country":"Finland"},"geometry":{"type":"Polygon","coordinates":[[[24.606482,61.900041],[25.572963,61.67092],[26.480011,62.018255],[26.42352,62.602191],[25.426666,62.833009],[24.517172,62.478113],[24.606482,61.900041]]]}},{"type":"Feature","properties":{"hex_id":"831126fffffffff","population":1368524,"population_year":2025,"area_km2":9668.2,"population_density":141.5,"all_players":7,"players_per_million":5.11,"player_ids":["nhl:8476882","nhl:8476902","nhl:8478024","nhl:8480947","nhl:8481641","nhl:8482873","nhl:8483471"],"label":"Helsinki","country":"Finland"},"geometry":{"type":"Polygon","coordinates":[[[24.856526,60.156524],[25.77412,59.916287],[26.638012,60.257092],[26.587158,60.845587],[25.642328,61.087458],[24.776007,60.739129],[24.856526,60.156524]]]}},{"type":"Feature","properties":{"hex_id":"83112cfffffffff","population":117140,"population_year":2025,"area_km2":9865.2,"population_density":11.9,"all_players":2,"players_per_million":17.07,"player_ids":["nhl:8477953","nhl:8480185"],"label":"Kuopio","country":"Finland"},"geometry":{"type":"Polygon","coordinates":[[[27.374489,62.947785],[28.377533,62.701616],[29.369499,63.036808],[29.365321,63.625907],[28.33126,63.874829],[27.332855,63.531791],[27.374489,62.947785]]]}},{"type":"Feature","properties":{"hex_id":"83112efffffffff","population":127918,"population_year":2025,"area_km2":10059.1,"population_density":12.7,"all_players":1,"players_per_million":7.82,"player_ids":["nhl:8480001"],"label":"Joensuu","country":"Finland"},"geometry":{"type":"Polygon","coordinates":[[[28.399416,62.112282],[29.377404,61.853155],[30.361942,62.180487],[30.376313,62.774699],[29.369499,63.036808],[28.377533,62.701616],[28.399416,62.112282]]]}},{"type":"Feature","properties":{"hex_id":"831165fffffffff","population":318210,"population_year":2025,"area_km2":9786.4,"population_density":32.5,"all_players":1,"players_per_million":3.14,"player_ids":["nhl:8482165"],"label":"Murmansk","country":"Russia"},"geometry":{"type":"Polygon","coordinates":[[[31.780355,68.358535],[32.990888,68.107661],[34.292336,68.42287],[34.402724,68.997322],[33.779286,69.126997],[33.011433,69.240356],[31.83128,68.929958],[31.780355,68.358535]]]}},{"type":"Feature","properties":{"hex_id":"831186fffffffff","population":510311,"population_year":2025,"area_km2":11417.6,"population_density":44.7,"all_players":1,"players_per_million":1.96,"player_ids":["nhl:8482100"],"label":"Orel","country":"Russia"},"geometry":{"type":"Polygon","coordinates":[[[34.965474,52.982942],[35.733455,52.627433],[36.595837,52.886902],[36.700182,53.509647],[35.917446,53.869541],[35.045185,53.602223],[34.965474,52.982942]]]}},{"type":"Feature","properties":{"hex_id":"83118cfffffffff","population":2149379,"population_year":2025,"area_km2":11792.7,"population_density":182.3,"all_players":1,"players_per_million":0.47,"player_ids":["nhl:8476480"],"label":"Zhukovskiy","country":"Russia"},"geometry":{"type":"Polygon","coordinates":[[[37.971643,55.638414],[38.783921,55.268956],[39.744738,55.517589],[39.9074,56.143226],[39.080519,56.517902],[38.10557,56.261621],[37.971643,55.638414]]]}},{"type":"Feature","properties":{"hex_id":"83118efffffffff","population":917081,"population_year":2025,"area_km2":11935.4,"population_density":76.8,"all_players":1,"players_per_million":1.09,"player_ids":["nhl:8483567"],"label":"Ryazan","country":"Russia"},"geometry":{"type":"Polygon","coordinates":[[[38.64241,54.643696],[39.434182,54.264707],[40.380942,54.505738],[40.549962,55.13326],[39.744738,55.517589],[38.783921,55.268956],[38.64241,54.643696]]]}},{"type":"Feature","properties":{"hex_id":"83119cfffffffff","population":697915,"population_year":2025,"area_km2":11935.4,"population_density":58.5,"all_players":1,"players_per_million":1.43,"player_ids":["nhl:8475179"],"label":"Lipetsk","country":"Russia"},"geometry":{"type":"Polygon","coordinates":[[[38.242666,52.766684],[39.002091,52.383809],[39.903453,52.621538],[40.057904,53.249711],[39.285852,53.637789],[38.371964,53.3924],[38.242666,52.766684]]]}},{"type":"Feature","properties":{"hex_id":"83119efffffffff","population":1492057,"population_year":2025,"area_km2":12047.7,"population_density":123.8,"all_players":1,"players_per_million":0.67,"player_ids":["nhl:8482167"],"label":"Voronezh","country":"Russia"},"geometry":{"type":"Polygon","coordinates":[[[38.866295,51.757072],[39.607695,51.365697],[40.496604,51.595808],[40.656541,52.224824],[39.903453,52.621538],[39.002091,52.383809],[38.866295,51.757072]]]}},{"type":"Feature","properties":{"hex_id":"8311aafffffffff","population":17642956,"population_year":2025,"area_km2":11534.2,"population_density":1529.6,"all_players":15,"players_per_million":0.85,"player_ids":["nhl:8471214","nhl:8477507","nhl:8477964","nhl:8478048","nhl:8480281","nhl:8480950","nhl:8481014","nhl:8481617","nhl:8482177","nhl:8482624","nhl:8482787","nhl:8483490","nhl:8483526","nhl:8483746","nhl:8484958"],"label":"Moscow","country":"Russia"},"geometry":{"type":"Polygon","coordinates":[[[36.214968,55.732318],[37.032624,55.377596],[37.971643,55.638414],[38.10557,56.261621],[37.271969,56.621119],[36.320428,56.352535],[36.214968,55.732318]]]}},{"type":"Feature","properties":{"hex_id":"8311abfffffffff","population":367538,"population_year":2025,"area_km2":11640.2,"population_density":31.6,"all_players":1,"players_per_million":2.72,"player_ids":["nhl:8484984"],"label":"Sergiyev Posad","country":"Russia"},"geometry":{"type":"Polygon","coordinates":[[[37.271969,56.621119],[38.10557,56.261621],[39.080519,56.517902],[39.236041,57.141268],[38.386583,57.505859],[37.397471,57.241885],[37.271969,56.621119]]]}},{"type":"Feature","properties":{"hex_id":"83121efffffffff","population":32086,"population_year":2025,"area_km2":11640.2,"population_density":2.8,"all_players":1,"players_per_million":31.17,"player_ids":["nhl:8483039"],"label":"Fort St. John","country":"Canada"},"geometry":{"type":"Polygon","coordinates":[[[-122.390291,57.003468],[-122.653511,56.419906],[-121.902579,55.958728],[-120.883442,56.070724],[-120.588406,56.652253],[-121.343917,57.123967],[-122.390291,57.003468]]]}},{"type":"Feature","properties":{"hex_id":"83124dfffffffff","population":11742,"population_year":2025,"area_km2":13520.8,"population_density":0.9,"all_players":1,"players_per_million":85.16,"player_ids":["nhl:8480980"],"label":"The Pas","country":"Canada"},"geometry":{"type":"Polygon","coordinates":[[[-102.109153,54.3178],[-102.712422,53.785117],[-102.226256,53.194987],[-101.153594,53.127553],[-100.534933,53.651263],[-101.003636,54.251386],[-102.109153,54.3178]]]}},{"type":"Feature","properties":{"hex_id":"831259fffffffff","population":358211,"population_year":2025,"area_km2":12870.5,"population_density":27.8,"all_players":11,"players_per_million":30.71,"player_ids":["nhl:8474568","nhl:8475170","nhl:8475311","nhl:8476905","nhl:8478967","nhl:8478971","nhl:8479542","nhl:8482074","nhl:8483466","nhl:8484242","nhl:8484800"],"label":"Saskatoon","country":"Canada"},"geometry":{"type":"Polygon","coordinates":[[[-107.00771,52.823752],[-107.50678,52.282268],[-106.980678,51.723088],[-105.966273,51.69502],[-105.449038,52.229056],[-105.963791,52.798658],[-107.00771,52.823752]]]}},{"type":"Feature","properties":{"hex_id":"83125dfffffffff","population":71849,"population_year":2025,"area_km2":13012.9,"population_density":5.5,"all_players":1,"players_per_million":13.92,"player_ids":["nhl:8482073"],"label":"Prince Albert","country":"Canada"},"geometry":{"type":"Polygon","coordinates":[[[-107.036362,53.932495],[-107.549686,53.385402],[-107.00771,52.823752],[-105.963791,52.798658],[-105.431201,53.338209],[-105.96116,53.910447],[-107.036362,53.932495]]]}},{"type":"Feature","properties":{"hex_id":"831272fffffffff","population":62688,"population_year":2025,"area_km2":12870.5,"population_density":4.9,"all_players":1,"players_per_million":15.95,"player_ids":["nhl:8484759"],"label":"Fort McMurray","country":"Canada"},"geometry":{"type":"Polygon","coordinates":[[[-112.463614,57.777577],[-112.929388,57.200314],[-112.259581,56.66737],[-111.131073,56.700325],[-110.636885,57.271532],[-111.298853,57.815941],[-112.463614,57.777577]]]}},{"type":"Feature","properties":{"hex_id":"8312c1fffffffff","population":69247,"population_year":2025,"area_km2":11678.0,"population_density":5.9,"all_players":2,"players_per_million":28.88,"player_ids":["nhl:8480879","nhl:8481491"],"label":"Canmore","country":"Canada"},"geometry":{"type":"Polygon","coordinates":[[[-115.841445,51.596277],[-116.177682,51.046323],[-115.581665,50.546524],[-114.651332,50.586397],[-114.293343,51.131925],[-114.887043,51.642108],[-115.841445,51.596277]]]}},{"type":"Feature","properties":{"hex_id":"8312c8fffffffff","population":158158,"population_year":2025,"area_km2":11640.2,"population_density":13.6,"all_players":2,"players_per_million":12.65,"player_ids":["nhl:8482092","nhl:8484471"],"label":"Lethbridge","country":"Canada"},"geometry":{"type":"Polygon","coordinates":[[[-114.07578,50.077443],[-114.427783,49.538953],[-113.869337,49.031654],[-112.962149,49.052709],[-112.590685,49.586208],[-113.145489,50.103732],[-114.07578,50.077443]]]}},{"type":"Feature","properties":{"hex_id":"8312ccfffffffff","population":1434940,"population_year":2025,"area_km2":11792.7,"population_density":121.7,"all_players":22,"players_per_million":15.33,"player_ids":["nhl:8475413","nhl:8475791","nhl:8477504","nhl:8477939","nhl:8478010","nhl:8479402","nhl:8480069","nhl:8480313","nhl:8481133","nhl:8481517","nhl:8481522","nhl:8481719","nhl:8482077","nhl:8482089","nhl:8482103","nhl:8482460","nhl:8482803","nhl:8482858","nhl:8482953","nhl:8483435","nhl:8485251","nhl:8486056"],"label":"Calgary","country":"Canada"},"geometry":{"type":"Polygon","coordinates":[[[-114.293343,51.131925],[-114.651332,50.586397],[-114.07578,50.077443],[-113.145489,50.103732],[-112.766876,50.644307],[-113.338768,51.163639],[-114.293343,51.131925]]]}},{"type":"Feature","properties":{"hex_id":"8312d0fffffffff","population":122519,"population_year":2025,"area_km2":10891.0,"population_density":11.2,"all_players":1,"players_per_million":8.16,"player_ids":["nhl:8482702"],"label":"Kamloops","country":"Canada"},"geometry":{"type":"Polygon","coordinates":[[[-121.365726,51.175362],[-121.606211,50.626604],[-120.974703,50.166598],[-120.099892,50.24566],[-119.836639,50.791992],[-120.470697,51.261804],[-121.365726,51.175362]]]}},{"type":"Feature","properties":{"hex_id":"8312d1fffffffff","population":331137,"population_year":2025,"area_km2":11027.4,"population_density":30.0,"all_players":2,"players_per_million":6.04,"player_ids":["nhl:8477508","nhl:8483406"],"label":"Salmon Arm","country":"Canada"},"geometry":{"type":"Polygon","coordinates":[[[-119.836639,50.791992],[-120.099892,50.24566],[-119.485269,49.775657],[-118.605861,49.842162],[-118.32059,50.385511],[-118.936452,50.86545],[-119.836639,50.791992]]]}},{"type":"Feature","properties":{"hex_id":"8312dbfffffffff","population":772074,"population_year":2025,"area_km2":11261.2,"population_density":68.6,"all_players":1,"players_per_million":1.3,"player_ids":["nhl:8479977"],"label":"Spokane","country":"United States"},"geometry":{"type":"Polygon","coordinates":[[[-116.945809,47.422734],[-116.490852,47.936498],[-116.954845,48.411409],[-117.876211,48.370221],[-118.322734,47.855336],[-117.856498,47.382752],[-116.945809,47.422734]]]}},{"type":"Feature","properties":{"hex_id":"8312ddfffffffff","population":55805,"population_year":2025,"area_km2":11273.1,"population_density":5.0,"all_players":2,"players_per_million":35.84,"player_ids":["nhl:8478211","nhl:8481524"],"label":"Cranbrook","country":"Canada"},"geometry":{"type":"Polygon","coordinates":[[[-116.819507,49.956301],[-117.125974,49.416475],[-116.546731,48.927839],[-115.661973,48.969051],[-115.335197,49.504832],[-115.913157,50.003546],[-116.819507,49.956301]]]}},{"type":"Feature","properties":{"hex_id":"8312e1fffffffff","population":408821,"population_year":2025,"area_km2":12188.8,"population_density":33.5,"all_players":6,"players_per_million":14.68,"player_ids":["nhl:8476892","nhl:8479370","nhl:8479372","nhl:8482703","nhl:8482859","nhl:8483512"],"label":"St. Albert","country":"Canada"},"geometry":{"type":"Polygon","coordinates":[[[-115.022458,54.340739],[-115.399112,53.775573],[-114.765604,53.264291],[-113.75854,53.307435],[-113.357086,53.867769],[-113.98698,54.389897],[-115.022458,54.340739]]]}},{"type":"Feature","properties":{"hex_id":"8312e3fffffffff","population":30211,"population_year":2025,"area_km2":11935.4,"population_density":2.5,"all_players":2,"players_per_million":66.2,"player_ids":["nhl:8477419","nhl:8483532"],"label":"Drayton Valley","country":"Canada"},"geometry":{"type":"Polygon","coordinates":[[[-116.405453,53.717186],[-116.751195,53.154013],[-116.115635,52.653405],[-115.135928,52.705407],[-114.765604,53.264291],[-115.399112,53.775573],[-116.405453,53.717186]]]}},{"type":"Feature","properties":{"hex_id":"8312e5fffffffff","population":14313,"population_year":2025,"area_km2":12298.2,"population_density":1.2,"all_players":1,"players_per_million":69.87,"player_ids":["nhl:8477979"],"label":"Slave Lake","country":"Canada"},"geometry":{"type":"Polygon","coordinates":[[[-115.294777,55.423015],[-115.677853,54.851852],[-115.022458,54.340739],[-113.98698,54.389897],[-113.577436,54.956271],[-114.22928,55.478388],[-115.294777,55.423015]]]}},{"type":"Feature","properties":{"hex_id":"8312ecfffffffff","population":1213661,"population_year":2025,"area_km2":12318.9,"population_density":98.5,"all_players":24,"players_per_million":19.77,"player_ids":["nhl:8474716","nhl:8475755","nhl:8475848","nhl:8476967","nhl:8476988","nhl:8477480","nhl:8478498","nhl:8478888","nhl:8479351","nhl:8479387","nhl:8479393","nhl:8479394","nhl:8479973","nhl:8480448","nhl:8481523","nhl:8481525","nhl:8482087","nhl:8482107","nhl:8482699","nhl:8483513","nhl:8483728","nhl:8484160","nhl:8484406","nhl:8485385"],"label":"Edmonton","country":"Canada"},"geometry":{"type":"Polygon","coordinates":[[[-113.357086,53.867769],[-113.75854,53.307435],[-113.149207,52.785782],[-112.143154,52.813741],[-111.718367,53.368661],[-112.322435,53.901131],[-113.357086,53.867769]]]}},{"type":"Feature","properties":{"hex_id":"8312edfffffffff","population":29481,"population_year":2025,"area_km2":12437.2,"population_density":2.4,"all_players":3,"players_per_million":101.76,"player_ids":["nhl:8477369","nhl:8478136","nhl:8482259"],"label":"Wainwright","country":"Canada"},"geometry":{"type":"Polygon","coordinates":[[[-111.718367,53.368661],[-112.143154,52.813741],[-111.558277,52.282372],[-110.554884,52.295265],[-110.108282,52.844225],[-110.686347,53.386336],[-111.718367,53.368661]]]}},{"type":"Feature","properties":{"hex_id":"831352fffffffff","population":22184,"population_year":2025,"area_km2":12892.8,"population_density":1.7,"all_players":1,"players_per_million":45.08,"player_ids":["nhl:8482187"],"label":"Yellowknife","country":"Canada"},"geometry":{"type":"Polygon","coordinates":[[[-115.587324,62.688721],[-116.059636,62.089084],[-115.23743,61.578155],[-113.947174,61.654598],[-113.433302,62.248801],[-114.25016,62.772148],[-115.587324,62.688721]]]}},{"type":"Feature","properties":{"hex_id":"831386fffffffff","population":33460,"population_year":2025,"area_km2":10466.5,"population_density":3.2,"all_players":1,"players_per_million":29.89,"player_ids":["nhl:8481528"],"label":"Whitehorse","country":"Canada"},"geometry":{"type":"Polygon","coordinates":[[[-136.040819,61.325297],[-136.048816,60.736738],[-135.092628,60.386045],[-134.105277,60.616259],[-134.056092,61.20848],[-135.035559,61.566995],[-136.040819,61.325297]]]}},{"type":"Feature","properties":{"hex_id":"8314d6fffffffff","population":577051,"population_year":2025,"area_km2":10746.4,"population_density":53.7,"all_players":1,"players_per_million":1.73,"player_ids":["nhl:8482245"],"label":"Khabarovsk","country":"Russia"},"geometry":{"type":"Polygon","coordinates":[[[134.309696,48.899269],[134.763936,48.418018],[135.679593,48.394639],[136.165748,48.852385],[135.724727,49.343051],[134.783869,49.366559],[134.309696,48.899269]]]}},{"type":"Feature","properties":{"hex_id":"83155dfffffffff","population":476769,"population_year":2025,"area_km2":13618.2,"population_density":35.0,"all_players":1,"players_per_million":2.1,"player_ids":["nhl:8483808"],"label":"Yakutsk","country":"Russia"},"geometry":{"type":"Polygon","coordinates":[[[128.154579,61.789235],[128.952665,61.25976],[130.318415,61.296014],[130.941033,61.8648],[130.16278,62.408857],[128.740537,62.369458],[128.154579,61.789235]]]}},{"type":"Feature","properties":{"hex_id":"831865fffffffff","population":1601186,"population_year":2025,"area_km2":11308.9,"population_density":141.6,"all_players":1,"players_per_million":0.62,"player_ids":["nhl:8480870"],"label":"Rouen","country":"France"},"geometry":{"type":"Polygon","coordinates":[[[0.360856,49.735742],[-0.333038,49.389078],[-0.188757,48.779293],[0.632478,48.518882],[1.315872,48.863254],[1.18851,49.470279],[0.360856,49.735742]]]}},{"type":"Feature","properties":{"hex_id":"831958fffffffff","population":4033735,"population_year":2025,"area_km2":11381.2,"population_density":354.4,"all_players":1,"players_per_million":0.25,"player_ids":["nhl:8477573"],"label":"Cardiff","country":"United Kingdom"},"geometry":{"type":"Polygon","coordinates":[[[-2.732038,52.310399],[-3.456535,51.955725],[-3.269136,51.354012],[-2.376039,51.108741],[-1.661533,51.460545],[-1.830112,52.060429],[-2.732038,52.310399]]]}},{"type":"Feature","properties":{"hex_id":"831aa0fffffffff","population":270223,"population_year":2025,"area_km2":12679.7,"population_density":21.3,"all_players":3,"players_per_million":11.1,"player_ids":["nhl:8481618","nhl:8482110","nhl:8483450"],"label":"St. John's","country":"Canada"},"geometry":{"type":"Polygon","coordinates":[[[-52.525509,48.490632],[-53.456178,48.317607],[-53.724317,47.707366],[-53.080877,47.277529],[-52.173285,47.448256],[-51.886441,48.051066],[-52.525509,48.490632]]]}},{"type":"Feature","properties":{"hex_id":"831e00fffffffff","population":1460894,"population_year":2025,"area_km2":12188.8,"population_density":119.9,"all_players":2,"players_per_million":1.37,"player_ids":["nhl:8483669","nhl:8484180"],"label":"Trencin","country":"Slovakia"},"geometry":{"type":"Polygon","coordinates":[[[17.464633,49.038043],[17.473049,48.4415],[18.304795,48.159109],[19.136367,48.471139],[19.141281,49.068365],[18.301266,49.352938],[17.464633,49.038043]]]}},{"type":"Feature","properties":{"hex_id":"831e01fffffffff","population":915763,"population_year":2025,"area_km2":12229.6,"population_density":74.9,"all_players":3,"players_per_million":3.28,"player_ids":["nhl:8481028","nhl:8483495","nhl:8484164"],"label":"Zvolen","country":"Slovakia"},"geometry":{"type":"Polygon","coordinates":[[[19.141281,49.068365],[19.136367,48.471139],[19.964297,48.176504],[20.804571,48.476776],[20.822886,49.074367],[19.987519,49.371383],[19.141281,49.068365]]]}},{"type":"Feature","properties":{"hex_id":"831e02fffffffff","population":1856223,"population_year":2025,"area_km2":12374.3,"population_density":150.0,"all_players":1,"players_per_million":0.54,"player_ids":["nhl:8480796"],"label":"Bratislava","country":"Slovakia"},"geometry":{"type":"Polygon","coordinates":[[[16.651518,48.117989],[16.6662,47.515042],[17.489488,47.234679],[18.306518,47.555293],[18.304795,48.159109],[17.473049,48.4415],[16.651518,48.117989]]]}},{"type":"Feature","properties":{"hex_id":"831e04fffffffff","population":1817549,"population_year":2025,"area_km2":11948.5,"population_density":152.1,"all_players":5,"players_per_million":2.75,"player_ids":["nhl:8475852","nhl:8476889","nhl:8480078","nhl:8482487","nhl:8483930"],"label":"Ostrava","country":"Czechia"},"geometry":{"type":"Polygon","coordinates":[[[16.606047,49.899182],[16.621447,49.310134],[17.464633,49.038043],[18.301266,49.352938],[18.299459,49.942801],[17.447388,50.217015],[16.606047,49.899182]]]}},{"type":"Feature","properties":{"hex_id":"831e05fffffffff","population":3013854,"population_year":2025,"area_km2":11994.6,"population_density":251.3,"all_players":2,"players_per_million":0.66,"player_ids":["nhl:8476292","nhl:8477956"],"label":"Havirov","country":"Czechia"},"geometry":{"type":"Polygon","coordinates":[[[18.299459,49.942801],[18.301266,49.352938],[19.141281,49.068365],[19.987519,49.371383],[19.999412,49.961747],[19.15135,50.248654],[18.299459,49.942801]]]}},{"type":"Feature","properties":{"hex_id":"831e06fffffffff","population":2442016,"population_year":2025,"area_km2":12134.7,"population_density":201.2,"all_players":2,"players_per_million":0.82,"player_ids":["nhl:8478401","nhl:8480843"],"label":"Brno","country":"Czechia"},"geometry":{"type":"Polygon","coordinates":[[[15.795773,48.983666],[15.817384,48.388123],[16.651518,48.117989],[17.473049,48.4415],[17.464633,49.038043],[16.621447,49.310134],[15.795773,48.983666]]]}},{"type":"Feature","properties":{"hex_id":"831e0cfffffffff","population":1362175,"population_year":2025,"area_km2":12257.0,"population_density":111.1,"all_players":3,"players_per_million":2.2,"player_ids":["nhl:8478416","nhl:8483515","nhl:8483630"],"label":"Kosice","country":"Slovakia"},"geometry":{"type":"Polygon","coordinates":[[[20.822886,49.074367],[20.804571,48.476776],[21.627265,48.169971],[22.474847,48.458263],[22.506565,49.055897],[21.677309,49.365257],[20.822886,49.074367]]]}},{"type":"Feature","properties":{"hex_id":"831e10fffffffff","population":1516552,"population_year":2025,"area_km2":12479.4,"population_density":121.5,"all_players":1,"players_per_million":0.66,"player_ids":["nhl:8477444"],"label":"Klagenfurt","country":"Austria"},"geometry":{"type":"Polygon","coordinates":[[[14.239654,47.109297],[14.272671,46.501617],[15.088333,46.234909],[15.880209,46.574304],[15.859594,47.183359],[15.034644,47.451699],[14.239654,47.109297]]]}},{"type":"Feature","properties":{"hex_id":"831e16fffffffff","population":460178,"population_year":2025,"area_km2":12395.2,"population_density":37.1,"all_players":1,"players_per_million":2.17,"player_ids":["nhl:8471685"],"label":"Jesenice","country":"Slovenia"},"geometry":{"type":"Polygon","coordinates":[[[12.632139,47.012951],[12.677318,46.406957],[13.492667,46.151948],[14.272671,46.501617],[14.239654,47.109297],[13.414399,47.365675],[12.632139,47.012951]]]}},{"type":"Feature","properties":{"hex_id":"831e22fffffffff","population":1379775,"population_year":2025,"area_km2":11703.3,"population_density":117.9,"all_players":2,"players_per_million":1.45,"player_ids":["nhl:8479425","nhl:8482877"],"label":"Nove Mesto nad Metuji","country":"Czechia"},"geometry":{"type":"Polygon","coordinates":[[[15.728823,50.742054],[15.751501,50.160699],[16.606047,49.899182],[17.447388,50.217015],[17.438554,50.79931],[16.574486,51.062894],[15.728823,50.742054]]]}},{"type":"Feature","properties":{"hex_id":"831e30fffffffff","population":1145888,"population_year":2025,"area_km2":11818.4,"population_density":97.0,"all_players":2,"players_per_million":1.75,"player_ids":["nhl:8481712","nhl:8483460"],"label":"Tabor","country":"Czechia"},"geometry":{"type":"Polygon","coordinates":[[[13.250346,49.739353],[13.292336,49.152852],[14.137456,48.90561],[14.950892,49.243294],[14.922075,49.831219],[14.066577,50.080093],[13.250346,49.739353]]]}},{"type":"Feature","properties":{"hex_id":"831e31fffffffff","population":1076104,"population_year":2025,"area_km2":11889.7,"population_density":90.5,"all_players":5,"players_per_million":4.65,"player_ids":["nhl:8477931","nhl:8477970","nhl:8478872","nhl:8479496","nhl:8480039"],"label":"Nove Mesto na Morave","country":"Czechia"},"geometry":{"type":"Polygon","coordinates":[[[14.922075,49.831219],[14.950892,49.243294],[15.795773,48.983666],[16.621447,49.310134],[16.606047,49.899182],[15.751501,50.160699],[14.922075,49.831219]]]}},{"type":"Feature","properties":{"hex_id":"831e34fffffffff","population":1255753,"population_year":2025,"area_km2":11565.2,"population_density":108.6,"all_players":2,"players_per_million":1.59,"player_ids":["nhl:8480144","nhl:8483468"],"label":"Kadan","country":"Czechia"},"geometry":{"type":"Polygon","coordinates":[[[12.345747,50.554275],[12.39539,49.975696],[13.250346,49.739353],[14.066577,50.080093],[14.030273,50.660207],[13.164316,50.898103],[12.345747,50.554275]]]}},{"type":"Feature","properties":{"hex_id":"831e35fffffffff","population":2996250,"population_year":2025,"area_km2":11640.2,"population_density":257.4,"all_players":8,"players_per_million":2.67,"player_ids":["nhl:8475462","nhl:8476881","nhl:8478435","nhl:8480238","nhl:8483609","nhl:8483687","nhl:8484933","nhl:8485493"],"label":"Praha","country":"Czechia"},"geometry":{"type":"Polygon","coordinates":[[[14.030273,50.660207],[14.066577,50.080093],[14.922075,49.831219],[15.751501,50.160699],[15.728823,50.742054],[14.863027,50.992748],[14.030273,50.660207]]]}},{"type":"Feature","properties":{"hex_id":"831f05fffffffff","population":2284708,"population_year":2025,"area_km2":10249.3,"population_density":222.9,"all_players":2,"players_per_million":0.88,"player_ids":["nhl:8474189","nhl:8478397"],"label":"Malmo","country":"Sweden"},"geometry":{"type":"Polygon","coordinates":[[[11.860105,55.539449],[11.917787,55.005749],[12.839846,54.798544],[13.717125,55.123081],[13.674893,55.658102],[12.739823,55.867327],[11.860105,55.539449]]]}},{"type":"Feature","properties":{"hex_id":"831f21fffffffff","population":258303,"population_year":2025,"area_km2":9808.2,"population_density":26.3,"all_players":1,"players_per_million":3.87,"player_ids":["nhl:8474679"],"label":"Halmstad","country":"Sweden"},"geometry":{"type":"Polygon","coordinates":[[[11.680885,57.109629],[11.741681,56.591404],[12.688484,56.393983],[13.588169,56.712632],[13.543636,57.232114],[12.583033,57.431753],[11.680885,57.109629]]]}},{"type":"Feature","properties":{"hex_id":"831f23fffffffff","population":869269,"population_year":2025,"area_km2":9995.4,"population_density":87.0,"all_players":2,"players_per_million":2.3,"player_ids":["nhl:8476854","nhl:8480007"],"label":"Helsingborg","country":"Sweden"},"geometry":{"type":"Polygon","coordinates":[[[10.860149,56.260141],[10.927107,55.734903],[11.860105,55.539449],[12.739823,55.867327],[12.688484,56.393983],[11.741681,56.591404],[10.860149,56.260141]]]}},{"type":"Feature","properties":{"hex_id":"831f24fffffffff","population":372307,"population_year":2025,"area_km2":9491.0,"population_density":39.2,"all_players":3,"players_per_million":8.06,"player_ids":["nhl:8477940","nhl:8481544","nhl:8484168"],"label":"Aalborg","country":"Denmark"},"geometry":{"type":"Polygon","coordinates":[[[8.799628,57.640256],[8.8861,57.132116],[9.839975,56.960452],[10.722652,57.295139],[10.652048,57.804881],[9.682736,57.978393],[8.799628,57.640256]]]}},{"type":"Feature","properties":{"hex_id":"831f25fffffffff","population":1051015,"population_year":2025,"area_km2":9558.5,"population_density":110.0,"all_players":7,"players_per_million":6.66,"player_ids":["nhl:8475906","nhl:8477320","nhl:8481725","nhl:8482078","nhl:8482762","nhl:8482821","nhl:8484230"],"label":"Gothenburg","country":"Sweden"},"geometry":{"type":"Polygon","coordinates":[[[10.652048,57.804881],[10.722652,57.295139],[11.680885,57.109629],[12.583033,57.431753],[12.52887,57.942851],[11.555978,58.130531],[10.652048,57.804881]]]}},{"type":"Feature","properties":{"hex_id":"831f26fffffffff","population":490387,"population_year":2025,"area_km2":9668.2,"population_density":50.7,"all_players":2,"players_per_million":4.08,"player_ids":["nhl:8475883","nhl:8477416"],"label":"Herning","country":"Denmark"},"geometry":{"type":"Polygon","coordinates":[[[8.024252,56.785427],[8.115982,56.270471],[9.054551,56.10039],[9.916531,56.44374],[9.839975,56.960452],[8.8861,57.132116],[8.024252,56.785427]]]}},{"type":"Feature","properties":{"hex_id":"831f28fffffffff","population":189215,"population_year":2025,"area_km2":10113.5,"population_density":18.7,"all_players":1,"players_per_million":5.28,"player_ids":["nhl:8475171"],"label":"Karlskrona","country":"Sweden"},"geometry":{"type":"Polygon","coordinates":[[[14.5362,56.501146],[14.571482,55.973336],[15.506708,55.750138],[16.418586,56.052286],[16.399712,56.580977],[15.452474,56.806705],[14.5362,56.501146]]]}},{"type":"Feature","properties":{"hex_id":"831f2cfffffffff","population":227590,"population_year":2025,"area_km2":9865.2,"population_density":23.1,"all_players":2,"players_per_million":8.79,"player_ids":["nhl:8474578","nhl:8481024"],"label":"Landsbro","country":"Sweden"},"geometry":{"type":"Polygon","coordinates":[[[13.543636,57.232114],[13.588169,56.712632],[14.5362,56.501146],[15.452474,56.806705],[15.42462,57.327177],[14.463717,57.541165],[13.543636,57.232114]]]}},{"type":"Feature","properties":{"hex_id":"831f2dfffffffff","population":158941,"population_year":2025,"area_km2":9913.0,"population_density":16.0,"all_players":1,"players_per_million":6.29,"player_ids":["nhl:8480245"],"label":"Oskarshamn","country":"Sweden"},"geometry":{"type":"Polygon","coordinates":[[[15.42462,57.327177],[15.452474,56.806705],[16.399712,56.580977],[17.330858,56.873029],[17.319999,57.394216],[16.36093,57.622703],[15.42462,57.327177]]]}},{"type":"Feature","properties":{"hex_id":"831f2efffffffff","population":588838,"population_year":2025,"area_km2":10059.1,"population_density":58.5,"all_players":2,"players_per_million":3.4,"player_ids":["nhl:8475149","nhl:8480043"],"label":"Landskrona","country":"Sweden"},"geometry":{"type":"Polygon","coordinates":[[[12.688484,56.393983],[12.739823,55.867327],[13.674893,55.658102],[14.571482,55.973336],[14.5362,56.501146],[13.588169,56.712632],[12.688484,56.393983]]]}},{"type":"Feature","properties":{"hex_id":"831f49fffffffff","population":445141,"population_year":2025,"area_km2":10857.3,"population_density":41.0,"all_players":1,"players_per_million":2.25,"player_ids":["nhl:8482470"],"label":"Mogilev","country":"Belarus"},"geometry":{"type":"Polygon","coordinates":[[[30.023803,53.869331],[29.926663,53.31949],[30.755863,52.970657],[31.6839,53.168466],[31.795225,53.716817],[30.964457,54.068907],[30.023803,53.869331]]]}},{"type":"Feature","properties":{"hex_id":"831f4bfffffffff","population":425185,"population_year":2025,"area_km2":11102.5,"population_density":38.3,"all_players":1,"players_per_million":2.35,"player_ids":["nhl:8484783"],"label":"Zhlobin","country":"Belarus"},"geometry":{"type":"Polygon","coordinates":[[[28.997813,53.108192],[28.91016,52.549967],[29.737162,52.204337],[30.654128,52.413789],[30.755863,52.970657],[29.926663,53.31949],[28.997813,53.108192]]]}},{"type":"Feature","properties":{"hex_id":"831f4efffffffff","population":2519094,"population_year":2025,"area_km2":10913.5,"population_density":230.8,"all_players":4,"players_per_million":1.59,"player_ids":["nhl:8481068","nhl:8481609","nhl:8482783","nhl:8484268"],"label":"Minsk","country":"Belarus"},"geometry":{"type":"Polygon","coordinates":[[[26.437709,54.095766],[26.370175,53.543763],[27.226473,53.219843],[28.154343,53.444754],[28.236861,53.995816],[27.376613,54.322972],[26.437709,54.095766]]]}},{"type":"Feature","properties":{"hex_id":"831f60fffffffff","population":947486,"population_year":2025,"area_km2":10010.0,"population_density":94.7,"all_players":6,"players_per_million":6.33,"player_ids":["nhl:8476878","nhl:8476927","nhl:8478007","nhl:8479022","nhl:8481668","nhl:8483771"],"label":"Riga","country":"Latvia"},"geometry":{"type":"Polygon","coordinates":[[[23.051671,57.423255],[23.010739,56.901625],[23.934088,56.618589],[24.905246,56.853796],[24.963332,57.375003],[24.033159,57.661496],[23.051671,57.423255]]]}},{"type":"Feature","properties":{"hex_id":"831f66fffffffff","population":110363,"population_year":2025,"area_km2":10000.2,"population_density":11.0,"all_players":1,"players_per_million":9.06,"player_ids":["nhl:8484304"],"label":"Ventspils","country":"Latvia"},"geometry":{"type":"Polygon","coordinates":[[[21.137722,57.442502],[21.114076,56.920734],[22.046487,56.651929],[23.010739,56.901625],[23.051671,57.423255],[22.111087,57.695397],[21.137722,57.442502]]]}},{"type":"Feature","properties":{"hex_id":"831f6bfffffffff","population":493383,"population_year":2025,"area_km2":10449.9,"population_density":47.2,"all_players":2,"players_per_million":4.05,"player_ids":["nhl:8481656","nhl:8484999"],"label":"Vitebsk","country":"Belarus"},"geometry":{"type":"Polygon","coordinates":[[[28.493035,55.617699],[28.40617,55.082315],[29.269771,54.751831],[30.223065,54.953382],[30.232703,55.559584],[29.409694,55.857751],[29.136477,55.754492],[28.493035,55.617699]]]}},{"type":"Feature","properties":{"hex_id":"831f83fffffffff","population":4695898,"population_year":2025,"area_km2":11812.0,"population_density":397.6,"all_players":8,"players_per_million":1.7,"player_ids":["nhl:8474600","nhl:8478399","nhl:8480459","nhl:8480798","nhl:8481033","nhl:8482655","nhl:8482745","nhl:8483425"],"label":"Zurich","country":"Switzerland"},"geometry":{"type":"Polygon","coordinates":[[[7.006321,47.39767],[7.093391,46.806293],[7.907014,46.596156],[8.645314,46.977068],[8.569415,47.571079],[7.743929,47.781588],[7.006321,47.39767]]]}},{"type":"Feature","properties":{"hex_id":"831f85fffffffff","population":2967770,"population_year":2025,"area_km2":11417.6,"population_density":259.9,"all_players":1,"players_per_million":0.34,"player_ids":["nhl:8481542"],"label":"Zell","country":"Germany"},"geometry":{"type":"Polygon","coordinates":[[[6.737081,49.14516],[6.828196,48.567179],[7.660516,48.367674],[8.414101,48.74575],[8.334632,49.326261],[7.489806,49.526212],[6.737081,49.14516]]]}},{"type":"Feature","properties":{"hex_id":"831f88fffffffff","population":1355168,"population_year":2025,"area_km2":12047.7,"population_density":112.5,"all_players":1,"players_per_million":0.74,"player_ids":["nhl:8483464"],"label":"Innsbruck","country":"Austria"},"geometry":{"type":"Polygon","coordinates":[[[10.15318,47.724095],[10.217491,47.127717],[11.039404,46.894874],[11.80791,47.257481],[11.755564,47.855947],[10.922654,48.089769],[10.15318,47.724095]]]}},{"type":"Feature","properties":{"hex_id":"831f89fffffffff","population":1433896,"population_year":2025,"area_km2":12148.2,"population_density":118.0,"all_players":1,"players_per_million":0.7,"player_ids":["nhl:8475831"],"label":"Rosenheim","country":"Germany"},"geometry":{"type":"Polygon","coordinates":[[[11.755564,47.855947],[11.80791,47.257481],[12.632139,47.012951],[13.414399,47.365675],[13.374348,47.965938],[12.53966,48.211734],[11.755564,47.855947]]]}},{"type":"Feature","properties":{"hex_id":"831f8dfffffffff","population":4306262,"population_year":2025,"area_km2":11896.2,"population_density":362.0,"all_players":4,"players_per_million":0.93,"player_ids":["nhl:8481477","nhl:8482076","nhl:8482175","nhl:8484509"],"label":"Munich","country":"Germany"},"geometry":{"type":"Polygon","coordinates":[[[10.86291,48.68049],[10.922654,48.089769],[11.755564,47.855947],[12.53966,48.211734],[12.492328,48.804358],[11.648396,49.039345],[10.86291,48.68049]]]}},{"type":"Feature","properties":{"hex_id":"831f8efffffffff","population":2930596,"population_year":2025,"area_km2":11935.4,"population_density":245.5,"all_players":5,"players_per_million":1.71,"player_ids":["nhl:8475799","nhl:8477942","nhl:8478414","nhl:8482079","nhl:8484220"],"label":"St. Gallen","country":"Switzerland"},"geometry":{"type":"Polygon","coordinates":[[[8.569415,47.571079],[8.645314,46.977068],[9.463672,46.755704],[10.217491,47.127717],[10.15318,47.724095],[9.323357,47.94614],[8.569415,47.571079]]]}},{"type":"Feature","properties":{"hex_id":"831f93fffffffff","population":1564726,"population_year":2025,"area_km2":11896.2,"population_density":131.5,"all_players":1,"players_per_million":0.64,"player_ids":["nhl:8480074"],"label":"Saint-Martin-d'Hères","country":"France"},"geometry":{"type":"Polygon","coordinates":[[[4.268915,45.224369],[4.372371,44.626573],[5.156296,44.426959],[5.848477,44.82547],[5.754884,45.426507],[4.959125,45.625827],[4.268915,45.224369]]]}},{"type":"Feature","properties":{"hex_id":"831f9dfffffffff","population":953379,"population_year":2025,"area_km2":12067.7,"population_density":79.0,"all_players":1,"players_per_million":1.05,"player_ids":["nhl:8480002"],"label":"Naters","country":"Switzerland"},"geometry":{"type":"Polygon","coordinates":[[[7.907014,46.596156],[7.98674,45.996975],[8.793725,45.776109],[9.53225,46.153971],[9.463672,46.755704],[8.645314,46.977068],[7.907014,46.596156]]]}},{"type":"Feature","properties":{"hex_id":"831fa1fffffffff","population":5025928,"population_year":2025,"area_km2":11010.2,"population_density":456.5,"all_players":1,"players_per_million":0.2,"player_ids":["nhl:8477934"],"label":"Cologne","country":"Germany"},"geometry":{"type":"Polygon","coordinates":[[[6.455143,50.851215],[6.550588,50.287239],[7.402448,50.098529],[8.171926,50.473294],[8.088631,51.039696],[7.223571,51.228954],[6.455143,50.851215]]]}},{"type":"Feature","properties":{"hex_id":"831fa5fffffffff","population":7783236,"population_year":2025,"area_km2":10746.4,"population_density":724.3,"all_players":1,"players_per_million":0.13,"player_ids":["nhl:8482116"],"label":"Viersen","country":"Germany"},"geometry":{"type":"Polygon","coordinates":[[[5.492877,51.584097],[5.5966,51.028589],[6.455143,50.851215],[7.223571,51.228954],[7.131986,51.786954],[6.259687,51.96477],[5.492877,51.584097]]]}},{"type":"Feature","properties":{"hex_id":"831fabfffffffff","population":2386212,"population_year":2025,"area_km2":11640.2,"population_density":205.0,"all_players":1,"players_per_million":0.42,"player_ids":["nhl:8482117"],"label":"Nürnberg","country":"Germany"},"geometry":{"type":"Polygon","coordinates":[[[9.954177,49.486187],[10.021547,48.903405],[10.86291,48.68049],[11.648396,49.039345],[11.593536,49.624128],[10.740578,49.848107],[9.954177,49.486187]]]}},{"type":"Feature","properties":{"hex_id":"8320a5fffffffff","population":3597809,"population_year":2025,"area_km2":14771.4,"population_density":243.6,"all_players":1,"players_per_million":0.28,"player_ids":["nhl:8481560"],"label":"Tashkent","country":"Uzbekistan"},"geometry":{"type":"Polygon","coordinates":[[[67.590997,41.401521],[68.038119,40.813152],[68.934371,40.802563],[69.401078,41.380665],[68.962725,41.97551],[68.048608,41.985775],[67.590997,41.401521]]]}},{"type":"Feature","properties":{"hex_id":"832121fffffffff","population":354690,"population_year":2025,"area_km2":14184.0,"population_density":25.0,"all_players":1,"players_per_million":2.82,"player_ids":["nhl:8471215"],"label":"Magnitogorsk","country":"Russia"},"geometry":{"type":"Polygon","coordinates":[[[57.629637,52.7105],[58.281767,52.184179],[59.35801,52.267527],[59.806893,52.880746],[59.158974,53.414627],[58.057501,53.32767],[57.629637,52.7105]]]}},{"type":"Feature","properties":{"hex_id":"832141fffffffff","population":1297894,"population_year":2025,"area_km2":14423.2,"population_density":90.0,"all_players":3,"players_per_million":2.31,"player_ids":["nhl:8481624","nhl:8482137","nhl:8482475"],"label":"Omsk","country":"Russia"},"geometry":{"type":"Polygon","coordinates":[[[72.87901,54.799461],[73.387353,54.198518],[74.536393,54.141582],[75.205639,54.683982],[74.716814,55.290587],[73.53863,55.349169],[72.87901,54.799461]]]}},{"type":"Feature","properties":{"hex_id":"832571fffffffff","population":1148919,"population_year":2025,"area_km2":11935.4,"population_density":96.3,"all_players":1,"players_per_million":0.87,"player_ids":["nhl:8481716"],"label":"Angarsk","country":"Russia"},"geometry":{"type":"Polygon","coordinates":[[[103.082096,53.046619],[103.137241,52.412465],[103.994408,52.117743],[104.804321,52.449435],[104.773507,53.079677],[103.908571,53.382222],[103.082096,53.046619]]]}},{"type":"Feature","properties":{"hex_id":"832600fffffffff","population":222179,"population_year":2025,"area_km2":12245.1,"population_density":18.1,"all_players":1,"players_per_million":4.5,"player_ids":["nhl:8482652"],"label":"Sioux Falls","country":"United States"},"geometry":{"type":"Polygon","coordinates":[[[-97.754848,43.996433],[-98.107448,43.6894],[-98.283948,43.536367],[-97.953094,42.963823],[-97.100674,42.848265],[-96.747903,43.152203],[-96.568679,43.302853],[-96.888173,43.879337],[-97.754848,43.996433]]]}},{"type":"Feature","properties":{"hex_id":"832608fffffffff","population":401752,"population_year":2025,"area_km2":12479.4,"population_density":32.2,"all_players":2,"players_per_million":4.98,"player_ids":["nhl:8477404","nhl:8480145"],"label":"Omaha","country":"United States"},"geometry":{"type":"Polygon","coordinates":[[[-95.028397,40.385877],[-94.508107,40.84419],[-94.805538,41.432576],[-95.632703,41.563065],[-96.154873,41.102562],[-95.848093,40.513784],[-95.028397,40.385877]]]}},{"type":"Feature","properties":{"hex_id":"83260afffffffff","population":387273,"population_year":2025,"area_km2":12679.7,"population_density":30.5,"all_players":1,"players_per_million":2.58,"player_ids":["nhl:8483487"],"label":"Lincoln","country":"United States"},"geometry":{"type":"Polygon","coordinates":[[[-96.364324,40.045753],[-95.848093,40.513784],[-96.154873,41.102562],[-96.987003,41.223482],[-97.504542,40.753204],[-97.188746,40.164276],[-96.364324,40.045753]]]}},{"type":"Feature","properties":{"hex_id":"832621fffffffff","population":777748,"population_year":2025,"area_km2":12781.8,"population_density":60.8,"all_players":6,"players_per_million":7.71,"player_ids":["nhl:8475324","nhl:8475718","nhl:8477220","nhl:8481553","nhl:8483531","nhl:8483570"],"label":"Delano","country":"United States"},"geometry":{"type":"Polygon","coordinates":[[[-94.614328,45.712403],[-95.202654,45.253518],[-94.893351,44.662503],[-94.011543,44.523028],[-93.418118,44.972526],[-93.711252,45.570842],[-94.614328,45.712403]]]}},{"type":"Feature","properties":{"hex_id":"832625fffffffff","population":178846,"population_year":2025,"area_km2":13005.4,"population_density":13.8,"all_players":1,"players_per_million":5.59,"player_ids":["nhl:8482062"],"label":"Brainerd","country":"United States"},"geometry":{"type":"Polygon","coordinates":[[[-94.321192,46.773779],[-94.927686,46.310174],[-94.614328,45.712403],[-93.711252,45.570842],[-93.099638,46.0249],[-93.395849,46.63002],[-94.321192,46.773779]]]}},{"type":"Feature","properties":{"hex_id":"832626fffffffff","population":268379,"population_year":2025,"area_km2":12870.5,"population_density":20.9,"all_players":3,"players_per_million":11.18,"player_ids":["nhl:8478840","nhl:8482095","nhl:8482809"],"label":"Fargo","country":"United States"},"geometry":{"type":"Polygon","coordinates":[[[-97.112649,47.158207],[-97.687441,46.680814],[-97.337401,46.092366],[-96.427848,45.973213],[-95.845709,46.441407],[-96.180072,47.037925],[-97.112649,47.158207]]]}},{"type":"Feature","properties":{"hex_id":"83262cfffffffff","population":1631636,"population_year":2025,"area_km2":12716.0,"population_density":128.3,"all_players":18,"players_per_million":11.03,"player_ids":["nhl:8475181","nhl:8475314","nhl:8476372","nhl:8476425","nhl:8476869","nhl:8478444","nhl:8479292","nhl:8479324","nhl:8479979","nhl:8479999","nhl:8480068","nhl:8481563","nhl:8481605","nhl:8482072","nhl:8483506","nhl:8483731","nhl:8483756","nhl:8484258"],"label":"Lakeville","country":"United States"},"geometry":{"type":"Polygon","coordinates":[[[-93.418118,44.972526],[-94.011543,44.523028],[-93.721547,43.931759],[-92.8541,43.783029],[-92.256593,44.223095],[-92.530293,44.821273],[-93.418118,44.972526]]]}},{"type":"Feature","properties":{"hex_id":"832640fffffffff","population":1215754,"population_year":2025,"area_km2":12188.8,"population_density":99.7,"all_players":6,"players_per_million":4.94,"player_ids":["nhl:8476392","nhl:8476429","nhl:8479365","nhl:8482090","nhl:8484287","nhl:8484873"],"label":"St. Louis","country":"United States"},"geometry":{"type":"Polygon","coordinates":[[[-89.488721,37.710983],[-88.978357,38.151268],[-89.224131,38.752112],[-89.989901,38.914254],[-90.504095,38.471958],[-90.248742,37.869554],[-89.488721,37.710983]]]}},{"type":"Feature","properties":{"hex_id":"832646fffffffff","population":1485906,"population_year":2025,"area_km2":12229.6,"population_density":121.5,"all_players":5,"players_per_million":3.36,"player_ids":["nhl:8477541","nhl:8479316","nhl:8479343","nhl:8479361","nhl:8482623"],"label":"Chesterfield","country":"United States"},"geometry":{"type":"Polygon","coordinates":[[[-90.504095,38.471958],[-89.989901,38.914254],[-90.245817,39.512589],[-91.025623,39.669988],[-91.54335,39.225656],[-91.2778,38.625984],[-90.504095,38.471958]]]}},{"type":"Feature","properties":{"hex_id":"832649fffffffff","population":797342,"population_year":2025,"area_km2":12148.2,"population_density":65.6,"all_players":1,"players_per_million":1.25,"player_ids":["nhl:8475343"],"label":"Huntsville","country":"United States"},"geometry":{"type":"Polygon","coordinates":[[[-86.859373,34.345217],[-86.366648,34.786557],[-86.583669,35.394798],[-87.302554,35.563844],[-87.79966,35.120426],[-87.573533,34.510058],[-86.859373,34.345217]]]}},{"type":"Feature","properties":{"hex_id":"832664fffffffff","population":5785032,"population_year":2025,"area_km2":12437.2,"population_density":465.1,"all_players":6,"players_per_million":1.04,"player_ids":["nhl:8476312","nhl:8476391","nhl:8476994","nhl:8477401","nhl:8481056","nhl:8481070"],"label":"Chicago","country":"United States"},"geometry":{"type":"Polygon","coordinates":[[[-87.526255,42.152917],[-88.148719,41.746709],[-87.944865,41.155384],[-87.135218,40.965255],[-86.513012,41.36205],[-86.699978,41.958309],[-87.526255,42.152917]]]}},{"type":"Feature","properties":{"hex_id":"832666fffffffff","population":962293,"population_year":2025,"area_km2":12318.9,"population_density":78.1,"all_players":1,"players_per_million":1.04,"player_ids":["nhl:8479550"],"label":"Minooka","country":"United States"},"geometry":{"type":"Polygon","coordinates":[[[-88.974045,41.930329],[-89.578398,41.518555],[-89.358359,40.932577],[-88.549924,40.752956],[-87.944865,41.155384],[-88.148719,41.746709],[-88.974045,41.930329]]]}},{"type":"Feature","properties":{"hex_id":"832681fffffffff","population":1029015,"population_year":2025,"area_km2":13361.1,"population_density":77.0,"all_players":2,"players_per_million":1.94,"player_ids":["nhl:8481004","nhl:8484821"],"label":"Lafayette","country":"United States"},"geometry":{"type":"Polygon","coordinates":[[[-105.412875,39.363927],[-104.928668,39.882147],[-105.296462,40.456659],[-106.154962,40.511592],[-106.636549,39.991255],[-106.262394,39.418114],[-105.412875,39.363927]]]}},{"type":"Feature","properties":{"hex_id":"83268cfffffffff","population":2583743,"population_year":2025,"area_km2":13448.5,"population_density":192.1,"all_players":6,"players_per_million":2.32,"player_ids":["nhl:8476958","nhl:8478443","nhl:8478873","nhl:8479591","nhl:8481518","nhl:8483573"],"label":"Denver","country":"United States"},"geometry":{"type":"Polygon","coordinates":[[[-104.205999,38.721189],[-103.71972,39.237206],[-104.077647,39.818276],[-104.928668,39.882147],[-105.412875,39.363927],[-105.048267,38.784053],[-104.205999,38.721189]]]}},{"type":"Feature","properties":{"hex_id":"832696fffffffff","population":2210821,"population_year":2025,"area_km2":13165.8,"population_density":167.9,"all_players":1,"players_per_million":0.45,"player_ids":["nhl:8482178"],"label":"Salt Lake City","country":"United States"},"geometry":{"type":"Polygon","coordinates":[[[-111.779687,40.167177],[-111.325006,40.706905],[-111.731524,41.255312],[-112.596923,41.261888],[-113.046271,40.72062],[-112.6357,40.174318],[-111.779687,40.167177]]]}},{"type":"Feature","properties":{"hex_id":"8326c8fffffffff","population":4676776,"population_year":2025,"area_km2":13766.4,"population_density":339.7,"all_players":3,"players_per_million":0.64,"player_ids":["nhl:8476399","nhl:8476474","nhl:8482785"],"label":"Plano","country":"United States"},"geometry":{"type":"Polygon","coordinates":[[[-96.471973,32.747056],[-95.990106,33.251328],[-96.277437,33.86704],[-97.054564,33.978612],[-97.53754,33.471612],[-97.242365,32.855789],[-96.471973,32.747056]]]}},{"type":"Feature","properties":{"hex_id":"8326cbfffffffff","population":2915642,"population_year":2025,"area_km2":13900.5,"population_density":209.8,"all_players":3,"players_per_million":1.03,"player_ids":["nhl:8477495","nhl:8478452","nhl:8482726"],"label":"Arlington","country":"United States"},"geometry":{"type":"Polygon","coordinates":[[[-96.66289,31.619531],[-96.186106,32.128956],[-96.471973,32.747056],[-97.242365,32.855789],[-97.720168,32.343534],[-97.426644,31.725397],[-96.66289,31.619531]]]}},{"type":"Feature","properties":{"hex_id":"83270bfffffffff","population":69956,"population_year":2025,"area_km2":13220.0,"population_density":5.3,"all_players":1,"players_per_million":14.29,"player_ids":["nhl:8482411"],"label":"Cohasset","country":"United States"},"geometry":{"type":"Polygon","coordinates":[[[-94.012863,47.845996],[-94.638608,47.378049],[-94.321192,46.773779],[-93.395849,46.63002],[-92.764982,47.088255],[-93.064184,47.699911],[-94.012863,47.845996]]]}},{"type":"Feature","properties":{"hex_id":"83270efffffffff","population":13957,"population_year":2025,"area_km2":13456.5,"population_density":1.0,"all_players":2,"players_per_million":143.3,"player_ids":["nhl:8475754","nhl:8479312"],"label":"Baudette","country":"United States"},"geometry":{"type":"Polygon","coordinates":[[[-95.004882,49.68151],[-95.644608,49.199829],[-95.299964,48.591268],[-94.334318,48.456487],[-93.688146,48.928363],[-94.013605,49.544777],[-95.004882,49.68151]]]}},{"type":"Feature","properties":{"hex_id":"832710fffffffff","population":30758,"population_year":2025,"area_km2":13258.9,"population_density":2.3,"all_players":1,"players_per_million":32.51,"player_ids":["nhl:8477506"],"label":"Dauphin","country":"Canada"},"geometry":{"type":"Polygon","coordinates":[[[-100.848729,51.418738],[-101.428335,50.904146],[-100.992645,50.315541],[-99.992915,50.232147],[-99.401057,50.737797],[-99.820629,51.335781],[-100.848729,51.418738]]]}},{"type":"Feature","properties":{"hex_id":"832713fffffffff","population":88479,"population_year":2025,"area_km2":13081.4,"population_density":6.8,"all_players":7,"players_per_million":79.11,"player_ids":["nhl:8476441","nhl:8476921","nhl:8478434","nhl:8480727","nhl:8481529","nhl:8482094","nhl:8482896"],"label":"Brandon","country":"Canada"},"geometry":{"type":"Polygon","coordinates":[[[-100.992645,50.315541],[-101.554486,49.806086],[-101.128831,49.222029],[-100.155963,49.138168],[-99.582397,49.638831],[-99.992915,50.232147],[-100.992645,50.315541]]]}},{"type":"Feature","properties":{"hex_id":"832716fffffffff","population":38521,"population_year":2025,"area_km2":13220.0,"population_density":2.9,"all_players":1,"players_per_million":25.96,"player_ids":["nhl:8481527"],"label":"Yorkton","country":"Canada"},"geometry":{"type":"Polygon","coordinates":[[[-102.336613,52.080029],[-102.902298,51.556776],[-102.440789,50.973692],[-101.428335,50.904146],[-100.848729,51.418738],[-101.29492,52.011547],[-102.336613,52.080029]]]}},{"type":"Feature","properties":{"hex_id":"83271cfffffffff","population":851693,"population_year":2025,"area_km2":13290.2,"population_density":64.1,"all_players":12,"players_per_million":14.09,"player_ids":["nhl:8471817","nhl:8473604","nhl:8475795","nhl:8475913","nhl:8477503","nhl:8477993","nhl:8479996","nhl:8480981","nhl:8482093","nhl:8482781","nhl:8483485","nhl:8483503"],"label":"Winnipeg","country":"Canada"},"geometry":{"type":"Polygon","coordinates":[[[-97.993762,50.038615],[-98.596277,49.542142],[-98.210218,48.944917],[-97.238462,48.83552],[-96.626804,49.322624],[-96.995553,49.92847],[-97.993762,50.038615]]]}},{"type":"Feature","properties":{"hex_id":"832741fffffffff","population":230910,"population_year":2025,"area_km2":13142.7,"population_density":17.6,"all_players":1,"players_per_million":4.33,"player_ids":["nhl:8477990"],"label":"Traverse City","country":"United States"},"geometry":{"type":"Polygon","coordinates":[[[-86.150668,45.210899],[-86.831048,44.795773],[-86.630493,44.181332],[-85.769155,43.977182],[-85.090138,44.382483],[-85.270853,45.001664],[-86.150668,45.210899]]]}},{"type":"Feature","properties":{"hex_id":"832743fffffffff","population":449877,"population_year":2025,"area_km2":13035.7,"population_density":34.5,"all_players":1,"players_per_million":2.22,"player_ids":["nhl:8478891"],"label":"Green Bay","country":"United States"},"geometry":{"type":"Polygon","coordinates":[[[-87.710961,44.99247],[-88.371179,44.57009],[-88.151586,43.960885],[-87.290551,43.768738],[-86.630493,44.181332],[-86.831048,44.795773],[-87.710961,44.99247]]]}},{"type":"Feature","properties":{"hex_id":"832746fffffffff","population":88433,"population_year":2025,"area_km2":13361.1,"population_density":6.6,"all_players":1,"players_per_million":11.31,"player_ids":["nhl:8475857"],"label":"Kingsford","country":"United States"},"geometry":{"type":"Polygon","coordinates":[[[-88.386019,46.850438],[-89.066565,46.415378],[-88.828425,45.797487],[-87.929817,45.608959],[-87.248897,46.034012],[-87.466651,46.657513],[-88.386019,46.850438]]]}},{"type":"Feature","properties":{"hex_id":"832748fffffffff","population":1699972,"population_year":2025,"area_km2":12781.8,"population_density":133.0,"all_players":3,"players_per_million":1.76,"player_ids":["nhl:8476822","nhl:8482070","nhl:8483457"],"label":"Grand Rapids","country":"United States"},"geometry":{"type":"Polygon","coordinates":[[[-85.585947,43.365399],[-86.245058,42.962497],[-86.059782,42.358364],[-85.233677,42.152627],[-84.57622,42.545951],[-84.743005,43.154499],[-85.585947,43.365399]]]}},{"type":"Feature","properties":{"hex_id":"832749fffffffff","population":763352,"population_year":2025,"area_km2":12636.3,"population_density":60.4,"all_players":4,"players_per_million":5.24,"player_ids":["nhl:8473507","nhl:8474013","nhl:8477429","nhl:8482802"],"label":"Ann Arbor","country":"United States"},"geometry":{"type":"Polygon","coordinates":[[[-84.57622,42.545951],[-85.233677,42.152627],[-85.064262,41.551876],[-84.255366,41.340336],[-83.600197,41.724215],[-83.75145,42.328986],[-84.57622,42.545951]]]}},{"type":"Feature","properties":{"hex_id":"83274bfffffffff","population":1078718,"population_year":2025,"area_km2":12543.2,"population_density":86.0,"all_players":1,"players_per_million":0.93,"player_ids":["nhl:8482172"],"label":"South Bend","country":"United States"},"geometry":{"type":"Polygon","coordinates":[[[-86.059782,42.358364],[-86.699978,41.958309],[-86.513012,41.36205],[-85.703199,41.161269],[-85.064262,41.551876],[-85.233677,42.152627],[-86.059782,42.358364]]]}},{"type":"Feature","properties":{"hex_id":"83274dfffffffff","population":2049602,"population_year":2025,"area_km2":12870.5,"population_density":159.2,"all_players":7,"players_per_million":3.42,"player_ids":["nhl:8475810","nhl:8477946","nhl:8479942","nhl:8480064","nhl:8480831","nhl:8484255","nhl:8484262"],"label":"Oxford","country":"United States"},"geometry":{"type":"Polygon","coordinates":[[[-84.066088,43.550097],[-84.743005,43.154499],[-84.57622,42.545951],[-83.75145,42.328986],[-83.07729,42.715021],[-83.224953,43.327485],[-84.066088,43.550097]]]}},{"type":"Feature","properties":{"hex_id":"832751fffffffff","population":279315,"population_year":2025,"area_km2":13012.9,"population_density":21.5,"all_players":1,"players_per_million":3.58,"player_ids":["nhl:8481540"],"label":"Mosinee","country":"United States"},"geometry":{"type":"Polygon","coordinates":[[[-90.384245,45.541069],[-91.021958,45.102357],[-90.765566,44.497647],[-89.88945,44.325461],[-89.249838,44.754421],[-89.487936,45.365248],[-90.384245,45.541069]]]}},{"type":"Feature","properties":{"hex_id":"832752fffffffff","population":2195252,"population_year":2025,"area_km2":12945.1,"population_density":169.6,"all_players":19,"players_per_million":8.66,"player_ids":["nhl:8474151","nhl:8475752","nhl:8475760","nhl:8477380","nhl:8478438","nhl:8479362","nhl:8479998","nhl:8480220","nhl:8480246","nhl:8480817","nhl:8481481","nhl:8482122","nhl:8482176","nhl:8482634","nhl:8482641","nhl:8482698","nhl:8483455","nhl:8483516","nhl:8484197"],"label":"St. Paul","country":"United States"},"geometry":{"type":"Polygon","coordinates":[[[-93.099638,46.0249],[-93.711252,45.570842],[-93.418118,44.972526],[-92.530293,44.821273],[-91.914646,45.265738],[-92.190515,45.870995],[-93.099638,46.0249]]]}},{"type":"Feature","properties":{"hex_id":"832753fffffffff","population":304500,"population_year":2025,"area_km2":12870.5,"population_density":23.7,"all_players":2,"players_per_million":6.57,"player_ids":["nhl:8476931","nhl:8480834"],"label":"Eau Claire","country":"United States"},"geometry":{"type":"Polygon","coordinates":[[[-91.914646,45.265738],[-92.530293,44.821273],[-92.256593,44.223095],[-91.384239,44.06279],[-90.765566,44.497647],[-91.021958,45.102357],[-91.914646,45.265738]]]}},{"type":"Feature","properties":{"hex_id":"832754fffffffff","population":40009,"population_year":2025,"area_km2":13313.8,"population_density":3.0,"all_players":1,"players_per_million":24.99,"player_ids":["nhl:8481043"],"label":"Two Harbors","country":"United States"},"geometry":{"type":"Polygon","coordinates":[[[-91.178447,47.383632],[-91.83358,46.931557],[-91.555688,46.319475],[-90.641771,46.152864],[-89.983925,46.595011],[-90.242353,47.213626],[-91.178447,47.383632]]]}},{"type":"Feature","properties":{"hex_id":"832756fffffffff","population":227582,"population_year":2025,"area_km2":13165.8,"population_density":17.3,"all_players":2,"players_per_million":8.79,"player_ids":["nhl:8475762","nhl:8476952"],"label":"Duluth","country":"United States"},"geometry":{"type":"Polygon","coordinates":[[[-92.764982,47.088255],[-93.395849,46.63002],[-93.099638,46.0249],[-92.190515,45.870995],[-91.555688,46.319475],[-91.83358,46.931557],[-92.764982,47.088255]]]}},{"type":"Feature","properties":{"hex_id":"832758fffffffff","population":996156,"population_year":2025,"area_km2":12679.7,"population_density":78.6,"all_players":1,"players_per_million":1.0,"player_ids":["nhl:8477951"],"label":"Madison","country":"United States"},"geometry":{"type":"Polygon","coordinates":[[[-89.651675,43.721955],[-90.272443,43.296693],[-90.035232,42.70074],[-89.194191,42.524254],[-88.572184,42.939958],[-88.792193,43.541634],[-89.651675,43.721955]]]}},{"type":"Feature","properties":{"hex_id":"832759fffffffff","population":4266588,"population_year":2025,"area_km2":12564.6,"population_density":339.6,"all_players":7,"players_per_million":1.64,"player_ids":["nhl:8476422","nhl:8477456","nhl:8481532","nhl:8481568","nhl:8482067","nhl:8483433","nhl:8485511"],"label":"Glenview","country":"United States"},"geometry":{"type":"Polygon","coordinates":[[[-88.572184,42.939958],[-89.194191,42.524254],[-88.974045,41.930329],[-88.148719,41.746709],[-87.526255,42.152917],[-87.729334,42.752167],[-88.572184,42.939958]]]}},{"type":"Feature","properties":{"hex_id":"83275dfffffffff","population":1811811,"population_year":2025,"area_km2":12803.9,"population_density":141.5,"all_players":1,"players_per_million":0.55,"player_ids":["nhl:8484305"],"label":"Delafield","country":"United States"},"geometry":{"type":"Polygon","coordinates":[[[-88.151586,43.960885],[-88.792193,43.541634],[-88.572184,42.939958],[-87.729334,42.752167],[-87.088558,43.161775],[-87.290551,43.768738],[-88.151586,43.960885]]]}},{"type":"Feature","properties":{"hex_id":"832763fffffffff","population":121348,"population_year":2025,"area_km2":13569.3,"population_density":8.9,"all_players":2,"players_per_million":16.48,"player_ids":["nhl:8476525","nhl:8478020"],"label":"Sault Ste. Marie","country":"Canada"},"geometry":{"type":"Polygon","coordinates":[[[-85.119537,47.296992],[-85.843995,46.878314],[-85.647567,46.249725],[-84.748614,46.035179],[-84.026532,46.443778],[-84.200764,47.076895],[-85.119537,47.296992]]]}},{"type":"Feature","properties":{"hex_id":"832769fffffffff","population":105350,"population_year":2025,"area_km2":13165.8,"population_density":8.0,"all_players":1,"players_per_million":9.49,"player_ids":["nhl:8475158"],"label":"Clinton","country":"Canada"},"geometry":{"type":"Polygon","coordinates":[[[-81.95938,44.723986],[-82.674419,44.3351],[-82.530857,43.715202],[-81.692808,43.480838],[-80.982253,43.86012],[-81.105092,44.483259],[-81.95938,44.723986]]]}},{"type":"Feature","properties":{"hex_id":"832770fffffffff","population":133078,"population_year":2025,"area_km2":13650.9,"population_density":9.7,"all_players":4,"players_per_million":30.06,"player_ids":["nhl:8473533","nhl:8476899","nhl:8478406","nhl:8481006"],"label":"Thunder Bay","country":"Canada"},"geometry":{"type":"Polygon","coordinates":[[[-89.120496,48.731502],[-89.822249,48.283895],[-89.563193,47.65875],[-88.623877,47.475113],[-87.921067,47.912501],[-88.158269,48.543656],[-89.120496,48.731502]]]}},{"type":"Feature","properties":{"hex_id":"832773fffffffff","population":33790,"population_year":2025,"area_km2":13448.5,"population_density":2.5,"all_players":1,"players_per_million":29.59,"player_ids":["nhl:8483768"],"label":"Hancock","country":"United States"},"geometry":{"type":"Polygon","coordinates":[[[-89.563193,47.65875],[-90.242353,47.213626],[-89.983925,46.595011],[-89.066565,46.415378],[-88.386019,46.850438],[-88.623877,47.475113],[-89.563193,47.65875]]]}},{"type":"Feature","properties":{"hex_id":"8327a0fffffffff","population":321755,"population_year":2025,"area_km2":12781.8,"population_density":25.2,"all_players":2,"players_per_million":6.22,"player_ids":["nhl:8474586","nhl:8476856"],"label":"Regina","country":"Canada"},"geometry":{"type":"Polygon","coordinates":[[[-105.465878,51.128449],[-105.968618,50.600253],[-105.481802,50.037092],[-104.503516,49.99214],[-103.985157,50.512589],[-104.460179,51.085773],[-105.465878,51.128449]]]}},{"type":"Feature","properties":{"hex_id":"8327a5fffffffff","population":26332,"population_year":2025,"area_km2":13005.4,"population_density":2.0,"all_players":1,"players_per_million":37.98,"player_ids":["nhl:8476923"],"label":"Melville","country":"Canada"},"geometry":{"type":"Polygon","coordinates":[[[-103.926452,51.611959],[-104.460179,51.085773],[-103.985157,50.512589],[-102.989369,50.455715],[-102.440789,50.973692],[-102.902298,51.556776],[-103.926452,51.611959]]]}},{"type":"Feature","properties":{"hex_id":"8327a6fffffffff","population":12130,"population_year":2025,"area_km2":12716.0,"population_density":1.0,"all_players":1,"players_per_million":82.44,"player_ids":["nhl:8475188"],"label":"Davidson","country":"Canada"},"geometry":{"type":"Polygon","coordinates":[[[-106.980678,51.723088],[-107.466262,51.18753],[-106.955132,50.631219],[-105.968618,50.600253],[-105.465878,51.128449],[-105.966273,51.69502],[-106.980678,51.723088]]]}},{"type":"Feature","properties":{"hex_id":"8327acfffffffff","population":17560,"population_year":2025,"area_km2":12870.5,"population_density":1.4,"all_players":2,"players_per_million":113.9,"player_ids":["nhl:8477938","nhl:8479985"],"label":"Carlyle","country":"Canada"},"geometry":{"type":"Polygon","coordinates":[[[-102.539288,49.876702],[-103.071758,49.364343],[-102.632562,48.789745],[-101.673947,48.71806],[-101.128831,49.222029],[-101.554486,49.806086],[-102.539288,49.876702]]]}},{"type":"Feature","properties":{"hex_id":"8327aefffffffff","population":20640,"population_year":2025,"area_km2":12650.8,"population_density":1.6,"all_players":2,"players_per_million":96.9,"player_ids":["nhl:8479661","nhl:8481167"],"label":"Estevan","country":"Canada"},"geometry":{"type":"Polygon","coordinates":[[[-104.040706,49.422882],[-104.544555,48.90848],[-104.093348,48.343491],[-103.149834,48.28332],[-102.632562,48.789745],[-103.071758,49.364343],[-104.040706,49.422882]]]}},{"type":"Feature","properties":{"hex_id":"832830fffffffff","population":5390523,"population_year":2025,"area_km2":12833.4,"population_density":420.0,"all_players":1,"players_per_million":0.19,"player_ids":["nhl:8479318"],"label":"San Ramon","country":"United States"},"geometry":{"type":"Polygon","coordinates":[[[-121.764466,37.675694],[-121.389711,38.251087],[-121.822972,38.767388],[-122.631058,38.705571],[-122.997641,38.130127],[-122.564417,37.616538],[-121.764466,37.675694]]]}},{"type":"Feature","properties":{"hex_id":"832834fffffffff","population":3936879,"population_year":2025,"area_km2":13005.4,"population_density":302.7,"all_players":2,"players_per_million":0.51,"player_ids":["nhl:8481692","nhl:8482445"],"label":"Los Gatos","country":"United States"},"geometry":{"type":"Polygon","coordinates":[[[-121.707157,36.574218],[-121.335882,37.15313],[-121.764466,37.675694],[-122.564417,37.616538],[-122.927704,37.037552],[-122.499133,36.517784],[-121.707157,36.574218]]]}},{"type":"Feature","properties":{"hex_id":"83289bfffffffff","population":121915,"population_year":2025,"area_km2":11389.5,"population_density":10.7,"all_players":1,"players_per_million":8.2,"player_ids":["nhl:8482105"],"label":"Whitefish","country":"United States"},"geometry":{"type":"Polygon","coordinates":[[[-114.193051,47.499511],[-113.717439,48.003644],[-113.942901,48.248029],[-114.215484,48.50042],[-115.101052,48.471845],[-115.569335,47.966237],[-115.113636,47.48119],[-114.193051,47.499511]]]}},{"type":"Feature","properties":{"hex_id":"8328d1fffffffff","population":955300,"population_year":2025,"area_km2":10675.2,"population_density":89.5,"all_players":3,"players_per_million":3.14,"player_ids":["nhl:8473994","nhl:8478062","nhl:8482193"],"label":"Victoria","country":"Canada"},"geometry":{"type":"Polygon","coordinates":[[[-122.410175,48.058569],[-121.996776,48.582192],[-122.483019,49.023551],[-123.38243,48.938973],[-123.785414,48.414997],[-123.299549,47.975934],[-122.410175,48.058569]]]}},{"type":"Feature","properties":{"hex_id":"8328d3fffffffff","population":360437,"population_year":2025,"area_km2":10650.2,"population_density":33.8,"all_players":4,"players_per_million":11.1,"player_ids":["nhl:8478038","nhl:8482201","nhl:8483709","nhl:8484145"],"label":"Mission","country":"Canada"},"geometry":{"type":"Polygon","coordinates":[[[-121.092935,48.655769],[-120.665071,49.172407],[-120.907545,49.395034],[-121.21523,49.624776],[-122.065326,49.540804],[-122.483019,49.023551],[-121.996776,48.582192],[-121.092935,48.655769]]]}},{"type":"Feature","properties":{"hex_id":"8328d8fffffffff","population":141546,"population_year":2025,"area_km2":10260.8,"population_density":13.8,"all_players":1,"players_per_million":7.06,"player_ids":["nhl:8478499"],"label":"Comox","country":"Canada"},"geometry":{"type":"Polygon","coordinates":[[[-123.874258,49.369796],[-123.603627,49.715402],[-123.537049,49.895381],[-124.180193,50.335605],[-125.016026,50.228034],[-125.133766,49.867764],[-125.265012,49.694654],[-124.768177,49.274379],[-123.874258,49.369796]]]}},{"type":"Feature","properties":{"hex_id":"8328dcfffffffff","population":261959,"population_year":2025,"area_km2":10456.0,"population_density":25.1,"all_players":2,"players_per_million":7.63,"player_ids":["nhl:8479639","nhl:8484241"],"label":"Nanaimo","country":"Canada"},"geometry":{"type":"Polygon","coordinates":[[[-123.785414,48.414997],[-123.38243,48.938973],[-123.874258,49.369796],[-124.768177,49.274379],[-125.160281,48.750244],[-124.669485,48.321667],[-123.785414,48.414997]]]}},{"type":"Feature","properties":{"hex_id":"8328ddfffffffff","population":30180,"population_year":2025,"area_km2":10234.0,"population_density":2.9,"all_players":1,"players_per_million":33.13,"player_ids":["nhl:8476316"],"label":"Port Alberni","country":"Canada"},"geometry":{"type":"Polygon","coordinates":[[[-125.160281,48.750244],[-124.768177,49.274379],[-125.265012,49.694654],[-126.152399,49.588595],[-126.533196,49.0645],[-126.038043,48.646404],[-125.160281,48.750244]]]}},{"type":"Feature","properties":{"hex_id":"8328defffffffff","population":2910777,"population_year":2025,"area_km2":10449.9,"population_density":278.5,"all_players":32,"players_per_million":10.99,"player_ids":["nhl:8475169","nhl:8475455","nhl:8476454","nhl:8476853","nhl:8476925","nhl:8477021","nhl:8477447","nhl:8477465","nhl:8477933","nhl:8478046","nhl:8478445","nhl:8478450","nhl:8478454","nhl:8479359","nhl:8479371","nhl:8479383","nhl:8479395","nhl:8479442","nhl:8479992","nhl:8480860","nhl:8481065","nhl:8481161","nhl:8482088","nhl:8482660","nhl:8482861","nhl:8483114","nhl:8483395","nhl:8483489","nhl:8484144","nhl:8484152","nhl:8484801","nhl:8485414"],"label":"Vancouver","country":"Canada"},"geometry":{"type":"Polygon","coordinates":[[[-122.483019,49.023551],[-122.065326,49.540804],[-122.693479,49.991247],[-123.537049,49.895381],[-123.603627,49.715402],[-123.874258,49.369796],[-123.38243,48.938973],[-122.483019,49.023551]]]}},{"type":"Feature","properties":{"hex_id":"8329a0fffffffff","population":7767902,"population_year":2025,"area_km2":13942.8,"population_density":557.1,"all_players":2,"players_per_million":0.26,"player_ids":["nhl:8481546","nhl:8482804"],"label":"Anaheim","country":"United States"},"geometry":{"type":"Polygon","coordinates":[[[-116.844972,33.407616],[-116.449556,33.986961],[-116.851778,34.547853],[-117.651276,34.526528],[-118.040386,33.946172],[-117.636417,33.388145],[-116.844972,33.407616]]]}},{"type":"Feature","properties":{"hex_id":"8329a1fffffffff","population":7894449,"population_year":2025,"area_km2":13766.4,"population_density":573.5,"all_players":4,"players_per_million":0.51,"player_ids":["nhl:8479675","nhl:8480027","nhl:8481582","nhl:8482153"],"label":"Arcadia","country":"United States"},"geometry":{"type":"Polygon","coordinates":[[[-118.040386,33.946172],[-117.651276,34.526528],[-118.059439,35.079776],[-118.858147,35.049768],[-119.240554,34.468622],[-118.831067,33.918266],[-118.040386,33.946172]]]}},{"type":"Feature","properties":{"hex_id":"8329a4fffffffff","population":5801541,"population_year":2025,"area_km2":14071.2,"population_density":412.3,"all_players":2,"players_per_million":0.34,"player_ids":["nhl:8477967","nhl:8484798"],"label":"San Diego","country":"United States"},"geometry":{"type":"Polygon","coordinates":[[[-116.838302,32.260383],[-116.446827,32.842254],[-116.844972,33.407616],[-117.636417,33.388145],[-118.021715,32.805205],[-117.621854,32.242798],[-116.838302,32.260383]]]}},{"type":"Feature","properties":{"hex_id":"8329a5fffffffff","population":3788026,"population_year":2025,"area_km2":13900.5,"population_density":272.5,"all_players":3,"players_per_million":0.79,"player_ids":["nhl:8475722","nhl:8481030","nhl:8481564"],"label":"Newport Beach","country":"United States"},"geometry":{"type":"Polygon","coordinates":[[[-118.021715,32.805205],[-117.636417,33.388145],[-118.040386,33.946172],[-118.831067,33.918266],[-119.209803,33.334481],[-118.804528,32.779438],[-118.021715,32.805205]]]}},{"type":"Feature","properties":{"hex_id":"8329b6fffffffff","population":3258765,"population_year":2025,"area_km2":14254.2,"population_density":228.6,"all_players":4,"players_per_million":1.23,"player_ids":["nhl:8476461","nhl:8479420","nhl:8480355","nhl:8482720"],"label":"Phoenix","country":"United States"},"geometry":{"type":"Polygon","coordinates":[[[-112.048129,33.41802],[-111.622726,33.985325],[-112.005683,34.565481],[-112.817654,34.575887],[-113.238272,34.006867],[-112.851827,33.429156],[-112.048129,33.41802]]]}},{"type":"Feature","properties":{"hex_id":"832a10fffffffff","population":17834994,"population_year":2025,"area_km2":12479.4,"population_density":1429.2,"all_players":26,"players_per_million":1.46,"player_ids":["nhl:8474037","nhl:8475151","nhl:8476932","nhl:8477463","nhl:8477488","nhl:8477845","nhl:8477947","nhl:8479323","nhl:8479325","nhl:8479944","nhl:8480835","nhl:8481077","nhl:8481237","nhl:8481519","nhl:8481533","nhl:8481562","nhl:8481569","nhl:8481596","nhl:8481754","nhl:8482055","nhl:8482155","nhl:8482666","nhl:8482679","nhl:8482715","nhl:8484169","nhl:8485395"],"label":"Darien","country":"United States"},"geometry":{"type":"Polygon","coordinates":[[[-73.803296,41.465407],[-74.532183,41.140409],[-74.501617,40.535843],[-73.761104,40.255982],[-73.041153,40.572801],[-73.052763,41.177546],[-73.803296,41.465407]]]}},{"type":"Feature","properties":{"hex_id":"832a13fffffffff","population":5451326,"population_year":2025,"area_km2":12270.7,"population_density":444.3,"all_players":5,"players_per_million":0.92,"player_ids":["nhl:8477365","nhl:8477950","nhl:8479525","nhl:8480762","nhl:8480807"],"label":"Philadelphia","country":"United States"},"geometry":{"type":"Polygon","coordinates":[[[-74.501617,40.535843],[-75.211791,40.210041],[-75.173274,39.612676],[-74.442775,39.340569],[-73.740804,39.658184],[-73.761104,40.255982],[-74.501617,40.535843]]]}},{"type":"Feature","properties":{"hex_id":"832a14fffffffff","population":2991602,"population_year":2025,"area_km2":12679.7,"population_density":235.9,"all_players":4,"players_per_million":1.34,"player_ids":["nhl:8471734","nhl:8477454","nhl:8478366","nhl:8482713"],"label":"East Longmeadow","country":"United States"},"geometry":{"type":"Polygon","coordinates":[[[-73.076912,42.400493],[-73.82523,42.076868],[-73.803296,41.465407],[-73.052763,41.177546],[-72.314174,41.493018],[-72.316385,42.104387],[-73.076912,42.400493]]]}},{"type":"Feature","properties":{"hex_id":"832a15fffffffff","population":693033,"population_year":2025,"area_km2":12458.3,"population_density":55.6,"all_players":1,"players_per_million":1.44,"player_ids":["nhl:8483548"],"label":"Sound Beach","country":"United States"},"geometry":{"type":"Polygon","coordinates":[[[-72.314174,41.493018],[-73.052763,41.177546],[-73.041153,40.572801],[-72.309922,40.283773],[-71.581122,40.591339],[-71.573772,41.195725],[-72.314174,41.493018]]]}},{"type":"Feature","properties":{"hex_id":"832a16fffffffff","population":914573,"population_year":2025,"area_km2":12694.2,"population_density":72.0,"all_players":1,"players_per_million":1.09,"player_ids":["nhl:8480113"],"label":"Eden","country":"United States"},"geometry":{"type":"Polygon","coordinates":[[[-74.595759,42.362982],[-75.333452,42.029564],[-75.29184,41.418569],[-74.532183,41.140409],[-73.803296,41.465407],[-73.82523,42.076868],[-74.595759,42.362982]]]}},{"type":"Feature","properties":{"hex_id":"832a30fffffffff","population":4186461,"population_year":2025,"area_km2":12833.4,"population_density":326.2,"all_players":21,"players_per_million":5.02,"player_ids":["nhl:8475184","nhl:8475763","nhl:8476278","nhl:8476473","nhl:8476891","nhl:8477839","nhl:8477987","nhl:8478396","nhl:8478854","nhl:8478856","nhl:8478874","nhl:8478916","nhl:8480887","nhl:8482118","nhl:8482123","nhl:8482665","nhl:8482684","nhl:8482941","nhl:8483553","nhl:8484227","nhl:8484911"],"label":"Boston","country":"United States"},"geometry":{"type":"Polygon","coordinates":[[[-70.772624,43.346551],[-71.550529,43.03556],[-71.558483,42.417927],[-70.809006,42.112129],[-70.042602,42.41534],[-70.014211,43.03201],[-70.772624,43.346551]]]}},{"type":"Feature","properties":{"hex_id":"832a32fffffffff","population":852581,"population_year":2025,"area_km2":12870.5,"population_density":66.2,"all_players":1,"players_per_million":1.17,"player_ids":["nhl:8484186"],"label":"Northampton","country":"United States"},"geometry":{"type":"Polygon","coordinates":[[[-72.320986,43.340158],[-73.089476,43.018511],[-73.076912,42.400493],[-72.316385,42.104387],[-71.558483,42.417927],[-71.550529,43.03556],[-72.320986,43.340158]]]}},{"type":"Feature","properties":{"hex_id":"832a33fffffffff","population":3511026,"population_year":2025,"area_km2":12650.8,"population_density":277.5,"all_players":8,"players_per_million":2.28,"player_ids":["nhl:8474590","nhl:8478569","nhl:8479291","nhl:8480828","nhl:8481557","nhl:8481567","nhl:8481593","nhl:8482132"],"label":"Franklin","country":"United States"},"geometry":{"type":"Polygon","coordinates":[[[-71.558483,42.417927],[-72.316385,42.104387],[-72.314174,41.493018],[-71.573772,41.195725],[-70.826484,41.501412],[-70.809006,42.112129],[-71.558483,42.417927]]]}},{"type":"Feature","properties":{"hex_id":"832a34fffffffff","population":624757,"population_year":2025,"area_km2":13005.4,"population_density":48.0,"all_players":1,"players_per_million":1.6,"player_ids":["nhl:8475208"],"label":"Biddeford","country":"United States"},"geometry":{"type":"Polygon","coordinates":[[[-69.955068,44.277849],[-70.753682,43.970058],[-70.772624,43.346551],[-70.014211,43.03201],[-69.228056,43.332116],[-69.187908,43.954327],[-69.955068,44.277849]]]}},{"type":"Feature","properties":{"hex_id":"832a36fffffffff","population":530428,"population_year":2025,"area_km2":13050.9,"population_density":40.6,"all_players":1,"players_per_million":1.89,"player_ids":["nhl:8479193"],"label":"Rochester","country":"United States"},"geometry":{"type":"Polygon","coordinates":[[[-71.533958,44.283395],[-72.323382,43.964363],[-72.320986,43.340158],[-71.550529,43.03556],[-70.772624,43.346551],[-70.753682,43.970058],[-71.533958,44.283395]]]}},{"type":"Feature","properties":{"hex_id":"832a84fffffffff","population":2219553,"population_year":2025,"area_km2":12423.2,"population_density":178.7,"all_players":4,"players_per_million":1.8,"player_ids":["nhl:8476389","nhl:8476434","nhl:8476438","nhl:8483431"],"label":"Pittsburgh","country":"United States"},"geometry":{"type":"Polygon","coordinates":[[[-79.734069,41.163834],[-80.415022,40.804113],[-80.310147,40.205584],[-79.54242,39.964379],[-78.866722,40.315147],[-78.953391,40.915968],[-79.734069,41.163834]]]}},{"type":"Feature","properties":{"hex_id":"832a86fffffffff","population":851767,"population_year":2025,"area_km2":12374.3,"population_density":68.8,"all_players":1,"players_per_million":1.17,"player_ids":["nhl:8476468"],"label":"East Palestine","country":"United States"},"geometry":{"type":"Polygon","coordinates":[[[-81.200534,41.04163],[-81.867503,40.674246],[-81.74478,40.078511],[-80.972812,39.847264],[-80.310147,40.205584],[-80.415022,40.804113],[-81.200534,41.04163]]]}},{"type":"Feature","properties":{"hex_id":"832a95fffffffff","population":2195772,"population_year":2025,"area_km2":12312.0,"population_density":178.3,"all_players":4,"players_per_million":1.82,"player_ids":["nhl:8478458","nhl:8480748","nhl:8482705","nhl:8483766"],"label":"Columbus","country":"United States"},"geometry":{"type":"Polygon","coordinates":[[[-82.656756,40.901362],[-83.309073,40.526783],[-83.168923,39.934324],[-82.393741,39.713071],[-81.74478,40.078511],[-81.867503,40.674246],[-82.656756,40.901362]]]}},{"type":"Feature","properties":{"hex_id":"832a96fffffffff","population":769887,"population_year":2025,"area_km2":12395.2,"population_density":62.1,"all_players":1,"players_per_million":1.3,"player_ids":["nhl:8480208"],"label":"Fort Wayne","country":"United States"},"geometry":{"type":"Polygon","coordinates":[[[-85.064262,41.551876],[-85.703199,41.161269],[-85.531552,40.568531],[-84.738051,40.362203],[-84.100983,40.743489],[-84.255366,41.340336],[-85.064262,41.551876]]]}},{"type":"Feature","properties":{"hex_id":"832aa3fffffffff","population":480853,"population_year":2025,"area_km2":12458.3,"population_density":38.6,"all_players":1,"players_per_million":2.08,"player_ids":["nhl:8478043"],"label":"Hollidaysburg","country":"United States"},"geometry":{"type":"Polygon","coordinates":[[[-78.259193,41.267588],[-78.953391,40.915968],[-78.866722,40.315147],[-78.104271,40.06406],[-77.416273,40.406871],[-77.484442,41.009468],[-78.259193,41.267588]]]}},{"type":"Feature","properties":{"hex_id":"832aa4fffffffff","population":545138,"population_year":2025,"area_km2":12892.8,"population_density":42.3,"all_players":2,"players_per_million":3.67,"player_ids":["nhl:8481556","nhl:8483760"],"label":"Elmira","country":"United States"},"geometry":{"type":"Polygon","coordinates":[[[-76.966258,43.195408],[-77.699924,42.843644],[-77.626195,42.227949],[-76.838964,41.962549],[-76.112893,42.305427],[-76.166385,42.922473],[-76.966258,43.195408]]]}},{"type":"Feature","properties":{"hex_id":"832aa6fffffffff","population":864087,"population_year":2025,"area_km2":12870.5,"population_density":67.1,"all_players":6,"players_per_million":6.94,"player_ids":["nhl:8473422","nhl:8474141","nhl:8475220","nhl:8477425","nhl:8478502","nhl:8482479"],"label":"Buffalo","country":"United States"},"geometry":{"type":"Polygon","coordinates":[[[-78.507232,43.105571],[-79.227281,42.744533],[-79.133579,42.130756],[-78.339703,41.875984],[-77.626195,42.227949],[-77.699924,42.843644],[-78.507232,43.105571]]]}},{"type":"Feature","properties":{"hex_id":"832aa8fffffffff","population":6574928,"population_year":2025,"area_km2":12047.7,"population_density":545.7,"all_players":1,"players_per_million":0.15,"player_ids":["nhl:8480825"],"label":"Chevy Chase","country":"United States"},"geometry":{"type":"Polygon","coordinates":[[[-76.603499,39.549602],[-77.285017,39.215387],[-77.221804,38.626656],[-76.494397,38.370874],[-75.819591,38.696714],[-75.865429,39.286605],[-76.603499,39.549602]]]}},{"type":"Feature","properties":{"hex_id":"832ab2fffffffff","population":4198661,"population_year":2025,"area_km2":12716.0,"population_density":330.2,"all_players":26,"players_per_million":6.19,"player_ids":["nhl:8475764","nhl:8476885","nhl:8476907","nhl:8477446","nhl:8477851","nhl:8477932","nhl:8478057","nhl:8478173","nhl:8478460","nhl:8478911","nhl:8478970","nhl:8479337","nhl:8479368","nhl:8480021","nhl:8480022","nhl:8480051","nhl:8481032","nhl:8481715","nhl:8482516","nhl:8482733","nhl:8482993","nhl:8483493","nhl:8483690","nhl:8483752","nhl:8484136","nhl:8485512"],"label":"Windsor","country":"United States"},"geometry":{"type":"Polygon","coordinates":[[[-83.07729,42.715021],[-83.75145,42.328986],[-83.600197,41.724215],[-82.793334,41.501851],[-82.122513,41.878477],[-82.255049,42.486775],[-83.07729,42.715021]]]}},{"type":"Feature","properties":{"hex_id":"832ab3fffffffff","population":2732492,"population_year":2025,"area_km2":12550.3,"population_density":217.7,"all_players":3,"players_per_million":1.1,"player_ids":["nhl:8477968","nhl:8478424","nhl:8482663"],"label":"Cleveland","country":"United States"},"geometry":{"type":"Polygon","coordinates":[[[-82.122513,41.878477],[-82.793334,41.501851],[-82.656756,40.901362],[-81.867503,40.674246],[-81.200534,41.04163],[-81.318822,41.64527],[-82.122513,41.878477]]]}},{"type":"Feature","properties":{"hex_id":"832ab4fffffffff","population":1849860,"population_year":2025,"area_km2":13005.4,"population_density":142.2,"all_players":25,"players_per_million":13.51,"player_ids":["nhl:8474563","nhl:8474641","nhl:8475172","nhl:8476331","nhl:8476432","nhl:8476460","nhl:8476871","nhl:8477500","nhl:8477955","nhl:8477986","nhl:8478439","nhl:8478841","nhl:8478904","nhl:8479378","nhl:8479414","nhl:8479980","nhl:8480018","nhl:8480196","nhl:8480259","nhl:8481655","nhl:8482982","nhl:8483890","nhl:8484158","nhl:8484779","nhl:8485405"],"label":"London","country":"Canada"},"geometry":{"type":"Polygon","coordinates":[[[-80.982253,43.86012],[-81.692808,43.480838],[-81.564833,42.86498],[-80.746338,42.625447],[-80.040798,42.99531],[-80.148592,43.614015],[-80.982253,43.86012]]]}},{"type":"Feature","properties":{"hex_id":"832ab6fffffffff","population":584975,"population_year":2025,"area_km2":12945.1,"population_density":45.2,"all_players":1,"players_per_million":1.71,"player_ids":["nhl:8483452"],"label":"Strathroy","country":"Canada"},"geometry":{"type":"Polygon","coordinates":[[[-82.530857,43.715202],[-83.224953,43.327485],[-83.07729,42.715021],[-82.255049,42.486775],[-81.564833,42.86498],[-81.692808,43.480838],[-82.530857,43.715202]]]}},{"type":"Feature","properties":{"hex_id":"832ad2fffffffff","population":367079,"population_year":2025,"area_km2":10857.3,"population_density":33.8,"all_players":1,"players_per_million":2.72,"player_ids":["nhl:8480891"],"label":"Florence","country":"United States"},"geometry":{"type":"Polygon","coordinates":[[[-79.473144,35.027553],[-80.0746,34.701197],[-79.985888,34.15372],[-79.309816,33.930555],[-78.71256,34.248876],[-78.787108,34.798309],[-79.473144,35.027553]]]}},{"type":"Feature","properties":{"hex_id":"832ad6fffffffff","population":1854734,"population_year":2025,"area_km2":11102.5,"population_density":167.1,"all_players":1,"players_per_million":0.54,"player_ids":["nhl:8480291"],"label":"Raleigh","country":"United States"},"geometry":{"type":"Polygon","coordinates":[[[-78.941376,35.912259],[-79.557618,35.583567],[-79.473144,35.027553],[-78.787108,34.798309],[-78.175489,35.118876],[-78.245215,35.67672],[-78.941376,35.912259]]]}},{"type":"Feature","properties":{"hex_id":"832b00fffffffff","population":293743,"population_year":2025,"area_km2":13258.9,"population_density":22.2,"all_players":3,"players_per_million":10.21,"player_ids":["nhl:8475717","nhl:8479026","nhl:8480865"],"label":"Moncton","country":"Canada"},"geometry":{"type":"Polygon","coordinates":[[[-63.982333,46.910772],[-64.858906,46.643205],[-64.963135,46.010225],[-64.213555,45.648345],[-63.354485,45.909643],[-63.227679,46.538975],[-63.982333,46.910772]]]}},{"type":"Feature","properties":{"hex_id":"832b01fffffffff","population":308750,"population_year":2025,"area_km2":13035.7,"population_density":23.7,"all_players":1,"players_per_million":3.24,"player_ids":["nhl:8484901"],"label":"Dartmouth","country":"Canada"},"geometry":{"type":"Polygon","coordinates":[[[-63.354485,45.909643],[-64.213555,45.648345],[-64.324354,45.022293],[-63.597659,44.661235],[-62.755621,44.916521],[-62.623432,45.538768],[-63.354485,45.909643]]]}},{"type":"Feature","properties":{"hex_id":"832b05fffffffff","population":138281,"population_year":2025,"area_km2":13142.7,"population_density":10.5,"all_players":2,"players_per_million":14.46,"player_ids":["nhl:8477527","nhl:8479772"],"label":"Charlottetown","country":"Canada"},"geometry":{"type":"Polygon","coordinates":[[[-62.347679,46.793314],[-63.227679,46.538975],[-63.354485,45.909643],[-62.623432,45.538768],[-61.761636,45.787361],[-61.612904,46.412467],[-62.347679,46.793314]]]}},{"type":"Feature","properties":{"hex_id":"832b0cfffffffff","population":147593,"population_year":2025,"area_km2":12803.9,"population_density":11.5,"all_players":8,"players_per_million":54.2,"player_ids":["nhl:8471675","nhl:8473419","nhl:8473986","nhl:8477070","nhl:8477492","nhl:8480289","nhl:8482111","nhl:8482874"],"label":"Halifax","country":"Canada"},"geometry":{"type":"Polygon","coordinates":[[[-62.755621,44.916521],[-63.597659,44.661235],[-63.714306,44.042415],[-63.009379,43.682719],[-62.1839,43.932237],[-62.046973,44.547116],[-62.755621,44.916521]]]}},{"type":"Feature","properties":{"hex_id":"832b12fffffffff","population":114916,"population_year":2025,"area_km2":13716.7,"population_density":8.4,"all_players":1,"players_per_million":8.7,"player_ids":["nhl:8482673"],"label":"L'Islet","country":"Canada"},"geometry":{"type":"Polygon","coordinates":[[[-69.756186,48.107159],[-70.628078,47.792148],[-70.65056,47.146099],[-69.82637,46.816408],[-68.969402,47.123424],[-68.921774,47.767989],[-69.756186,48.107159]]]}},{"type":"Feature","properties":{"hex_id":"832b16fffffffff","population":107131,"population_year":2025,"area_km2":13841.6,"population_density":7.7,"all_players":2,"players_per_million":18.67,"player_ids":["nhl:8479705","nhl:8480426"],"label":"Rimouski","country":"Canada"},"geometry":{"type":"Polygon","coordinates":[[[-68.82211,49.066785],[-69.719479,48.757432],[-69.756186,48.107159],[-68.921774,47.767989],[-68.040669,48.0695],[-67.977813,48.717884],[-68.82211,49.066785]]]}},{"type":"Feature","properties":{"hex_id":"832b19fffffffff","population":12502,"population_year":2025,"area_km2":12870.5,"population_density":1.0,"all_players":1,"players_per_million":79.99,"player_ids":["nhl:8477435"],"label":"Yarmouth","country":"Canada"},"geometry":{"type":"Polygon","coordinates":[[[-66.815165,44.202118],[-67.628374,43.917381],[-67.689501,43.297052],[-66.958193,42.963801],[-66.159126,43.241648],[-66.077335,43.859522],[-66.815165,44.202118]]]}},{"type":"Feature","properties":{"hex_id":"832b1cfffffffff","population":291438,"population_year":2025,"area_km2":13235.5,"population_density":22.0,"all_players":1,"players_per_million":3.43,"player_ids":["nhl:8474596"],"label":"Fredericton","country":"Canada"},"geometry":{"type":"Polygon","coordinates":[[[-66.585251,46.088503],[-67.434527,45.801787],[-67.500961,45.169865],[-66.740662,44.827175],[-65.906887,45.106915],[-65.818037,45.7362],[-66.585251,46.088503]]]}},{"type":"Feature","properties":{"hex_id":"832b2efffffffff","population":116171,"population_year":2025,"area_km2":13012.9,"population_density":8.9,"all_players":1,"players_per_million":8.61,"player_ids":["nhl:8481551"],"label":"Whycocomagh","country":"Canada"},"geometry":{"type":"Polygon","coordinates":[[[-60.730997,46.653643],[-61.612904,46.412467],[-61.761636,45.787361],[-61.049889,45.408102],[-60.186777,45.644068],[-60.016856,46.264403],[-60.730997,46.653643]]]}},{"type":"Feature","properties":{"hex_id":"832b81fffffffff","population":951411,"population_year":2025,"area_km2":13472.5,"population_density":70.6,"all_players":3,"players_per_million":3.15,"player_ids":["nhl:8474567","nhl:8476456","nhl:8477149"],"label":"Saint-Jerome","country":"Canada"},"geometry":{"type":"Polygon","coordinates":[[[-74.808575,46.131124],[-75.608214,45.783608],[-75.55918,45.147991],[-74.733644,44.859203],[-73.944231,45.197835],[-73.970085,45.834008],[-74.808575,46.131124]]]}},{"type":"Feature","properties":{"hex_id":"832b83fffffffff","population":1373619,"population_year":2025,"area_km2":13472.5,"population_density":102.0,"all_players":13,"players_per_million":9.46,"player_ids":["nhl:8475790","nhl:8476419","nhl:8476879","nhl:8477346","nhl:8480075","nhl:8482097","nhl:8482131","nhl:8482148","nhl:8482730","nhl:8482731","nhl:8484148","nhl:8484529","nhl:8485467"],"label":"Ottawa","country":"Canada"},"geometry":{"type":"Polygon","coordinates":[[[-76.457016,46.068577],[-77.2427,45.709849],[-77.170666,45.075432],[-76.33587,44.798413],[-75.55918,45.147991],[-75.608214,45.783608],[-76.457016,46.068577]]]}},{"type":"Feature","properties":{"hex_id":"832b8afffffffff","population":630448,"population_year":2025,"area_km2":13096.6,"population_density":48.1,"all_players":3,"players_per_million":4.76,"player_ids":["nhl:8477949","nhl:8480797","nhl:8481581"],"label":"Syracuse","country":"United States"},"geometry":{"type":"Polygon","coordinates":[[[-76.277812,44.169075],[-77.032525,43.818094],[-76.966258,43.195408],[-76.166385,42.922473],[-75.420066,43.264552],[-75.465161,43.888346],[-76.277812,44.169075]]]}},{"type":"Feature","properties":{"hex_id":"832b8efffffffff","population":281222,"population_year":2025,"area_km2":13290.2,"population_density":21.2,"all_players":2,"players_per_million":7.11,"player_ids":["nhl:8477018","nhl:8478413"],"label":"Canton","country":"United States"},"geometry":{"type":"Polygon","coordinates":[[[-75.55918,45.147991],[-76.33587,44.798413],[-76.277812,44.169075],[-75.465161,43.888346],[-74.697738,44.229023],[-74.733644,44.859203],[-75.55918,45.147991]]]}},{"type":"Feature","properties":{"hex_id":"832b90fffffffff","population":29364,"population_year":2025,"area_km2":13766.4,"population_density":2.1,"all_players":1,"players_per_million":34.06,"player_ids":["nhl:8479638"],"label":"New Liskeard","country":"Canada"},"geometry":{"type":"Polygon","coordinates":[[[-80.077605,47.793229],[-80.862175,47.404305],[-80.734601,46.763943],[-79.846546,46.509712],[-79.068722,46.88881],[-79.172038,47.531835],[-80.077605,47.793229]]]}},{"type":"Feature","properties":{"hex_id":"832b93fffffffff","population":171266,"population_year":2025,"area_km2":13577.5,"population_density":12.6,"all_players":2,"players_per_million":11.68,"player_ids":["nhl:8476867","nhl:8477479"],"label":"Sudbury","country":"Canada"},"geometry":{"type":"Polygon","coordinates":[[[-80.734601,46.763943],[-81.494806,46.374412],[-81.361219,45.740536],[-80.490261,45.49319],[-79.735963,45.872959],[-79.846546,46.509712],[-80.734601,46.763943]]]}},{"type":"Feature","properties":{"hex_id":"832b98fffffffff","population":1058880,"population_year":2025,"area_km2":13258.9,"population_density":79.9,"all_players":16,"players_per_million":15.11,"player_ids":["nhl:8470621","nhl:8475842","nhl:8478975","nhl:8479388","nhl:8479941","nhl:8479981","nhl:8480015","nhl:8480848","nhl:8480849","nhl:8480990","nhl:8482149","nhl:8482206","nhl:8482747","nhl:8483424","nhl:8483505","nhl:8485406"],"label":"Peterborough","country":"Canada"},"geometry":{"type":"Polygon","coordinates":[[[-78.776161,44.980359],[-79.524011,44.610144],[-79.42239,43.984339],[-78.594427,43.726557],[-77.853479,44.087435],[-77.933476,44.715311],[-78.776161,44.980359]]]}},{"type":"Feature","properties":{"hex_id":"832b9afffffffff","population":958797,"population_year":2025,"area_km2":13220.0,"population_density":72.5,"all_players":12,"players_per_million":12.52,"player_ids":["nhl:8470613","nhl:8475253","nhl:8477810","nhl:8479390","nhl:8480023","nhl:8480028","nhl:8480336","nhl:8482124","nhl:8482159","nhl:8482192","nhl:8482209","nhl:8484142"],"label":"Barrie","country":"Canada"},"geometry":{"type":"Polygon","coordinates":[[[-80.373196,44.863076],[-81.105092,44.483259],[-80.982253,43.86012],[-80.148592,43.614015],[-79.42239,43.984339],[-79.524011,44.610144],[-80.373196,44.863076]]]}},{"type":"Feature","properties":{"hex_id":"832b9bfffffffff","population":7907887,"population_year":2025,"area_km2":13050.9,"population_density":605.9,"all_players":82,"players_per_million":10.37,"player_ids":["nhl:8474090","nhl:8474564","nhl:8475166","nhl:8475191","nhl:8475231","nhl:8475279","nhl:8475690","nhl:8475784","nhl:8475786","nhl:8475794","nhl:8475809","nhl:8476374","nhl:8476412","nhl:8476458","nhl:8476462","nhl:8476467","nhl:8476624","nhl:8476872","nhl:8476873","nhl:8476880","nhl:8476917","nhl:8476981","nhl:8477015","nhl:8477409","nhl:8477426","nhl:8477450","nhl:8477484","nhl:8477497","nhl:8477498","nhl:8477952","nhl:8477998","nhl:8478013","nhl:8478133","nhl:8478178","nhl:8478233","nhl:8478402","nhl:8478407","nhl:8478440","nhl:8478476","nhl:8478483","nhl:8478519","nhl:8478542","nhl:8479066","nhl:8479293","nhl:8479385","nhl:8479543","nhl:8479619","nhl:8479644","nhl:8479982","nhl:8479983","nhl:8480084","nhl:8480192","nhl:8480434","nhl:8480802","nhl:8480803","nhl:8480855","nhl:8480876","nhl:8481577","nhl:8481580","nhl:8482142","nhl:8482146","nhl:8482157","nhl:8482408","nhl:8482525","nhl:8482671","nhl:8482740","nhl:8482751","nhl:8482807","nhl:8482964","nhl:8483448","nhl:8483524","nhl:8483676","nhl:8483696","nhl:8484185","nhl:8484214","nhl:8484221","nhl:8484403","nhl:8484762","nhl:8484768","nhl:8484806","nhl:8485366","nhl:8485402"],"label":"Toronto","country":"Canada"},"geometry":{"type":"Polygon","coordinates":[[[-79.42239,43.984339],[-80.148592,43.614015],[-80.040798,42.99531],[-79.227281,42.744533],[-78.507232,43.105571],[-78.594427,43.726557],[-79.42239,43.984339]]]}},{"type":"Feature","properties":{"hex_id":"832b9dfffffffff","population":414601,"population_year":2025,"area_km2":13282.4,"population_density":31.2,"all_players":3,"players_per_million":7.24,"player_ids":["nhl:8476393","nhl:8480014","nhl:8481789"],"label":"Kingston","country":"Canada"},"geometry":{"type":"Polygon","coordinates":[[[-77.170666,45.075432],[-77.933476,44.715311],[-77.853479,44.087435],[-77.032525,43.818094],[-76.277812,44.169075],[-76.33587,44.798413],[-77.170666,45.075432]]]}},{"type":"Feature","properties":{"hex_id":"832ba0fffffffff","population":116870,"population_year":2025,"area_km2":13942.8,"population_density":8.4,"all_players":1,"players_per_million":8.56,"player_ids":["nhl:8479398"],"label":"Roberval","country":"Canada"},"geometry":{"type":"Polygon","coordinates":[[[-72.345223,49.094463],[-73.219948,48.757469],[-73.203694,48.105569],[-72.33927,47.79097],[-71.478223,48.119255],[-71.467934,48.770703],[-72.345223,49.094463]]]}},{"type":"Feature","properties":{"hex_id":"832ba5fffffffff","population":181660,"population_year":2025,"area_km2":13900.5,"population_density":13.1,"all_players":1,"players_per_million":5.5,"player_ids":["nhl:8481093"],"label":"Saguenay","country":"Canada"},"geometry":{"type":"Polygon","coordinates":[[[-70.581024,49.094011],[-71.467934,48.770703],[-71.478223,48.119255],[-70.628078,47.792148],[-69.756186,48.107159],[-69.719479,48.757432],[-70.581024,49.094011]]]}},{"type":"Feature","properties":{"hex_id":"832ba8fffffffff","population":396856,"population_year":2025,"area_km2":13424.6,"population_density":29.6,"all_players":3,"players_per_million":7.56,"player_ids":["nhl:8474102","nhl:8482174","nhl:8484210"],"label":"Sherbrooke","country":"Canada"},"geometry":{"type":"Polygon","coordinates":[[[-71.507302,46.184921],[-72.330983,45.860952],[-72.328377,45.224875],[-71.525323,44.913382],[-70.714186,45.229126],[-70.693587,45.864457],[-71.507302,46.184921]]]}},{"type":"Feature","properties":{"hex_id":"832baafffffffff","population":4993353,"population_year":2025,"area_km2":13456.5,"population_density":371.1,"all_players":25,"players_per_million":5.01,"player_ids":["nhl:8471724","nhl:8476875","nhl:8477407","nhl:8477511","nhl:8477919","nhl:8478147","nhl:8478421","nhl:8478463","nhl:8478472","nhl:8479576","nhl:8480058","nhl:8480813","nhl:8481122","nhl:8481219","nhl:8481534","nhl:8481591","nhl:8481594","nhl:8481848","nhl:8482742","nhl:8483444","nhl:8483472","nhl:8483546","nhl:8483699","nhl:8483841","nhl:8484428"],"label":"Montréal","country":"Canada"},"geometry":{"type":"Polygon","coordinates":[[[-73.157758,46.169919],[-73.970085,45.834008],[-73.944231,45.197835],[-73.129291,44.897538],[-72.328377,45.224875],[-72.330983,45.860952],[-73.157758,46.169919]]]}},{"type":"Feature","properties":{"hex_id":"832bacfffffffff","population":1030542,"population_year":2025,"area_km2":13577.5,"population_density":75.9,"all_players":7,"players_per_million":6.79,"player_ids":["nhl:8477073","nhl:8478104","nhl:8478469","nhl:8478851","nhl:8479718","nhl:8481592","nhl:8481806"],"label":"Quebec City","country":"Canada"},"geometry":{"type":"Polygon","coordinates":[[[-70.65056,47.146099],[-71.497894,46.826226],[-71.507302,46.184921],[-70.693587,45.864457],[-69.859939,46.176207],[-69.82637,46.816408],[-70.65056,47.146099]]]}},{"type":"Feature","properties":{"hex_id":"832baefffffffff","population":519995,"population_year":2025,"area_km2":13618.2,"population_density":38.2,"all_players":8,"players_per_million":15.38,"player_ids":["nhl:8476479","nhl:8476826","nhl:8478409","nhl:8478470","nhl:8482145","nhl:8482737","nhl:8483482","nhl:8484793"],"label":"Trois-Rivières","country":"Canada"},"geometry":{"type":"Polygon","coordinates":[[[-72.336425,47.14413],[-73.17262,46.811656],[-73.157758,46.169919],[-72.330983,45.860952],[-71.507302,46.184921],[-71.497894,46.826226],[-72.336425,47.14413]]]}},{"type":"Feature","properties":{"hex_id":"832bb3fffffffff","population":71823,"population_year":2025,"area_km2":13968.4,"population_density":5.1,"all_players":2,"players_per_million":27.85,"player_ids":["nhl:8478462","nhl:8478468"],"label":"Amos","country":"Canada"},"geometry":{"type":"Polygon","coordinates":[[[-77.636152,48.934226],[-78.464673,48.558499],[-78.369496,47.9096],[-77.471719,47.634566],[-76.652442,48.000631],[-76.721574,48.65125],[-77.636152,48.934226]]]}},{"type":"Feature","properties":{"hex_id":"832d54fffffffff","population":668418,"population_year":2025,"area_km2":12188.8,"population_density":54.8,"all_players":1,"players_per_million":1.5,"player_ids":["nhl:8476453"],"label":"Maykop","country":"Russia"},"geometry":{"type":"Polygon","coordinates":[[[38.924718,44.798354],[38.777546,44.198571],[39.438958,43.771528],[40.244573,43.941553],[40.400625,44.538033],[39.742318,44.967822],[38.924718,44.798354]]]}},{"type":"Feature","properties":{"hex_id":"832ec9fffffffff","population":294841,"population_year":2025,"area_km2":9779.9,"population_density":30.1,"all_players":1,"players_per_million":3.39,"player_ids":["nhl:8483491"],"label":"Ussuriysk","country":"Russia"},"geometry":{"type":"Polygon","coordinates":[[[133.017556,44.096274],[132.757963,44.643788],[132.041536,44.714014],[131.598053,44.240781],[131.861724,43.699224],[132.564958,43.624962],[133.017556,44.096274]]]}},{"type":"Feature","properties":{"hex_id":"834413fffffffff","population":1468391,"population_year":2025,"area_km2":11454.2,"population_density":128.2,"all_players":2,"players_per_million":1.36,"player_ids":["nhl:8477903","nhl:8484149"],"label":"Fort Myers","country":"United States"},"geometry":{"type":"Polygon","coordinates":[[[-81.751962,25.779996],[-81.304324,26.222612],[-81.466649,26.823209],[-82.084301,26.984013],[-82.536746,26.538801],[-82.366734,25.935396],[-81.751962,25.779996]]]}},{"type":"Feature","properties":{"hex_id":"834440fffffffff","population":700278,"population_year":2025,"area_km2":13258.9,"population_density":52.8,"all_players":1,"players_per_million":1.43,"player_ids":["nhl:8482511"],"label":"Baton Rouge","country":"United States"},"geometry":{"type":"Polygon","coordinates":[[[-91.213549,30.149237],[-90.737597,30.634218],[-90.980019,31.253903],[-91.70664,31.389766],[-92.185406,30.901967],[-91.934789,30.281145],[-91.213549,30.149237]]]}},{"type":"Feature","properties":{"hex_id":"834455fffffffff","population":546173,"population_year":2025,"area_km2":12915.2,"population_density":42.3,"all_players":1,"players_per_million":1.83,"player_ids":["nhl:8479671"],"label":"Biloxi","country":"United States"},"geometry":{"type":"Polygon","coordinates":[[[-89.08631,29.735057],[-88.612295,30.20923],[-88.837672,30.827133],[-89.545393,30.972456],[-90.022833,30.495543],[-89.789168,29.876068],[-89.08631,29.735057]]]}},{"type":"Feature","properties":{"hex_id":"83446cfffffffff","population":6104544,"population_year":2025,"area_km2":13866.8,"population_density":440.2,"all_players":2,"players_per_million":0.33,"player_ids":["nhl:8474574","nhl:8481186"],"label":"Missouri City","country":"United States"},"geometry":{"type":"Polygon","coordinates":[[[-94.808948,29.022702],[-94.340041,29.530809],[-94.606515,30.15309],[-95.34958,30.267602],[-95.820095,29.756435],[-95.546005,29.133838],[-94.808948,29.022702]]]}},{"type":"Feature","properties":{"hex_id":"8344a1fffffffff","population":5763886,"population_year":2025,"area_km2":11010.2,"population_density":523.5,"all_players":6,"players_per_million":1.04,"player_ids":["nhl:8476906","nhl:8477034","nhl:8479345","nhl:8479369","nhl:8479520","nhl:8483429"],"label":"Parkland","country":"United States"},"geometry":{"type":"Polygon","coordinates":[[[-79.949065,25.306967],[-79.508022,25.739732],[-79.655984,26.333663],[-80.252477,26.497928],[-80.698565,26.062694],[-80.543111,25.465679],[-79.949065,25.306967]]]}},{"type":"Feature","properties":{"hex_id":"8344a8fffffffff","population":1093239,"population_year":2025,"area_km2":11131.6,"population_density":98.2,"all_players":1,"players_per_million":0.91,"player_ids":["nhl:8484170"],"label":"Melbourne","country":"United States"},"geometry":{"type":"Polygon","coordinates":[[[-80.407147,27.095513],[-79.957715,27.52564],[-80.111556,28.123412],[-80.722601,28.294198],[-81.177173,27.861791],[-81.015558,27.260891],[-80.407147,27.095513]]]}},{"type":"Feature","properties":{"hex_id":"8344a9fffffffff","population":3916404,"population_year":2025,"area_km2":11308.9,"population_density":346.3,"all_players":2,"players_per_million":0.51,"player_ids":["nhl:8480800","nhl:8481559"],"label":"Orlando","country":"United States"},"geometry":{"type":"Polygon","coordinates":[[[-81.177173,27.861791],[-80.722601,28.294198],[-80.88346,28.895015],[-81.506834,29.066476],[-81.966494,28.631807],[-81.797694,28.027952],[-81.177173,27.861791]]]}},{"type":"Feature","properties":{"hex_id":"8344d5fffffffff","population":734655,"population_year":2025,"area_km2":11155.0,"population_density":65.9,"all_players":1,"players_per_million":1.36,"player_ids":["nhl:8477451"],"label":"Hilton Head Island","country":"United States"},"geometry":{"type":"Polygon","coordinates":[[[-81.078665,31.726077],[-80.607929,32.142536],[-80.773736,32.742682],[-81.4188,32.929579],[-81.895015,32.511356],[-81.720688,31.908012],[-81.078665,31.726077]]]}},{"type":"Feature","properties":{"hex_id":"8348ebfffffffff","population":2689536,"population_year":2025,"area_km2":14369.4,"population_density":187.2,"all_players":4,"players_per_million":1.49,"player_ids":["nhl:8479314","nhl:8480801","nhl:8482659","nhl:8486169"],"label":"Scottsdale","country":"United States"},"geometry":{"type":"Polygon","coordinates":[[[-110.867885,32.814698],[-110.438155,33.380106],[-110.813583,33.966592],[-111.622726,33.985325],[-112.048129,33.41802],[-111.668838,32.833881],[-110.867885,32.814698]]]}},{"type":"Feature","properties":{"hex_id":"83bcc3fffffffff","population":10165897,"population_year":2025,"area_km2":13816.5,"population_density":735.8,"all_players":1,"players_per_million":0.1,"player_ids":["nhl:8484839"],"label":"Johannesburg","country":"South Africa"},"geometry":{"type":"Polygon","coordinates":[[[28.252135,-26.609142],[28.292681,-25.962826],[27.674042,-25.604797],[27.013681,-25.892672],[26.969404,-26.538665],[27.589205,-26.897137],[28.252135,-26.609142]]]}},{"type":"Feature","properties":{"hex_id":"83be0efffffffff","population":2059884,"population_year":2025,"area_km2":14922.2,"population_density":138.0,"all_players":1,"players_per_million":0.49,"player_ids":["nhl:8481606"],"label":"Manly","country":"Australia"},"geometry":{"type":"Polygon","coordinates":[[[152.602318,-33.997],[152.420459,-33.332138],[151.64327,-33.128216],[151.038963,-33.586023],[151.210157,-34.25249],[151.996416,-34.459593],[152.602318,-33.997]]]}}]}