{"type":"FeatureCollection","metadata":{"population_source":"WorldPop Global 2 R2025A","population_source_url":"https://hub.worldpop.org/project/categories?id=3","population_license":"CC BY 4.0","population_year":2025,"raster_resolution":"1km","h3_resolution":3,"occupied_cells":226,"mapped_players":577},"features":[{"type":"Feature","properties":{"hex_id":"830886fffffffff","population":2644215,"population_year":2025,"area_km2":9318.2,"population_density":283.8,"all_players":1,"players_per_million":0.38,"player_ids":["nba:1641796"],"label":"Nacka","country":"Sweden"},"geometry":{"type":"Polygon","coordinates":[[[16.278958,59.64339],[16.300028,59.146064],[17.2862,58.926343],[18.263528,59.200793],[18.261053,59.698623],[17.262594,59.921571],[16.278958,59.64339]]]}},{"type":"Feature","properties":{"hex_id":"831126fffffffff","population":1385952,"population_year":2025,"area_km2":9723.3,"population_density":142.5,"all_players":1,"players_per_million":0.72,"player_ids":["nba:1628374"],"label":"Vantaa","country":"Finland"},"geometry":{"type":"Polygon","coordinates":[[[24.856526,60.156524],[25.77412,59.916287],[26.638012,60.257092],[26.587158,60.845587],[25.642328,61.087458],[24.776007,60.739129],[24.856526,60.156524]]]}},{"type":"Feature","properties":{"hex_id":"8311aafffffffff","population":17631164,"population_year":2025,"area_km2":11589.0,"population_density":1521.4,"all_players":1,"players_per_million":0.06,"player_ids":["nba:1642856"],"label":"Moscow","country":"Russia"},"geometry":{"type":"Polygon","coordinates":[[[36.214968,55.732318],[37.032624,55.377596],[37.971643,55.638414],[38.10557,56.261621],[37.271969,56.621119],[36.320428,56.352535],[36.214968,55.732318]]]}},{"type":"Feature","properties":{"hex_id":"83184dfffffffff","population":1358749,"population_year":2025,"area_km2":12012.9,"population_density":113.1,"all_players":1,"players_per_million":0.74,"player_ids":["nba:1642259"],"label":"Bordeaux","country":"France"},"geometry":{"type":"Polygon","coordinates":[[[-0.808824,44.961184],[-1.452621,44.580726],[-1.30697,43.954767],[-0.532232,43.711967],[0.102941,44.089763],[-0.028005,44.712978],[-0.808824,44.961184]]]}},{"type":"Feature","properties":{"hex_id":"831865fffffffff","population":1629332,"population_year":2025,"area_km2":11345.0,"population_density":143.6,"all_players":1,"players_per_million":0.61,"player_ids":["nba:201587"],"label":"Lisieux","country":"France"},"geometry":{"type":"Polygon","coordinates":[[[0.360856,49.735742],[-0.333038,49.389078],[-0.188757,48.779293],[0.632478,48.518882],[1.315872,48.863254],[1.18851,49.470279],[0.360856,49.735742]]]}},{"type":"Feature","properties":{"hex_id":"83186afffffffff","population":978187,"population_year":2025,"area_km2":11919.5,"population_density":82.1,"all_players":1,"players_per_million":1.02,"player_ids":["nba:1630846"],"label":"Niort","country":"France"},"geometry":{"type":"Polygon","coordinates":[[[-1.245119,46.825327],[-1.907502,46.450836],[-1.752798,45.828917],[-0.951317,45.584011],[-0.297888,45.955847],[-0.436987,46.575197],[-1.245119,46.825327]]]}},{"type":"Feature","properties":{"hex_id":"831943fffffffff","population":3229685,"population_year":2025,"area_km2":10968.8,"population_density":294.4,"all_players":2,"players_per_million":0.62,"player_ids":["nba:1631107","nba:1642873"],"label":"Nottingham","country":"United Kingdom"},"geometry":{"type":"Polygon","coordinates":[[[-0.529171,53.3287],[-1.268165,52.996914],[-1.103494,52.402317],[-0.219137,52.141681],[0.508374,52.470966],[0.362999,53.063327],[-0.529171,53.3287]]]}},{"type":"Feature","properties":{"hex_id":"831949fffffffff","population":2035308,"population_year":2025,"area_km2":10894.6,"population_density":186.8,"all_players":1,"players_per_million":0.49,"player_ids":["nba:203497"],"label":"Saint-Quentin","country":"France"},"geometry":{"type":"Polygon","coordinates":[[[2.463609,50.732311],[1.759362,50.407376],[1.882244,49.805032],[2.692197,49.530714],[3.384772,49.85377],[3.279015,50.452975],[2.463609,50.732311]]]}},{"type":"Feature","properties":{"hex_id":"83194afffffffff","population":7439903,"population_year":2025,"area_km2":11171.8,"population_density":666.0,"all_players":1,"players_per_million":0.13,"player_ids":["nba:1628384"],"label":"London","country":"United Kingdom"},"geometry":{"type":"Polygon","coordinates":[[[-0.069294,51.543996],[-0.785076,51.204689],[-0.631095,50.601911],[0.220599,50.340898],[0.925401,50.677831],[0.789471,51.278095],[-0.069294,51.543996]]]}},{"type":"Feature","properties":{"hex_id":"831968fffffffff","population":1226267,"population_year":2025,"area_km2":10302.4,"population_density":119.0,"all_players":1,"players_per_million":0.82,"player_ids":["nba:1642502"],"label":"IJmuiden","country":"Netherlands"},"geometry":{"type":"Polygon","coordinates":[[[4.302502,53.422988],[3.565733,53.128505],[3.67324,52.541669],[4.225481,52.349359],[4.515848,52.296999],[5.280448,52.68056],[5.171662,53.221433],[4.58117,53.325469],[4.302502,53.422988]]]}},{"type":"Feature","properties":{"hex_id":"831969fffffffff","population":7461871,"population_year":2025,"area_km2":10523.1,"population_density":709.1,"all_players":2,"players_per_million":0.27,"player_ids":["nba:1642366","nba:1642400"],"label":"Almere","country":"Netherlands"},"geometry":{"type":"Polygon","coordinates":[[[4.515848,52.296999],[4.628032,51.750066],[5.492877,51.584097],[6.259687,51.96477],[6.159603,52.514255],[5.280448,52.68056],[4.515848,52.296999]]]}},{"type":"Feature","properties":{"hex_id":"831973fffffffff","population":1487848,"population_year":2025,"area_km2":10724.5,"population_density":138.7,"all_players":1,"players_per_million":0.67,"player_ids":["nba:1641787"],"label":"Newcastle upon Tyne","country":"United Kingdom"},"geometry":{"type":"Polygon","coordinates":[[[-2.151313,55.922966],[-2.926718,55.595835],[-2.733111,55.014799],[-1.785543,54.762388],[-1.021902,55.086581],[-1.194049,55.666051],[-2.151313,55.922966]]]}},{"type":"Feature","properties":{"hex_id":"831e12fffffffff","population":1621220,"population_year":2025,"area_km2":12667.1,"population_density":128.0,"all_players":1,"players_per_million":0.62,"player_ids":["nba:1629029"],"label":"Ljubljana","country":"Slovenia"},"geometry":{"type":"Polygon","coordinates":[[[13.492667,46.151948],[13.53091,45.538666],[14.337206,45.273432],[15.114564,45.62006],[15.088333,46.234909],[14.272671,46.501617],[13.492667,46.151948]]]}},{"type":"Feature","properties":{"hex_id":"831e15fffffffff","population":2535721,"population_year":2025,"area_km2":12347.4,"population_density":205.4,"all_players":1,"players_per_million":0.39,"player_ids":["nba:1627751"],"label":"Vienna","country":"Austria"},"geometry":{"type":"Polygon","coordinates":[[[15.007166,48.053459],[15.034644,47.451699],[15.859594,47.183359],[16.6662,47.515042],[16.651518,48.117989],[15.817384,48.388123],[15.007166,48.053459]]]}},{"type":"Feature","properties":{"hex_id":"831e18fffffffff","population":740156,"population_year":2025,"area_km2":12865.1,"population_density":57.5,"all_players":1,"players_per_million":1.35,"player_ids":["nba:203999"],"label":"Sombor","country":"Serbia"},"geometry":{"type":"Polygon","coordinates":[[[18.309883,46.334273],[18.311527,45.717251],[19.112925,45.417356],[19.919997,45.732363],[19.930814,46.349978],[19.122083,46.652051],[18.309883,46.334273]]]}},{"type":"Feature","properties":{"hex_id":"831e1bfffffffff","population":2845114,"population_year":2025,"area_km2":13080.3,"population_density":217.5,"all_players":2,"players_per_million":0.7,"player_ids":["nba:1642260","nba:203992"],"label":"Belgrade","country":"Serbia"},"geometry":{"type":"Polygon","coordinates":[[[19.112925,45.417356],[19.10845,44.793707],[19.898853,44.48456],[20.700526,44.796864],[20.717203,45.42096],[19.919997,45.732363],[19.112925,45.417356]]]}},{"type":"Feature","properties":{"hex_id":"831e30fffffffff","population":1178561,"population_year":2025,"area_km2":11857.2,"population_density":99.4,"all_players":1,"players_per_million":0.85,"player_ids":["nba:1630249"],"label":"Strakonice","country":"Czech Republic"},"geometry":{"type":"Polygon","coordinates":[[[13.250346,49.739353],[13.292336,49.152852],[14.137456,48.90561],[14.950892,49.243294],[14.922075,49.831219],[14.066577,50.080093],[13.250346,49.739353]]]}},{"type":"Feature","properties":{"hex_id":"831e63fffffffff","population":3686107,"population_year":2025,"area_km2":11794.6,"population_density":312.5,"all_players":1,"players_per_million":0.27,"player_ids":["nba:1642917"],"label":"Kyiv","country":"Ukraine"},"geometry":{"type":"Polygon","coordinates":[[[29.464293,50.49356],[29.376228,49.913355],[30.169488,49.553741],[31.052695,49.771325],[31.153726,50.350024],[30.358689,50.712701],[29.464293,50.49356]]]}},{"type":"Feature","properties":{"hex_id":"831e6afffffffff","population":770858,"population_year":2025,"area_km2":11927.4,"population_density":64.6,"all_players":1,"players_per_million":1.3,"player_ids":["nba:1629004"],"label":"Cherkasy","country":"Ukraine"},"geometry":{"type":"Polygon","coordinates":[[[31.832247,49.400701],[31.727373,48.815581],[32.491778,48.437419],[33.361547,48.641405],[33.478495,49.224589],[32.713722,49.605773],[31.832247,49.400701]]]}},{"type":"Feature","properties":{"hex_id":"831e81fffffffff","population":950373,"population_year":2025,"area_km2":13381.9,"population_density":71.0,"all_players":1,"players_per_million":1.05,"player_ids":["nba:1631323"],"label":"Pescara","country":"Italy"},"geometry":{"type":"Polygon","coordinates":[[[13.713746,42.412148],[13.748722,41.775618],[14.519585,41.49381],[15.263913,41.847143],[15.239936,42.485371],[14.460581,42.768618],[13.713746,42.412148]]]}},{"type":"Feature","properties":{"hex_id":"831ea2fffffffff","population":2426514,"population_year":2025,"area_km2":12828.9,"population_density":189.1,"all_players":1,"players_per_million":0.41,"player_ids":["nba:1641774"],"label":"Siena","country":"Italy"},"geometry":{"type":"Polygon","coordinates":[[[10.524864,44.082048],[10.583646,43.46084],[11.369193,43.208977],[12.105806,43.577473],[12.057997,44.200939],[11.262523,44.453696],[10.524864,44.082048]]]}},{"type":"Feature","properties":{"hex_id":"831ea8fffffffff","population":272914,"population_year":2025,"area_km2":13123.0,"population_density":20.8,"all_players":1,"players_per_million":3.66,"player_ids":["nba:203967"],"label":"Šibenik","country":"Croatia"},"geometry":{"type":"Polygon","coordinates":[[[15.165843,44.377946],[15.190908,43.750895],[15.978683,43.466084],[16.749675,43.806687],[16.736287,44.435047],[15.940187,44.721551],[15.165843,44.377946]]]}},{"type":"Feature","properties":{"hex_id":"831ea9fffffffff","population":757896,"population_year":2025,"area_km2":13192.4,"population_density":57.5,"all_players":1,"players_per_million":1.32,"player_ids":["nba:1631255"],"label":"Livno","country":"Bosnia and Herzegovina"},"geometry":{"type":"Polygon","coordinates":[[[16.736287,44.435047],[16.749675,43.806687],[17.535856,43.510771],[18.316311,43.841343],[18.31474,44.47068],[17.520869,44.768523],[16.736287,44.435047]]]}},{"type":"Feature","properties":{"hex_id":"831edafffffffff","population":3963423,"population_year":2025,"area_km2":14272.5,"population_density":277.7,"all_players":3,"players_per_million":0.76,"player_ids":["nba:1630828","nba:203507","nba:203648"],"label":"Athens","country":"Greece"},"geometry":{"type":"Polygon","coordinates":[[[22.784149,38.644236],[22.754162,37.983543],[23.474781,37.630343],[24.229741,37.935113],[24.27013,38.595464],[23.545178,38.951439],[22.784149,38.644236]]]}},{"type":"Feature","properties":{"hex_id":"831ef4fffffffff","population":1067586,"population_year":2025,"area_km2":13246.8,"population_density":80.6,"all_players":1,"players_per_million":0.94,"player_ids":["nba:203994"],"label":"Tuzla","country":"Bosnia and Herzegovina"},"geometry":{"type":"Polygon","coordinates":[[[18.31474,44.47068],[18.316311,43.841343],[19.099702,43.53434],[19.888519,43.854586],[19.898853,44.48456],[19.10845,44.793707],[18.31474,44.47068]]]}},{"type":"Feature","properties":{"hex_id":"831ef6fffffffff","population":426696,"population_year":2025,"area_km2":13401.1,"population_density":31.8,"all_players":1,"players_per_million":2.34,"player_ids":["nba:1627826"],"label":"Mostar","country":"Bosnia and Herzegovina"},"geometry":{"type":"Polygon","coordinates":[[[17.535856,43.510771],[17.543183,42.876114],[18.319382,42.571144],[19.095425,42.898853],[19.099702,43.53434],[18.316311,43.841343],[17.535856,43.510771]]]}},{"type":"Feature","properties":{"hex_id":"831f01fffffffff","population":168868,"population_year":2025,"area_km2":10550.1,"population_density":16.0,"all_players":1,"players_per_million":5.92,"player_ids":["nba:1630574"],"label":"Stralsund","country":"Germany"},"geometry":{"type":"Polygon","coordinates":[[[12.839846,54.798544],[12.888576,54.256457],[13.799424,54.037627],[14.673682,54.358877],[14.640207,54.902182],[13.717125,55.123081],[12.839846,54.798544]]]}},{"type":"Feature","properties":{"hex_id":"831f05fffffffff","population":2352607,"population_year":2025,"area_km2":10296.5,"population_density":228.5,"all_players":1,"players_per_million":0.43,"player_ids":["nba:1641752"],"label":"Malmö","country":"Sweden"},"geometry":{"type":"Polygon","coordinates":[[[11.860105,55.539449],[11.917787,55.005749],[12.839846,54.798544],[13.717125,55.123081],[13.674893,55.658102],[12.739823,55.867327],[11.860105,55.539449]]]}},{"type":"Feature","properties":{"hex_id":"831f11fffffffff","population":2292822,"population_year":2025,"area_km2":10833.8,"population_density":211.6,"all_players":1,"players_per_million":0.44,"player_ids":["nba:203471"],"label":"Brunswick","country":"Germany"},"geometry":{"type":"Polygon","coordinates":[[[9.526612,52.882702],[9.600787,52.328809],[10.483886,52.126246],[11.305631,52.476318],[11.24517,53.03204],[10.349128,53.235917],[9.526612,52.882702]]]}},{"type":"Feature","properties":{"hex_id":"831f1dfffffffff","population":2769446,"population_year":2025,"area_km2":10992.0,"population_density":251.9,"all_players":2,"players_per_million":0.72,"player_ids":["nba:1629021","nba:1630532"],"label":"Berlin","country":"Germany"},"geometry":{"type":"Polygon","coordinates":[[[12.983579,53.157021],[13.029893,52.599737],[13.917733,52.371333],[14.770737,52.698373],[14.738933,53.256941],[13.839529,53.487245],[12.983579,53.157021]]]}},{"type":"Feature","properties":{"hex_id":"831f40fffffffff","population":1306265,"population_year":2025,"area_km2":10744.9,"population_density":121.6,"all_players":1,"players_per_million":0.77,"player_ids":["nba:1642857"],"label":"Vilnius","country":"Lithuania"},"geometry":{"type":"Polygon","coordinates":[[[23.791969,55.01473],[23.746236,54.469641],[24.629798,54.168802],[25.564981,54.409905],[25.626478,54.954474],[24.737085,55.258527],[23.791969,55.01473]]]}},{"type":"Feature","properties":{"hex_id":"831f45fffffffff","population":199739,"population_year":2025,"area_km2":10515.1,"population_density":19.0,"all_players":1,"players_per_million":5.01,"player_ids":["nba:202685"],"label":"Utena","country":"Lithuania"},"geometry":{"type":"Polygon","coordinates":[[[24.792149,55.795544],[24.737085,55.258527],[25.626478,54.954474],[26.576301,55.184161],[26.647422,55.720503],[25.752737,56.027899],[24.792149,55.795544]]]}},{"type":"Feature","properties":{"hex_id":"831f75fffffffff","population":146464,"population_year":2025,"area_km2":10268.3,"population_density":14.3,"all_players":1,"players_per_million":6.83,"player_ids":["nba:204001"],"label":"Liepāja","country":"Latvia"},"geometry":{"type":"Polygon","coordinates":[[[20.15884,56.656685],[20.14425,56.127081],[21.068045,55.861432],[22.015051,56.1223],[22.046487,56.651929],[21.114076,56.920734],[20.15884,56.656685]]]}},{"type":"Feature","properties":{"hex_id":"831f82fffffffff","population":1226001,"population_year":2025,"area_km2":11709.5,"population_density":104.7,"all_players":1,"players_per_million":0.82,"player_ids":["nba:202696"],"label":"Morges","country":"Switzerland"},"geometry":{"type":"Polygon","coordinates":[[[5.465773,47.204706],[5.563563,46.616214],[6.371339,46.417017],[7.093391,46.806293],[7.006321,47.39767],[6.186355,47.596926],[5.465773,47.204706]]]}},{"type":"Feature","properties":{"hex_id":"831f83fffffffff","population":4717266,"population_year":2025,"area_km2":11844.4,"population_density":398.3,"all_players":1,"players_per_million":0.21,"player_ids":["nba:1642949"],"label":"Fräschels","country":"Switzerland"},"geometry":{"type":"Polygon","coordinates":[[[7.006321,47.39767],[7.093391,46.806293],[7.907014,46.596156],[8.645314,46.977068],[8.569415,47.571079],[7.743929,47.781588],[7.006321,47.39767]]]}},{"type":"Feature","properties":{"hex_id":"831f85fffffffff","population":3032409,"population_year":2025,"area_km2":11453.6,"population_density":264.8,"all_players":1,"players_per_million":0.33,"player_ids":["nba:1641712"],"label":"Strasbourg","country":"France"},"geometry":{"type":"Polygon","coordinates":[[[6.737081,49.14516],[6.828196,48.567179],[7.660516,48.367674],[8.414101,48.74575],[8.334632,49.326261],[7.489806,49.526212],[6.737081,49.14516]]]}},{"type":"Feature","properties":{"hex_id":"831f8dfffffffff","population":4369560,"population_year":2025,"area_km2":11932.3,"population_density":366.2,"all_players":1,"players_per_million":0.23,"player_ids":["nba:1641783"],"label":"Munich","country":"Germany"},"geometry":{"type":"Polygon","coordinates":[[[10.86291,48.68049],[10.922654,48.089769],[11.755564,47.855947],[12.53966,48.211734],[12.492328,48.804358],[11.648396,49.039345],[10.86291,48.68049]]]}},{"type":"Feature","properties":{"hex_id":"831f91fffffffff","population":2499952,"population_year":2025,"area_km2":11821.8,"population_density":211.5,"all_players":1,"players_per_million":0.4,"player_ids":["nba:203991"],"label":"Geneva","country":"Switzerland"},"geometry":{"type":"Polygon","coordinates":[[[4.858384,46.21913],[4.959125,45.625827],[5.754884,45.426507],[6.461796,45.82065],[6.371339,46.417017],[5.563563,46.616214],[4.858384,46.21913]]]}},{"type":"Feature","properties":{"hex_id":"831f9cfffffffff","population":1331115,"population_year":2025,"area_km2":11965.4,"population_density":111.2,"all_players":1,"players_per_million":0.75,"player_ids":["nba:1642273"],"label":"Aigle","country":"Switzerland"},"geometry":{"type":"Polygon","coordinates":[[[6.371339,46.417017],[6.461796,45.82065],[7.263691,45.610704],[7.98674,45.996975],[7.907014,46.596156],[7.093391,46.806293],[6.371339,46.417017]]]}},{"type":"Feature","properties":{"hex_id":"831fa0fffffffff","population":3059047,"population_year":2025,"area_km2":10929.2,"population_density":279.9,"all_players":1,"players_per_million":0.33,"player_ids":["nba:1642349"],"label":"Ans","country":"Belgium"},"geometry":{"type":"Polygon","coordinates":[[[4.847197,50.641723],[4.954255,50.080409],[5.79925,49.903255],[6.550588,50.287239],[6.455143,50.851215],[5.5966,51.028589],[4.847197,50.641723]]]}},{"type":"Feature","properties":{"hex_id":"831fa4fffffffff","population":7165336,"population_year":2025,"area_km2":10665.5,"population_density":671.8,"all_players":2,"players_per_million":0.28,"player_ids":["nba:1641739","nba:1642274"],"label":"Brussels metropolitan area","country":"Belgium"},"geometry":{"type":"Polygon","coordinates":[[[3.881134,51.360376],[3.996418,50.807584],[4.847197,50.641723],[5.5966,51.028589],[5.492877,51.584097],[4.628032,51.750066],[3.881134,51.360376]]]}},{"type":"Feature","properties":{"hex_id":"831fa8fffffffff","population":1753810,"population_year":2025,"area_km2":11420.0,"population_density":153.6,"all_players":1,"players_per_million":0.57,"player_ids":["nba:1628467"],"label":"Würzburg","country":"Germany"},"geometry":{"type":"Polygon","coordinates":[[[9.029395,50.272688],[9.104617,49.69802],[9.954177,49.486187],[10.740578,49.848107],[10.677944,50.424867],[9.816208,50.637667],[9.029395,50.272688]]]}},{"type":"Feature","properties":{"hex_id":"831fb4fffffffff","population":10918615,"population_year":2025,"area_km2":11097.5,"population_density":983.9,"all_players":10,"players_per_million":0.92,"player_ids":["nba:1631217","nba:1631321","nba:1641705","nba:1641731","nba:1642275","nba:1642380","nba:1642849","nba:1642869","nba:1642875","nba:1642885"],"label":"Paris","country":"France"},"geometry":{"type":"Polygon","coordinates":[[[1.882244,49.805032],[1.18851,49.470279],[1.315872,48.863254],[2.120222,48.594025],[2.802853,48.926779],[2.692197,49.530714],[1.882244,49.805032]]]}},{"type":"Feature","properties":{"hex_id":"831fb6fffffffff","population":1039294,"population_year":2025,"area_km2":11294.8,"population_density":92.0,"all_players":2,"players_per_million":1.92,"player_ids":["nba:1627824","nba:1642855"],"label":"Dreux","country":"France"},"geometry":{"type":"Polygon","coordinates":[[[1.315872,48.863254],[0.632478,48.518882],[0.764026,47.90745],[1.562644,47.64338],[2.235478,47.985628],[2.120222,48.594025],[1.315872,48.863254]]]}},{"type":"Feature","properties":{"hex_id":"8320a5fffffffff","population":3618796,"population_year":2025,"area_km2":14791.8,"population_density":244.7,"all_players":1,"players_per_million":0.28,"player_ids":["nba:1630209"],"label":"Tashkent","country":"Uzbekistan"},"geometry":{"type":"Polygon","coordinates":[[[67.590997,41.401521],[68.038119,40.813152],[68.934371,40.802563],[69.401078,41.380665],[68.962725,41.97551],[68.048608,41.985775],[67.590997,41.401521]]]}},{"type":"Feature","properties":{"hex_id":"832608fffffffff","population":437464,"population_year":2025,"area_km2":12495.5,"population_density":35.0,"all_players":2,"players_per_million":4.57,"player_ids":["nba:1642282","nba:1642935"],"label":"Omaha","country":"United States"},"geometry":{"type":"Polygon","coordinates":[[[-95.028397,40.385877],[-94.508107,40.84419],[-94.805538,41.432576],[-95.632703,41.563065],[-96.154873,41.102562],[-95.848093,40.513784],[-95.028397,40.385877]]]}},{"type":"Feature","properties":{"hex_id":"83260dfffffffff","population":0,"population_year":2025,"area_km2":12287.4,"population_density":0.0,"all_players":1,"players_per_million":null,"player_ids":["nba:1642362"],"label":"Waukee","country":"United States"},"geometry":{"type":"Polygon","coordinates":[[[-93.69402,40.707016],[-93.170249,41.1555],[-93.458032,41.743249],[-94.279322,41.883176],[-94.805538,41.432576],[-94.508107,40.84419],[-93.69402,40.707016]]]}},{"type":"Feature","properties":{"hex_id":"83260efffffffff","population":0,"population_year":2025,"area_km2":12476.4,"population_density":0.0,"all_players":1,"players_per_million":null,"player_ids":["nba:1642910"],"label":"North Omaha","country":"United States"},"geometry":{"type":"Polygon","coordinates":[[[-96.154873,41.102562],[-95.632703,41.563065],[-95.941133,42.146667],[-96.781095,42.269946],[-97.30469,41.807241],[-96.987003,41.223482],[-96.154873,41.102562]]]}},{"type":"Feature","properties":{"hex_id":"832619fffffffff","population":56672,"population_year":2025,"area_km2":12884.9,"population_density":4.4,"all_players":1,"players_per_million":17.65,"player_ids":["nba:1631248"],"label":"Hastings","country":"United States"},"geometry":{"type":"Polygon","coordinates":[[[-97.700353,39.686674],[-97.188746,40.164276],[-97.504542,40.753204],[-98.340711,40.86446],[-98.853049,40.384569],[-98.528597,39.795732],[-97.700353,39.686674]]]}},{"type":"Feature","properties":{"hex_id":"832626fffffffff","population":0,"population_year":2025,"area_km2":12903.9,"population_density":0.0,"all_players":1,"players_per_million":null,"player_ids":["nba:1642261"],"label":"Fargo","country":"United States"},"geometry":{"type":"Polygon","coordinates":[[[-97.112649,47.158207],[-97.687441,46.680814],[-97.337401,46.092366],[-96.427848,45.973213],[-95.845709,46.441407],[-96.180072,47.037925],[-97.112649,47.158207]]]}},{"type":"Feature","properties":{"hex_id":"832629fffffffff","population":0,"population_year":2025,"area_km2":12415.9,"population_density":0.0,"all_players":1,"players_per_million":null,"player_ids":["nba:1631260"],"label":"Cedar Falls","country":"United States"},"geometry":{"type":"Polygon","coordinates":[[[-92.582687,43.192163],[-93.163018,42.756846],[-92.893986,42.1735],[-92.059814,42.018933],[-91.476262,42.44496],[-91.729823,43.034792],[-92.582687,43.192163]]]}},{"type":"Feature","properties":{"hex_id":"83262bfffffffff","population":0,"population_year":2025,"area_km2":12258.6,"population_density":0.0,"all_players":1,"players_per_million":null,"player_ids":["nba:203084"],"label":"Ames","country":"United States"},"geometry":{"type":"Polygon","coordinates":[[[-94.010953,42.903169],[-94.570877,42.463805],[-94.428218,42.1752],[-94.279322,41.883176],[-93.458032,41.743249],[-92.893986,42.1735],[-93.163018,42.756846],[-94.010953,42.903169]]]}},{"type":"Feature","properties":{"hex_id":"83262cfffffffff","population":0,"population_year":2025,"area_km2":12742.5,"population_density":0.0,"all_players":4,"players_per_million":null,"player_ids":["nba:1626145","nba:1629599","nba:1630200","nba:1631213"],"label":"Apple Valley","country":"United States"},"geometry":{"type":"Polygon","coordinates":[[[-93.418118,44.972526],[-94.011543,44.523028],[-93.721547,43.931759],[-92.8541,43.783029],[-92.256593,44.223095],[-92.530293,44.821273],[-93.418118,44.972526]]]}},{"type":"Feature","properties":{"hex_id":"832640fffffffff","population":1277102,"population_year":2025,"area_km2":12197.0,"population_density":104.7,"all_players":7,"players_per_million":5.48,"player_ids":["nba:1628369","nba:1630604","nba:1630692","nba:1631126","nba:1641750","nba:1642933","nba:203078"],"label":"St. Louis","country":"United States"},"geometry":{"type":"Polygon","coordinates":[[[-89.488721,37.710983],[-88.978357,38.151268],[-89.224131,38.752112],[-89.989901,38.914254],[-90.504095,38.471958],[-90.248742,37.869554],[-89.488721,37.710983]]]}},{"type":"Feature","properties":{"hex_id":"832649fffffffff","population":810290,"population_year":2025,"area_km2":12147.2,"population_density":66.7,"all_players":2,"players_per_million":2.47,"player_ids":["nba:1641738","nba:1641813"],"label":"Huntsville","country":"United States"},"geometry":{"type":"Polygon","coordinates":[[[-86.859373,34.345217],[-86.366648,34.786557],[-86.583669,35.394798],[-87.302554,35.563844],[-87.79966,35.120426],[-87.573533,34.510058],[-86.859373,34.345217]]]}},{"type":"Feature","properties":{"hex_id":"83264afffffffff","population":612393,"population_year":2025,"area_km2":12479.8,"population_density":49.1,"all_players":1,"players_per_million":1.63,"player_ids":["nba:1631113"],"label":"Cordova","country":"United States"},"geometry":{"type":"Polygon","coordinates":[[[-89.023559,34.830045],[-88.527196,35.282476],[-88.762626,35.891945],[-89.503561,36.050694],[-90.003698,35.596052],[-89.759172,34.984893],[-89.023559,34.830045]]]}},{"type":"Feature","properties":{"hex_id":"83264dfffffffff","population":2077672,"population_year":2025,"area_km2":11989.8,"population_density":173.3,"all_players":4,"players_per_million":1.93,"player_ids":["nba:1629726","nba:1630164","nba:1641706","nba:1642404"],"label":"Nashville","country":"United States"},"geometry":{"type":"Polygon","coordinates":[[[-86.583669,35.394798],[-86.086288,35.829173],[-86.303213,36.434527],[-87.026846,36.607704],[-87.528774,36.171377],[-87.302554,35.563844],[-86.583669,35.394798]]]}},{"type":"Feature","properties":{"hex_id":"832655fffffffff","population":406698,"population_year":2025,"area_km2":12468.0,"population_density":32.6,"all_players":1,"players_per_million":2.46,"player_ids":["nba:1629008"],"label":"Columbia","country":"United States"},"geometry":{"type":"Polygon","coordinates":[[[-91.790049,38.174146],[-91.2778,38.625984],[-91.54335,39.225656],[-92.330657,39.374602],[-92.845954,38.920622],[-92.570966,38.319862],[-91.790049,38.174146]]]}},{"type":"Feature","properties":{"hex_id":"832656fffffffff","population":2238734,"population_year":2025,"area_km2":12705.3,"population_density":176.2,"all_players":4,"players_per_million":1.79,"player_ids":["nba:1629013","nba:1630526","nba:1641747","nba:1642461"],"label":"Kansas City","country":"United States"},"geometry":{"type":"Polygon","coordinates":[[[-94.152305,38.597387],[-93.639993,39.060932],[-93.925402,39.658216],[-94.732384,39.792588],[-95.246862,39.326803],[-94.952278,38.728909],[-94.152305,38.597387]]]}},{"type":"Feature","properties":{"hex_id":"832658fffffffff","population":157963,"population_year":2025,"area_km2":12783.5,"population_density":12.4,"all_players":1,"players_per_million":6.33,"player_ids":["nba:1630559"],"label":"Newark","country":"United States"},"geometry":{"type":"Polygon","coordinates":[[[-91.25088,35.283567],[-90.752375,35.747281],[-91.006508,36.356833],[-91.768194,36.503924],[-92.26977,36.037885],[-92.00665,35.427102],[-91.25088,35.283567]]]}},{"type":"Feature","properties":{"hex_id":"832659fffffffff","population":913068,"population_year":2025,"area_km2":12715.5,"population_density":71.8,"all_players":1,"players_per_million":1.1,"player_ids":["nba:1626166"],"label":"Memphis","country":"United States"},"geometry":{"type":"Polygon","coordinates":[[[-90.254317,34.523507],[-89.759172,34.984893],[-90.003698,35.596052],[-90.752375,35.747281],[-91.25088,35.283567],[-90.997401,34.670973],[-90.254317,34.523507]]]}},{"type":"Feature","properties":{"hex_id":"83265afffffffff","population":261675,"population_year":2025,"area_km2":13006.1,"population_density":20.1,"all_players":1,"players_per_million":3.82,"player_ids":["nba:1643007"],"label":"Russellville","country":"United States"},"geometry":{"type":"Polygon","coordinates":[[[-92.503027,34.954413],[-92.00665,35.427102],[-92.26977,36.037885],[-93.038126,36.176973],[-93.537123,35.701863],[-93.265212,35.090108],[-92.503027,34.954413]]]}},{"type":"Feature","properties":{"hex_id":"83265bfffffffff","population":590590,"population_year":2025,"area_km2":12943.7,"population_density":45.6,"all_players":4,"players_per_million":6.77,"player_ids":["nba:1626171","nba:1630541","nba:1641733","nba:1642276"],"label":"Little Rock","country":"United States"},"geometry":{"type":"Polygon","coordinates":[[[-91.490847,34.200716],[-90.997401,34.670973],[-91.25088,35.283567],[-92.00665,35.427102],[-92.503027,34.954413],[-92.240764,34.340643],[-91.490847,34.200716]]]}},{"type":"Feature","properties":{"hex_id":"83265dfffffffff","population":305759,"population_year":2025,"area_km2":12552.8,"population_density":24.4,"all_players":1,"players_per_million":3.27,"player_ids":["nba:1628370"],"label":"Jonesboro","country":"United States"},"geometry":{"type":"Polygon","coordinates":[[[-90.003698,35.596052],[-89.503561,36.050694],[-89.748537,36.65876],[-90.50286,36.813692],[-91.006508,36.356833],[-90.752375,35.747281],[-90.003698,35.596052]]]}},{"type":"Feature","properties":{"hex_id":"832661fffffffff","population":1648099,"population_year":2025,"area_km2":12059.9,"population_density":136.7,"all_players":2,"players_per_million":1.21,"player_ids":["nba:1631218","nba:201569"],"label":"Indianapolis","country":"United States"},"geometry":{"type":"Polygon","coordinates":[[[-86.946899,40.37707],[-87.551983,39.983909],[-87.362609,39.403972],[-86.583815,39.212519],[-85.979328,39.596509],[-86.152851,40.181046],[-86.946899,40.37707]]]}},{"type":"Feature","properties":{"hex_id":"832663fffffffff","population":397226,"population_year":2025,"area_km2":11949.5,"population_density":33.2,"all_players":1,"players_per_million":2.52,"player_ids":["nba:1641854"],"label":"Terre Haute","country":"United States"},"geometry":{"type":"Polygon","coordinates":[[[-88.345568,40.16974],[-88.934067,39.771437],[-88.831151,39.483485],[-88.708531,39.184826],[-87.951382,39.014788],[-87.362609,39.403972],[-87.551983,39.983909],[-88.345568,40.16974]]]}},{"type":"Feature","properties":{"hex_id":"832664fffffffff","population":0,"population_year":2025,"area_km2":12454.9,"population_density":0.0,"all_players":10,"players_per_million":null,"player_ids":["nba:1628975","nba:1629622","nba:1629636","nba:1630245","nba:1630545","nba:1631351","nba:1641724","nba:1641810","nba:1641824","nba:203076"],"label":"Chicago","country":"United States"},"geometry":{"type":"Polygon","coordinates":[[[-87.526255,42.152917],[-88.148719,41.746709],[-87.944865,41.155384],[-87.135218,40.965255],[-86.513012,41.36205],[-86.699978,41.958309],[-87.526255,42.152917]]]}},{"type":"Feature","properties":{"hex_id":"832665fffffffff","population":533646,"population_year":2025,"area_km2":12313.4,"population_density":43.3,"all_players":1,"players_per_million":1.87,"player_ids":["nba:1642964"],"label":"Lafayette","country":"United States"},"geometry":{"type":"Polygon","coordinates":[[[-86.513012,41.36205],[-87.135218,40.965255],[-86.946899,40.37707],[-86.152851,40.181046],[-85.531552,40.568531],[-85.703199,41.161269],[-86.513012,41.36205]]]}},{"type":"Feature","properties":{"hex_id":"832666fffffffff","population":0,"population_year":2025,"area_km2":12335.7,"population_density":0.0,"all_players":3,"players_per_million":null,"player_ids":["nba:1642484","nba:1642847","nba:1642967"],"label":"Plainfield","country":"United States"},"geometry":{"type":"Polygon","coordinates":[[[-88.974045,41.930329],[-89.578398,41.518555],[-89.358359,40.932577],[-88.549924,40.752956],[-87.944865,41.155384],[-88.148719,41.746709],[-88.974045,41.930329]]]}},{"type":"Feature","properties":{"hex_id":"832668fffffffff","population":1188483,"population_year":2025,"area_km2":11699.5,"population_density":101.6,"all_players":2,"players_per_million":1.68,"player_ids":["nba:1626156","nba:1629023"],"label":"Louisville","country":"United States"},"geometry":{"type":"Polygon","coordinates":[[[-86.408736,38.636347],[-86.802174,38.382944],[-86.972575,38.241852],[-86.746297,37.641022],[-86.017894,37.463794],[-85.680143,37.744189],[-85.483182,37.867893],[-85.644636,38.439846],[-86.408736,38.636347]]]}},{"type":"Feature","properties":{"hex_id":"83266afffffffff","population":525305,"population_year":2025,"area_km2":11896.3,"population_density":44.2,"all_players":2,"players_per_million":3.81,"player_ids":["nba:1630696","nba:1641869"],"label":"Evansville","country":"United States"},"geometry":{"type":"Polygon","coordinates":[[[-87.253117,37.212051],[-86.746297,37.641022],[-86.972575,38.241852],[-87.715323,38.415748],[-88.226653,37.98492],[-87.990764,37.382074],[-87.253117,37.212051]]]}},{"type":"Feature","properties":{"hex_id":"83266dfffffffff","population":1025590,"population_year":2025,"area_km2":11742.8,"population_density":87.3,"all_players":1,"players_per_million":0.98,"player_ids":["nba:1628436"],"label":"Lexington","country":"United States"},"geometry":{"type":"Polygon","coordinates":[[[-85.041311,38.814779],[-85.644636,38.439846],[-85.483182,37.867893],[-84.733645,37.6669],[-84.131994,38.032906],[-84.278055,38.60875],[-85.041311,38.814779]]]}},{"type":"Feature","properties":{"hex_id":"832674fffffffff","population":0,"population_year":2025,"area_km2":12316.5,"population_density":0.0,"all_players":2,"players_per_million":null,"player_ids":["nba:1631099","nba:1631200"],"label":"Cedar Rapids","country":"United States"},"geometry":{"type":"Polygon","coordinates":[[[-91.476262,42.44496],[-92.059814,42.018933],[-91.807892,41.436846],[-90.987644,41.274622],[-90.401697,41.691368],[-90.638134,42.279561],[-91.476262,42.44496]]]}},{"type":"Feature","properties":{"hex_id":"83268cfffffffff","population":2629601,"population_year":2025,"area_km2":13460.6,"population_density":195.4,"all_players":4,"players_per_million":1.52,"player_ids":["nba:1628401","nba:1631114","nba:1642363","nba:1642880"],"label":"Colorado Springs","country":"United States"},"geometry":{"type":"Polygon","coordinates":[[[-104.205999,38.721189],[-103.71972,39.237206],[-104.077647,39.818276],[-104.928668,39.882147],[-105.412875,39.363927],[-105.048267,38.784053],[-104.205999,38.721189]]]}},{"type":"Feature","properties":{"hex_id":"832696fffffffff","population":2211319,"population_year":2025,"area_km2":13181.9,"population_density":167.8,"all_players":4,"players_per_million":1.81,"player_ids":["nba:1628381","nba:1630241","nba:1642382","nba:1642876"],"label":"Bountiful","country":"United States"},"geometry":{"type":"Polygon","coordinates":[[[-111.779687,40.167177],[-111.325006,40.706905],[-111.731524,41.255312],[-112.596923,41.261888],[-113.046271,40.72062],[-112.6357,40.174318],[-111.779687,40.167177]]]}},{"type":"Feature","properties":{"hex_id":"8326aefffffffff","population":0,"population_year":2025,"area_km2":13031.2,"population_density":0.0,"all_players":1,"players_per_million":null,"player_ids":["nba:1643133"],"label":"Cheyenne","country":"United States"},"geometry":{"type":"Polygon","coordinates":[[[-103.946556,40.90361],[-103.448669,41.406592],[-103.812638,41.976595],[-104.681696,42.042476],[-105.177534,41.537334],[-104.806505,40.968486],[-103.946556,40.90361]]]}},{"type":"Feature","properties":{"hex_id":"8326c1fffffffff","population":1415764,"population_year":2025,"area_km2":13642.4,"population_density":103.8,"all_players":5,"players_per_million":3.53,"player_ids":["nba:1629610","nba:1629637","nba:1630322","nba:1641725","nba:1642951"],"label":"Edmond","country":"United States"},"geometry":{"type":"Polygon","coordinates":[[[-97.351395,34.591699],[-96.863145,35.093055],[-97.161633,35.702999],[-97.956398,35.811583],[-98.445453,35.30764],[-98.139031,34.697721],[-97.351395,34.591699]]]}},{"type":"Feature","properties":{"hex_id":"8326c8fffffffff","population":4726240,"population_year":2025,"area_km2":13760.6,"population_density":343.5,"all_players":8,"players_per_million":1.69,"player_ids":["nba:1626167","nba:1630811","nba:1631166","nba:1641718","nba:1641815","nba:1642281","nba:1642862","nba:203935"],"label":"Richardson","country":"United States"},"geometry":{"type":"Polygon","coordinates":[[[-96.471973,32.747056],[-95.990106,33.251328],[-96.277437,33.86704],[-97.054564,33.978612],[-97.53754,33.471612],[-97.242365,32.855789],[-96.471973,32.747056]]]}},{"type":"Feature","properties":{"hex_id":"8326cbfffffffff","population":0,"population_year":2025,"area_km2":13891.2,"population_density":0.0,"all_players":14,"players_per_million":null,"player_ids":["nba:1630178","nba:1630592","nba:1630595","nba:1631127","nba:1631204","nba:1641710","nba:1641717","nba:1641775","nba:1641842","nba:1642266","nba:1642384","nba:1642450","nba:1642848","nba:203944"],"label":"Dallas","country":"United States"},"geometry":{"type":"Polygon","coordinates":[[[-96.66289,31.619531],[-96.186106,32.128956],[-96.471973,32.747056],[-97.242365,32.855789],[-97.720168,32.343534],[-97.426644,31.725397],[-96.66289,31.619531]]]}},{"type":"Feature","properties":{"hex_id":"8326d5fffffffff","population":43196,"population_year":2025,"area_km2":13802.4,"population_density":3.1,"all_players":1,"players_per_million":23.15,"player_ids":["nba:1631110"],"label":"Guymon","country":"United States"},"geometry":{"type":"Polygon","coordinates":[[[-100.850877,35.592454],[-100.367001,36.107296],[-100.6928,36.709267],[-101.509842,36.795739],[-101.993133,36.278415],[-101.660078,35.677119],[-100.850877,35.592454]]]}},{"type":"Feature","properties":{"hex_id":"8326defffffffff","population":345837,"population_year":2025,"area_km2":14118.8,"population_density":24.5,"all_players":1,"players_per_million":2.89,"player_ids":["nba:1629027"],"label":"Lubbock","country":"United States"},"geometry":{"type":"Polygon","coordinates":[[[-101.157762,33.331802],[-100.684548,33.857274],[-101.005835,34.466369],[-101.807332,34.549214],[-102.279867,34.021113],[-101.95169,33.412813],[-101.157762,33.331802]]]}},{"type":"Feature","properties":{"hex_id":"8326e1fffffffff","population":60818,"population_year":2025,"area_km2":13103.8,"population_density":4.6,"all_players":1,"players_per_million":16.44,"player_ids":["nba:1631128"],"label":"Burlington","country":"United States"},"geometry":{"type":"Polygon","coordinates":[[[-95.6711,37.173824],[-95.167911,37.653738],[-95.461057,38.255916],[-96.266144,38.37853],[-96.770849,37.896237],[-96.469042,37.293732],[-95.6711,37.173824]]]}},{"type":"Feature","properties":{"hex_id":"8326e3fffffffff","population":648030,"population_year":2025,"area_km2":13296.4,"population_density":48.7,"all_players":3,"players_per_million":4.63,"player_ids":["nba:1629731","nba:1631133","nba:1641711"],"label":"Wichita","country":"United States"},"geometry":{"type":"Polygon","coordinates":[[[-96.968153,36.804751],[-96.469042,37.293732],[-96.770849,37.896237],[-97.58021,38.009858],[-98.080312,37.518448],[-97.770159,36.915868],[-96.968153,36.804751]]]}},{"type":"Feature","properties":{"hex_id":"8326e9fffffffff","population":308188,"population_year":2025,"area_km2":13219.7,"population_density":23.3,"all_players":2,"players_per_million":6.49,"player_ids":["nba:1630198","nba:1631119"],"label":"Fort Smith","country":"United States"},"geometry":{"type":"Polygon","coordinates":[[[-93.758968,34.608572],[-93.265212,35.090108],[-93.537123,35.701863],[-94.31143,35.832811],[-94.807341,35.348769],[-94.526864,34.736306],[-93.758968,34.608572]]]}},{"type":"Feature","properties":{"hex_id":"8326edfffffffff","population":728233,"population_year":2025,"area_km2":13053.8,"population_density":55.8,"all_players":1,"players_per_million":1.37,"player_ids":["nba:201144"],"label":"Fayetteville","country":"United States"},"geometry":{"type":"Polygon","coordinates":[[[-93.537123,35.701863],[-93.038126,36.176973],[-93.311082,36.785418],[-94.091882,36.919535],[-94.593159,36.442016],[-94.31143,35.832811],[-93.537123,35.701863]]]}},{"type":"Feature","properties":{"hex_id":"832719fffffffff","population":0,"population_year":2025,"area_km2":13118.6,"population_density":0.0,"all_players":1,"players_per_million":null,"player_ids":["nba:203926"],"label":"Grand Forks","country":"United States"},"geometry":{"type":"Polygon","coordinates":[[[-96.876099,48.235177],[-97.468776,47.752744],[-97.112649,47.158207],[-96.180072,47.037925],[-95.579863,47.511001],[-95.919336,48.113685],[-96.876099,48.235177]]]}},{"type":"Feature","properties":{"hex_id":"832743fffffffff","population":0,"population_year":2025,"area_km2":13062.8,"population_density":0.0,"all_players":2,"players_per_million":null,"player_ids":["nba:1630573","nba:1631116"],"label":"Green Bay","country":"United States"},"geometry":{"type":"Polygon","coordinates":[[[-87.710961,44.99247],[-88.371179,44.57009],[-88.151586,43.960885],[-87.290551,43.768738],[-86.630493,44.181332],[-86.831048,44.795773],[-87.710961,44.99247]]]}},{"type":"Feature","properties":{"hex_id":"832748fffffffff","population":0,"population_year":2025,"area_km2":12803.6,"population_density":0.0,"all_players":5,"players_per_million":null,"player_ids":["nba:1626164","nba:1628420","nba:1630214","nba:1630587","nba:1641723"],"label":"Grand Rapids","country":"United States"},"geometry":{"type":"Polygon","coordinates":[[[-85.585947,43.365399],[-86.245058,42.962497],[-86.059782,42.358364],[-85.233677,42.152627],[-84.57622,42.545951],[-84.743005,43.154499],[-85.585947,43.365399]]]}},{"type":"Feature","properties":{"hex_id":"83274bfffffffff","population":0,"population_year":2025,"area_km2":12561.7,"population_density":0.0,"all_players":3,"players_per_million":null,"player_ids":["nba:1631093","nba:1631104","nba:1642914"],"label":"South Bend","country":"United States"},"geometry":{"type":"Polygon","coordinates":[[[-86.059782,42.358364],[-86.699978,41.958309],[-86.513012,41.36205],[-85.703199,41.161269],[-85.064262,41.551876],[-85.233677,42.152627],[-86.059782,42.358364]]]}},{"type":"Feature","properties":{"hex_id":"83274dfffffffff","population":0,"population_year":2025,"area_km2":12892.9,"population_density":0.0,"all_players":5,"players_per_million":null,"player_ids":["nba:1628398","nba:1628970","nba:1630543","nba:1631288","nba:203110"],"label":"Flint","country":"United States"},"geometry":{"type":"Polygon","coordinates":[[[-84.066088,43.550097],[-84.743005,43.154499],[-84.57622,42.545951],[-83.75145,42.328986],[-83.07729,42.715021],[-83.224953,43.327485],[-84.066088,43.550097]]]}},{"type":"Feature","properties":{"hex_id":"832751fffffffff","population":0,"population_year":2025,"area_km2":13041.7,"population_density":0.0,"all_players":1,"players_per_million":null,"player_ids":["nba:1630552"],"label":"Wausau","country":"United States"},"geometry":{"type":"Polygon","coordinates":[[[-90.384245,45.541069],[-91.021958,45.102357],[-90.765566,44.497647],[-89.88945,44.325461],[-89.249838,44.754421],[-89.487936,45.365248],[-90.384245,45.541069]]]}},{"type":"Feature","properties":{"hex_id":"832752fffffffff","population":0,"population_year":2025,"area_km2":12975.3,"population_density":0.0,"all_players":7,"players_per_million":null,"player_ids":["nba:1630192","nba:1630579","nba:1630591","nba:1631096","nba:1631223","nba:1642419","nba:1642938"],"label":"Minneapolis","country":"United States"},"geometry":{"type":"Polygon","coordinates":[[[-93.099638,46.0249],[-93.711252,45.570842],[-93.418118,44.972526],[-92.530293,44.821273],[-91.914646,45.265738],[-92.190515,45.870995],[-93.099638,46.0249]]]}},{"type":"Feature","properties":{"hex_id":"832759fffffffff","population":0,"population_year":2025,"area_km2":12584.8,"population_density":0.0,"all_players":5,"players_per_million":null,"player_ids":["nba:1629723","nba:1631108","nba:1641809","nba:1642353","nba:1642874"],"label":"Arlington Heights","country":"United States"},"geometry":{"type":"Polygon","coordinates":[[[-88.572184,42.939958],[-89.194191,42.524254],[-88.974045,41.930329],[-88.148719,41.746709],[-87.526255,42.152917],[-87.729334,42.752167],[-88.572184,42.939958]]]}},{"type":"Feature","properties":{"hex_id":"83275dfffffffff","population":0,"population_year":2025,"area_km2":12827.5,"population_density":0.0,"all_players":7,"players_per_million":null,"player_ids":["nba:1626172","nba:1629639","nba:1629673","nba:1630534","nba:1631214","nba:1641764","nba:1642851"],"label":"Milwaukee","country":"United States"},"geometry":{"type":"Polygon","coordinates":[[[-88.151586,43.960885],[-88.792193,43.541634],[-88.572184,42.939958],[-87.729334,42.752167],[-87.088558,43.161775],[-87.290551,43.768738],[-88.151586,43.960885]]]}},{"type":"Feature","properties":{"hex_id":"83281bfffffffff","population":0,"population_year":2025,"area_km2":11625.5,"population_density":0.0,"all_players":1,"players_per_million":null,"player_ids":["nba:1628392"],"label":"Eugene","country":"United States"},"geometry":{"type":"Polygon","coordinates":[[[-123.370131,43.430739],[-122.986171,43.983579],[-123.44954,44.4546],[-124.296252,44.370406],[-124.670616,43.817688],[-124.207982,43.349028],[-123.370131,43.430739]]]}},{"type":"Feature","properties":{"hex_id":"832830fffffffff","population":5432491,"population_year":2025,"area_km2":12841.7,"population_density":423.0,"all_players":6,"players_per_million":1.1,"player_ids":["nba:1641708","nba:1641709","nba:1642352","nba:1642389","nba:1642859","nba:1643060"],"label":"Oakland","country":"United States"},"geometry":{"type":"Polygon","coordinates":[[[-121.764466,37.675694],[-121.389711,38.251087],[-121.822972,38.767388],[-122.631058,38.705571],[-122.997641,38.130127],[-122.564417,37.616538],[-121.764466,37.675694]]]}},{"type":"Feature","properties":{"hex_id":"832832fffffffff","population":2749752,"population_year":2025,"area_km2":12880.6,"population_density":213.5,"all_players":2,"players_per_million":0.73,"player_ids":["nba:1642272","nba:1642377"],"label":"Sacramento","country":"United States"},"geometry":{"type":"Polygon","coordinates":[[[-120.578459,38.303656],[-120.19218,38.874913],[-120.625018,39.393868],[-121.444673,39.3389],[-121.822972,38.767388],[-121.389711,38.251087],[-120.578459,38.303656]]]}},{"type":"Feature","properties":{"hex_id":"832833fffffffff","population":411749,"population_year":2025,"area_km2":12662.1,"population_density":32.5,"all_players":1,"players_per_million":2.43,"player_ids":["nba:1642920"],"label":"Spring Valley","country":"United States"},"geometry":{"type":"Polygon","coordinates":[[[-121.822972,38.767388],[-121.444673,39.3389],[-121.882713,39.848645],[-122.699099,39.784231],[-123.069035,39.212682],[-122.631058,38.705571],[-121.822972,38.767388]]]}},{"type":"Feature","properties":{"hex_id":"832834fffffffff","population":4034094,"population_year":2025,"area_km2":13010.5,"population_density":310.1,"all_players":2,"players_per_million":0.5,"player_ids":["nba:1631123","nba:203932"],"label":"San Jose","country":"United States"},"geometry":{"type":"Polygon","coordinates":[[[-121.707157,36.574218],[-121.335882,37.15313],[-121.764466,37.675694],[-122.564417,37.616538],[-122.927704,37.037552],[-122.499133,36.517784],[-121.707157,36.574218]]]}},{"type":"Feature","properties":{"hex_id":"832836fffffffff","population":1872467,"population_year":2025,"area_km2":13057.9,"population_density":143.4,"all_players":2,"players_per_million":1.07,"player_ids":["nba:1629216","nba:1630224"],"label":"Modesto","country":"United States"},"geometry":{"type":"Polygon","coordinates":[[[-120.532864,37.20324],[-120.150308,37.778361],[-120.578459,38.303656],[-121.389711,38.251087],[-121.764466,37.675694],[-121.335882,37.15313],[-120.532864,37.20324]]]}},{"type":"Feature","properties":{"hex_id":"832889fffffffff","population":0,"population_year":2025,"area_km2":11374.9,"population_density":0.0,"all_players":1,"players_per_million":null,"player_ids":["nba:1630699"],"label":"Yakima","country":"United States"},"geometry":{"type":"Polygon","coordinates":[[[-119.62511,46.282775],[-119.197103,46.811488],[-119.664908,47.281733],[-120.561801,47.220906],[-120.980657,46.691537],[-120.511925,46.223638],[-119.62511,46.282775]]]}},{"type":"Feature","properties":{"hex_id":"8328d5fffffffff","population":0,"population_year":2025,"area_km2":10944.3,"population_density":0.0,"all_players":8,"players_per_million":null,"player_ids":["nba:1627749","nba:1627780","nba:1629645","nba:1630183","nba:1630557","nba:1631094","nba:1642403","nba:203897"],"label":"Seattle","country":"United States"},"geometry":{"type":"Polygon","coordinates":[[[-122.338989,47.079205],[-121.9298,47.609046],[-122.410175,48.058569],[-123.299549,47.975934],[-123.698586,47.445812],[-123.218544,46.998589],[-122.338989,47.079205]]]}},{"type":"Feature","properties":{"hex_id":"8328defffffffff","population":2916028,"population_year":2025,"area_km2":10484.1,"population_density":278.1,"all_players":1,"players_per_million":0.34,"player_ids":["nba:1629634"],"label":"Vancouver","country":"Canada"},"geometry":{"type":"Polygon","coordinates":[[[-122.483019,49.023551],[-122.065326,49.540804],[-122.693479,49.991247],[-123.537049,49.895381],[-123.603627,49.715402],[-123.874258,49.369796],[-123.38243,48.938973],[-122.483019,49.023551]]]}},{"type":"Feature","properties":{"hex_id":"8328f0fffffffff","population":0,"population_year":2025,"area_km2":11408.0,"population_density":0.0,"all_players":6,"players_per_million":null,"player_ids":["nba:1627734","nba:1630175","nba:1630202","nba:1630590","nba:1630649","nba:203924"],"label":"Portland","country":"United States"},"geometry":{"type":"Polygon","coordinates":[[[-122.201369,45.078438],[-121.800354,45.620169],[-122.269405,46.085726],[-123.139352,46.007203],[-123.530712,45.465305],[-123.061914,45.002083],[-122.201369,45.078438]]]}},{"type":"Feature","properties":{"hex_id":"832986fffffffff","population":2767861,"population_year":2025,"area_km2":13819.4,"population_density":200.3,"all_players":3,"players_per_million":1.08,"player_ids":["nba:1628380","nba:1631115","nba:1631124"],"label":"Las Vegas","country":"United States"},"geometry":{"type":"Polygon","coordinates":[[[-114.419356,35.717353],[-113.999549,36.284189],[-114.400936,36.845397],[-115.225,36.837239],[-115.638998,36.269115],[-115.234869,35.710433],[-114.419356,35.717353]]]}},{"type":"Feature","properties":{"hex_id":"8329a0fffffffff","population":7921508,"population_year":2025,"area_km2":13938.7,"population_density":568.3,"all_players":10,"players_per_million":1.26,"player_ids":["nba:1628366","nba:1630163","nba:1630596","nba:1631170","nba:1641740","nba:1641757","nba:1641989","nba:1642868","nba:1642942","nba:202695"],"label":"Riverside","country":"United States"},"geometry":{"type":"Polygon","coordinates":[[[-116.844972,33.407616],[-116.449556,33.986961],[-116.851778,34.547853],[-117.651276,34.526528],[-118.040386,33.946172],[-117.636417,33.388145],[-116.844972,33.407616]]]}},{"type":"Feature","properties":{"hex_id":"8329a1fffffffff","population":7822386,"population_year":2025,"area_km2":13764.0,"population_density":568.3,"all_players":16,"players_per_million":2.05,"player_ids":["nba:1629001","nba:1629162","nba:1630168","nba:1630314","nba:1630533","nba:1630548","nba:1631212","nba:1631222","nba:1631245","nba:1642354","nba:201567","nba:201572","nba:201935","nba:201950","nba:202331","nba:202691"],"label":"Los Angeles","country":"United States"},"geometry":{"type":"Polygon","coordinates":[[[-118.040386,33.946172],[-117.651276,34.526528],[-118.059439,35.079776],[-118.858147,35.049768],[-119.240554,34.468622],[-118.831067,33.918266],[-118.040386,33.946172]]]}},{"type":"Feature","properties":{"hex_id":"8329a4fffffffff","population":2197043,"population_year":2025,"area_km2":14063.5,"population_density":156.2,"all_players":2,"players_per_million":0.91,"player_ids":["nba:1626181","nba:1628386"],"label":"San Diego","country":"United States"},"geometry":{"type":"Polygon","coordinates":[[[-116.838302,32.260383],[-116.446827,32.842254],[-116.844972,33.407616],[-117.636417,33.388145],[-118.021715,32.805205],[-117.621854,32.242798],[-116.838302,32.260383]]]}},{"type":"Feature","properties":{"hex_id":"8329a5fffffffff","population":3993852,"population_year":2025,"area_km2":13894.6,"population_density":287.4,"all_players":3,"players_per_million":0.75,"player_ids":["nba:1630679","nba:201566","nba:201942"],"label":"Harbor City","country":"United States"},"geometry":{"type":"Polygon","coordinates":[[[-118.021715,32.805205],[-117.636417,33.388145],[-118.040386,33.946172],[-118.831067,33.918266],[-119.209803,33.334481],[-118.804528,32.779438],[-118.021715,32.805205]]]}},{"type":"Feature","properties":{"hex_id":"8329abfffffffff","population":1147445,"population_year":2025,"area_km2":13264.6,"population_density":86.5,"all_players":2,"players_per_million":1.74,"player_ids":["nba:1642358","nba:1642907"],"label":"Fresno","country":"United States"},"geometry":{"type":"Polygon","coordinates":[[[-119.303964,36.712984],[-118.914,37.287613],[-119.336664,37.821673],[-120.150308,37.778361],[-120.532864,37.20324],[-120.109299,36.671914],[-119.303964,36.712984]]]}},{"type":"Feature","properties":{"hex_id":"8329adfffffffff","population":314549,"population_year":2025,"area_km2":13377.5,"population_density":23.5,"all_players":1,"players_per_million":3.18,"player_ids":["nba:1642262"],"label":"San Luis Obispo","country":"United States"},"geometry":{"type":"Polygon","coordinates":[[[-120.444444,34.974563],[-120.069127,35.556274],[-120.488201,36.093302],[-121.28315,36.045706],[-121.651008,35.463657],[-121.231482,34.929532],[-120.444444,34.974563]]]}},{"type":"Feature","properties":{"hex_id":"8329b6fffffffff","population":3248002,"population_year":2025,"area_km2":14250.0,"population_density":227.9,"all_players":2,"players_per_million":0.62,"player_ids":["nba:1631102","nba:1631207"],"label":"Phoenix","country":"United States"},"geometry":{"type":"Polygon","coordinates":[[[-112.048129,33.41802],[-111.622726,33.985325],[-112.005683,34.565481],[-112.817654,34.575887],[-113.238272,34.006867],[-112.851827,33.429156],[-112.048129,33.41802]]]}},{"type":"Feature","properties":{"hex_id":"832a10fffffffff","population":17918304,"population_year":2025,"area_km2":12495.1,"population_density":1434.0,"all_players":33,"players_per_million":1.84,"player_ids":["nba:1626157","nba:1628371","nba:1628378","nba:1628964","nba:1628991","nba:1629611","nba:1629660","nba:1630167","nba:1630536","nba:1630551","nba:1630572","nba:1630577","nba:1630623","nba:1630631","nba:1631199","nba:1631210","nba:1631230","nba:1631243","nba:1631338","nba:1631457","nba:1641727","nba:1641772","nba:1642346","nba:1642504","nba:1642844","nba:1642886","nba:1642955","nba:1643024","nba:1643253","nba:201959","nba:202699","nba:203083","nba:203937"],"label":"Brooklyn","country":"United States"},"geometry":{"type":"Polygon","coordinates":[[[-73.803296,41.465407],[-74.532183,41.140409],[-74.501617,40.535843],[-73.761104,40.255982],[-73.041153,40.572801],[-73.052763,41.177546],[-73.803296,41.465407]]]}},{"type":"Feature","properties":{"hex_id":"832a13fffffffff","population":5607548,"population_year":2025,"area_km2":12283.5,"population_density":456.5,"all_players":12,"players_per_million":2.14,"player_ids":["nba:1628969","nba:1628973","nba:1629631","nba:1629675","nba:1630230","nba:1631221","nba:1631342","nba:1641726","nba:1642348","nba:1642364","nba:1642853","nba:200768"],"label":"Philadelphia","country":"United States"},"geometry":{"type":"Polygon","coordinates":[[[-74.501617,40.535843],[-75.211791,40.210041],[-75.173274,39.612676],[-74.442775,39.340569],[-73.740804,39.658184],[-73.761104,40.255982],[-74.501617,40.535843]]]}},{"type":"Feature","properties":{"hex_id":"832a14fffffffff","population":0,"population_year":2025,"area_km2":12698.4,"population_density":0.0,"all_players":2,"players_per_million":null,"player_ids":["nba:1642270","nba:1642271"],"label":"Bristol","country":"United States"},"geometry":{"type":"Polygon","coordinates":[[[-73.076912,42.400493],[-73.82523,42.076868],[-73.803296,41.465407],[-73.052763,41.177546],[-72.314174,41.493018],[-72.316385,42.104387],[-73.076912,42.400493]]]}},{"type":"Feature","properties":{"hex_id":"832a15fffffffff","population":745798,"population_year":2025,"area_km2":12474.1,"population_density":59.8,"all_players":1,"players_per_million":1.34,"player_ids":["nba:1627739"],"label":"New London","country":"United States"},"geometry":{"type":"Polygon","coordinates":[[[-72.314174,41.493018],[-73.052763,41.177546],[-73.041153,40.572801],[-72.309922,40.283773],[-71.581122,40.591339],[-71.573772,41.195725],[-72.314174,41.493018]]]}},{"type":"Feature","properties":{"hex_id":"832a30fffffffff","population":0,"population_year":2025,"area_km2":12855.2,"population_density":0.0,"all_players":3,"players_per_million":null,"player_ids":["nba:1626192","nba:1628971","nba:1629130"],"label":"Arlington","country":"United States"},"geometry":{"type":"Polygon","coordinates":[[[-70.772624,43.346551],[-71.550529,43.03556],[-71.558483,42.417927],[-70.809006,42.112129],[-70.042602,42.41534],[-70.014211,43.03201],[-70.772624,43.346551]]]}},{"type":"Feature","properties":{"hex_id":"832a33fffffffff","population":0,"population_year":2025,"area_km2":12669.5,"population_density":0.0,"all_players":2,"players_per_million":null,"player_ids":["nba:1631174","nba:1642278"],"label":"Uxbridge","country":"United States"},"geometry":{"type":"Polygon","coordinates":[[[-71.558483,42.417927],[-72.316385,42.104387],[-72.314174,41.493018],[-71.573772,41.195725],[-70.826484,41.501412],[-70.809006,42.112129],[-71.558483,42.417927]]]}},{"type":"Feature","properties":{"hex_id":"832a84fffffffff","population":2228577,"population_year":2025,"area_km2":12438.0,"population_density":179.2,"all_players":2,"players_per_million":0.9,"player_ids":["nba:1629661","nba:204456"],"label":"Moon Township","country":"United States"},"geometry":{"type":"Polygon","coordinates":[[[-79.734069,41.163834],[-80.415022,40.804113],[-80.310147,40.205584],[-79.54242,39.964379],[-78.866722,40.315147],[-78.953391,40.915968],[-79.734069,41.163834]]]}},{"type":"Feature","properties":{"hex_id":"832a86fffffffff","population":866191,"population_year":2025,"area_km2":12388.7,"population_density":69.9,"all_players":1,"players_per_million":1.15,"player_ids":["nba:203468"],"label":"Canton","country":"United States"},"geometry":{"type":"Polygon","coordinates":[[[-81.200534,41.04163],[-81.867503,40.674246],[-81.74478,40.078511],[-80.972812,39.847264],[-80.310147,40.205584],[-80.415022,40.804113],[-81.200534,41.04163]]]}},{"type":"Feature","properties":{"hex_id":"832a89fffffffff","population":1246773,"population_year":2025,"area_km2":11347.3,"population_density":109.9,"all_players":3,"players_per_million":2.41,"player_ids":["nba:1630530","nba:1630643","nba:1642962"],"label":"Durham","country":"United States"},"geometry":{"type":"Polygon","coordinates":[[[-78.389602,36.80737],[-79.021217,36.476693],[-78.941376,35.912259],[-78.245215,35.67672],[-77.618683,35.999192],[-77.683164,36.565314],[-78.389602,36.80737]]]}},{"type":"Feature","properties":{"hex_id":"832a8bfffffffff","population":1791159,"population_year":2025,"area_km2":11311.0,"population_density":158.4,"all_players":2,"players_per_million":1.12,"player_ids":["nba:101108","nba:1630598"],"label":"Winston-Salem","country":"United States"},"geometry":{"type":"Polygon","coordinates":[[[-79.732513,36.710417],[-80.35312,36.373406],[-80.258145,35.811082],[-79.557618,35.583567],[-78.941376,35.912259],[-79.021217,36.476693],[-79.732513,36.710417]]]}},{"type":"Feature","properties":{"hex_id":"832a8dfffffffff","population":1170456,"population_year":2025,"area_km2":11588.6,"population_density":101.0,"all_players":3,"players_per_million":2.56,"player_ids":["nba:1629640","nba:1629750","nba:1631111"],"label":"Petersburg","country":"United States"},"geometry":{"type":"Polygon","coordinates":[[[-77.81678,37.712364],[-78.46438,37.380082],[-78.389602,36.80737],[-77.683164,36.565314],[-77.041145,36.889321],[-77.099922,37.463561],[-77.81678,37.712364]]]}},{"type":"Feature","properties":{"hex_id":"832a92fffffffff","population":1016713,"population_year":2025,"area_km2":12161.0,"population_density":83.6,"all_players":2,"players_per_million":1.97,"player_ids":["nba:1630217","nba:203914"],"label":"Fishers","country":"United States"},"geometry":{"type":"Polygon","coordinates":[[[-85.531552,40.568531],[-86.152851,40.181046],[-85.979328,39.596509],[-85.200755,39.395191],[-84.580952,39.773484],[-84.738051,40.362203],[-85.531552,40.568531]]]}},{"type":"Feature","properties":{"hex_id":"832a93fffffffff","population":2427634,"population_year":2025,"area_km2":11998.5,"population_density":202.3,"all_players":2,"players_per_million":0.82,"player_ids":["nba:1628379","nba:1630540"],"label":"Middletown","country":"United States"},"geometry":{"type":"Polygon","coordinates":[[[-84.580952,39.773484],[-85.200755,39.395191],[-85.041311,38.814779],[-84.278055,38.60875],[-83.660277,38.977984],[-83.803574,39.56222],[-84.580952,39.773484]]]}},{"type":"Feature","properties":{"hex_id":"832a94fffffffff","population":0,"population_year":2025,"area_km2":12495.9,"population_density":0.0,"all_players":2,"players_per_million":null,"player_ids":["nba:1630256","nba:1631246"],"label":"Toledo","country":"United States"},"geometry":{"type":"Polygon","coordinates":[[[-83.600197,41.724215],[-84.255366,41.340336],[-84.100983,40.743489],[-83.309073,40.526783],[-82.656756,40.901362],[-82.793334,41.501851],[-83.600197,41.724215]]]}},{"type":"Feature","properties":{"hex_id":"832a95fffffffff","population":2211107,"population_year":2025,"area_km2":12325.9,"population_density":179.4,"all_players":4,"players_per_million":1.81,"player_ids":["nba:1627747","nba:1628502","nba:1629018","nba:1631103"],"label":"Columbus","country":"United States"},"geometry":{"type":"Polygon","coordinates":[[[-82.656756,40.901362],[-83.309073,40.526783],[-83.168923,39.934324],[-82.393741,39.713071],[-81.74478,40.078511],[-81.867503,40.674246],[-82.656756,40.901362]]]}},{"type":"Feature","properties":{"hex_id":"832a96fffffffff","population":774311,"population_year":2025,"area_km2":12411.1,"population_density":62.4,"all_players":1,"players_per_million":1.29,"player_ids":["nba:203486"],"label":"Fort Wayne","country":"United States"},"geometry":{"type":"Polygon","coordinates":[[[-85.064262,41.551876],[-85.703199,41.161269],[-85.531552,40.568531],[-84.738051,40.362203],[-84.100983,40.743489],[-84.255366,41.340336],[-85.064262,41.551876]]]}},{"type":"Feature","properties":{"hex_id":"832a9afffffffff","population":346374,"population_year":2025,"area_km2":11570.8,"population_density":29.9,"all_players":1,"players_per_million":2.89,"player_ids":["nba:1642263"],"label":"London","country":"United States"},"geometry":{"type":"Polygon","coordinates":[[[-84.131994,38.032906],[-84.733645,37.6669],[-84.585167,37.099589],[-83.850032,36.894646],[-83.250518,37.251866],[-83.383867,37.822731],[-84.131994,38.032906]]]}},{"type":"Feature","properties":{"hex_id":"832a9bfffffffff","population":380791,"population_year":2025,"area_km2":11393.0,"population_density":33.4,"all_players":1,"players_per_million":2.63,"player_ids":["nba:1630644"],"label":"Gate City","country":"United States"},"geometry":{"type":"Polygon","coordinates":[[[-83.250518,37.251866],[-83.850032,36.894646],[-83.781574,36.612929],[-83.682833,36.31263],[-82.992984,36.123996],[-82.396022,36.472583],[-82.517306,37.038091],[-83.250518,37.251866]]]}},{"type":"Feature","properties":{"hex_id":"832aa8fffffffff","population":6668645,"population_year":2025,"area_km2":12057.5,"population_density":553.1,"all_players":19,"players_per_million":2.85,"player_ids":["nba:1628365","nba:1628404","nba:1629312","nba:1630311","nba:1630568","nba:1630621","nba:1631211","nba:1641715","nba:1641716","nba:1641722","nba:1642267","nba:1642280","nba:1642285","nba:1642443","nba:1642852","nba:1642882","nba:1643016","nba:201142","nba:201145"],"label":"Baltimore","country":"United States"},"geometry":{"type":"Polygon","coordinates":[[[-76.603499,39.549602],[-77.285017,39.215387],[-77.221804,38.626656],[-76.494397,38.370874],[-75.819591,38.696714],[-75.865429,39.286605],[-76.603499,39.549602]]]}},{"type":"Feature","properties":{"hex_id":"832aaafffffffff","population":2358357,"population_year":2025,"area_km2":12037.4,"population_density":195.9,"all_players":1,"players_per_million":0.42,"player_ids":["nba:1642490"],"label":"Haymarket","country":"United States"},"geometry":{"type":"Polygon","coordinates":[[[-78.029709,39.469102],[-78.699814,39.127086],[-78.619418,38.540002],[-77.886029,38.293183],[-77.221804,38.626656],[-77.285017,39.215387],[-78.029709,39.469102]]]}},{"type":"Feature","properties":{"hex_id":"832aacfffffffff","population":4018477,"population_year":2025,"area_km2":12283.3,"population_density":327.1,"all_players":5,"players_per_million":1.24,"player_ids":["nba:1627884","nba:1628978","nba:1630193","nba:1630538","nba:1631105"],"label":"Sharon Hill","country":"United States"},"geometry":{"type":"Polygon","coordinates":[[[-75.960619,40.480497],[-76.660126,40.14602],[-76.603499,39.549602],[-75.865429,39.286605],[-75.173274,39.612676],[-75.211791,40.210041],[-75.960619,40.480497]]]}},{"type":"Feature","properties":{"hex_id":"832ab0fffffffff","population":115873,"population_year":2025,"area_km2":12802.1,"population_density":9.1,"all_players":1,"players_per_million":8.63,"player_ids":["nba:1630695"],"label":"Mentor","country":"United States"},"geometry":{"type":"Polygon","coordinates":[[[-81.564833,42.86498],[-82.255049,42.486775],[-82.122513,41.878477],[-81.318822,41.64527],[-80.633009,42.014141],[-80.746338,42.625447],[-81.564833,42.86498]]]}},{"type":"Feature","properties":{"hex_id":"832ab2fffffffff","population":471998,"population_year":2025,"area_km2":12735.7,"population_density":37.1,"all_players":3,"players_per_million":6.36,"player_ids":["nba:1630702","nba:1631157","nba:1642066"],"label":"Detroit","country":"United States"},"geometry":{"type":"Polygon","coordinates":[[[-83.07729,42.715021],[-83.75145,42.328986],[-83.600197,41.724215],[-82.793334,41.501851],[-82.122513,41.878477],[-82.255049,42.486775],[-83.07729,42.715021]]]}},{"type":"Feature","properties":{"hex_id":"832ab3fffffffff","population":249,"population_year":2025,"area_km2":12567.4,"population_density":0.0,"all_players":7,"players_per_million":28112.45,"player_ids":["nba:1626204","nba:1631250","nba:1641753","nba:1642355","nba:1642402","nba:201939","nba:2544"],"label":"Akron","country":"United States"},"geometry":{"type":"Polygon","coordinates":[[[-82.122513,41.878477],[-82.793334,41.501851],[-82.656756,40.901362],[-81.867503,40.674246],[-81.200534,41.04163],[-81.318822,41.64527],[-82.122513,41.878477]]]}},{"type":"Feature","properties":{"hex_id":"832ab4fffffffff","population":1856984,"population_year":2025,"area_km2":13029.0,"population_density":142.5,"all_players":3,"players_per_million":1.62,"player_ids":["nba:1627750","nba:1631101","nba:1642860"],"label":"Kitchener","country":"Canada"},"geometry":{"type":"Polygon","coordinates":[[[-80.982253,43.86012],[-81.692808,43.480838],[-81.564833,42.86498],[-80.746338,42.625447],[-80.040798,42.99531],[-80.148592,43.614015],[-80.982253,43.86012]]]}},{"type":"Feature","properties":{"hex_id":"832ad4fffffffff","population":595352,"population_year":2025,"area_km2":11131.9,"population_density":53.5,"all_players":3,"players_per_million":5.04,"player_ids":["nba:1627742","nba:1629632","nba:1630549"],"label":"Greenville","country":"United States"},"geometry":{"type":"Polygon","coordinates":[[[-77.618683,35.999192],[-78.245215,35.67672],[-78.175489,35.118876],[-77.494112,34.881992],[-76.872879,35.196463],[-76.92767,35.755725],[-77.618683,35.999192]]]}},{"type":"Feature","properties":{"hex_id":"832af3fffffffff","population":27299,"population_year":2025,"area_km2":11149.6,"population_density":2.5,"all_players":1,"players_per_million":36.63,"player_ids":["nba:1628389"],"label":"Pinetown","country":"United States"},"geometry":{"type":"Polygon","coordinates":[[[-76.291443,36.071668],[-76.92767,35.755725],[-76.872879,35.196463],[-76.1969,34.952047],[-75.56664,35.260136],[-75.606353,35.820398],[-76.291443,36.071668]]]}},{"type":"Feature","properties":{"hex_id":"832af6fffffffff","population":1776420,"population_year":2025,"area_km2":11607.5,"population_density":153.0,"all_players":4,"players_per_million":2.25,"player_ids":["nba:1627827","nba:1630188","nba:1631106","nba:1631109"],"label":"Portsmouth","country":"United States"},"geometry":{"type":"Polygon","coordinates":[[[-76.441821,37.788702],[-77.099922,37.463561],[-77.041145,36.889321],[-76.340387,36.639045],[-75.68861,36.956068],[-75.731221,37.531385],[-76.441821,37.788702]]]}},{"type":"Feature","properties":{"hex_id":"832b1afffffffff","population":0,"population_year":2025,"area_km2":13193.8,"population_density":0.0,"all_players":1,"players_per_million":null,"player_ids":["nba:1642843"],"label":"Newport","country":"United States"},"geometry":{"type":"Polygon","coordinates":[[[-69.10421,45.210712],[-69.924249,44.906804],[-69.955068,44.277849],[-69.187908,43.954327],[-68.381359,44.250669],[-68.328552,44.877976],[-69.10421,45.210712]]]}},{"type":"Feature","properties":{"hex_id":"832b89fffffffff","population":0,"population_year":2025,"area_km2":12914.5,"population_density":0.0,"all_players":2,"players_per_million":null,"player_ids":["nba:1628989","nba:1641748"],"label":"Albany","country":"United States"},"geometry":{"type":"Polygon","coordinates":[[[-73.870888,43.31283],[-74.628834,42.980804],[-74.595759,42.362982],[-73.82523,42.076868],[-73.076912,42.400493],[-73.089476,43.018511],[-73.870888,43.31283]]]}},{"type":"Feature","properties":{"hex_id":"832b8afffffffff","population":5,"population_year":2025,"area_km2":13121.3,"population_density":0.0,"all_players":1,"players_per_million":200000.0,"player_ids":["nba:1631205"],"label":"Fayetteville","country":"United States"},"geometry":{"type":"Polygon","coordinates":[[[-76.277812,44.169075],[-77.032525,43.818094],[-76.966258,43.195408],[-76.166385,42.922473],[-75.420066,43.264552],[-75.465161,43.888346],[-76.277812,44.169075]]]}},{"type":"Feature","properties":{"hex_id":"832b99fffffffff","population":23463,"population_year":2025,"area_km2":13105.8,"population_density":1.8,"all_players":4,"players_per_million":170.48,"player_ids":["nba:1628418","nba:1629618","nba:1630191","nba:1631466"],"label":"Rochester","country":"United States"},"geometry":{"type":"Polygon","coordinates":[[[-77.853479,44.087435],[-78.594427,43.726557],[-78.507232,43.105571],[-77.699924,42.843644],[-76.966258,43.195408],[-77.032525,43.818094],[-77.853479,44.087435]]]}},{"type":"Feature","properties":{"hex_id":"832b9afffffffff","population":985977,"population_year":2025,"area_km2":13247.1,"population_density":74.4,"all_players":2,"players_per_million":2.03,"player_ids":["nba:1629614","nba:1642948"],"label":"Aurora","country":"Canada"},"geometry":{"type":"Polygon","coordinates":[[[-80.373196,44.863076],[-81.105092,44.483259],[-80.982253,43.86012],[-80.148592,43.614015],[-79.42239,43.984339],[-79.524011,44.610144],[-80.373196,44.863076]]]}},{"type":"Feature","properties":{"hex_id":"832b9bfffffffff","population":7488192,"population_year":2025,"area_km2":13074.9,"population_density":572.7,"all_players":13,"players_per_million":1.74,"player_ids":["nba:1628415","nba:1628983","nba:1629628","nba:1629638","nba:1630625","nba:1630639","nba:1631159","nba:1631216","nba:1641744","nba:1641801","nba:203482","nba:203939","nba:203952"],"label":"Toronto","country":"Canada"},"geometry":{"type":"Polygon","coordinates":[[[-79.42239,43.984339],[-80.148592,43.614015],[-80.040798,42.99531],[-79.227281,42.744533],[-78.507232,43.105571],[-78.594427,43.726557],[-79.42239,43.984339]]]}},{"type":"Feature","properties":{"hex_id":"832baafffffffff","population":5010842,"population_year":2025,"area_km2":13488.2,"population_density":371.5,"all_players":4,"players_per_million":0.8,"player_ids":["nba:1629652","nba:1631097","nba:1641765","nba:1643141"],"label":"Montreal","country":"Canada"},"geometry":{"type":"Polygon","coordinates":[[[-73.157758,46.169919],[-73.970085,45.834008],[-73.944231,45.197835],[-73.129291,44.897538],[-72.328377,45.224875],[-72.330983,45.860952],[-73.157758,46.169919]]]}},{"type":"Feature","properties":{"hex_id":"832c2afffffffff","population":1907049,"population_year":2025,"area_km2":12475.8,"population_density":152.9,"all_players":1,"players_per_million":0.52,"player_ids":["nba:1629048"],"label":"Sagarejo","country":"Georgia"},"geometry":{"type":"Polygon","coordinates":[[[43.968072,41.309137],[44.561253,40.859266],[45.333799,41.016526],[45.523893,41.630512],[44.925265,42.086901],[44.141914,41.922712],[43.968072,41.309137]]]}},{"type":"Feature","properties":{"hex_id":"832c2dfffffffff","population":0,"population_year":2025,"area_km2":12510.2,"population_density":0.0,"all_players":1,"players_per_million":null,"player_ids":["nba:1642884"],"label":"Nalchik","country":"Russia"},"geometry":{"type":"Polygon","coordinates":[[[43.089162,43.42793],[43.707873,42.985777],[44.502229,43.15699],[44.689004,43.777393],[44.063953,44.225868],[43.258395,44.047542],[43.089162,43.42793]]]}},{"type":"Feature","properties":{"hex_id":"832d19fffffffff","population":583444,"population_year":2025,"area_km2":12886.2,"population_density":45.3,"all_players":1,"players_per_million":1.71,"player_ids":["nba:1630578"],"label":"Giresun","country":"Turkey"},"geometry":{"type":"Polygon","coordinates":[[[38.071225,41.139402],[37.935605,40.516313],[38.576721,40.087928],[39.3511,40.27968],[39.495105,40.899307],[38.856463,41.330674],[38.071225,41.139402]]]}},{"type":"Feature","properties":{"hex_id":"832db1fffffffff","population":8193108,"population_year":2025,"area_km2":13970.5,"population_density":586.5,"all_players":1,"players_per_million":0.12,"player_ids":["nba:1630166"],"label":"Beit Zera","country":"Israel"},"geometry":{"type":"Polygon","coordinates":[[[35.210763,33.649292],[35.102423,32.990903],[35.717109,32.573048],[36.439201,32.809934],[36.555328,33.464939],[35.941661,33.88647],[35.210763,33.649292]]]}},{"type":"Feature","properties":{"hex_id":"832e71fffffffff","population":1234672,"population_year":2025,"area_km2":10878.3,"population_density":113.5,"all_players":1,"players_per_million":0.81,"player_ids":["nba:1629060"],"label":"Toyama","country":"Japan"},"geometry":{"type":"Polygon","coordinates":[[[137.894767,36.899328],[137.685835,37.489364],[137.003884,37.627547],[136.5425,37.178563],[136.756542,36.594877],[137.426989,36.453843],[137.894767,36.899328]]]}},{"type":"Feature","properties":{"hex_id":"832f58fffffffff","population":1015648,"population_year":2025,"area_km2":11379.9,"population_density":89.2,"all_players":1,"players_per_million":0.98,"player_ids":["nba:1630560"],"label":"Yokosuka","country":"Japan"},"geometry":{"type":"Polygon","coordinates":[[[140.520831,34.62949],[140.332575,35.234652],[139.653549,35.399825],[139.174011,34.961977],[139.368009,34.363069],[140.035927,34.195767],[140.520831,34.62949]]]}},{"type":"Feature","properties":{"hex_id":"8330a4fffffffff","population":7348178,"population_year":2025,"area_km2":8707.5,"population_density":843.9,"all_players":1,"players_per_million":0.14,"player_ids":["nba:1642905"],"label":"Zibo","country":"People's Republic of China"},"geometry":{"type":"Polygon","coordinates":[[[118.493989,36.654508],[118.370721,37.172244],[117.744378,37.426729],[117.240208,37.162506],[117.367826,36.642299],[117.995262,36.388771],[118.493989,36.654508]]]}},{"type":"Feature","properties":{"hex_id":"83346bfffffffff","population":704471,"population_year":2025,"area_km2":14102.3,"population_density":50.0,"all_players":1,"players_per_million":1.42,"player_ids":["nba:1630583"],"label":"Las Palmas de Gran Canaria","country":"Spain"},"geometry":{"type":"Polygon","coordinates":[[[-15.150893,28.902643],[-15.651483,28.396006],[-15.411983,27.76893],[-14.681053,27.647052],[-14.181546,28.148352],[-14.4118,28.776827],[-15.150893,28.902643]]]}},{"type":"Feature","properties":{"hex_id":"83390cfffffffff","population":6853734,"population_year":2025,"area_km2":12817.6,"population_density":534.7,"all_players":1,"players_per_million":0.15,"player_ids":["nba:1642864"],"label":"Madrid","country":"Spain"},"geometry":{"type":"Polygon","coordinates":[[[-4.103433,40.678157],[-4.708227,40.256026],[-4.538804,39.619302],[-3.777805,39.406656],[-3.179494,39.825314],[-3.335672,40.460048],[-4.103433,40.678157]]]}},{"type":"Feature","properties":{"hex_id":"833919fffffffff","population":1743860,"population_year":2025,"area_km2":12875.5,"population_density":135.4,"all_players":1,"players_per_million":0.57,"player_ids":["nba:1642258"],"label":"Málaga","country":"Spain"},"geometry":{"type":"Polygon","coordinates":[[[-4.048871,37.708867],[-4.630214,37.277566],[-4.468042,36.640556],[-3.736744,36.43675],[-3.161409,36.864345],[-3.311341,37.499409],[-4.048871,37.708867]]]}},{"type":"Feature","properties":{"hex_id":"833933fffffffff","population":3089295,"population_year":2025,"area_km2":13687.1,"population_density":225.7,"all_players":1,"players_per_million":0.32,"player_ids":["nba:1629674"],"label":"Lisbon","country":"Portugal"},"geometry":{"type":"Polygon","coordinates":[[[-9.672222,39.712382],[-10.260578,39.249447],[-10.0391,38.608375],[-9.241968,38.430723],[-8.657648,38.889432],[-8.866346,39.529972],[-9.672222,39.712382]]]}},{"type":"Feature","properties":{"hex_id":"833964fffffffff","population":652911,"population_year":2025,"area_km2":11759.8,"population_density":55.5,"all_players":1,"players_per_million":1.53,"player_ids":["nba:1631172"],"label":"Villeneuve-sur-Lot","country":"France"},"geometry":{"type":"Polygon","coordinates":[[[0.61635,45.082293],[-0.028005,44.712978],[0.102941,44.089763],[0.863645,43.838891],[1.498849,44.205806],[1.382481,44.825952],[0.61635,45.082293]]]}},{"type":"Feature","properties":{"hex_id":"833968fffffffff","population":2552239,"population_year":2025,"area_km2":12258.6,"population_density":208.2,"all_players":1,"players_per_million":0.39,"player_ids":["nba:1642359"],"label":"Aubagne","country":"France"},"geometry":{"type":"Polygon","coordinates":[[[4.574932,43.41921],[4.674096,42.809849],[5.441717,42.599473],[6.121326,42.998792],[6.03167,43.611509],[5.252785,43.821585],[4.574932,43.41921]]]}},{"type":"Feature","properties":{"hex_id":"83441afffffffff","population":4198072,"population_year":2025,"area_km2":11548.0,"population_density":363.5,"all_players":3,"players_per_million":0.71,"player_ids":["nba:1630165","nba:1641780","nba:203903"],"label":"Q49255","country":"United States"},"geometry":{"type":"Polygon","coordinates":[[[-82.253729,27.587841],[-81.797694,28.027952],[-81.966494,28.631807],[-82.599304,28.798396],[-83.060213,28.355873],[-82.883444,27.749188],[-82.253729,27.587841]]]}},{"type":"Feature","properties":{"hex_id":"834440fffffffff","population":0,"population_year":2025,"area_km2":13246.0,"population_density":0.0,"all_players":1,"players_per_million":null,"player_ids":["nba:202066"],"label":"Baton Rouge","country":"United States"},"geometry":{"type":"Polygon","coordinates":[[[-91.213549,30.149237],[-90.737597,30.634218],[-90.980019,31.253903],[-91.70664,31.389766],[-92.185406,30.901967],[-91.934789,30.281145],[-91.213549,30.149237]]]}},{"type":"Feature","properties":{"hex_id":"834442fffffffff","population":0,"population_year":2025,"area_km2":13023.9,"population_density":0.0,"all_players":1,"players_per_million":null,"player_ids":["nba:1642918"],"label":"Summit","country":"United States"},"geometry":{"type":"Polygon","coordinates":[[[-90.022833,30.495543],[-89.545393,30.972456],[-89.779473,31.590738],[-90.499382,31.733531],[-90.980019,31.253903],[-90.737597,30.634218],[-90.022833,30.495543]]]}},{"type":"Feature","properties":{"hex_id":"834446fffffffff","population":0,"population_year":2025,"area_km2":13127.9,"population_density":0.0,"all_players":5,"players_per_million":null,"player_ids":["nba:1626162","nba:1628368","nba:1630610","nba:1641890","nba:1643018"],"label":"New Orleans","country":"United States"},"geometry":{"type":"Polygon","coordinates":[[[-90.262055,29.393937],[-89.789168,29.876068],[-90.022833,30.495543],[-90.737597,30.634218],[-91.213549,30.149237],[-90.971719,29.528453],[-90.262055,29.393937]]]}},{"type":"Feature","properties":{"hex_id":"834448fffffffff","population":133377,"population_year":2025,"area_km2":13308.1,"population_density":10.0,"all_players":1,"players_per_million":7.5,"player_ids":["nba:1629655"],"label":"El Dorado","country":"United States"},"geometry":{"type":"Polygon","coordinates":[[[-92.956891,32.760281],[-92.470646,33.245263],[-92.732031,33.861633],[-93.488117,33.993888],[-93.976725,33.506269],[-93.70695,32.889054],[-92.956891,32.760281]]]}},{"type":"Feature","properties":{"hex_id":"83444cfffffffff","population":0,"population_year":2025,"area_km2":13439.7,"population_density":0.0,"all_players":1,"players_per_million":null,"player_ids":["nba:1629057"],"label":"Shreveport","country":"United States"},"geometry":{"type":"Polygon","coordinates":[[[-93.177711,31.651131],[-92.696403,32.141716],[-92.956891,32.760281],[-93.70695,32.889054],[-94.190501,32.395718],[-93.921815,31.776383],[-93.177711,31.651131]]]}},{"type":"Feature","properties":{"hex_id":"83444efffffffff","population":0,"population_year":2025,"area_km2":13227.8,"population_density":0.0,"all_players":1,"players_per_million":null,"player_ids":["nba:1628988"],"label":"Ruston","country":"United States"},"geometry":{"type":"Polygon","coordinates":[[[-91.958005,32.009151],[-91.474426,32.491469],[-91.72652,33.108995],[-92.470646,33.245263],[-92.956891,32.760281],[-92.696403,32.141716],[-91.958005,32.009151]]]}},{"type":"Feature","properties":{"hex_id":"834455fffffffff","population":0,"population_year":2025,"area_km2":12901.5,"population_density":0.0,"all_players":1,"players_per_million":null,"player_ids":["nba:1642449"],"label":"Bay St. Louis","country":"United States"},"geometry":{"type":"Polygon","coordinates":[[[-89.08631,29.735057],[-88.612295,30.20923],[-88.837672,30.827133],[-89.545393,30.972456],[-90.022833,30.495543],[-89.789168,29.876068],[-89.08631,29.735057]]]}},{"type":"Feature","properties":{"hex_id":"834456fffffffff","population":0,"population_year":2025,"area_km2":12528.8,"population_density":0.0,"all_players":2,"players_per_million":null,"player_ids":["nba:1629011","nba:1641803"],"label":"Pensacola","country":"United States"},"geometry":{"type":"Polygon","coordinates":[[[-87.016549,29.295833],[-86.545778,29.759287],[-86.754361,30.374339],[-87.442045,30.527943],[-87.916773,30.06185],[-87.699889,29.444813],[-87.016549,29.295833]]]}},{"type":"Feature","properties":{"hex_id":"83445afffffffff","population":241496,"population_year":2025,"area_km2":12538.5,"population_density":19.3,"all_players":1,"players_per_million":4.14,"player_ids":["nba:1629234"],"label":"Starkville","country":"United States"},"geometry":{"type":"Polygon","coordinates":[[[-88.327561,32.99028],[-87.839892,33.446999],[-88.065886,34.059836],[-88.788416,34.217794],[-89.27994,33.758738],[-89.045119,33.144082],[-88.327561,32.99028]]]}},{"type":"Feature","properties":{"hex_id":"83446cfffffffff","population":0,"population_year":2025,"area_km2":13850.1,"population_density":0.0,"all_players":5,"players_per_million":null,"player_ids":["nba:1629020","nba:1629656","nba:1629684","nba:201599","nba:202710"],"label":"Houston","country":"United States"},"geometry":{"type":"Polygon","coordinates":[[[-94.808948,29.022702],[-94.340041,29.530809],[-94.606515,30.15309],[-95.34958,30.267602],[-95.820095,29.756435],[-95.546005,29.133838],[-94.808948,29.022702]]]}},{"type":"Feature","properties":{"hex_id":"83446dfffffffff","population":0,"population_year":2025,"area_km2":13936.7,"population_density":0.0,"all_players":1,"players_per_million":null,"player_ids":["nba:1627936"],"label":"College Station","country":"United States"},"geometry":{"type":"Polygon","coordinates":[[[-95.820095,29.756435],[-95.34958,30.267602],[-95.624961,30.889041],[-96.378487,30.999471],[-96.850284,30.485306],[-96.567347,29.863731],[-95.820095,29.756435]]]}},{"type":"Feature","properties":{"hex_id":"8344a1fffffffff","population":0,"population_year":2025,"area_km2":10989.0,"population_density":0.0,"all_players":5,"players_per_million":null,"player_ids":["nba:1630658","nba:1631169","nba:1641707","nba:1642269","nba:203501"],"label":"Miami","country":"United States"},"geometry":{"type":"Polygon","coordinates":[[[-79.949065,25.306967],[-79.508022,25.739732],[-79.655984,26.333663],[-80.252477,26.497928],[-80.698565,26.062694],[-80.543111,25.465679],[-79.949065,25.306967]]]}},{"type":"Feature","properties":{"hex_id":"8344a3fffffffff","population":40846,"population_year":2025,"area_km2":10737.2,"population_density":3.8,"all_players":2,"players_per_million":48.96,"player_ids":["nba:1627741","nba:1642845"],"label":"Freeport","country":"The Bahamas"},"geometry":{"type":"Polygon","coordinates":[[[-78.923249,25.57689],[-78.484205,26.0024],[-78.624734,26.593059],[-79.211732,26.761492],[-79.655984,26.333663],[-79.508022,25.739732],[-78.923249,25.57689]]]}},{"type":"Feature","properties":{"hex_id":"8344a8fffffffff","population":0,"population_year":2025,"area_km2":11113.9,"population_density":0.0,"all_players":1,"players_per_million":null,"player_ids":["nba:1642434"],"label":"Indian River County","country":"United States"},"geometry":{"type":"Polygon","coordinates":[[[-80.407147,27.095513],[-79.957715,27.52564],[-80.111556,28.123412],[-80.722601,28.294198],[-81.177173,27.861791],[-81.015558,27.260891],[-80.407147,27.095513]]]}},{"type":"Feature","properties":{"hex_id":"8344a9fffffffff","population":3948254,"population_year":2025,"area_km2":11292.7,"population_density":349.6,"all_players":4,"players_per_million":1.01,"player_ids":["nba:1629014","nba:1630194","nba:1631165","nba:1641729"],"label":"Orlando","country":"United States"},"geometry":{"type":"Polygon","coordinates":[[[-81.177173,27.861791],[-80.722601,28.294198],[-80.88346,28.895015],[-81.506834,29.066476],[-81.966494,28.631807],[-81.797694,28.027952],[-81.177173,27.861791]]]}},{"type":"Feature","properties":{"hex_id":"8344adfffffffff","population":437787,"population_year":2025,"area_km2":11368.6,"population_density":38.5,"all_players":2,"players_per_million":4.57,"player_ids":["nba:1628396","nba:1642383"],"label":"Bartow","country":"United States"},"geometry":{"type":"Polygon","coordinates":[[[-81.466649,26.823209],[-81.015558,27.260891],[-81.177173,27.861791],[-81.797694,28.027952],[-82.253729,27.587841],[-82.084301,26.984013],[-81.466649,26.823209]]]}},{"type":"Feature","properties":{"hex_id":"8344aefffffffff","population":0,"population_year":2025,"area_km2":10928.5,"population_density":0.0,"all_players":2,"players_per_million":null,"player_ids":["nba:1630567","nba:1642367"],"label":"West Palm Beach","country":"United States"},"geometry":{"type":"Polygon","coordinates":[[[-79.655984,26.333663],[-79.211732,26.761492],[-79.358798,27.355871],[-79.957715,27.52564],[-80.407147,27.095513],[-80.252477,26.497928],[-79.655984,26.333663]]]}},{"type":"Feature","properties":{"hex_id":"8344b5fffffffff","population":309607,"population_year":2025,"area_km2":10339.9,"population_density":29.9,"all_players":1,"players_per_million":3.23,"player_ids":["nba:1629028"],"label":"Nassau","country":"The Bahamas"},"geometry":{"type":"Polygon","coordinates":[[[-77.511305,24.08095],[-77.082712,24.501758],[-77.210862,25.084077],[-77.774681,25.248969],[-78.208503,24.825799],[-78.073265,24.24011],[-77.511305,24.08095]]]}},{"type":"Feature","properties":{"hex_id":"8344c1fffffffff","population":5400971,"population_year":2025,"area_km2":11673.8,"population_density":462.7,"all_players":16,"players_per_million":2.96,"player_ids":["nba:1627759","nba:1628976","nba:1629012","nba:1630162","nba:1630170","nba:1630171","nba:1630703","nba:1631095","nba:1631117","nba:1641767","nba:1642264","nba:1642268","nba:1642854","nba:1642883","nba:1642939","nba:1642954"],"label":"Atlanta","country":"United States"},"geometry":{"type":"Polygon","coordinates":[[[-83.883855,33.049852],[-83.401132,33.478441],[-83.591669,34.083947],[-84.273825,34.263584],[-84.761579,33.833075],[-84.562163,33.224865],[-83.883855,33.049852]]]}},{"type":"Feature","properties":{"hex_id":"8344c2fffffffff","population":602997,"population_year":2025,"area_km2":11285.6,"population_density":53.4,"all_players":1,"players_per_million":1.66,"player_ids":["nba:1642928"],"label":"Augusta","country":"United States"},"geometry":{"type":"Polygon","coordinates":[[[-81.895015,32.511356],[-81.4188,32.929579],[-81.592393,33.531156],[-82.250909,33.717588],[-82.73253,33.297599],[-82.550234,32.692957],[-81.895015,32.511356]]]}},{"type":"Feature","properties":{"hex_id":"8344c5fffffffff","population":378411,"population_year":2025,"area_km2":11805.1,"population_density":32.0,"all_players":1,"players_per_million":2.64,"player_ids":["nba:203484"],"label":"Thomaston","country":"United States"},"geometry":{"type":"Polygon","coordinates":[[[-84.171401,32.00722],[-83.69284,32.442355],[-83.883855,33.049852],[-84.562163,33.224865],[-85.045592,32.787663],[-84.845862,32.177532],[-84.171401,32.00722]]]}},{"type":"Feature","properties":{"hex_id":"8344cdfffffffff","population":508061,"population_year":2025,"area_km2":11895.9,"population_density":42.7,"all_players":1,"players_per_million":1.97,"player_ids":["nba:1642846"],"label":"Chattanooga","country":"United States"},"geometry":{"type":"Polygon","coordinates":[[[-85.661389,34.615039],[-85.168742,35.047476],[-85.376594,35.653352],[-86.086288,35.829173],[-86.583669,35.394798],[-86.366648,34.786557],[-85.661389,34.615039]]]}},{"type":"Feature","properties":{"hex_id":"8344d0fffffffff","population":764181,"population_year":2025,"area_km2":10884.5,"population_density":70.2,"all_players":3,"players_per_million":3.93,"player_ids":["nba:1630174","nba:1641771","nba:203114"],"label":"Charleston","country":"United States"},"geometry":{"type":"Polygon","coordinates":[[[-79.976103,31.955586],[-79.507306,32.363793],[-79.664643,32.960547],[-80.299243,33.152497],[-80.773736,32.742682],[-80.607929,32.142536],[-79.976103,31.955586]]]}},{"type":"Feature","properties":{"hex_id":"8344d8fffffffff","population":1862836,"population_year":2025,"area_km2":11057.3,"population_density":168.5,"all_players":7,"players_per_million":3.76,"player_ids":["nba:1630172","nba:1630180","nba:1630264","nba:1641730","nba:1641790","nba:1643047","nba:203552"],"label":"Charlotte","country":"United States"},"geometry":{"type":"Polygon","coordinates":[[[-81.285062,34.542036],[-80.962413,34.812203],[-80.764551,34.92272],[-80.863541,35.476502],[-81.56765,35.695929],[-81.964648,35.469269],[-82.12783,35.333393],[-81.94686,34.733211],[-81.285062,34.542036]]]}},{"type":"Feature","properties":{"hex_id":"8344dafffffffff","population":1548440,"population_year":2025,"area_km2":11061.8,"population_density":140.0,"all_players":3,"players_per_million":1.94,"player_ids":["nba:1629627","nba:1641778","nba:1641816"],"label":"Monroe","country":"United States"},"geometry":{"type":"Polygon","coordinates":[[[-80.258145,35.811082],[-80.863541,35.476502],[-80.764551,34.92272],[-80.0746,34.701197],[-79.473144,35.027553],[-79.557618,35.583567],[-80.258145,35.811082]]]}},{"type":"Feature","properties":{"hex_id":"8344dbfffffffff","population":1002931,"population_year":2025,"area_km2":11263.0,"population_density":89.0,"all_players":3,"players_per_million":2.99,"player_ids":["nba:1628997","nba:1628998","nba:1642265"],"label":"Mocksville","country":"United States"},"geometry":{"type":"Polygon","coordinates":[[[-81.068449,36.598719],[-81.677489,36.255732],[-81.56765,35.695929],[-80.863541,35.476502],[-80.258145,35.811082],[-80.35312,36.373406],[-81.068449,36.598719]]]}},{"type":"Feature","properties":{"hex_id":"8344ddfffffffff","population":1282890,"population_year":2025,"area_km2":11272.1,"population_density":113.8,"all_players":2,"players_per_million":1.56,"player_ids":["nba:1629651","nba:1631121"],"label":"Greenville","country":"United States"},"geometry":{"type":"Polygon","coordinates":[[[-82.432568,34.320173],[-81.94686,34.733211],[-82.12783,35.333393],[-82.803555,35.523528],[-83.294745,35.108864],[-83.104736,34.505705],[-82.432568,34.320173]]]}},{"type":"Feature","properties":{"hex_id":"8344defffffffff","population":700628,"population_year":2025,"area_km2":10904.6,"population_density":64.2,"all_players":4,"players_per_million":5.71,"player_ids":["nba:1629630","nba:1641713","nba:1641794","nba:1642867"],"label":"Columbia","country":"United States"},"geometry":{"type":"Polygon","coordinates":[[[-80.464172,33.750806],[-79.985888,34.15372],[-80.0746,34.701197],[-80.764551,34.92272],[-80.962413,34.812203],[-81.285062,34.542036],[-81.112257,33.942579],[-80.464172,33.750806]]]}},{"type":"Feature","properties":{"hex_id":"8344e8fffffffff","population":0,"population_year":2025,"area_km2":12183.0,"population_density":0.0,"all_players":4,"players_per_million":null,"player_ids":["nba:1630570","nba:1641732","nba:1641998","nba:1643052"],"label":"Birmingham","country":"United States"},"geometry":{"type":"Polygon","coordinates":[[[-86.216914,32.510814],[-85.733188,32.95662],[-85.941462,33.567307],[-86.6423,33.734447],[-87.130432,33.286432],[-86.913348,32.673504],[-86.216914,32.510814]]]}},{"type":"Feature","properties":{"hex_id":"8344ecfffffffff","population":0,"population_year":2025,"area_km2":12310.2,"population_density":0.0,"all_players":1,"players_per_million":null,"player_ids":["nba:1631120"],"label":"Montgomery","country":"United States"},"geometry":{"type":"Polygon","coordinates":[[[-86.487848,31.44625],[-86.008497,31.898279],[-86.216914,32.510814],[-86.913348,32.673504],[-87.396951,32.219126],[-87.179897,31.604426],[-86.487848,31.44625]]]}},{"type":"Feature","properties":{"hex_id":"8344edfffffffff","population":0,"population_year":2025,"area_km2":12430.5,"population_density":0.0,"all_players":2,"players_per_million":null,"player_ids":["nba:1630529","nba:1642959"],"label":"Northport","country":"United States"},"geometry":{"type":"Polygon","coordinates":[[[-87.396951,32.219126],[-86.913348,32.673504],[-87.130432,33.286432],[-87.839892,33.446999],[-88.327561,32.99028],[-88.101738,32.375354],[-87.396951,32.219126]]]}},{"type":"Feature","properties":{"hex_id":"8344f0fffffffff","population":1912504,"population_year":2025,"area_km2":11368.9,"population_density":168.2,"all_players":1,"players_per_million":0.52,"player_ids":["nba:1628960"],"label":"Jacksonville","country":"United States"},"geometry":{"type":"Polygon","coordinates":[[[-81.67496,29.669969],[-81.211641,30.098872],[-81.379045,30.70162],[-82.01801,30.878511],[-82.486497,30.447523],[-82.310853,29.841742],[-81.67496,29.669969]]]}},{"type":"Feature","properties":{"hex_id":"8344f3fffffffff","population":252608,"population_year":2025,"area_km2":11263.4,"population_density":22.4,"all_players":2,"players_per_million":7.92,"player_ids":["nba:1630286","nba:1630558"],"label":"Brunswick","country":"United States"},"geometry":{"type":"Polygon","coordinates":[[[-81.379045,30.70162],[-80.912034,31.124448],[-81.078665,31.726077],[-81.720688,31.908012],[-82.19302,31.483261],[-82.01801,30.878511],[-81.379045,30.70162]]]}},{"type":"Feature","properties":{"hex_id":"8344f4fffffffff","population":1267541,"population_year":2025,"area_km2":11464.0,"population_density":110.6,"all_players":1,"players_per_million":0.79,"player_ids":["nba:1630544"],"label":"Gainesville","country":"United States"},"geometry":{"type":"Polygon","coordinates":[[[-81.966494,28.631807],[-81.506834,29.066476],[-81.67496,29.669969],[-82.310853,29.841742],[-82.775533,29.404825],[-82.599304,28.798396],[-81.966494,28.631807]]]}},{"type":"Feature","properties":{"hex_id":"8344f6fffffffff","population":755349,"population_year":2025,"area_km2":11205.9,"population_density":67.4,"all_players":1,"players_per_million":1.32,"player_ids":["nba:1642396"],"label":"Daytona Beach","country":"United States"},"geometry":{"type":"Polygon","coordinates":[[[-80.88346,28.895015],[-80.425375,29.321821],[-80.58543,29.922173],[-81.211641,30.098872],[-81.67496,29.669969],[-81.506834,29.066476],[-80.88346,28.895015]]]}},{"type":"Feature","properties":{"hex_id":"83489afffffffff","population":0,"population_year":2025,"area_km2":14006.9,"population_density":0.0,"all_players":3,"players_per_million":null,"player_ids":["nba:1626220","nba:1629026","nba:1641763"],"label":"Killeen","country":"United States"},"geometry":{"type":"Polygon","coordinates":[[[-96.850284,30.485306],[-96.378487,30.999471],[-96.66289,31.619531],[-97.426644,31.725397],[-97.899372,31.208297],[-97.607496,30.588286],[-96.850284,30.485306]]]}},{"type":"Feature","properties":{"hex_id":"83489cfffffffff","population":0,"population_year":2025,"area_km2":14263.2,"population_density":0.0,"all_players":2,"players_per_million":null,"player_ids":["nba:1641755","nba:1642877"],"label":"Cibolo","country":"United States"},"geometry":{"type":"Polygon","coordinates":[[[-98.247879,28.919834],[-97.785013,29.445331],[-98.075247,30.066766],[-98.835447,30.162308],[-99.298731,29.633735],[-99.001481,29.012716],[-98.247879,28.919834]]]}},{"type":"Feature","properties":{"hex_id":"83489efffffffff","population":0,"population_year":2025,"area_km2":14107.0,"population_density":0.0,"all_players":3,"players_per_million":null,"player_ids":["nba:1627752","nba:1642347","nba:1643257"],"label":"Austin","country":"United States"},"geometry":{"type":"Polygon","coordinates":[[[-97.034246,29.345255],[-96.567347,29.863731],[-96.850284,30.485306],[-97.607496,30.588286],[-98.075247,30.066766],[-97.785013,29.445331],[-97.034246,29.345255]]]}},{"type":"Feature","properties":{"hex_id":"8348ebfffffffff","population":2752664,"population_year":2025,"area_km2":14363.4,"population_density":191.6,"all_players":3,"players_per_million":1.09,"player_ids":["nba:1628963","nba:1629680","nba:1642345"],"label":"Tempe","country":"United States"},"geometry":{"type":"Polygon","coordinates":[[[-110.867885,32.814698],[-110.438155,33.380106],[-110.813583,33.966592],[-111.622726,33.985325],[-112.048129,33.41802],[-111.668838,32.833881],[-110.867885,32.814698]]]}},{"type":"Feature","properties":{"hex_id":"834b65fffffffff","population":1397714,"population_year":2025,"area_km2":9783.2,"population_density":142.9,"all_players":1,"players_per_million":0.72,"player_ids":["nba:1642530"],"label":"Yanai","country":"Japan"},"geometry":{"type":"Polygon","coordinates":[[[131.763398,33.979751],[131.883964,33.475385],[132.548885,33.322249],[133.095088,33.674587],[133.035155,33.927508],[132.923863,34.208239],[132.308377,34.331159],[131.763398,33.979751]]]}},{"type":"Feature","properties":{"hex_id":"834c89fffffffff","population":2067237,"population_year":2025,"area_km2":9100.1,"population_density":227.2,"all_players":2,"players_per_million":0.97,"player_ids":["nba:1643158","nba:201143"],"label":"Puerto Plata","country":"Dominican Republic"},"geometry":{"type":"Polygon","coordinates":[[[-71.308904,19.961762],[-71.64854,19.582869],[-71.38906,19.10083],[-70.79055,19.000618],[-70.45385,19.381759],[-70.712692,19.860867],[-71.308904,19.961762]]]}},{"type":"Feature","properties":{"hex_id":"834cd4fffffffff","population":4375394,"population_year":2025,"area_km2":9153.9,"population_density":478.0,"all_players":1,"players_per_million":0.23,"player_ids":["nba:1642357"],"label":"Santo Domingo","country":"Dominican Republic"},"geometry":{"type":"Polygon","coordinates":[[[-70.45385,19.381759],[-70.79055,19.000618],[-70.530834,18.514249],[-69.935154,18.412077],[-69.601523,18.795461],[-69.860471,19.278779],[-70.45385,19.381759]]]}},{"type":"Feature","properties":{"hex_id":"835440fffffffff","population":6335784,"population_year":2025,"area_km2":10394.6,"population_density":609.5,"all_players":1,"players_per_million":0.16,"player_ids":["nba:1642368"],"label":"Bamako","country":"Mali"},"geometry":{"type":"Polygon","coordinates":[[[-8.081229,12.732918],[-8.51249,12.300034],[-8.363011,11.777266],[-7.789104,11.686452],[-7.360351,12.113966],[-7.502972,12.637618],[-8.081229,12.732918]]]}},{"type":"Feature","properties":{"hex_id":"8354eafffffffff","population":3331727,"population_year":2025,"area_km2":10413.1,"population_density":320.0,"all_players":1,"players_per_million":0.3,"player_ids":["nba:1630619"],"label":"Conakry","country":"Guinea"},"geometry":{"type":"Polygon","coordinates":[[[-13.392147,10.025022],[-13.802726,9.589165],[-13.620577,9.08223],[-13.034049,9.009117],[-12.624614,9.439542],[-12.800522,9.948472],[-13.392147,10.025022]]]}},{"type":"Feature","properties":{"hex_id":"83589cfffffffff","population":6289456,"population_year":2025,"area_km2":10055.0,"population_density":625.5,"all_players":3,"players_per_million":0.48,"player_ids":["nba:1629006","nba:1629646","nba:1641737"],"label":"Lagos","country":"Nigeria"},"geometry":{"type":"Polygon","coordinates":[[[3.125247,6.42502],[3.20051,5.87309],[3.728868,5.597837],[4.187454,5.872618],[4.116527,6.427858],[3.582639,6.705027],[3.125247,6.42502]]]}},{"type":"Feature","properties":{"hex_id":"835e46fffffffff","population":464754,"population_year":2025,"area_km2":10652.6,"population_density":43.6,"all_players":1,"players_per_million":2.15,"player_ids":["nba:1628449"],"label":"Castries","country":"Saint Lucia"},"geometry":{"type":"Polygon","coordinates":[[[-60.619774,13.873863],[-60.296727,14.395691],[-60.572362,14.877728],[-61.167541,14.838397],[-61.48767,14.320083],[-61.215559,13.837604],[-60.619774,13.873863]]]}},{"type":"Feature","properties":{"hex_id":"836725fffffffff","population":4312248,"population_year":2025,"area_km2":9528.4,"population_density":452.6,"all_players":1,"players_per_million":0.23,"player_ids":["nba:1627746"],"label":"Port-au-Prince","country":"Haiti"},"geometry":{"type":"Polygon","coordinates":[[[-72.333528,18.811341],[-72.678863,18.418699],[-72.41803,17.926354],[-71.812316,17.82962],[-71.46979,18.224552],[-71.730136,18.713931],[-72.333528,18.811341]]]}},{"type":"Feature","properties":{"hex_id":"836732fffffffff","population":1437276,"population_year":2025,"area_km2":10140.5,"population_density":141.7,"all_players":1,"players_per_million":0.7,"player_ids":["nba:1630208"],"label":"Kingston","country":"Jamaica"},"geometry":{"type":"Polygon","coordinates":[[[-77.077591,18.147356],[-77.440592,17.734561],[-77.180408,17.235914],[-76.556909,17.152691],[-76.195921,17.567912],[-76.45638,18.063927],[-77.077591,18.147356]]]}},{"type":"Feature","properties":{"hex_id":"836793fffffffff","population":229035,"population_year":2025,"area_km2":11850.1,"population_density":19.3,"all_players":1,"players_per_million":4.37,"player_ids":["nba:1641807"],"label":"Bluefields","country":"Nicaragua"},"geometry":{"type":"Polygon","coordinates":[[[-84.484256,12.718007],[-84.870724,12.248596],[-84.615374,11.710272],[-83.971963,11.643423],[-83.586041,12.115633],[-83.842942,12.651883],[-84.484256,12.718007]]]}},{"type":"Feature","properties":{"hex_id":"836a09fffffffff","population":686889,"population_year":2025,"area_km2":12432.8,"population_density":55.2,"all_players":1,"players_per_million":1.46,"player_ids":["nba:1642863"],"label":"Rumbek","country":"South Sudan"},"geometry":{"type":"Polygon","coordinates":[[[30.567724,6.068235],[30.597119,6.672538],[30.054081,7.001414],[29.480252,6.728844],[29.447958,6.124688],[29.992387,5.792923],[30.567724,6.068235]]]}},{"type":"Feature","properties":{"hex_id":"836a71fffffffff","population":374235,"population_year":2025,"area_km2":11995.9,"population_density":31.2,"all_players":1,"players_per_million":2.67,"player_ids":["nba:1641871"],"label":"Waat","country":"South Sudan"},"geometry":{"type":"Polygon","coordinates":[[[32.874689,7.746606],[32.897872,8.336574],[32.38946,8.667059],[31.806468,8.400839],[31.783241,8.202357],[31.765847,7.808347],[32.308152,7.480983],[32.874689,7.746606]]]}},{"type":"Feature","properties":{"hex_id":"836adefffffffff","population":7837474,"population_year":2025,"area_km2":14060.2,"population_density":557.4,"all_players":1,"players_per_million":0.13,"player_ids":["nba:1630228"],"label":"Goma","country":"Democratic Republic of the Congo"},"geometry":{"type":"Polygon","coordinates":[[[29.575218,-2.460479],[29.608339,-1.804433],[29.046986,-1.448329],[28.45124,-1.745732],[28.415031,-2.401486],[28.977649,-2.76016],[29.575218,-2.460479]]]}},{"type":"Feature","properties":{"hex_id":"83828bfffffffff","population":4449065,"population_year":2025,"area_km2":11258.9,"population_density":395.2,"all_players":1,"players_per_million":0.22,"player_ids":["nba:203954"],"label":"Yaoundé","country":"Cameroon"},"geometry":{"type":"Polygon","coordinates":[[[11.670106,3.160647],[11.743442,3.757996],[11.268593,4.070517],[10.722778,3.789625],[10.647644,3.195865],[11.120099,2.879399],[11.670106,3.160647]]]}},{"type":"Feature","properties":{"hex_id":"8382d2fffffffff","population":4636650,"population_year":2025,"area_km2":10809.7,"population_density":428.9,"all_players":2,"players_per_million":0.43,"player_ids":["nba:1627783","nba:1631132"],"label":"Douala","country":"Cameroon"},"geometry":{"type":"Polygon","coordinates":[[[10.254928,4.099556],[10.330435,4.686394],[9.867156,4.989684],[9.330927,4.710126],[9.253768,4.12698],[9.714466,3.819691],[10.254928,4.099556]]]}},{"type":"Feature","properties":{"hex_id":"8382d8fffffffff","population":6757166,"population_year":2025,"area_km2":10215.8,"population_density":661.4,"all_players":1,"players_per_million":0.15,"player_ids":["nba:1630173"],"label":"Port Harcourt","country":"Nigeria"},"geometry":{"type":"Polygon","coordinates":[[[7.2904,4.177102],[7.343891,4.561076],[7.325363,4.745189],[6.790367,5.027556],[6.315945,4.75663],[6.356034,4.390688],[6.328813,4.199868],[6.767341,3.900765],[7.2904,4.177102]]]}},{"type":"Feature","properties":{"hex_id":"83960efffffffff","population":2912006,"population_year":2025,"area_km2":14864.3,"population_density":195.9,"all_players":2,"players_per_million":0.69,"player_ids":["nba:1631131","nba:202687"],"label":"Lubumbashi","country":"Democratic Republic of the Congo"},"geometry":{"type":"Polygon","coordinates":[[[27.847757,-12.488185],[27.887041,-11.807394],[27.305401,-11.433719],[26.683526,-11.739059],[26.640951,-12.419226],[27.223529,-12.794703],[27.847757,-12.488185]]]}},{"type":"Feature","properties":{"hex_id":"83a726fffffffff","population":1840345,"population_year":2025,"area_km2":9758.5,"population_density":188.6,"all_players":1,"players_per_million":0.54,"player_ids":["nba:1631247"],"label":"Perth","country":"Australia"},"geometry":{"type":"Polygon","coordinates":[[[116.156806,-31.717896],[115.668386,-31.333698],[115.004431,-31.434051],[114.818313,-31.922938],[115.307453,-32.314951],[115.982101,-32.210194],[116.156806,-31.717896]]]}},{"type":"Feature","properties":{"hex_id":"83a8d1fffffffff","population":1331322,"population_year":2025,"area_km2":13919.1,"population_density":95.7,"all_players":1,"players_per_million":0.75,"player_ids":["nba:1630611"],"label":"Brasília","country":"Brazil"},"geometry":{"type":"Polygon","coordinates":[[[-47.109521,-16.03319],[-46.748934,-15.481233],[-47.078169,-14.899273],[-47.766284,-14.870479],[-48.126183,-15.422507],[-47.798704,-16.003258],[-47.109521,-16.03319]]]}},{"type":"Feature","properties":{"hex_id":"83b916fffffffff","population":1376052,"population_year":2025,"area_km2":13839.0,"population_density":99.4,"all_players":1,"players_per_million":0.73,"player_ids":["nba:204060"],"label":"Adelaide","country":"Australia"},"geometry":{"type":"Polygon","coordinates":[[[139.200573,-34.751633],[139.129671,-34.088237],[138.420784,-33.809579],[137.778412,-34.188927],[137.837784,-34.850139],[138.551045,-35.134235],[139.200573,-34.751633]]]}},{"type":"Feature","properties":{"hex_id":"83bb09fffffffff","population":149484,"population_year":2025,"area_km2":12902.3,"population_density":11.6,"all_players":1,"players_per_million":6.69,"player_ids":["nba:203500"],"label":"Rotorua","country":"New Zealand"},"geometry":{"type":"Polygon","coordinates":[[[176.616053,-38.618824],[176.26258,-38.043849],[175.478897,-38.009138],[175.036544,-38.552712],[175.386773,-39.133271],[176.182758,-39.164654],[176.616053,-38.618824]]]}},{"type":"Feature","properties":{"hex_id":"83bcc3fffffffff","population":10259761,"population_year":2025,"area_km2":13790.8,"population_density":744.0,"all_players":1,"players_per_million":0.1,"player_ids":["nba:1642879"],"label":"Johannesburg","country":"South Africa"},"geometry":{"type":"Polygon","coordinates":[[[28.252135,-26.609142],[28.292681,-25.962826],[27.674042,-25.604797],[27.013681,-25.892672],[26.969404,-26.538665],[27.589205,-26.897137],[28.252135,-26.609142]]]}},{"type":"Feature","properties":{"hex_id":"83be0efffffffff","population":2227675,"population_year":2025,"area_km2":14917.2,"population_density":149.3,"all_players":2,"players_per_million":0.9,"player_ids":["nba:1630182","nba:1642878"],"label":"Sydney","country":"Australia"},"geometry":{"type":"Polygon","coordinates":[[[152.602318,-33.997],[152.420459,-33.332138],[151.64327,-33.128216],[151.038963,-33.586023],[151.210157,-34.25249],[151.996416,-34.459593],[152.602318,-33.997]]]}},{"type":"Feature","properties":{"hex_id":"83be45fffffffff","population":326099,"population_year":2025,"area_km2":14428.7,"population_density":22.6,"all_players":1,"players_per_million":3.07,"player_ids":["nba:1630700"],"label":"Bendigo","country":"Australia"},"geometry":{"type":"Polygon","coordinates":[[[144.549504,-37.286204],[144.429303,-36.618048],[143.659407,-36.362782],[143.002856,-36.771101],[143.110632,-37.438515],[143.887418,-37.698406],[144.549504,-37.286204]]]}},{"type":"Feature","properties":{"hex_id":"83be63fffffffff","population":5396670,"population_year":2025,"area_km2":14476.7,"population_density":372.8,"all_players":3,"players_per_million":0.56,"player_ids":["nba:1629111","nba:1630581","nba:1642277"],"label":"Melbourne","country":"Australia"},"geometry":{"type":"Polygon","coordinates":[[[145.46356,-38.204698],[145.333886,-37.53716],[144.549504,-37.286204],[143.887418,-37.698406],[144.004411,-38.36545],[144.796215,-38.620841],[145.46356,-38.204698]]]}},{"type":"Feature","properties":{"hex_id":"83be88fffffffff","population":361110,"population_year":2025,"area_km2":14468.3,"population_density":25.0,"all_players":1,"players_per_million":2.77,"player_ids":["nba:1642911"],"label":"Sunshine Coast","country":"Australia"},"geometry":{"type":"Polygon","coordinates":[[[154.020867,-26.398343],[153.84377,-25.749272],[153.127039,-25.5596],[152.579515,-26.01596],[152.74788,-26.667264],[153.47258,-26.860017],[154.020867,-26.398343]]]}}]}