{"type":"FeatureCollection","metadata":{"population_source":"WorldPop Global 2 R2025A","population_source_url":"https://hub.worldpop.org/project/categories?id=3","population_license":"CC BY 4.0","population_year":2025,"raster_resolution":"1km","h3_resolution":3,"population_method":"official_country_rasters","occupied_cells":317,"mapped_players":1413},"features":[{"type":"Feature","properties":{"hex_id":"8312ccfffffffff","population":1434940,"population_year":2025,"area_km2":11792.7,"population_density":121.7,"all_players":1,"players_per_million":0.7,"player_ids":["mlb:647336"],"label":"Calgary","country":"Canada"},"geometry":{"type":"Polygon","coordinates":[[[-114.293343,51.131925],[-114.651332,50.586397],[-114.07578,50.077443],[-113.145489,50.103732],[-112.766876,50.644307],[-113.338768,51.163639],[-114.293343,51.131925]]]}},{"type":"Feature","properties":{"hex_id":"8312dbfffffffff","population":772074,"population_year":2025,"area_km2":11261.2,"population_density":68.6,"all_players":3,"players_per_million":3.89,"player_ids":["mlb:552640","mlb:689690","mlb:700932"],"label":"Spokane","country":"United States"},"geometry":{"type":"Polygon","coordinates":[[[-116.945809,47.422734],[-116.490852,47.936498],[-116.954845,48.411409],[-117.876211,48.370221],[-118.322734,47.855336],[-117.856498,47.382752],[-116.945809,47.422734]]]}},{"type":"Feature","properties":{"hex_id":"8312ecfffffffff","population":1213661,"population_year":2025,"area_km2":12318.9,"population_density":98.5,"all_players":2,"players_per_million":1.65,"player_ids":["mlb:642239","mlb:681870"],"label":"Edmonton","country":"Canada"},"geometry":{"type":"Polygon","coordinates":[[[-113.357086,53.867769],[-113.75854,53.307435],[-113.149207,52.785782],[-112.143154,52.813741],[-111.718367,53.368661],[-112.322435,53.901131],[-113.357086,53.867769]]]}},{"type":"Feature","properties":{"hex_id":"8312f6fffffffff","population":66017,"population_year":2025,"area_km2":11219.7,"population_density":5.9,"all_players":1,"players_per_million":15.15,"player_ids":["mlb:676724"],"label":"Prince George","country":"Canada"},"geometry":{"type":"Polygon","coordinates":[[[-122.668486,54.234247],[-122.906478,53.666152],[-122.210922,53.209957],[-121.27284,53.311926],[-121.007697,53.878114],[-121.707478,54.344373],[-122.668486,54.234247]]]}},{"type":"Feature","properties":{"hex_id":"831e83fffffffff","population":4036054,"population_year":2025,"area_km2":13472.5,"population_density":299.6,"all_players":1,"players_per_million":0.25,"player_ids":["mlb:695505"],"label":"Naples","country":"Italy"},"geometry":{"type":"Polygon","coordinates":[[[13.015322,41.413495],[13.054853,40.772822],[13.817173,40.492332],[14.548451,40.851244],[14.519585,41.49381],[13.748722,41.775618],[13.015322,41.413495]]]}},{"type":"Feature","properties":{"hex_id":"831ea4fffffffff","population":3171424,"population_year":2025,"area_km2":12437.2,"population_density":255.0,"all_players":1,"players_per_million":0.32,"player_ids":["mlb:691951"],"label":"Verona","country":"Italy"},"geometry":{"type":"Polygon","coordinates":[[[10.343213,45.921928],[10.404667,45.312696],[11.207993,45.07018],[11.960221,45.436022],[11.910221,46.047428],[11.096453,46.290866],[10.343213,45.921928]]]}},{"type":"Feature","properties":{"hex_id":"831f1dfffffffff","population":2731825,"population_year":2025,"area_km2":10947.5,"population_density":249.5,"all_players":1,"players_per_million":0.37,"player_ids":["mlb:596146"],"label":"Berlin","country":"Germany"},"geometry":{"type":"Polygon","coordinates":[[[12.983579,53.157021],[13.029893,52.599737],[13.917733,52.371333],[14.770737,52.698373],[14.738933,53.256941],[13.839529,53.487245],[12.983579,53.157021]]]}},{"type":"Feature","properties":{"hex_id":"832608fffffffff","population":401752,"population_year":2025,"area_km2":12479.4,"population_density":32.2,"all_players":4,"players_per_million":9.96,"player_ids":["mlb:592094","mlb:663362","mlb:664761","mlb:676694"],"label":"Omaha","country":"United States"},"geometry":{"type":"Polygon","coordinates":[[[-95.028397,40.385877],[-94.508107,40.84419],[-94.805538,41.432576],[-95.632703,41.563065],[-96.154873,41.102562],[-95.848093,40.513784],[-95.028397,40.385877]]]}},{"type":"Feature","properties":{"hex_id":"83260afffffffff","population":387273,"population_year":2025,"area_km2":12679.7,"population_density":30.5,"all_players":2,"players_per_million":5.16,"player_ids":["mlb:676510","mlb:680737"],"label":"Lincoln","country":"United States"},"geometry":{"type":"Polygon","coordinates":[[[-96.364324,40.045753],[-95.848093,40.513784],[-96.154873,41.102562],[-96.987003,41.223482],[-97.504542,40.753204],[-97.188746,40.164276],[-96.364324,40.045753]]]}},{"type":"Feature","properties":{"hex_id":"83260bfffffffff","population":152709,"population_year":2025,"area_km2":12694.2,"population_density":12.0,"all_players":1,"players_per_million":6.55,"player_ids":["mlb:702070"],"label":"St. Joseph","country":"United States"},"geometry":{"type":"Polygon","coordinates":[[[-95.246862,39.326803],[-94.732384,39.792588],[-95.028397,40.385877],[-95.848093,40.513784],[-96.364324,40.045753],[-96.0592,39.452084],[-95.246862,39.326803]]]}},{"type":"Feature","properties":{"hex_id":"83260dfffffffff","population":684145,"population_year":2025,"area_km2":12270.7,"population_density":55.8,"all_players":1,"players_per_million":1.46,"player_ids":["mlb:656537"],"label":"Des Moines","country":"United States"},"geometry":{"type":"Polygon","coordinates":[[[-93.69402,40.707016],[-93.170249,41.1555],[-93.458032,41.743249],[-94.279322,41.883176],[-94.805538,41.432576],[-94.508107,40.84419],[-93.69402,40.707016]]]}},{"type":"Feature","properties":{"hex_id":"832625fffffffff","population":178846,"population_year":2025,"area_km2":13005.4,"population_density":13.8,"all_players":1,"players_per_million":5.59,"player_ids":["mlb:623433"],"label":"Crosby","country":"United States"},"geometry":{"type":"Polygon","coordinates":[[[-94.321192,46.773779],[-94.927686,46.310174],[-94.614328,45.712403],[-93.711252,45.570842],[-93.099638,46.0249],[-93.395849,46.63002],[-94.321192,46.773779]]]}},{"type":"Feature","properties":{"hex_id":"832626fffffffff","population":268379,"population_year":2025,"area_km2":12870.5,"population_density":20.9,"all_players":2,"players_per_million":7.45,"player_ids":["mlb:621381","mlb:657024"],"label":"West Fargo","country":"United States"},"geometry":{"type":"Polygon","coordinates":[[[-97.112649,47.158207],[-97.687441,46.680814],[-97.337401,46.092366],[-96.427848,45.973213],[-95.845709,46.441407],[-96.180072,47.037925],[-97.112649,47.158207]]]}},{"type":"Feature","properties":{"hex_id":"83262cfffffffff","population":1631636,"population_year":2025,"area_km2":12716.0,"population_density":128.3,"all_players":4,"players_per_million":2.45,"player_ids":["mlb:573204","mlb:663623","mlb:669743","mlb:683737"],"label":"Northfield","country":"United States"},"geometry":{"type":"Polygon","coordinates":[[[-93.418118,44.972526],[-94.011543,44.523028],[-93.721547,43.931759],[-92.8541,43.783029],[-92.256593,44.223095],[-92.530293,44.821273],[-93.418118,44.972526]]]}},{"type":"Feature","properties":{"hex_id":"832640fffffffff","population":1215754,"population_year":2025,"area_km2":12188.8,"population_density":99.7,"all_players":12,"players_per_million":9.87,"player_ids":["mlb:453286","mlb:543056","mlb:592773","mlb:642207","mlb:656557","mlb:663837","mlb:664129","mlb:669062","mlb:669394","mlb:670950","mlb:671131","mlb:686452"],"label":"St. Louis","country":"United States"},"geometry":{"type":"Polygon","coordinates":[[[-89.488721,37.710983],[-88.978357,38.151268],[-89.224131,38.752112],[-89.989901,38.914254],[-90.504095,38.471958],[-90.248742,37.869554],[-89.488721,37.710983]]]}},{"type":"Feature","properties":{"hex_id":"832641fffffffff","population":314733,"population_year":2025,"area_km2":12134.7,"population_density":25.9,"all_players":1,"players_per_million":3.18,"player_ids":["mlb:664208"],"label":"Paducah","country":"United States"},"geometry":{"type":"Polygon","coordinates":[[[-88.497029,36.943778],[-87.990764,37.382074],[-88.226653,37.98492],[-88.978357,38.151268],[-89.488721,37.710983],[-89.243328,37.106362],[-88.497029,36.943778]]]}},{"type":"Feature","properties":{"hex_id":"832644fffffffff","population":355604,"population_year":2025,"area_km2":11997.1,"population_density":29.6,"all_players":2,"players_per_million":5.62,"player_ids":["mlb:666149","mlb:672282"],"label":"Nokomis","country":"United States"},"geometry":{"type":"Polygon","coordinates":[[[-89.224131,38.752112],[-88.708531,39.184826],[-88.831151,39.483485],[-88.934067,39.771437],[-89.726216,39.947222],[-90.245817,39.512589],[-89.989901,38.914254],[-89.224131,38.752112]]]}},{"type":"Feature","properties":{"hex_id":"832646fffffffff","population":1485906,"population_year":2025,"area_km2":12229.6,"population_density":121.5,"all_players":1,"players_per_million":0.67,"player_ids":["mlb:663542"],"label":"Godfrey","country":"United States"},"geometry":{"type":"Polygon","coordinates":[[[-90.504095,38.471958],[-89.989901,38.914254],[-90.245817,39.512589],[-91.025623,39.669988],[-91.54335,39.225656],[-91.2778,38.625984],[-90.504095,38.471958]]]}},{"type":"Feature","properties":{"hex_id":"832649fffffffff","population":797342,"population_year":2025,"area_km2":12148.2,"population_density":65.6,"all_players":9,"players_per_million":11.29,"player_ids":["mlb:518886","mlb:668933","mlb:669371","mlb:676551","mlb:677960","mlb:679822","mlb:681916","mlb:687597","mlb:691799"],"label":"Huntsville","country":"United States"},"geometry":{"type":"Polygon","coordinates":[[[-86.859373,34.345217],[-86.366648,34.786557],[-86.583669,35.394798],[-87.302554,35.563844],[-87.79966,35.120426],[-87.573533,34.510058],[-86.859373,34.345217]]]}},{"type":"Feature","properties":{"hex_id":"83264afffffffff","population":582447,"population_year":2025,"area_km2":12479.4,"population_density":46.7,"all_players":4,"players_per_million":6.87,"player_ids":["mlb:594580","mlb:669020","mlb:680742","mlb:696100"],"label":"Arlington","country":"United States"},"geometry":{"type":"Polygon","coordinates":[[[-89.023559,34.830045],[-88.527196,35.282476],[-88.762626,35.891945],[-89.503561,36.050694],[-90.003698,35.596052],[-89.759172,34.984893],[-89.023559,34.830045]]]}},{"type":"Feature","properties":{"hex_id":"83264bfffffffff","population":311618,"population_year":2025,"area_km2":12395.2,"population_density":25.1,"all_players":2,"players_per_million":6.42,"player_ids":["mlb:605540","mlb:608717"],"label":"Tupelo","country":"United States"},"geometry":{"type":"Polygon","coordinates":[[[-88.065886,34.059836],[-87.573533,34.510058],[-87.79966,35.120426],[-88.527196,35.282476],[-89.023559,34.830045],[-88.788416,34.217794],[-88.065886,34.059836]]]}},{"type":"Feature","properties":{"hex_id":"83264cfffffffff","population":460358,"population_year":2025,"area_km2":12067.7,"population_density":38.1,"all_players":1,"players_per_million":2.17,"player_ids":["mlb:668834"],"label":"Hopkinsville","country":"United States"},"geometry":{"type":"Polygon","coordinates":[[[-87.528774,36.171377],[-87.026846,36.607704],[-87.253117,37.212051],[-87.990764,37.382074],[-88.497029,36.943778],[-88.261349,36.337449],[-87.528774,36.171377]]]}},{"type":"Feature","properties":{"hex_id":"83264dfffffffff","population":2073540,"population_year":2025,"area_km2":11988.0,"population_density":173.0,"all_players":8,"players_per_million":3.86,"player_ids":["mlb:543243","mlb:592662","mlb:605141","mlb:676092","mlb:682171","mlb:687209","mlb:690987","mlb:694918"],"label":"Nashville","country":"United States"},"geometry":{"type":"Polygon","coordinates":[[[-86.583669,35.394798],[-86.086288,35.829173],[-86.303213,36.434527],[-87.026846,36.607704],[-87.528774,36.171377],[-87.302554,35.563844],[-86.583669,35.394798]]]}},{"type":"Feature","properties":{"hex_id":"832653fffffffff","population":572850,"population_year":2025,"area_km2":12870.5,"population_density":44.5,"all_players":1,"players_per_million":1.75,"player_ids":["mlb:805904"],"label":"Springfield","country":"United States"},"geometry":{"type":"Polygon","coordinates":[[[-93.311082,36.785418],[-92.80675,37.253778],[-93.080731,37.858552],[-93.868109,37.995791],[-94.374852,37.525112],[-94.091882,36.919535],[-93.311082,36.785418]]]}},{"type":"Feature","properties":{"hex_id":"832656fffffffff","population":2231700,"population_year":2025,"area_km2":12694.2,"population_density":175.8,"all_players":4,"players_per_million":1.79,"player_ids":["mlb:676879","mlb:686249","mlb:694819","mlb:695600"],"label":"Kansas City","country":"United States"},"geometry":{"type":"Polygon","coordinates":[[[-94.152305,38.597387],[-93.639993,39.060932],[-93.925402,39.658216],[-94.732384,39.792588],[-95.246862,39.326803],[-94.952278,38.728909],[-94.152305,38.597387]]]}},{"type":"Feature","properties":{"hex_id":"832659fffffffff","population":915721,"population_year":2025,"area_km2":12716.0,"population_density":72.0,"all_players":4,"players_per_million":4.37,"player_ids":["mlb:519141","mlb:663586","mlb:667670","mlb:687221"],"label":"Memphis","country":"United States"},"geometry":{"type":"Polygon","coordinates":[[[-90.254317,34.523507],[-89.759172,34.984893],[-90.003698,35.596052],[-90.752375,35.747281],[-91.25088,35.283567],[-90.997401,34.670973],[-90.254317,34.523507]]]}},{"type":"Feature","properties":{"hex_id":"83265afffffffff","population":258382,"population_year":2025,"area_km2":13005.4,"population_density":19.9,"all_players":1,"players_per_million":3.87,"player_ids":["mlb:696136"],"label":"Conway","country":"United States"},"geometry":{"type":"Polygon","coordinates":[[[-92.503027,34.954413],[-92.00665,35.427102],[-92.26977,36.037885],[-93.038126,36.176973],[-93.537123,35.701863],[-93.265212,35.090108],[-92.503027,34.954413]]]}},{"type":"Feature","properties":{"hex_id":"83265bfffffffff","population":573926,"population_year":2025,"area_km2":12945.1,"population_density":44.3,"all_players":1,"players_per_million":1.74,"player_ids":["mlb:596001"],"label":"Jacksonville","country":"United States"},"geometry":{"type":"Polygon","coordinates":[[[-91.490847,34.200716],[-90.997401,34.670973],[-91.25088,35.283567],[-92.00665,35.427102],[-92.503027,34.954413],[-92.240764,34.340643],[-91.490847,34.200716]]]}},{"type":"Feature","properties":{"hex_id":"83265dfffffffff","population":300834,"population_year":2025,"area_km2":12550.3,"population_density":24.0,"all_players":1,"players_per_million":3.32,"player_ids":["mlb:670224"],"label":"Poplar Bluff","country":"United States"},"geometry":{"type":"Polygon","coordinates":[[[-90.003698,35.596052],[-89.503561,36.050694],[-89.748537,36.65876],[-90.50286,36.813692],[-91.006508,36.356833],[-90.752375,35.747281],[-90.003698,35.596052]]]}},{"type":"Feature","properties":{"hex_id":"832660fffffffff","population":229822,"population_year":2025,"area_km2":12188.8,"population_density":18.9,"all_players":1,"players_per_million":4.35,"player_ids":["mlb:642020"],"label":"Danville","country":"United States"},"geometry":{"type":"Polygon","coordinates":[[[-87.944865,41.155384],[-88.549924,40.752956],[-88.345568,40.16974],[-87.551983,39.983909],[-86.946899,40.37707],[-87.135218,40.965255],[-87.944865,41.155384]]]}},{"type":"Feature","properties":{"hex_id":"832661fffffffff","population":1613533,"population_year":2025,"area_km2":12047.7,"population_density":133.9,"all_players":6,"players_per_million":3.72,"player_ids":["mlb:502043","mlb:571466","mlb:674441","mlb:686752","mlb:686753","mlb:696147"],"label":"Indianapolis","country":"United States"},"geometry":{"type":"Polygon","coordinates":[[[-86.946899,40.37707],[-87.551983,39.983909],[-87.362609,39.403972],[-86.583815,39.212519],[-85.979328,39.596509],[-86.152851,40.181046],[-86.946899,40.37707]]]}},{"type":"Feature","properties":{"hex_id":"832662fffffffff","population":610212,"population_year":2025,"area_km2":12067.7,"population_density":50.6,"all_players":3,"players_per_million":4.92,"player_ids":["mlb:592779","mlb:669200","mlb:685326"],"label":"Normal","country":"United States"},"geometry":{"type":"Polygon","coordinates":[[[-89.358359,40.932577],[-89.945935,40.52508],[-89.726216,39.947222],[-88.934067,39.771437],[-88.345568,40.16974],[-88.549924,40.752956],[-89.358359,40.932577]]]}},{"type":"Feature","properties":{"hex_id":"832663fffffffff","population":381108,"population_year":2025,"area_km2":11937.9,"population_density":31.9,"all_players":3,"players_per_million":7.87,"player_ids":["mlb:682120","mlb:685299","mlb:806185"],"label":"Terre Haute","country":"United States"},"geometry":{"type":"Polygon","coordinates":[[[-88.345568,40.16974],[-88.934067,39.771437],[-88.831151,39.483485],[-88.708531,39.184826],[-87.951382,39.014788],[-87.362609,39.403972],[-87.551983,39.983909],[-88.345568,40.16974]]]}},{"type":"Feature","properties":{"hex_id":"832664fffffffff","population":5785032,"population_year":2025,"area_km2":12437.2,"population_density":465.1,"all_players":21,"players_per_million":3.63,"player_ids":["mlb:519008","mlb:595897","mlb:608348","mlb:608650","mlb:608718","mlb:640455","mlb:641302","mlb:656271","mlb:656641","mlb:665155","mlb:669256","mlb:669261","mlb:670059","mlb:676044","mlb:677950","mlb:678020","mlb:680769","mlb:680837","mlb:686681","mlb:690022","mlb:694477"],"label":"Chicago","country":"United States"},"geometry":{"type":"Polygon","coordinates":[[[-87.526255,42.152917],[-88.148719,41.746709],[-87.944865,41.155384],[-87.135218,40.965255],[-86.513012,41.36205],[-86.699978,41.958309],[-87.526255,42.152917]]]}},{"type":"Feature","properties":{"hex_id":"832665fffffffff","population":521413,"population_year":2025,"area_km2":12298.2,"population_density":42.4,"all_players":1,"players_per_million":1.92,"player_ids":["mlb:678022"],"label":"Kokomo","country":"United States"},"geometry":{"type":"Polygon","coordinates":[[[-86.513012,41.36205],[-87.135218,40.965255],[-86.946899,40.37707],[-86.152851,40.181046],[-85.531552,40.568531],[-85.703199,41.161269],[-86.513012,41.36205]]]}},{"type":"Feature","properties":{"hex_id":"832666fffffffff","population":962293,"population_year":2025,"area_km2":12318.9,"population_density":78.1,"all_players":2,"players_per_million":2.08,"player_ids":["mlb:687396","mlb:694851"],"label":"Joliet","country":"United States"},"geometry":{"type":"Polygon","coordinates":[[[-88.974045,41.930329],[-89.578398,41.518555],[-89.358359,40.932577],[-88.549924,40.752956],[-87.944865,41.155384],[-88.148719,41.746709],[-88.974045,41.930329]]]}},{"type":"Feature","properties":{"hex_id":"832668fffffffff","population":1167466,"population_year":2025,"area_km2":11692.4,"population_density":99.8,"all_players":6,"players_per_million":5.14,"player_ids":["mlb:669193","mlb:669257","mlb:690976","mlb:694297","mlb:695734","mlb:700242"],"label":"Louisville","country":"United States"},"geometry":{"type":"Polygon","coordinates":[[[-86.408736,38.636347],[-86.802174,38.382944],[-86.972575,38.241852],[-86.746297,37.641022],[-86.017894,37.463794],[-85.680143,37.744189],[-85.483182,37.867893],[-85.644636,38.439846],[-86.408736,38.636347]]]}},{"type":"Feature","properties":{"hex_id":"83266afffffffff","population":524009,"population_year":2025,"area_km2":11889.7,"population_density":44.1,"all_players":1,"players_per_million":1.91,"player_ids":["mlb:695657"],"label":"Holland","country":"United States"},"geometry":{"type":"Polygon","coordinates":[[[-87.253117,37.212051],[-86.746297,37.641022],[-86.972575,38.241852],[-87.715323,38.415748],[-88.226653,37.98492],[-87.990764,37.382074],[-87.253117,37.212051]]]}},{"type":"Feature","properties":{"hex_id":"83266cfffffffff","population":506521,"population_year":2025,"area_km2":11896.2,"population_density":42.6,"all_players":2,"players_per_million":3.95,"player_ids":["mlb:663773","mlb:694361"],"label":"Bloomington","country":"United States"},"geometry":{"type":"Polygon","coordinates":[[[-85.979328,39.596509],[-86.583815,39.212519],[-86.408736,38.636347],[-85.644636,38.439846],[-85.041311,38.814779],[-85.200755,39.395191],[-85.979328,39.596509]]]}},{"type":"Feature","properties":{"hex_id":"83266dfffffffff","population":999972,"population_year":2025,"area_km2":11735.1,"population_density":85.2,"all_players":2,"players_per_million":2.0,"player_ids":["mlb:621111","mlb:686826"],"label":"Lexington","country":"United States"},"geometry":{"type":"Polygon","coordinates":[[[-85.041311,38.814779],[-85.644636,38.439846],[-85.483182,37.867893],[-84.733645,37.6669],[-84.131994,38.032906],[-84.278055,38.60875],[-85.041311,38.814779]]]}},{"type":"Feature","properties":{"hex_id":"832674fffffffff","population":544243,"population_year":2025,"area_km2":12298.2,"population_density":44.3,"all_players":3,"players_per_million":5.51,"player_ids":["mlb:607067","mlb:608379","mlb:656605"],"label":"Cascade","country":"United States"},"geometry":{"type":"Polygon","coordinates":[[[-91.476262,42.44496],[-92.059814,42.018933],[-91.807892,41.436846],[-90.987644,41.274622],[-90.401697,41.691368],[-90.638134,42.279561],[-91.476262,42.44496]]]}},{"type":"Feature","properties":{"hex_id":"832675fffffffff","population":505442,"population_year":2025,"area_km2":12188.8,"population_density":41.5,"all_players":1,"players_per_million":1.98,"player_ids":["mlb:670231"],"label":"Canton","country":"United States"},"geometry":{"type":"Polygon","coordinates":[[[-90.401697,41.691368],[-90.987644,41.274622],[-90.752158,40.694374],[-89.945935,40.52508],[-89.358359,40.932577],[-89.578398,41.518555],[-90.401697,41.691368]]]}},{"type":"Feature","properties":{"hex_id":"832681fffffffff","population":1029015,"population_year":2025,"area_km2":13361.1,"population_density":77.0,"all_players":3,"players_per_million":2.92,"player_ids":["mlb:656458","mlb:669308","mlb:681517"],"label":"Westminster","country":"United States"},"geometry":{"type":"Polygon","coordinates":[[[-105.412875,39.363927],[-104.928668,39.882147],[-105.296462,40.456659],[-106.154962,40.511592],[-106.636549,39.991255],[-106.262394,39.418114],[-105.412875,39.363927]]]}},{"type":"Feature","properties":{"hex_id":"83268cfffffffff","population":2583743,"population_year":2025,"area_km2":13448.5,"population_density":192.1,"all_players":12,"players_per_million":4.64,"player_ids":["mlb:572955","mlb:573124","mlb:592332","mlb:607536","mlb:621051","mlb:621114","mlb:643511","mlb:656849","mlb:668974","mlb:676466","mlb:686823","mlb:687911"],"label":"Denver","country":"United States"},"geometry":{"type":"Polygon","coordinates":[[[-104.205999,38.721189],[-103.71972,39.237206],[-104.077647,39.818276],[-104.928668,39.882147],[-105.412875,39.363927],[-105.048267,38.784053],[-104.205999,38.721189]]]}},{"type":"Feature","properties":{"hex_id":"832695fffffffff","population":42828,"population_year":2025,"area_km2":13235.5,"population_density":3.2,"all_players":1,"players_per_million":23.35,"player_ids":["mlb:681151"],"label":"Vernal","country":"United States"},"geometry":{"type":"Polygon","coordinates":[[[-109.207328,40.107744],[-108.738232,40.638152],[-109.131063,41.19652],[-109.998198,41.222639],[-110.463009,40.690423],[-110.065117,40.133901],[-109.207328,40.107744]]]}},{"type":"Feature","properties":{"hex_id":"832696fffffffff","population":2210821,"population_year":2025,"area_km2":13165.8,"population_density":167.9,"all_players":6,"players_per_million":2.71,"player_ids":["mlb:621383","mlb:676263","mlb:686554","mlb:687606","mlb:687863","mlb:695257"],"label":"Salt Lake City","country":"United States"},"geometry":{"type":"Polygon","coordinates":[[[-111.779687,40.167177],[-111.325006,40.706905],[-111.731524,41.255312],[-112.596923,41.261888],[-113.046271,40.72062],[-112.6357,40.174318],[-111.779687,40.167177]]]}},{"type":"Feature","properties":{"hex_id":"83269bfffffffff","population":110242,"population_year":2025,"area_km2":13951.3,"population_density":7.9,"all_players":1,"players_per_million":9.07,"player_ids":["mlb:681217"],"label":"Farmington","country":"United States"},"geometry":{"type":"Polygon","coordinates":[[[-108.222119,36.158816],[-107.765325,36.703636],[-108.13836,37.285461],[-108.973367,37.320636],[-109.426576,36.773804],[-109.048494,36.193817],[-108.222119,36.158816]]]}},{"type":"Feature","properties":{"hex_id":"8326aafffffffff","population":897258,"population_year":2025,"area_km2":13235.5,"population_density":67.8,"all_players":1,"players_per_million":1.11,"player_ids":["mlb:668390"],"label":"Longmont","country":"United States"},"geometry":{"type":"Polygon","coordinates":[[[-104.077647,39.818276],[-103.585629,40.327926],[-103.946556,40.90361],[-104.806505,40.968486],[-105.296462,40.456659],[-104.928668,39.882147],[-104.077647,39.818276]]]}},{"type":"Feature","properties":{"hex_id":"8326aefffffffff","population":102286,"population_year":2025,"area_km2":13012.9,"population_density":7.9,"all_players":1,"players_per_million":9.78,"player_ids":["mlb:607043"],"label":"Cheyenne","country":"United States"},"geometry":{"type":"Polygon","coordinates":[[[-103.946556,40.90361],[-103.448669,41.406592],[-103.812638,41.976595],[-104.681696,42.042476],[-105.177534,41.537334],[-104.806505,40.968486],[-103.946556,40.90361]]]}},{"type":"Feature","properties":{"hex_id":"8326c1fffffffff","population":1409260,"population_year":2025,"area_km2":13642.7,"population_density":103.3,"all_players":4,"players_per_million":2.84,"player_ids":["mlb:571760","mlb:592663","mlb:605242","mlb:690990"],"label":"Oklahoma City","country":"United States"},"geometry":{"type":"Polygon","coordinates":[[[-97.351395,34.591699],[-96.863145,35.093055],[-97.161633,35.702999],[-97.956398,35.811583],[-98.445453,35.30764],[-98.139031,34.697721],[-97.351395,34.591699]]]}},{"type":"Feature","properties":{"hex_id":"8326c5fffffffff","population":230433,"population_year":2025,"area_km2":13472.5,"population_density":17.1,"all_players":1,"players_per_million":4.34,"player_ids":["mlb:801139"],"label":"Stillwater","country":"United States"},"geometry":{"type":"Polygon","coordinates":[[[-97.161633,35.702999],[-96.668006,36.198341],[-96.968153,36.804751],[-97.770159,36.915868],[-98.264682,36.418022],[-97.956398,35.811583],[-97.161633,35.702999]]]}},{"type":"Feature","properties":{"hex_id":"8326c8fffffffff","population":4676776,"population_year":2025,"area_km2":13766.4,"population_density":339.7,"all_players":9,"players_per_million":1.92,"player_ids":["mlb:621363","mlb:668723","mlb:669160","mlb:669438","mlb:669449","mlb:677951","mlb:681807","mlb:691783","mlb:699625"],"label":"Colleyville","country":"United States"},"geometry":{"type":"Polygon","coordinates":[[[-96.471973,32.747056],[-95.990106,33.251328],[-96.277437,33.86704],[-97.054564,33.978612],[-97.53754,33.471612],[-97.242365,32.855789],[-96.471973,32.747056]]]}},{"type":"Feature","properties":{"hex_id":"8326c9fffffffff","population":637907,"population_year":2025,"area_km2":13716.7,"population_density":46.5,"all_players":1,"players_per_million":1.57,"player_ids":["mlb:621345"],"label":"Tyler","country":"United States"},"geometry":{"type":"Polygon","coordinates":[[[-95.426216,32.015413],[-94.945821,32.516906],[-95.223765,33.1347],[-95.990106,33.251328],[-96.471973,32.747056],[-96.186106,32.128956],[-95.426216,32.015413]]]}},{"type":"Feature","properties":{"hex_id":"8326cafffffffff","population":987920,"population_year":2025,"area_km2":13942.8,"population_density":70.9,"all_players":1,"players_per_million":1.01,"player_ids":["mlb:693821"],"label":"Decatur","country":"United States"},"geometry":{"type":"Polygon","coordinates":[[[-97.720168,32.343534],[-97.242365,32.855789],[-97.53754,33.471612],[-98.318157,33.575045],[-98.796598,33.060022],[-98.493873,32.444355],[-97.720168,32.343534]]]}},{"type":"Feature","properties":{"hex_id":"8326cbfffffffff","population":2915642,"population_year":2025,"area_km2":13900.5,"population_density":209.8,"all_players":19,"players_per_million":6.52,"player_ids":["mlb:455119","mlb:477132","mlb:519151","mlb:571948","mlb:595928","mlb:596115","mlb:605137","mlb:605507","mlb:622268","mlb:641856","mlb:656541","mlb:663574","mlb:663757","mlb:668984","mlb:669704","mlb:690925","mlb:695549","mlb:696270","mlb:700363"],"label":"Dallas","country":"United States"},"geometry":{"type":"Polygon","coordinates":[[[-96.66289,31.619531],[-96.186106,32.128956],[-96.471973,32.747056],[-97.242365,32.855789],[-97.720168,32.343534],[-97.426644,31.725397],[-96.66289,31.619531]]]}},{"type":"Feature","properties":{"hex_id":"8326d1fffffffff","population":285844,"population_year":2025,"area_km2":13968.4,"population_density":20.5,"all_players":2,"players_per_million":7.0,"player_ids":["mlb:668670","mlb:677008"],"label":"Amarillo","country":"United States"},"geometry":{"type":"Polygon","coordinates":[[[-101.005835,34.466369],[-100.527345,34.986722],[-100.850877,35.592454],[-101.660078,35.677119],[-102.137935,35.154214],[-101.807332,34.549214],[-101.005835,34.466369]]]}},{"type":"Feature","properties":{"hex_id":"8326d9fffffffff","population":188607,"population_year":2025,"area_km2":14105.7,"population_density":13.4,"all_players":2,"players_per_million":10.6,"player_ids":["mlb:663436","mlb:673965"],"label":"Abilene","country":"United States"},"geometry":{"type":"Polygon","coordinates":[[[-98.967163,31.924388],[-98.493873,32.444355],[-98.796598,33.060022],[-99.579941,33.15532],[-100.053399,32.63256],[-99.74344,32.017315],[-98.967163,31.924388]]]}},{"type":"Feature","properties":{"hex_id":"8326ddfffffffff","population":128378,"population_year":2025,"area_km2":13968.4,"population_density":9.2,"all_players":1,"players_per_million":7.79,"player_ids":["mlb:518489"],"label":"Wichita Falls","country":"United States"},"geometry":{"type":"Polygon","coordinates":[[[-98.796598,33.060022],[-98.318157,33.575045],[-98.622726,34.188046],[-99.413249,34.285696],[-99.891927,33.767972],[-99.579941,33.15532],[-98.796598,33.060022]]]}},{"type":"Feature","properties":{"hex_id":"8326defffffffff","population":342764,"population_year":2025,"area_km2":14123.1,"population_density":24.3,"all_players":1,"players_per_million":2.92,"player_ids":["mlb:690924"],"label":"Lubbock","country":"United States"},"geometry":{"type":"Polygon","coordinates":[[[-101.157762,33.331802],[-100.684548,33.857274],[-101.005835,34.466369],[-101.807332,34.549214],[-102.279867,34.021113],[-101.95169,33.412813],[-101.157762,33.331802]]]}},{"type":"Feature","properties":{"hex_id":"8326e3fffffffff","population":646089,"population_year":2025,"area_km2":13290.2,"population_density":48.6,"all_players":2,"players_per_million":3.1,"player_ids":["mlb:595014","mlb:671284"],"label":"Wichita","country":"United States"},"geometry":{"type":"Polygon","coordinates":[[[-96.968153,36.804751],[-96.469042,37.293732],[-96.770849,37.896237],[-97.58021,38.009858],[-98.080312,37.518448],[-97.770159,36.915868],[-96.968153,36.804751]]]}},{"type":"Feature","properties":{"hex_id":"8326e5fffffffff","population":404374,"population_year":2025,"area_km2":12900.3,"population_density":31.3,"all_players":4,"players_per_million":9.89,"player_ids":["mlb:607732","mlb:664076","mlb:666171","mlb:666214"],"label":"Lawrence","country":"United States"},"geometry":{"type":"Polygon","coordinates":[[[-95.461057,38.255916],[-94.952278,38.728909],[-95.246862,39.326803],[-96.0592,39.452084],[-96.569611,38.976782],[-96.266144,38.37853],[-95.461057,38.255916]]]}},{"type":"Feature","properties":{"hex_id":"8326e8fffffffff","population":481194,"population_year":2025,"area_km2":13258.9,"population_density":36.3,"all_players":2,"players_per_million":4.16,"player_ids":["mlb:605288","mlb:664854"],"label":"Tahlequah","country":"United States"},"geometry":{"type":"Polygon","coordinates":[[[-94.807341,35.348769],[-94.31143,35.832811],[-94.593159,36.442016],[-95.3794,36.567702],[-95.877105,36.081178],[-95.586856,35.471473],[-94.807341,35.348769]]]}},{"type":"Feature","properties":{"hex_id":"8326eafffffffff","population":462242,"population_year":2025,"area_km2":13456.5,"population_density":34.4,"all_players":1,"players_per_million":2.16,"player_ids":["mlb:592351"],"label":"Shawnee","country":"United States"},"geometry":{"type":"Polygon","coordinates":[[[-96.079182,34.978672],[-95.586856,35.471473],[-95.877105,36.081178],[-96.668006,36.198341],[-97.161633,35.702999],[-96.863145,35.093055],[-96.079182,34.978672]]]}},{"type":"Feature","properties":{"hex_id":"8326ecfffffffff","population":331919,"population_year":2025,"area_km2":13081.4,"population_density":25.4,"all_players":1,"players_per_million":3.01,"player_ids":["mlb:701121"],"label":"Joplin","country":"United States"},"geometry":{"type":"Polygon","coordinates":[[[-94.593159,36.442016],[-94.091882,36.919535],[-94.374852,37.525112],[-95.167911,37.653738],[-95.6711,37.173824],[-95.3794,36.567702],[-94.593159,36.442016]]]}},{"type":"Feature","properties":{"hex_id":"8326edfffffffff","population":722446,"population_year":2025,"area_km2":13050.9,"population_density":55.4,"all_players":1,"players_per_million":1.38,"player_ids":["mlb:656222"],"label":"Fayetteville","country":"United States"},"geometry":{"type":"Polygon","coordinates":[[[-93.537123,35.701863],[-93.038126,36.176973],[-93.311082,36.785418],[-94.091882,36.919535],[-94.593159,36.442016],[-94.31143,35.832811],[-93.537123,35.701863]]]}},{"type":"Feature","properties":{"hex_id":"8326eefffffffff","population":461039,"population_year":2025,"area_km2":13282.4,"population_density":34.7,"all_players":4,"players_per_million":8.68,"player_ids":["mlb:641672","mlb:669330","mlb:676917","mlb:681146"],"label":"Tulsa","country":"United States"},"geometry":{"type":"Polygon","coordinates":[[[-95.877105,36.081178],[-95.3794,36.567702],[-95.6711,37.173824],[-96.469042,37.293732],[-96.968153,36.804751],[-96.668006,36.198341],[-95.877105,36.081178]]]}},{"type":"Feature","properties":{"hex_id":"83271cfffffffff","population":851693,"population_year":2025,"area_km2":13290.2,"population_density":64.1,"all_players":1,"players_per_million":1.17,"player_ids":["mlb:671976"],"label":"Winkler","country":"Canada"},"geometry":{"type":"Polygon","coordinates":[[[-97.993762,50.038615],[-98.596277,49.542142],[-98.210218,48.944917],[-97.238462,48.83552],[-96.626804,49.322624],[-96.995553,49.92847],[-97.993762,50.038615]]]}},{"type":"Feature","properties":{"hex_id":"832748fffffffff","population":1699972,"population_year":2025,"area_km2":12781.8,"population_density":133.0,"all_players":4,"players_per_million":2.35,"player_ids":["mlb:664991","mlb:672391","mlb:680474","mlb:694362"],"label":"Holland","country":"United States"},"geometry":{"type":"Polygon","coordinates":[[[-85.585947,43.365399],[-86.245058,42.962497],[-86.059782,42.358364],[-85.233677,42.152627],[-84.57622,42.545951],[-84.743005,43.154499],[-85.585947,43.365399]]]}},{"type":"Feature","properties":{"hex_id":"832749fffffffff","population":763352,"population_year":2025,"area_km2":12636.3,"population_density":60.4,"all_players":2,"players_per_million":2.62,"player_ids":["mlb:686894","mlb:688138"],"label":"Sylvania","country":"United States"},"geometry":{"type":"Polygon","coordinates":[[[-84.57622,42.545951],[-85.233677,42.152627],[-85.064262,41.551876],[-84.255366,41.340336],[-83.600197,41.724215],[-83.75145,42.328986],[-84.57622,42.545951]]]}},{"type":"Feature","properties":{"hex_id":"83274bfffffffff","population":1078718,"population_year":2025,"area_km2":12543.2,"population_density":86.0,"all_players":2,"players_per_million":1.85,"player_ids":["mlb:674072","mlb:694359"],"label":"Portage","country":"United States"},"geometry":{"type":"Polygon","coordinates":[[[-86.059782,42.358364],[-86.699978,41.958309],[-86.513012,41.36205],[-85.703199,41.161269],[-85.064262,41.551876],[-85.233677,42.152627],[-86.059782,42.358364]]]}},{"type":"Feature","properties":{"hex_id":"83274cfffffffff","population":381359,"population_year":2025,"area_km2":13012.9,"population_density":29.3,"all_players":1,"players_per_million":2.62,"player_ids":["mlb:669211"],"label":"Alma","country":"United States"},"geometry":{"type":"Polygon","coordinates":[[[-85.090138,44.382483],[-85.769155,43.977182],[-85.585947,43.365399],[-84.743005,43.154499],[-84.066088,43.550097],[-84.229798,44.166202],[-85.090138,44.382483]]]}},{"type":"Feature","properties":{"hex_id":"83274dfffffffff","population":2049602,"population_year":2025,"area_km2":12870.5,"population_density":159.2,"all_players":2,"players_per_million":0.98,"player_ids":["mlb:669242","mlb:680885"],"label":"Saginaw","country":"United States"},"geometry":{"type":"Polygon","coordinates":[[[-84.066088,43.550097],[-84.743005,43.154499],[-84.57622,42.545951],[-83.75145,42.328986],[-83.07729,42.715021],[-83.224953,43.327485],[-84.066088,43.550097]]]}},{"type":"Feature","properties":{"hex_id":"832751fffffffff","population":279315,"population_year":2025,"area_km2":13012.9,"population_density":21.5,"all_players":1,"players_per_million":3.58,"player_ids":["mlb:662139"],"label":"Marshfield","country":"United States"},"geometry":{"type":"Polygon","coordinates":[[[-90.384245,45.541069],[-91.021958,45.102357],[-90.765566,44.497647],[-89.88945,44.325461],[-89.249838,44.754421],[-89.487936,45.365248],[-90.384245,45.541069]]]}},{"type":"Feature","properties":{"hex_id":"832752fffffffff","population":2195252,"population_year":2025,"area_km2":12945.1,"population_density":169.6,"all_players":11,"players_per_million":5.01,"player_ids":["mlb:640462","mlb:656420","mlb:663546","mlb:670242","mlb:676974","mlb:680702","mlb:681393","mlb:686555","mlb:686973","mlb:687551","mlb:800049"],"label":"St. Paul","country":"United States"},"geometry":{"type":"Polygon","coordinates":[[[-93.099638,46.0249],[-93.711252,45.570842],[-93.418118,44.972526],[-92.530293,44.821273],[-91.914646,45.265738],[-92.190515,45.870995],[-93.099638,46.0249]]]}},{"type":"Feature","properties":{"hex_id":"832753fffffffff","population":304500,"population_year":2025,"area_km2":12870.5,"population_density":23.7,"all_players":1,"players_per_million":3.28,"player_ids":["mlb:679631"],"label":"Menomonie","country":"United States"},"geometry":{"type":"Polygon","coordinates":[[[-91.914646,45.265738],[-92.530293,44.821273],[-92.256593,44.223095],[-91.384239,44.06279],[-90.765566,44.497647],[-91.021958,45.102357],[-91.914646,45.265738]]]}},{"type":"Feature","properties":{"hex_id":"832758fffffffff","population":996156,"population_year":2025,"area_km2":12679.7,"population_density":78.6,"all_players":3,"players_per_million":3.01,"player_ids":["mlb:666163","mlb:686948","mlb:702176"],"label":"Madison","country":"United States"},"geometry":{"type":"Polygon","coordinates":[[[-89.651675,43.721955],[-90.272443,43.296693],[-90.035232,42.70074],[-89.194191,42.524254],[-88.572184,42.939958],[-88.792193,43.541634],[-89.651675,43.721955]]]}},{"type":"Feature","properties":{"hex_id":"832759fffffffff","population":4266588,"population_year":2025,"area_km2":12564.6,"population_density":339.6,"all_players":22,"players_per_million":5.16,"player_ids":["mlb:572191","mlb:605361","mlb:621366","mlb:643376","mlb:643565","mlb:663897","mlb:666158","mlb:669199","mlb:670032","mlb:670183","mlb:676116","mlb:676272","mlb:679358","mlb:680736","mlb:682990","mlb:688297","mlb:689266","mlb:694335","mlb:695391","mlb:702332","mlb:702795","mlb:805427"],"label":"Elk Grove","country":"United States"},"geometry":{"type":"Polygon","coordinates":[[[-88.572184,42.939958],[-89.194191,42.524254],[-88.974045,41.930329],[-88.148719,41.746709],[-87.526255,42.152917],[-87.729334,42.752167],[-88.572184,42.939958]]]}},{"type":"Feature","properties":{"hex_id":"83275cfffffffff","population":655287,"population_year":2025,"area_km2":12915.2,"population_density":50.7,"all_players":1,"players_per_million":1.53,"player_ids":["mlb:676961"],"label":"Hortonville","country":"United States"},"geometry":{"type":"Polygon","coordinates":[[[-89.249838,44.754421],[-89.88945,44.325461],[-89.651675,43.721955],[-88.792193,43.541634],[-88.151586,43.960885],[-88.371179,44.57009],[-89.249838,44.754421]]]}},{"type":"Feature","properties":{"hex_id":"83275dfffffffff","population":1811811,"population_year":2025,"area_km2":12803.9,"population_density":141.5,"all_players":3,"players_per_million":1.66,"player_ids":["mlb:664126","mlb:672284","mlb:680911"],"label":"Waukesha","country":"United States"},"geometry":{"type":"Polygon","coordinates":[[[-88.151586,43.960885],[-88.792193,43.541634],[-88.572184,42.939958],[-87.729334,42.752167],[-87.088558,43.161775],[-87.290551,43.768738],[-88.151586,43.960885]]]}},{"type":"Feature","properties":{"hex_id":"83279efffffffff","population":159437,"population_year":2025,"area_km2":12047.7,"population_density":13.2,"all_players":1,"players_per_million":6.27,"player_ids":["mlb:687529"],"label":"Billings","country":"United States"},"geometry":{"type":"Polygon","coordinates":[[[-108.808647,45.42344],[-108.3105,45.920558],[-108.723407,46.445758],[-109.640451,46.472025],[-110.133985,45.973009],[-109.715262,45.449631],[-108.808647,45.42344]]]}},{"type":"Feature","properties":{"hex_id":"832813fffffffff","population":62520,"population_year":2025,"area_km2":12270.7,"population_density":5.1,"all_players":1,"players_per_million":15.99,"player_ids":["mlb:664913"],"label":"Klamath Falls","country":"United States"},"geometry":{"type":"Polygon","coordinates":[[[-120.721149,41.541169],[-120.323258,42.098793],[-120.770787,42.597112],[-121.616722,42.535325],[-122.006056,41.977438],[-121.55814,41.48159],[-120.721149,41.541169]]]}},{"type":"Feature","properties":{"hex_id":"83281efffffffff","population":241957,"population_year":2025,"area_km2":12047.7,"population_density":20.1,"all_players":1,"players_per_million":4.13,"player_ids":["mlb:689200"],"label":"Medford","country":"United States"},"geometry":{"type":"Polygon","coordinates":[[[-122.006056,41.977438],[-121.616722,42.535325],[-122.069743,43.023878],[-122.91207,42.952083],[-123.292429,42.394138],[-122.839558,41.908033],[-122.006056,41.977438]]]}},{"type":"Feature","properties":{"hex_id":"832830fffffffff","population":5390523,"population_year":2025,"area_km2":12833.4,"population_density":420.0,"all_players":26,"players_per_million":4.82,"player_ids":["mlb:518397","mlb:543760","mlb:596112","mlb:605452","mlb:621112","mlb:657240","mlb:657746","mlb:663538","mlb:663616","mlb:664062","mlb:668952","mlb:669288","mlb:669373","mlb:669459","mlb:669622","mlb:669947","mlb:670156","mlb:677060","mlb:677347","mlb:677865","mlb:679529","mlb:680862","mlb:683734","mlb:687473","mlb:687952","mlb:693433"],"label":"San Francisco","country":"United States"},"geometry":{"type":"Polygon","coordinates":[[[-121.764466,37.675694],[-121.389711,38.251087],[-121.822972,38.767388],[-122.631058,38.705571],[-122.997641,38.130127],[-122.564417,37.616538],[-121.764466,37.675694]]]}},{"type":"Feature","properties":{"hex_id":"832831fffffffff","population":156376,"population_year":2025,"area_km2":12607.6,"population_density":12.4,"all_players":1,"players_per_million":6.39,"player_ids":["mlb:669920"],"label":"Windsor","country":"United States"},"geometry":{"type":"Polygon","coordinates":[[[-122.997641,38.130127],[-122.631058,38.705571],[-123.069035,39.212682],[-123.873187,39.141657],[-124.231246,38.566387],[-123.79378,38.061954],[-122.997641,38.130127]]]}},{"type":"Feature","properties":{"hex_id":"832832fffffffff","population":2731247,"population_year":2025,"area_km2":12870.5,"population_density":212.2,"all_players":10,"players_per_million":3.66,"player_ids":["mlb:605204","mlb:624513","mlb:642133","mlb:656555","mlb:657277","mlb:664770","mlb:666185","mlb:669674","mlb:683232","mlb:688107"],"label":"Sacramento","country":"United States"},"geometry":{"type":"Polygon","coordinates":[[[-120.578459,38.303656],[-120.19218,38.874913],[-120.625018,39.393868],[-121.444673,39.3389],[-121.822972,38.767388],[-121.389711,38.251087],[-120.578459,38.303656]]]}},{"type":"Feature","properties":{"hex_id":"832834fffffffff","population":3936879,"population_year":2025,"area_km2":13005.4,"population_density":302.7,"all_players":17,"players_per_million":4.32,"player_ids":["mlb:592192","mlb:592626","mlb:623167","mlb:640454","mlb:656457","mlb:657649","mlb:663460","mlb:664192","mlb:668674","mlb:670276","mlb:676969","mlb:680757","mlb:681546","mlb:685801","mlb:690984","mlb:690986","mlb:807712"],"label":"San Jose","country":"United States"},"geometry":{"type":"Polygon","coordinates":[[[-121.707157,36.574218],[-121.335882,37.15313],[-121.764466,37.675694],[-122.564417,37.616538],[-122.927704,37.037552],[-122.499133,36.517784],[-121.707157,36.574218]]]}},{"type":"Feature","properties":{"hex_id":"832836fffffffff","population":1853463,"population_year":2025,"area_km2":13050.9,"population_density":142.0,"all_players":5,"players_per_million":2.7,"player_ids":["mlb:592450","mlb:664954","mlb:665152","mlb:676395","mlb:691016"],"label":"Stockton","country":"United States"},"geometry":{"type":"Polygon","coordinates":[[[-120.532864,37.20324],[-120.150308,37.778361],[-120.578459,38.303656],[-121.389711,38.251087],[-121.764466,37.675694],[-121.335882,37.15313],[-120.532864,37.20324]]]}},{"type":"Feature","properties":{"hex_id":"832884fffffffff","population":717764,"population_year":2025,"area_km2":12423.2,"population_density":57.8,"all_players":1,"players_per_million":1.39,"player_ids":["mlb:683021"],"label":"Boise","country":"United States"},"geometry":{"type":"Polygon","coordinates":[[[-115.603107,42.837738],[-115.161163,43.375824],[-115.596655,43.890848],[-116.476865,43.865478],[-116.911677,43.32631],[-116.473562,42.813588],[-115.603107,42.837738]]]}},{"type":"Feature","properties":{"hex_id":"832898fffffffff","population":118100,"population_year":2025,"area_km2":11640.2,"population_density":10.1,"all_players":1,"players_per_million":8.47,"player_ids":["mlb:676051"],"label":"Missoula","country":"United States"},"geometry":{"type":"Polygon","coordinates":[[[-114.216002,46.493435],[-113.746067,47.004517],[-114.193051,47.499511],[-115.113636,47.48119],[-115.576402,46.968697],[-115.125929,46.475931],[-114.216002,46.493435]]]}},{"type":"Feature","properties":{"hex_id":"8328d0fffffffff","population":521262,"population_year":2025,"area_km2":10891.0,"population_density":47.9,"all_players":1,"players_per_million":1.92,"player_ids":["mlb:676254"],"label":"Arlington","country":"United States"},"geometry":{"type":"Polygon","coordinates":[[[-121.036149,47.680833],[-120.612836,48.203918],[-121.092935,48.655769],[-121.996776,48.582192],[-122.410175,48.058569],[-121.9298,47.609046],[-121.036149,47.680833]]]}},{"type":"Feature","properties":{"hex_id":"8328d1fffffffff","population":955300,"population_year":2025,"area_km2":10675.2,"population_density":89.5,"all_players":1,"players_per_million":1.05,"player_ids":["mlb:601713"],"label":"Victoria","country":"Canada"},"geometry":{"type":"Polygon","coordinates":[[[-122.410175,48.058569],[-121.996776,48.582192],[-122.483019,49.023551],[-123.38243,48.938973],[-123.785414,48.414997],[-123.299549,47.975934],[-122.410175,48.058569]]]}},{"type":"Feature","properties":{"hex_id":"8328d5fffffffff","population":3750504,"population_year":2025,"area_km2":10913.5,"population_density":343.7,"all_players":16,"players_per_million":4.27,"player_ids":["mlb:476594","mlb:571510","mlb:592155","mlb:605483","mlb:624424","mlb:624512","mlb:656257","mlb:656413","mlb:656876","mlb:666915","mlb:676083","mlb:676617","mlb:680718","mlb:682998","mlb:687765","mlb:687859"],"label":"Seattle","country":"United States"},"geometry":{"type":"Polygon","coordinates":[[[-122.338989,47.079205],[-121.9298,47.609046],[-122.410175,48.058569],[-123.299549,47.975934],[-123.698586,47.445812],[-123.218544,46.998589],[-122.338989,47.079205]]]}},{"type":"Feature","properties":{"hex_id":"8328defffffffff","population":2910777,"population_year":2025,"area_km2":10449.9,"population_density":278.5,"all_players":2,"players_per_million":0.69,"player_ids":["mlb:641933","mlb:671922"],"label":"Burnaby","country":"Canada"},"geometry":{"type":"Polygon","coordinates":[[[-122.483019,49.023551],[-122.065326,49.540804],[-122.693479,49.991247],[-123.537049,49.895381],[-123.603627,49.715402],[-123.874258,49.369796],[-123.38243,48.938973],[-122.483019,49.023551]]]}},{"type":"Feature","properties":{"hex_id":"8328f0fffffffff","population":2758698,"population_year":2025,"area_km2":11381.2,"population_density":242.4,"all_players":6,"players_per_million":2.17,"player_ids":["mlb:668939","mlb:669127","mlb:669450","mlb:685126","mlb:690953","mlb:694374"],"label":"Portland","country":"United States"},"geometry":{"type":"Polygon","coordinates":[[[-122.201369,45.078438],[-121.800354,45.620169],[-122.269405,46.085726],[-123.139352,46.007203],[-123.530712,45.465305],[-123.061914,45.002083],[-122.201369,45.078438]]]}},{"type":"Feature","properties":{"hex_id":"8328f4fffffffff","population":686542,"population_year":2025,"area_km2":11608.9,"population_density":59.1,"all_players":1,"players_per_million":1.46,"player_ids":["mlb:657044"],"label":"Turner","country":"United States"},"geometry":{"type":"Polygon","coordinates":[[[-122.134831,44.057691],[-121.737785,44.605053],[-122.201369,45.078438],[-123.061914,45.002083],[-123.44954,44.4546],[-122.986171,43.983579],[-122.134831,44.057691]]]}},{"type":"Feature","properties":{"hex_id":"832912fffffffff","population":619156,"population_year":2025,"area_km2":13716.7,"population_density":45.1,"all_players":4,"players_per_million":6.46,"player_ids":["mlb:543510","mlb:642100","mlb:643446","mlb:689041"],"label":"Santa Barbara","country":"United States"},"geometry":{"type":"Polygon","coordinates":[[[-119.209803,33.334481],[-118.831067,33.918266],[-119.240554,34.468622],[-120.029767,34.432185],[-120.401565,33.847783],[-119.991193,33.300425],[-119.209803,33.334481]]]}},{"type":"Feature","properties":{"hex_id":"832913fffffffff","population":207126,"population_year":2025,"area_km2":13520.8,"population_density":15.3,"all_players":3,"players_per_million":14.48,"player_ids":["mlb:657612","mlb:669422","mlb:669684"],"label":"Mission Hills","country":"United States"},"geometry":{"type":"Polygon","coordinates":[[[-120.401565,33.847783],[-120.029767,34.432185],[-120.444444,34.974563],[-121.231482,34.929532],[-121.595985,34.344744],[-121.180848,33.805363],[-120.401565,33.847783]]]}},{"type":"Feature","properties":{"hex_id":"832986fffffffff","population":2767859,"population_year":2025,"area_km2":13816.5,"population_density":200.3,"all_players":8,"players_per_million":2.89,"player_ids":["mlb:502054","mlb:542881","mlb:547180","mlb:592178","mlb:607200","mlb:623149","mlb:669194","mlb:681082"],"label":"Las Vegas","country":"United States"},"geometry":{"type":"Polygon","coordinates":[[[-114.419356,35.717353],[-113.999549,36.284189],[-114.400936,36.845397],[-115.225,36.837239],[-115.638998,36.269115],[-115.234869,35.710433],[-114.419356,35.717353]]]}},{"type":"Feature","properties":{"hex_id":"832989fffffffff","population":827477,"population_year":2025,"area_km2":12892.8,"population_density":64.2,"all_players":3,"players_per_million":3.63,"player_ids":["mlb:641658","mlb:676812","mlb:700249"],"label":"Reno","country":"United States"},"geometry":{"type":"Polygon","coordinates":[[[-119.370054,38.920414],[-118.972229,39.486995],[-119.404157,40.008542],[-120.234943,39.960907],[-120.625018,39.393868],[-120.19218,38.874913],[-119.370054,38.920414]]]}},{"type":"Feature","properties":{"hex_id":"8329a0fffffffff","population":7767902,"population_year":2025,"area_km2":13942.8,"population_density":557.1,"all_players":47,"players_per_million":6.05,"player_ids":["mlb:458677","mlb:518692","mlb:547179","mlb:554431","mlb:595345","mlb:595453","mlb:595978","mlb:605131","mlb:621057","mlb:641857","mlb:642180","mlb:656288","mlb:656305","mlb:656638","mlb:657097","mlb:657756","mlb:663465","mlb:663559","mlb:663941","mlb:664238","mlb:664728","mlb:666150","mlb:666157","mlb:666165","mlb:668904","mlb:668930","mlb:669003","mlb:669392","mlb:669456","mlb:669467","mlb:671289","mlb:674841","mlb:675915","mlb:676440","mlb:676572","mlb:680574","mlb:680776","mlb:683227","mlb:683766","mlb:688158","mlb:694973","mlb:700187","mlb:700241","mlb:701552","mlb:804668","mlb:805249","mlb:805373"],"label":"Mission Viejo","country":"United States"},"geometry":{"type":"Polygon","coordinates":[[[-116.844972,33.407616],[-116.449556,33.986961],[-116.851778,34.547853],[-117.651276,34.526528],[-118.040386,33.946172],[-117.636417,33.388145],[-116.844972,33.407616]]]}},{"type":"Feature","properties":{"hex_id":"8329a1fffffffff","population":7894449,"population_year":2025,"area_km2":13766.4,"population_density":573.5,"all_players":29,"players_per_million":3.67,"player_ids":["mlb:445926","mlb:543859","mlb:592885","mlb:607481","mlb:607680","mlb:608331","mlb:608337","mlb:623168","mlb:642086","mlb:656427","mlb:657514","mlb:668881","mlb:668941","mlb:669208","mlb:669374","mlb:671737","mlb:676070","mlb:676356","mlb:676701","mlb:680767","mlb:683155","mlb:686765","mlb:687922","mlb:691718","mlb:691720","mlb:691777","mlb:694376","mlb:701487","mlb:805779"],"label":"Los Angeles","country":"United States"},"geometry":{"type":"Polygon","coordinates":[[[-118.040386,33.946172],[-117.651276,34.526528],[-118.059439,35.079776],[-118.858147,35.049768],[-119.240554,34.468622],[-118.831067,33.918266],[-118.040386,33.946172]]]}},{"type":"Feature","properties":{"hex_id":"8329a4fffffffff","population":5801541,"population_year":2025,"area_km2":14071.2,"population_density":412.3,"all_players":34,"players_per_million":5.86,"player_ids":["mlb:542963","mlb:547001","mlb:592866","mlb:596117","mlb:621028","mlb:642851","mlb:656180","mlb:656185","mlb:656248","mlb:656464","mlb:656577","mlb:656582","mlb:665871","mlb:666018","mlb:666160","mlb:667690","mlb:669065","mlb:669397","mlb:669477","mlb:670092","mlb:672359","mlb:672386","mlb:676534","mlb:680577","mlb:680880","mlb:681911","mlb:682177","mlb:686676","mlb:686993","mlb:691094","mlb:691785","mlb:693313","mlb:695336","mlb:700246"],"label":"San Diego","country":"United States"},"geometry":{"type":"Polygon","coordinates":[[[-116.838302,32.260383],[-116.446827,32.842254],[-116.844972,33.407616],[-117.636417,33.388145],[-118.021715,32.805205],[-117.621854,32.242798],[-116.838302,32.260383]]]}},{"type":"Feature","properties":{"hex_id":"8329a5fffffffff","population":3788026,"population_year":2025,"area_km2":13900.5,"population_density":272.5,"all_players":29,"players_per_million":7.66,"player_ids":["mlb:457759","mlb:518595","mlb:543294","mlb:543309","mlb:571448","mlb:606965","mlb:621438","mlb:641343","mlb:641487","mlb:641816","mlb:656730","mlb:656731","mlb:663457","mlb:663562","mlb:664034","mlb:664702","mlb:667297","mlb:668715","mlb:669212","mlb:670766","mlb:675512","mlb:687401","mlb:688497","mlb:689147","mlb:691011","mlb:692024","mlb:694377","mlb:701675","mlb:805367"],"label":"Long Beach","country":"United States"},"geometry":{"type":"Polygon","coordinates":[[[-118.021715,32.805205],[-117.636417,33.388145],[-118.040386,33.946172],[-118.831067,33.918266],[-119.209803,33.334481],[-118.804528,32.779438],[-118.021715,32.805205]]]}},{"type":"Feature","properties":{"hex_id":"8329a6fffffffff","population":457846,"population_year":2025,"area_km2":14105.7,"population_density":32.5,"all_players":2,"players_per_million":4.37,"player_ids":["mlb:669093","mlb:701519"],"label":"Palm Springs","country":"United States"},"geometry":{"type":"Polygon","coordinates":[[[-115.655316,32.853419],[-115.254005,33.431536],[-115.649987,33.999722],[-116.449556,33.986961],[-116.844972,33.407616],[-116.446827,32.842254],[-115.655316,32.853419]]]}},{"type":"Feature","properties":{"hex_id":"8329a8fffffffff","population":952189,"population_year":2025,"area_km2":13424.6,"population_density":70.9,"all_players":2,"players_per_million":2.1,"player_ids":["mlb:518934","mlb:669276"],"label":"Dinuba","country":"United States"},"geometry":{"type":"Polygon","coordinates":[[[-119.271934,35.595051],[-118.885786,36.173139],[-119.303964,36.712984],[-120.109299,36.671914],[-120.488201,36.093302],[-120.069127,35.556274],[-119.271934,35.595051]]]}},{"type":"Feature","properties":{"hex_id":"8329abfffffffff","population":1134352,"population_year":2025,"area_km2":13258.9,"population_density":85.6,"all_players":2,"players_per_million":1.76,"player_ids":["mlb:621053","mlb:641401"],"label":"Fresno","country":"United States"},"geometry":{"type":"Polygon","coordinates":[[[-119.303964,36.712984],[-118.914,37.287613],[-119.336664,37.821673],[-120.150308,37.778361],[-120.532864,37.20324],[-120.109299,36.671914],[-119.303964,36.712984]]]}},{"type":"Feature","properties":{"hex_id":"8329adfffffffff","population":315450,"population_year":2025,"area_km2":13376.9,"population_density":23.6,"all_players":2,"players_per_million":6.34,"player_ids":["mlb:686797","mlb:687637"],"label":"San Luis Obispo","country":"United States"},"geometry":{"type":"Polygon","coordinates":[[[-120.444444,34.974563],[-120.069127,35.556274],[-120.488201,36.093302],[-121.28315,36.045706],[-121.651008,35.463657],[-121.231482,34.929532],[-120.444444,34.974563]]]}},{"type":"Feature","properties":{"hex_id":"8329aefffffffff","population":585330,"population_year":2025,"area_km2":13618.2,"population_density":43.0,"all_players":3,"players_per_million":5.13,"player_ids":["mlb:642216","mlb:669203","mlb:670810"],"label":"Bakersfield","country":"United States"},"geometry":{"type":"Polygon","coordinates":[[[-118.059439,35.079776],[-117.666441,35.65712],[-118.078886,36.205208],[-118.885786,36.173139],[-119.271934,35.595051],[-118.858147,35.049768],[-118.059439,35.079776]]]}},{"type":"Feature","properties":{"hex_id":"8329b6fffffffff","population":3258765,"population_year":2025,"area_km2":14254.2,"population_density":228.6,"all_players":13,"players_per_million":3.99,"player_ids":["mlb:643377","mlb:661527","mlb:663368","mlb:664059","mlb:664068","mlb:668942","mlb:669087","mlb:669357","mlb:669461","mlb:669911","mlb:680694","mlb:680716","mlb:682515"],"label":"Phoenix","country":"United States"},"geometry":{"type":"Polygon","coordinates":[[[-112.048129,33.41802],[-111.622726,33.985325],[-112.005683,34.565481],[-112.817654,34.575887],[-113.238272,34.006867],[-112.851827,33.429156],[-112.048129,33.41802]]]}},{"type":"Feature","properties":{"hex_id":"832a10fffffffff","population":17834994,"population_year":2025,"area_km2":12479.4,"population_density":1429.2,"all_players":34,"players_per_million":1.91,"player_ids":["mlb:493603","mlb:518792","mlb:571927","mlb:600869","mlb:641943","mlb:643361","mlb:663474","mlb:664056","mlb:668901","mlb:669221","mlb:669234","mlb:669364","mlb:669711","mlb:669923","mlb:670036","mlb:671111","mlb:671277","mlb:671655","mlb:676508","mlb:676680","mlb:676962","mlb:680700","mlb:680701","mlb:680779","mlb:681351","mlb:683011","mlb:683083","mlb:686218","mlb:686747","mlb:687166","mlb:691019","mlb:695681","mlb:700669","mlb:701581"],"label":"New York","country":"United States"},"geometry":{"type":"Polygon","coordinates":[[[-73.803296,41.465407],[-74.532183,41.140409],[-74.501617,40.535843],[-73.761104,40.255982],[-73.041153,40.572801],[-73.052763,41.177546],[-73.803296,41.465407]]]}},{"type":"Feature","properties":{"hex_id":"832a12fffffffff","population":2195715,"population_year":2025,"area_km2":12486.5,"population_density":175.8,"all_players":3,"players_per_million":1.37,"player_ids":["mlb:450203","mlb:641835","mlb:685107"],"label":"Flemington","country":"United States"},"geometry":{"type":"Polygon","coordinates":[[[-75.29184,41.418569],[-76.010063,41.084346],[-75.960619,40.480497],[-75.211791,40.210041],[-74.501617,40.535843],[-74.532183,41.140409],[-75.29184,41.418569]]]}},{"type":"Feature","properties":{"hex_id":"832a13fffffffff","population":5451326,"population_year":2025,"area_km2":12270.7,"population_density":444.3,"all_players":15,"players_per_million":2.75,"player_ids":["mlb:543101","mlb:642136","mlb:663795","mlb:663969","mlb:666134","mlb:668678","mlb:668970","mlb:671212","mlb:671732","mlb:672279","mlb:676760","mlb:676914","mlb:686799","mlb:694388","mlb:695534"],"label":"Philadelphia","country":"United States"},"geometry":{"type":"Polygon","coordinates":[[[-74.501617,40.535843],[-75.211791,40.210041],[-75.173274,39.612676],[-74.442775,39.340569],[-73.740804,39.658184],[-73.761104,40.255982],[-74.501617,40.535843]]]}},{"type":"Feature","properties":{"hex_id":"832a14fffffffff","population":2991602,"population_year":2025,"area_km2":12679.7,"population_density":235.9,"all_players":4,"players_per_million":1.34,"player_ids":["mlb:543807","mlb:605113","mlb:650644","mlb:807713"],"label":"Springfield","country":"United States"},"geometry":{"type":"Polygon","coordinates":[[[-73.076912,42.400493],[-73.82523,42.076868],[-73.803296,41.465407],[-73.052763,41.177546],[-72.314174,41.493018],[-72.316385,42.104387],[-73.076912,42.400493]]]}},{"type":"Feature","properties":{"hex_id":"832a15fffffffff","population":693033,"population_year":2025,"area_km2":12458.3,"population_density":55.6,"all_players":4,"players_per_million":5.77,"player_ids":["mlb:573186","mlb:605130","mlb:681347","mlb:693855"],"label":"New London","country":"United States"},"geometry":{"type":"Polygon","coordinates":[[[-72.314174,41.493018],[-73.052763,41.177546],[-73.041153,40.572801],[-72.309922,40.283773],[-71.581122,40.591339],[-71.573772,41.195725],[-72.314174,41.493018]]]}},{"type":"Feature","properties":{"hex_id":"832a16fffffffff","population":914573,"population_year":2025,"area_km2":12694.2,"population_density":72.0,"all_players":3,"players_per_million":3.28,"player_ids":["mlb:670097","mlb:677020","mlb:702674"],"label":"Kingston","country":"United States"},"geometry":{"type":"Polygon","coordinates":[[[-74.595759,42.362982],[-75.333452,42.029564],[-75.29184,41.418569],[-74.532183,41.140409],[-73.803296,41.465407],[-73.82523,42.076868],[-74.595759,42.362982]]]}},{"type":"Feature","properties":{"hex_id":"832a30fffffffff","population":4186461,"population_year":2025,"area_km2":12833.4,"population_density":326.2,"all_players":13,"players_per_million":3.11,"player_ids":["mlb:448179","mlb:573262","mlb:605154","mlb:641386","mlb:641656","mlb:669707","mlb:678024","mlb:681343","mlb:681508","mlb:686217","mlb:687478","mlb:693645","mlb:700250"],"label":"Boston","country":"United States"},"geometry":{"type":"Polygon","coordinates":[[[-70.772624,43.346551],[-71.550529,43.03556],[-71.558483,42.417927],[-70.809006,42.112129],[-70.042602,42.41534],[-70.014211,43.03201],[-70.772624,43.346551]]]}},{"type":"Feature","properties":{"hex_id":"832a31fffffffff","population":420048,"population_year":2025,"area_km2":12607.6,"population_density":33.3,"all_players":1,"players_per_million":2.38,"player_ids":["mlb:676571"],"label":"Marion","country":"United States"},"geometry":{"type":"Polygon","coordinates":[[[-70.042602,42.41534],[-70.809006,42.112129],[-70.826484,41.501412],[-70.097178,41.194996],[-69.342223,41.490681],[-69.305172,42.100193],[-70.042602,42.41534]]]}},{"type":"Feature","properties":{"hex_id":"832a33fffffffff","population":3511026,"population_year":2025,"area_km2":12650.8,"population_density":277.5,"all_players":6,"players_per_million":1.71,"player_ids":["mlb:534910","mlb:656794","mlb:680732","mlb:681006","mlb:694363","mlb:805299"],"label":"Newport","country":"United States"},"geometry":{"type":"Polygon","coordinates":[[[-71.558483,42.417927],[-72.316385,42.104387],[-72.314174,41.493018],[-71.573772,41.195725],[-70.826484,41.501412],[-70.809006,42.112129],[-71.558483,42.417927]]]}},{"type":"Feature","properties":{"hex_id":"832a81fffffffff","population":190222,"population_year":2025,"area_km2":11994.6,"population_density":15.9,"all_players":2,"players_per_million":10.51,"player_ids":["mlb:663728","mlb:669724"],"label":"Harrisonburg","country":"United States"},"geometry":{"type":"Polygon","coordinates":[[[-79.450162,39.371381],[-80.10813,39.021938],[-80.010803,38.436981],[-79.272349,38.19924],[-78.619418,38.540002],[-78.699814,39.127086],[-79.450162,39.371381]]]}},{"type":"Feature","properties":{"hex_id":"832a82fffffffff","population":345817,"population_year":2025,"area_km2":12134.7,"population_density":28.5,"all_players":1,"players_per_million":2.89,"player_ids":["mlb:690382"],"label":"Parkersburg","country":"United States"},"geometry":{"type":"Polygon","coordinates":[[[-81.74478,40.078511],[-82.393741,39.713071],[-82.267059,39.125451],[-81.508322,38.900247],[-80.86316,39.256717],[-80.972812,39.847264],[-81.74478,40.078511]]]}},{"type":"Feature","properties":{"hex_id":"832a84fffffffff","population":2219553,"population_year":2025,"area_km2":12423.2,"population_density":178.7,"all_players":11,"players_per_million":4.96,"player_ids":["mlb:543518","mlb:656186","mlb:663893","mlb:664023","mlb:670280","mlb:670770","mlb:677976","mlb:687287","mlb:695243","mlb:697812","mlb:702284"],"label":"Pittsburgh","country":"United States"},"geometry":{"type":"Polygon","coordinates":[[[-79.734069,41.163834],[-80.415022,40.804113],[-80.310147,40.205584],[-79.54242,39.964379],[-78.866722,40.315147],[-78.953391,40.915968],[-79.734069,41.163834]]]}},{"type":"Feature","properties":{"hex_id":"832a86fffffffff","population":851767,"population_year":2025,"area_km2":12374.3,"population_density":68.8,"all_players":4,"players_per_million":4.7,"player_ids":["mlb:686701","mlb:693307","mlb:693312","mlb:701305"],"label":"Massillon","country":"United States"},"geometry":{"type":"Polygon","coordinates":[[[-81.200534,41.04163],[-81.867503,40.674246],[-81.74478,40.078511],[-80.972812,39.847264],[-80.310147,40.205584],[-80.415022,40.804113],[-81.200534,41.04163]]]}},{"type":"Feature","properties":{"hex_id":"832a88fffffffff","population":391899,"population_year":2025,"area_km2":11552.8,"population_density":33.9,"all_players":1,"players_per_million":2.55,"player_ids":["mlb:671096"],"label":"Lynchburg","country":"United States"},"geometry":{"type":"Polygon","coordinates":[[[-79.186634,37.620239],[-79.823075,37.281156],[-79.732513,36.710417],[-79.021217,36.476693],[-78.389602,36.80737],[-78.46438,37.380082],[-79.186634,37.620239]]]}},{"type":"Feature","properties":{"hex_id":"832a89fffffffff","population":1230522,"population_year":2025,"area_km2":11344.9,"population_density":108.5,"all_players":2,"players_per_million":1.63,"player_ids":["mlb:686654","mlb:694738"],"label":"Oxford","country":"United States"},"geometry":{"type":"Polygon","coordinates":[[[-78.389602,36.80737],[-79.021217,36.476693],[-78.941376,35.912259],[-78.245215,35.67672],[-77.618683,35.999192],[-77.683164,36.565314],[-78.389602,36.80737]]]}},{"type":"Feature","properties":{"hex_id":"832a8afffffffff","population":598675,"population_year":2025,"area_km2":11509.5,"population_density":52.0,"all_players":1,"players_per_million":1.67,"player_ids":["mlb:677161"],"label":"Roanoke","country":"United States"},"geometry":{"type":"Polygon","coordinates":[[[-80.549854,37.512571],[-81.174528,37.167052],[-81.068449,36.598719],[-80.35312,36.373406],[-79.732513,36.710417],[-79.823075,37.281156],[-80.549854,37.512571]]]}},{"type":"Feature","properties":{"hex_id":"832a8bfffffffff","population":1748245,"population_year":2025,"area_km2":11308.9,"population_density":154.6,"all_players":8,"players_per_million":4.58,"player_ids":["mlb:573009","mlb:641793","mlb:642215","mlb:656775","mlb:669060","mlb:672275","mlb:680951","mlb:687931"],"label":"Burlington","country":"United States"},"geometry":{"type":"Polygon","coordinates":[[[-79.732513,36.710417],[-80.35312,36.373406],[-80.258145,35.811082],[-79.557618,35.583567],[-78.941376,35.912259],[-79.021217,36.476693],[-79.732513,36.710417]]]}},{"type":"Feature","properties":{"hex_id":"832a8dfffffffff","population":1115622,"population_year":2025,"area_km2":11583.9,"population_density":96.3,"all_players":7,"players_per_million":6.27,"player_ids":["mlb:663671","mlb:663738","mlb:668716","mlb:675989","mlb:681987","mlb:686469","mlb:813349"],"label":"Richmond","country":"United States"},"geometry":{"type":"Polygon","coordinates":[[[-77.81678,37.712364],[-78.46438,37.380082],[-78.389602,36.80737],[-77.683164,36.565314],[-77.041145,36.889321],[-77.099922,37.463561],[-77.81678,37.712364]]]}},{"type":"Feature","properties":{"hex_id":"832a90fffffffff","population":1135766,"population_year":2025,"area_km2":12236.4,"population_density":92.8,"all_players":3,"players_per_million":2.64,"player_ids":["mlb:605177","mlb:621493","mlb:664141"],"label":"Dayton","country":"United States"},"geometry":{"type":"Polygon","coordinates":[[[-84.100983,40.743489],[-84.738051,40.362203],[-84.580952,39.773484],[-83.803574,39.56222],[-83.168923,39.934324],[-83.309073,40.526783],[-84.100983,40.743489]]]}},{"type":"Feature","properties":{"hex_id":"832a92fffffffff","population":978157,"population_year":2025,"area_km2":12148.2,"population_density":80.5,"all_players":3,"players_per_million":3.07,"player_ids":["mlb:684974","mlb:685301","mlb:694646"],"label":"Fishers","country":"United States"},"geometry":{"type":"Polygon","coordinates":[[[-85.531552,40.568531],[-86.152851,40.181046],[-85.979328,39.596509],[-85.200755,39.395191],[-84.580952,39.773484],[-84.738051,40.362203],[-85.531552,40.568531]]]}},{"type":"Feature","properties":{"hex_id":"832a93fffffffff","population":2411444,"population_year":2025,"area_km2":11988.0,"population_density":201.2,"all_players":5,"players_per_million":2.07,"player_ids":["mlb:571912","mlb:606996","mlb:643217","mlb:656941","mlb:663584"],"label":"Cincinnati","country":"United States"},"geometry":{"type":"Polygon","coordinates":[[[-84.580952,39.773484],[-85.200755,39.395191],[-85.041311,38.814779],[-84.278055,38.60875],[-83.660277,38.977984],[-83.803574,39.56222],[-84.580952,39.773484]]]}},{"type":"Feature","properties":{"hex_id":"832a94fffffffff","population":809755,"population_year":2025,"area_km2":12479.4,"population_density":64.9,"all_players":3,"players_per_million":3.7,"player_ids":["mlb:605135","mlb:656716","mlb:670174"],"label":"Toledo","country":"United States"},"geometry":{"type":"Polygon","coordinates":[[[-83.600197,41.724215],[-84.255366,41.340336],[-84.100983,40.743489],[-83.309073,40.526783],[-82.656756,40.901362],[-82.793334,41.501851],[-83.600197,41.724215]]]}},{"type":"Feature","properties":{"hex_id":"832a95fffffffff","population":2195772,"population_year":2025,"area_km2":12312.0,"population_density":178.3,"all_players":4,"players_per_million":1.82,"player_ids":["mlb:657571","mlb:675911","mlb:690993","mlb:805123"],"label":"Columbus","country":"United States"},"geometry":{"type":"Polygon","coordinates":[[[-82.656756,40.901362],[-83.309073,40.526783],[-83.168923,39.934324],[-82.393741,39.713071],[-81.74478,40.078511],[-81.867503,40.674246],[-82.656756,40.901362]]]}},{"type":"Feature","properties":{"hex_id":"832a96fffffffff","population":769887,"population_year":2025,"area_km2":12395.2,"population_density":62.1,"all_players":1,"players_per_million":1.3,"player_ids":["mlb:685314"],"label":"Fort Wayne","country":"United States"},"geometry":{"type":"Polygon","coordinates":[[[-85.064262,41.551876],[-85.703199,41.161269],[-85.531552,40.568531],[-84.738051,40.362203],[-84.100983,40.743489],[-84.255366,41.340336],[-85.064262,41.551876]]]}},{"type":"Feature","properties":{"hex_id":"832a99fffffffff","population":290087,"population_year":2025,"area_km2":11454.2,"population_density":25.3,"all_players":1,"players_per_million":3.45,"player_ids":["mlb:676702"],"label":"Bristol","country":"United States"},"geometry":{"type":"Polygon","coordinates":[[[-81.904958,37.389662],[-82.517306,37.038091],[-82.396022,36.472583],[-81.677489,36.255732],[-81.068449,36.598719],[-81.174528,37.167052],[-81.904958,37.389662]]]}},{"type":"Feature","properties":{"hex_id":"832aa1fffffffff","population":1010405,"population_year":2025,"area_km2":12479.4,"population_density":81.0,"all_players":1,"players_per_million":0.99,"player_ids":["mlb:668709"],"label":"Danville","country":"United States"},"geometry":{"type":"Polygon","coordinates":[[[-76.7778,41.352578],[-77.484442,41.009468],[-77.416273,40.406871],[-76.660126,40.14602],[-75.960619,40.480497],[-76.010063,41.084346],[-76.7778,41.352578]]]}},{"type":"Feature","properties":{"hex_id":"832aa5fffffffff","population":771457,"population_year":2025,"area_km2":12694.2,"population_density":60.8,"all_players":4,"players_per_million":5.18,"player_ids":["mlb:623437","mlb:664983","mlb:668820","mlb:696131"],"label":"Scranton","country":"United States"},"geometry":{"type":"Polygon","coordinates":[[[-76.112893,42.305427],[-76.838964,41.962549],[-76.7778,41.352578],[-76.010063,41.084346],[-75.29184,41.418569],[-75.333452,42.029564],[-76.112893,42.305427]]]}},{"type":"Feature","properties":{"hex_id":"832aa6fffffffff","population":864087,"population_year":2025,"area_km2":12870.5,"population_density":67.1,"all_players":3,"players_per_million":3.47,"player_ids":["mlb:608385","mlb:641680","mlb:681869"],"label":"Buffalo","country":"United States"},"geometry":{"type":"Polygon","coordinates":[[[-78.507232,43.105571],[-79.227281,42.744533],[-79.133579,42.130756],[-78.339703,41.875984],[-77.626195,42.227949],[-77.699924,42.843644],[-78.507232,43.105571]]]}},{"type":"Feature","properties":{"hex_id":"832aa8fffffffff","population":6574928,"population_year":2025,"area_km2":12047.7,"population_density":545.7,"all_players":12,"players_per_million":1.83,"player_ids":["mlb:621199","mlb:657757","mlb:664774","mlb:668731","mlb:668804","mlb:669145","mlb:670223","mlb:682988","mlb:687330","mlb:687462","mlb:695578","mlb:701538"],"label":"Baltimore","country":"United States"},"geometry":{"type":"Polygon","coordinates":[[[-76.603499,39.549602],[-77.285017,39.215387],[-77.221804,38.626656],[-76.494397,38.370874],[-75.819591,38.696714],[-75.865429,39.286605],[-76.603499,39.549602]]]}},{"type":"Feature","properties":{"hex_id":"832aa9fffffffff","population":327714,"population_year":2025,"area_km2":11831.3,"population_density":27.7,"all_players":1,"players_per_million":3.05,"player_ids":["mlb:623465"],"label":"Salisbury","country":"United States"},"geometry":{"type":"Polygon","coordinates":[[[-75.819591,38.696714],[-76.494397,38.370874],[-76.441821,37.788702],[-75.731221,37.531385],[-75.063317,37.849069],[-75.099071,38.432121],[-75.819591,38.696714]]]}},{"type":"Feature","properties":{"hex_id":"832aaafffffffff","population":2320854,"population_year":2025,"area_km2":12027.7,"population_density":193.0,"all_players":5,"players_per_million":2.15,"player_ids":["mlb:664199","mlb:686668","mlb:688642","mlb:805811","mlb:810938"],"label":"Fairfax","country":"United States"},"geometry":{"type":"Polygon","coordinates":[[[-78.029709,39.469102],[-78.699814,39.127086],[-78.619418,38.540002],[-77.886029,38.293183],[-77.221804,38.626656],[-77.285017,39.215387],[-78.029709,39.469102]]]}},{"type":"Feature","properties":{"hex_id":"832aabfffffffff","population":1026662,"population_year":2025,"area_km2":11818.4,"population_density":86.9,"all_players":1,"players_per_million":0.97,"player_ids":["mlb:668800"],"label":"Glen Allen","country":"United States"},"geometry":{"type":"Polygon","coordinates":[[[-77.221804,38.626656],[-77.886029,38.293183],[-77.81678,37.712364],[-77.099922,37.463561],[-76.441821,37.788702],[-76.494397,38.370874],[-77.221804,38.626656]]]}},{"type":"Feature","properties":{"hex_id":"832aacfffffffff","population":3961424,"population_year":2025,"area_km2":12270.7,"population_density":322.8,"all_players":7,"players_per_million":1.77,"player_ids":["mlb:502671","mlb:572233","mlb:608671","mlb:676801","mlb:687888","mlb:701762","mlb:702056"],"label":"Lancaster","country":"United States"},"geometry":{"type":"Polygon","coordinates":[[[-75.960619,40.480497],[-76.660126,40.14602],[-76.603499,39.549602],[-75.865429,39.286605],[-75.173274,39.612676],[-75.211791,40.210041],[-75.960619,40.480497]]]}},{"type":"Feature","properties":{"hex_id":"832aadfffffffff","population":766183,"population_year":2025,"area_km2":12054.3,"population_density":63.6,"all_players":4,"players_per_million":5.22,"player_ids":["mlb:545361","mlb:671083","mlb:680869","mlb:689254"],"label":"Rehoboth Beach","country":"United States"},"geometry":{"type":"Polygon","coordinates":[[[-75.173274,39.612676],[-75.865429,39.286605],[-75.819591,38.696714],[-75.099071,38.432121],[-74.414443,38.750013],[-74.442775,39.340569],[-75.173274,39.612676]]]}},{"type":"Feature","properties":{"hex_id":"832aaefffffffff","population":1667506,"population_year":2025,"area_km2":12257.0,"population_density":136.0,"all_players":4,"players_per_million":2.4,"player_ids":["mlb:596271","mlb:641584","mlb:682144","mlb:702358"],"label":"Frederick","country":"United States"},"geometry":{"type":"Polygon","coordinates":[[[-77.416273,40.406871],[-78.104271,40.06406],[-78.029709,39.469102],[-77.285017,39.215387],[-76.603499,39.549602],[-76.660126,40.14602],[-77.416273,40.406871]]]}},{"type":"Feature","properties":{"hex_id":"832ab1fffffffff","population":875060,"population_year":2025,"area_km2":12607.6,"population_density":69.4,"all_players":1,"players_per_million":1.14,"player_ids":["mlb:656945"],"label":"Warren","country":"United States"},"geometry":{"type":"Polygon","coordinates":[[[-80.633009,42.014141],[-81.318822,41.64527],[-81.200534,41.04163],[-80.415022,40.804113],[-79.734069,41.163834],[-79.833645,41.770116],[-80.633009,42.014141]]]}},{"type":"Feature","properties":{"hex_id":"832ab2fffffffff","population":4198661,"population_year":2025,"area_km2":12716.0,"population_density":330.2,"all_players":8,"players_per_million":1.91,"player_ids":["mlb:542932","mlb:606992","mlb:640448","mlb:664948","mlb:670167","mlb:686613","mlb:699911","mlb:805300"],"label":"Detroit","country":"United States"},"geometry":{"type":"Polygon","coordinates":[[[-83.07729,42.715021],[-83.75145,42.328986],[-83.600197,41.724215],[-82.793334,41.501851],[-82.122513,41.878477],[-82.255049,42.486775],[-83.07729,42.715021]]]}},{"type":"Feature","properties":{"hex_id":"832ab3fffffffff","population":2732492,"population_year":2025,"area_km2":12550.3,"population_density":217.7,"all_players":3,"players_per_million":1.1,"player_ids":["mlb:641778","mlb:664123","mlb:686527"],"label":"Twinsburg","country":"United States"},"geometry":{"type":"Polygon","coordinates":[[[-82.122513,41.878477],[-82.793334,41.501851],[-82.656756,40.901362],[-81.867503,40.674246],[-81.200534,41.04163],[-81.318822,41.64527],[-82.122513,41.878477]]]}},{"type":"Feature","properties":{"hex_id":"832ab5fffffffff","population":403403,"population_year":2025,"area_km2":12833.4,"population_density":31.4,"all_players":1,"players_per_million":2.48,"player_ids":["mlb:676755"],"label":"Erie","country":"United States"},"geometry":{"type":"Polygon","coordinates":[[[-80.040798,42.99531],[-80.746338,42.625447],[-80.633009,42.014141],[-79.833645,41.770116],[-79.133579,42.130756],[-79.227281,42.744533],[-80.040798,42.99531]]]}},{"type":"Feature","properties":{"hex_id":"832ad0fffffffff","population":504663,"population_year":2025,"area_km2":10891.0,"population_density":46.3,"all_players":2,"players_per_million":3.96,"player_ids":["mlb:669022","mlb:681460"],"label":"Whiteville","country":"United States"},"geometry":{"type":"Polygon","coordinates":[[[-78.175489,35.118876],[-78.787108,34.798309],[-78.71256,34.248876],[-78.040696,34.018353],[-77.433923,34.330993],[-77.494112,34.881992],[-78.175489,35.118876]]]}},{"type":"Feature","properties":{"hex_id":"832ad2fffffffff","population":367079,"population_year":2025,"area_km2":10857.3,"population_density":33.8,"all_players":1,"players_per_million":2.72,"player_ids":["mlb:680729"],"label":"Marion","country":"United States"},"geometry":{"type":"Polygon","coordinates":[[[-79.473144,35.027553],[-80.0746,34.701197],[-79.985888,34.15372],[-79.309816,33.930555],[-78.71256,34.248876],[-78.787108,34.798309],[-79.473144,35.027553]]]}},{"type":"Feature","properties":{"hex_id":"832ad3fffffffff","population":489757,"population_year":2025,"area_km2":10650.2,"population_density":46.0,"all_players":1,"players_per_million":2.04,"player_ids":["mlb:656550"],"label":"Conway","country":"United States"},"geometry":{"type":"Polygon","coordinates":[[[-78.71256,34.248876],[-79.309816,33.930555],[-79.270109,33.659462],[-79.192218,33.362011],[-78.568356,33.165261],[-77.975528,33.475741],[-78.040696,34.018353],[-78.71256,34.248876]]]}},{"type":"Feature","properties":{"hex_id":"832ad5fffffffff","population":299603,"population_year":2025,"area_km2":10913.5,"population_density":27.5,"all_players":1,"players_per_million":3.34,"player_ids":["mlb:542888"],"label":"New Bern","country":"United States"},"geometry":{"type":"Polygon","coordinates":[[[-76.872879,35.196463],[-77.494112,34.881992],[-77.433923,34.330993],[-76.766973,34.093207],[-76.151225,34.399882],[-76.1969,34.952047],[-76.872879,35.196463]]]}},{"type":"Feature","properties":{"hex_id":"832ad6fffffffff","population":1854734,"population_year":2025,"area_km2":11102.5,"population_density":167.1,"all_players":6,"players_per_million":3.23,"player_ids":["mlb:668909","mlb:675659","mlb:680777","mlb:681810","mlb:801434","mlb:802419"],"label":"Cary","country":"United States"},"geometry":{"type":"Polygon","coordinates":[[[-78.941376,35.912259],[-79.557618,35.583567],[-79.473144,35.027553],[-78.787108,34.798309],[-78.175489,35.118876],[-78.245215,35.67672],[-78.941376,35.912259]]]}},{"type":"Feature","properties":{"hex_id":"832af6fffffffff","population":1767668,"population_year":2025,"area_km2":11602.6,"population_density":152.4,"all_players":6,"players_per_million":3.39,"player_ids":["mlb:621035","mlb:663993","mlb:664040","mlb:666139","mlb:681882","mlb:702352"],"label":"Chesapeake","country":"United States"},"geometry":{"type":"Polygon","coordinates":[[[-76.441821,37.788702],[-77.099922,37.463561],[-77.041145,36.889321],[-76.340387,36.639045],[-75.68861,36.956068],[-75.731221,37.531385],[-76.441821,37.788702]]]}},{"type":"Feature","properties":{"hex_id":"832b89fffffffff","population":1128028,"population_year":2025,"area_km2":12892.8,"population_density":87.5,"all_players":3,"players_per_million":2.66,"player_ids":["mlb:592454","mlb:656546","mlb:657424"],"label":"Latham","country":"United States"},"geometry":{"type":"Polygon","coordinates":[[[-73.870888,43.31283],[-74.628834,42.980804],[-74.595759,42.362982],[-73.82523,42.076868],[-73.076912,42.400493],[-73.089476,43.018511],[-73.870888,43.31283]]]}},{"type":"Feature","properties":{"hex_id":"832b8afffffffff","population":630448,"population_year":2025,"area_km2":13096.6,"population_density":48.1,"all_players":2,"players_per_million":3.17,"player_ids":["mlb:571578","mlb:656240"],"label":"Syracuse","country":"United States"},"geometry":{"type":"Polygon","coordinates":[[[-76.277812,44.169075],[-77.032525,43.818094],[-76.966258,43.195408],[-76.166385,42.922473],[-75.420066,43.264552],[-75.465161,43.888346],[-76.277812,44.169075]]]}},{"type":"Feature","properties":{"hex_id":"832b98fffffffff","population":1058880,"population_year":2025,"area_km2":13258.9,"population_density":79.9,"all_players":1,"players_per_million":0.94,"player_ids":["mlb:615698"],"label":"Port Hope","country":"Canada"},"geometry":{"type":"Polygon","coordinates":[[[-78.776161,44.980359],[-79.524011,44.610144],[-79.42239,43.984339],[-78.594427,43.726557],[-77.853479,44.087435],[-77.933476,44.715311],[-78.776161,44.980359]]]}},{"type":"Feature","properties":{"hex_id":"832b99fffffffff","population":876793,"population_year":2025,"area_km2":13081.4,"population_density":67.0,"all_players":2,"players_per_million":2.28,"player_ids":["mlb:650633","mlb:676391"],"label":"Rochester","country":"United States"},"geometry":{"type":"Polygon","coordinates":[[[-77.853479,44.087435],[-78.594427,43.726557],[-78.507232,43.105571],[-77.699924,42.843644],[-76.966258,43.195408],[-77.032525,43.818094],[-77.853479,44.087435]]]}},{"type":"Feature","properties":{"hex_id":"832b9bfffffffff","population":7907887,"population_year":2025,"area_km2":13050.9,"population_density":605.9,"all_players":9,"players_per_million":1.14,"player_ids":["mlb:605447","mlb:647304","mlb:647315","mlb:666310","mlb:672012","mlb:672016","mlb:683357","mlb:689414","mlb:804636"],"label":"Toronto","country":"Canada"},"geometry":{"type":"Polygon","coordinates":[[[-79.42239,43.984339],[-80.148592,43.614015],[-80.040798,42.99531],[-79.227281,42.744533],[-78.507232,43.105571],[-78.594427,43.726557],[-79.42239,43.984339]]]}},{"type":"Feature","properties":{"hex_id":"832b9dfffffffff","population":414601,"population_year":2025,"area_km2":13282.4,"population_density":31.2,"all_players":1,"players_per_million":2.41,"player_ids":["mlb:666374"],"label":"Kingston","country":"Canada"},"geometry":{"type":"Polygon","coordinates":[[[-77.170666,45.075432],[-77.933476,44.715311],[-77.853479,44.087435],[-77.032525,43.818094],[-76.277812,44.169075],[-76.33587,44.798413],[-77.170666,45.075432]]]}},{"type":"Feature","properties":{"hex_id":"832baafffffffff","population":4993353,"population_year":2025,"area_km2":13456.5,"population_density":371.1,"all_players":2,"players_per_million":0.4,"player_ids":["mlb:647351","mlb:665489"],"label":"Longueuil","country":"Canada"},"geometry":{"type":"Polygon","coordinates":[[[-73.157758,46.169919],[-73.970085,45.834008],[-73.944231,45.197835],[-73.129291,44.897538],[-72.328377,45.224875],[-72.330983,45.860952],[-73.157758,46.169919]]]}},{"type":"Feature","properties":{"hex_id":"832bacfffffffff","population":1030542,"population_year":2025,"area_km2":13577.5,"population_density":75.9,"all_players":1,"players_per_million":0.97,"player_ids":["mlb:666397"],"label":"Quebec City","country":"Canada"},"geometry":{"type":"Polygon","coordinates":[[[-70.65056,47.146099],[-71.497894,46.826226],[-71.507302,46.184921],[-70.693587,45.864457],[-69.859939,46.176207],[-69.82637,46.816408],[-70.65056,47.146099]]]}},{"type":"Feature","properties":{"hex_id":"832badfffffffff","population":20759,"population_year":2025,"area_km2":13376.9,"population_density":1.6,"all_players":1,"players_per_million":48.17,"player_ids":["mlb:689520"],"label":"Bingham","country":"United States"},"geometry":{"type":"Polygon","coordinates":[[[-69.859939,46.176207],[-70.693587,45.864457],[-70.714186,45.229126],[-69.924249,44.906804],[-69.10421,45.210712],[-69.060562,45.844655],[-69.859939,46.176207]]]}},{"type":"Feature","properties":{"hex_id":"832e0cfffffffff","population":1170009,"population_year":2025,"area_km2":11703.3,"population_density":100.0,"all_players":2,"players_per_million":1.71,"player_ids":["mlb:660271","mlb:808963"],"label":"Rikuzentakata","country":"Japan"},"geometry":{"type":"Polygon","coordinates":[[[141.809657,38.825701],[141.618334,39.434592],[140.891365,39.591299],[140.368409,39.141206],[140.566653,38.538289],[141.281081,38.379495],[141.809657,38.825701]]]}},{"type":"Feature","properties":{"hex_id":"832e0efffffffff","population":946192,"population_year":2025,"area_km2":11754.3,"population_density":80.5,"all_players":1,"players_per_million":1.06,"player_ids":["mlb:579328"],"label":"Morioka","country":"Japan"},"geometry":{"type":"Polygon","coordinates":[[[142.158901,39.882899],[141.966983,40.491751],[141.227078,40.646412],[140.692184,40.194269],[140.891365,39.591299],[141.618334,39.434592],[142.158901,39.882899]]]}},{"type":"Feature","properties":{"hex_id":"832e60fffffffff","population":10118954,"population_year":2025,"area_km2":10697.0,"population_density":946.0,"all_players":1,"players_per_million":0.1,"player_ids":["mlb:673540"],"label":"Gamagori","country":"Japan"},"geometry":{"type":"Polygon","coordinates":[[[137.382008,34.835332],[137.176248,35.42312],[136.516951,35.566991],[136.074341,35.125905],[136.284758,34.544565],[136.933247,34.397885],[137.382008,34.835332]]]}},{"type":"Feature","properties":{"hex_id":"832e61fffffffff","population":16062419,"population_year":2025,"area_km2":10435.0,"population_density":1539.3,"all_players":2,"players_per_million":0.12,"player_ids":["mlb:506433","mlb:628317"],"label":"Osaka","country":"Japan"},"geometry":{"type":"Polygon","coordinates":[[[136.284758,34.544565],[136.074341,35.125905],[135.425844,35.264059],[134.998437,34.823901],[135.213088,34.249062],[135.851025,34.107905],[136.284758,34.544565]]]}},{"type":"Feature","properties":{"hex_id":"832e63fffffffff","population":870572,"population_year":2025,"area_km2":10530.0,"population_density":82.7,"all_players":1,"players_per_million":1.15,"player_ids":["mlb:807799"],"label":"Fukui","country":"Japan"},"geometry":{"type":"Polygon","coordinates":[[[136.516951,35.566991],[136.304722,36.149677],[135.64533,36.284793],[135.209181,35.840284],[135.425844,35.264059],[136.074341,35.125905],[136.516951,35.566991]]]}},{"type":"Feature","properties":{"hex_id":"832e6cfffffffff","population":3158903,"population_year":2025,"area_km2":10173.5,"population_density":310.5,"all_players":1,"players_per_million":0.32,"player_ids":["mlb:808967"],"label":"Bizen","country":"Japan"},"geometry":{"type":"Polygon","coordinates":[[[135.213088,34.249062],[134.998437,34.823901],[134.360868,34.956664],[133.948357,34.517795],[134.166838,33.949493],[134.794108,33.81355],[135.213088,34.249062]]]}},{"type":"Feature","properties":{"hex_id":"832f5afffffffff","population":24486504,"population_year":2025,"area_km2":11478.7,"population_density":2133.2,"all_players":2,"players_per_million":0.08,"player_ids":["mlb:673513","mlb:673548"],"label":"Arakawa","country":"Japan"},"geometry":{"type":"Polygon","coordinates":[[[140.827794,35.672072],[140.638685,36.278739],[139.948213,36.441778],[139.458427,36.000295],[139.653549,35.399825],[140.332575,35.234652],[140.827794,35.672072]]]}},{"type":"Feature","properties":{"hex_id":"832f5bfffffffff","population":13410110,"population_year":2025,"area_km2":11219.7,"population_density":1195.2,"all_players":1,"players_per_million":0.07,"player_ids":["mlb:829272"],"label":"Fujisawa","country":"Japan"},"geometry":{"type":"Polygon","coordinates":[[[139.653549,35.399825],[139.458427,36.000295],[138.778095,36.156603],[138.304265,35.714832],[138.504933,35.120661],[139.174011,34.961977],[139.653549,35.399825]]]}},{"type":"Feature","properties":{"hex_id":"8330c1fffffffff","population":8756452,"population_year":2025,"area_km2":9089.8,"population_density":963.3,"all_players":1,"players_per_million":0.11,"player_ids":["mlb:678225"],"label":"Daegu","country":"South Korea"},"geometry":{"type":"Polygon","coordinates":[[[128.213849,35.631454],[128.33623,35.151585],[128.993984,35.025737],[129.53177,35.381031],[129.409707,35.861246],[128.749512,35.985844],[128.213849,35.631454]]]}},{"type":"Feature","properties":{"hex_id":"8330e0fffffffff","population":13687509,"population_year":2025,"area_km2":8441.3,"population_density":1621.5,"all_players":2,"players_per_million":0.15,"player_ids":["mlb:673490","mlb:808975"],"label":"Bucheon","country":"South Korea"},"geometry":{"type":"Polygon","coordinates":[[[125.884029,37.357823],[126.007266,36.901954],[126.658592,36.797418],[127.012201,37.032929],[127.123933,37.181378],[126.867787,37.702666],[126.277216,37.773186],[126.059782,37.475499],[125.884029,37.357823]]]}},{"type":"Feature","properties":{"hex_id":"8330e1fffffffff","population":11601660,"population_year":2025,"area_km2":8646.7,"population_density":1341.8,"all_players":2,"players_per_million":0.17,"player_ids":["mlb:608701","mlb:808982"],"label":"Seoul","country":"South Korea"},"geometry":{"type":"Polygon","coordinates":[[[128.064451,37.550301],[127.809941,38.077868],[127.206753,38.151759],[126.867787,37.702666],[127.123933,37.181378],[127.717502,37.10294],[128.064451,37.550301]]]}},{"type":"Feature","properties":{"hex_id":"834413fffffffff","population":1468391,"population_year":2025,"area_km2":11454.2,"population_density":128.2,"all_players":2,"players_per_million":1.36,"player_ids":["mlb:677942","mlb:687223"],"label":"Cape Coral","country":"United States"},"geometry":{"type":"Polygon","coordinates":[[[-81.751962,25.779996],[-81.304324,26.222612],[-81.466649,26.823209],[-82.084301,26.984013],[-82.536746,26.538801],[-82.366734,25.935396],[-81.751962,25.779996]]]}},{"type":"Feature","properties":{"hex_id":"83441afffffffff","population":4188119,"population_year":2025,"area_km2":11565.2,"population_density":362.1,"all_players":20,"players_per_million":4.78,"player_ids":["mlb:519242","mlb:592791","mlb:606930","mlb:608334","mlb:621121","mlb:623474","mlb:624413","mlb:656811","mlb:663656","mlb:663765","mlb:663878","mlb:673929","mlb:676206","mlb:676467","mlb:680684","mlb:681676","mlb:685068","mlb:687957","mlb:695506","mlb:800048"],"label":"Tampa","country":"United States"},"geometry":{"type":"Polygon","coordinates":[[[-82.253729,27.587841],[-81.797694,28.027952],[-81.966494,28.631807],[-82.599304,28.798396],[-83.060213,28.355873],[-82.883444,27.749188],[-82.253729,27.587841]]]}},{"type":"Feature","properties":{"hex_id":"83441efffffffff","population":1159405,"population_year":2025,"area_km2":11640.2,"population_density":99.6,"all_players":1,"players_per_million":0.86,"player_ids":["mlb:543391"],"label":"Sarasota","country":"United States"},"geometry":{"type":"Polygon","coordinates":[[[-82.536746,26.538801],[-82.084301,26.984013],[-82.253729,27.587841],[-82.883444,27.749188],[-83.340621,27.301399],[-83.163358,26.694856],[-82.536746,26.538801]]]}},{"type":"Feature","properties":{"hex_id":"834432fffffffff","population":2539158,"population_year":2025,"area_km2":11583.9,"population_density":219.2,"all_players":13,"players_per_million":5.12,"player_ids":["mlb:578428","mlb:624585","mlb:628451","mlb:666974","mlb:668227","mlb:670912","mlb:670970","mlb:676480","mlb:678246","mlb:681624","mlb:682868","mlb:683748","mlb:692585"],"label":"Havana","country":"Cuba"},"geometry":{"type":"Polygon","coordinates":[[[-82.583678,22.630062],[-82.146214,23.085326],[-82.310403,23.682659],[-82.919384,23.827151],[-83.361261,23.368803],[-83.189751,22.769068],[-82.583678,22.630062]]]}},{"type":"Feature","properties":{"hex_id":"834440fffffffff","population":700278,"population_year":2025,"area_km2":13258.9,"population_density":52.8,"all_players":3,"players_per_million":4.28,"player_ids":["mlb:543592","mlb:605400","mlb:669701"],"label":"Baton Rouge","country":"United States"},"geometry":{"type":"Polygon","coordinates":[[[-91.213549,30.149237],[-90.737597,30.634218],[-90.980019,31.253903],[-91.70664,31.389766],[-92.185406,30.901967],[-91.934789,30.281145],[-91.213549,30.149237]]]}},{"type":"Feature","properties":{"hex_id":"834442fffffffff","population":264533,"population_year":2025,"area_km2":13035.7,"population_density":20.3,"all_players":1,"players_per_million":3.78,"player_ids":["mlb:663432"],"label":"Folsom","country":"United States"},"geometry":{"type":"Polygon","coordinates":[[[-90.022833,30.495543],[-89.545393,30.972456],[-89.779473,31.590738],[-90.499382,31.733531],[-90.980019,31.253903],[-90.737597,30.634218],[-90.022833,30.495543]]]}},{"type":"Feature","properties":{"hex_id":"834445fffffffff","population":545933,"population_year":2025,"area_km2":13472.5,"population_density":40.5,"all_players":2,"players_per_million":3.66,"player_ids":["mlb:663687","mlb:676439"],"label":"Lafayette","country":"United States"},"geometry":{"type":"Polygon","coordinates":[[[-92.408822,29.788257],[-91.934789,30.281145],[-92.185406,30.901967],[-92.918138,31.030789],[-93.394592,30.534991],[-93.135951,29.913303],[-92.408822,29.788257]]]}},{"type":"Feature","properties":{"hex_id":"834446fffffffff","population":1714125,"population_year":2025,"area_km2":13142.7,"population_density":130.4,"all_players":3,"players_per_million":1.75,"player_ids":["mlb:489119","mlb:641585","mlb:676742"],"label":"Hammond","country":"United States"},"geometry":{"type":"Polygon","coordinates":[[[-90.262055,29.393937],[-89.789168,29.876068],[-90.022833,30.495543],[-90.737597,30.634218],[-91.213549,30.149237],[-90.971719,29.528453],[-90.262055,29.393937]]]}},{"type":"Feature","properties":{"hex_id":"834449fffffffff","population":86613,"population_year":2025,"area_km2":13376.9,"population_density":6.5,"all_players":1,"players_per_million":11.55,"player_ids":["mlb:677955"],"label":"Ashdown","country":"United States"},"geometry":{"type":"Polygon","coordinates":[[[-93.976725,33.506269],[-93.488117,33.993888],[-93.758968,34.608572],[-94.526864,34.736306],[-95.017507,34.246081],[-94.738292,33.630749],[-93.976725,33.506269]]]}},{"type":"Feature","properties":{"hex_id":"83444afffffffff","population":129618,"population_year":2025,"area_km2":13096.6,"population_density":9.9,"all_players":1,"players_per_million":7.71,"player_ids":["mlb:676604"],"label":"White Hall","country":"United States"},"geometry":{"type":"Polygon","coordinates":[[[-91.72652,33.108995],[-91.238048,33.585459],[-91.490847,34.200716],[-92.240764,34.340643],[-92.732031,33.861633],[-92.470646,33.245263],[-91.72652,33.108995]]]}},{"type":"Feature","properties":{"hex_id":"83444cfffffffff","population":449089,"population_year":2025,"area_km2":13448.5,"population_density":33.4,"all_players":2,"players_per_million":4.45,"player_ids":["mlb:592836","mlb:607625"],"label":"Shreveport","country":"United States"},"geometry":{"type":"Polygon","coordinates":[[[-93.177711,31.651131],[-92.696403,32.141716],[-92.956891,32.760281],[-93.70695,32.889054],[-94.190501,32.395718],[-93.921815,31.776383],[-93.177711,31.651131]]]}},{"type":"Feature","properties":{"hex_id":"83444dfffffffff","population":380204,"population_year":2025,"area_km2":13520.8,"population_density":28.1,"all_players":3,"players_per_million":7.89,"player_ids":["mlb:656629","mlb:682243","mlb:686580"],"label":"Longview","country":"United States"},"geometry":{"type":"Polygon","coordinates":[[[-94.190501,32.395718],[-93.70695,32.889054],[-93.976725,33.506269],[-94.738292,33.630749],[-95.223765,33.1347],[-94.945821,32.516906],[-94.190501,32.395718]]]}},{"type":"Feature","properties":{"hex_id":"83444efffffffff","population":307155,"population_year":2025,"area_km2":13235.5,"population_density":23.2,"all_players":1,"players_per_million":3.26,"player_ids":["mlb:806188"],"label":"Ruston","country":"United States"},"geometry":{"type":"Polygon","coordinates":[[[-91.958005,32.009151],[-91.474426,32.491469],[-91.72652,33.108995],[-92.470646,33.245263],[-92.956891,32.760281],[-92.696403,32.141716],[-91.958005,32.009151]]]}},{"type":"Feature","properties":{"hex_id":"834450fffffffff","population":706126,"population_year":2025,"area_km2":12679.7,"population_density":55.7,"all_players":4,"players_per_million":5.66,"player_ids":["mlb:657006","mlb:663455","mlb:686790","mlb:688760"],"label":"Mobile","country":"United States"},"geometry":{"type":"Polygon","coordinates":[[[-87.916773,30.06185],[-87.442045,30.527943],[-87.659032,31.144017],[-88.359172,31.295847],[-88.837672,30.827133],[-88.612295,30.20923],[-87.916773,30.06185]]]}},{"type":"Feature","properties":{"hex_id":"834455fffffffff","population":546173,"population_year":2025,"area_km2":12915.2,"population_density":42.3,"all_players":2,"players_per_million":3.66,"player_ids":["mlb:676979","mlb:677941"],"label":"Gulfport","country":"United States"},"geometry":{"type":"Polygon","coordinates":[[[-89.08631,29.735057],[-88.612295,30.20923],[-88.837672,30.827133],[-89.545393,30.972456],[-90.022833,30.495543],[-89.789168,29.876068],[-89.08631,29.735057]]]}},{"type":"Feature","properties":{"hex_id":"834456fffffffff","population":285387,"population_year":2025,"area_km2":12543.2,"population_density":22.8,"all_players":3,"players_per_million":10.51,"player_ids":["mlb:594902","mlb:663604","mlb:687075"],"label":"Pensacola","country":"United States"},"geometry":{"type":"Polygon","coordinates":[[[-87.016549,29.295833],[-86.545778,29.759287],[-86.754361,30.374339],[-87.442045,30.527943],[-87.916773,30.06185],[-87.699889,29.444813],[-87.016549,29.295833]]]}},{"type":"Feature","properties":{"hex_id":"83445cfffffffff","population":611038,"population_year":2025,"area_km2":12915.2,"population_density":47.3,"all_players":4,"players_per_million":6.55,"player_ids":["mlb:592669","mlb:663968","mlb:669372","mlb:701542"],"label":"Flowood","country":"United States"},"geometry":{"type":"Polygon","coordinates":[[[-89.779473,31.590738],[-89.29741,32.062054],[-89.531876,32.678725],[-90.256976,32.82559],[-90.742371,32.351691],[-90.499382,31.733531],[-89.779473,31.590738]]]}},{"type":"Feature","properties":{"hex_id":"83446cfffffffff","population":6104544,"population_year":2025,"area_km2":13866.8,"population_density":440.2,"all_players":25,"players_per_million":4.1,"player_ids":["mlb:518876","mlb:543135","mlb:624415","mlb:656484","mlb:657136","mlb:663321","mlb:663399","mlb:663568","mlb:663609","mlb:663855","mlb:664139","mlb:665019","mlb:667452","mlb:669358","mlb:669620","mlb:669713","mlb:676684","mlb:680573","mlb:680755","mlb:681297","mlb:683175","mlb:685005","mlb:694728","mlb:695238","mlb:701656"],"label":"Houston","country":"United States"},"geometry":{"type":"Polygon","coordinates":[[[-94.808948,29.022702],[-94.340041,29.530809],[-94.606515,30.15309],[-95.34958,30.267602],[-95.820095,29.756435],[-95.546005,29.133838],[-94.808948,29.022702]]]}},{"type":"Feature","properties":{"hex_id":"83446dfffffffff","population":1444582,"population_year":2025,"area_km2":13951.3,"population_density":103.5,"all_players":6,"players_per_million":4.15,"player_ids":["mlb:656686","mlb:663647","mlb:669369","mlb:679775","mlb:690928","mlb:691026"],"label":"New Waverly","country":"United States"},"geometry":{"type":"Polygon","coordinates":[[[-95.820095,29.756435],[-95.34958,30.267602],[-95.624961,30.889041],[-96.378487,30.999471],[-96.850284,30.485306],[-96.567347,29.863731],[-95.820095,29.756435]]]}},{"type":"Feature","properties":{"hex_id":"83446efffffffff","population":482812,"population_year":2025,"area_km2":13675.5,"population_density":35.3,"all_players":3,"players_per_million":6.21,"player_ids":["mlb:663767","mlb:681982","mlb:687064"],"label":"Lumberton","country":"United States"},"geometry":{"type":"Polygon","coordinates":[[[-93.607634,29.412696],[-93.135951,29.913303],[-93.394592,30.534991],[-94.132813,30.656687],[-94.606515,30.15309],[-94.340041,29.530809],[-93.607634,29.412696]]]}},{"type":"Feature","properties":{"hex_id":"8344a1fffffffff","population":5763886,"population_year":2025,"area_km2":11010.2,"population_density":523.5,"all_players":26,"players_per_million":4.51,"player_ids":["mlb:592206","mlb:592426","mlb:592518","mlb:605244","mlb:607074","mlb:607259","mlb:641312","mlb:641555","mlb:641755","mlb:643410","mlb:657053","mlb:663697","mlb:663743","mlb:663796","mlb:663853","mlb:665052","mlb:671213","mlb:676661","mlb:680728","mlb:683004","mlb:687003","mlb:687263","mlb:691723","mlb:692216","mlb:694384","mlb:701398"],"label":"Miami","country":"United States"},"geometry":{"type":"Polygon","coordinates":[[[-79.949065,25.306967],[-79.508022,25.739732],[-79.655984,26.333663],[-80.252477,26.497928],[-80.698565,26.062694],[-80.543111,25.465679],[-79.949065,25.306967]]]}},{"type":"Feature","properties":{"hex_id":"8344a8fffffffff","population":1093239,"population_year":2025,"area_km2":11131.6,"population_density":98.2,"all_players":2,"players_per_million":1.83,"player_ids":["mlb:681962","mlb:689958"],"label":"Melbourne","country":"United States"},"geometry":{"type":"Polygon","coordinates":[[[-80.407147,27.095513],[-79.957715,27.52564],[-80.111556,28.123412],[-80.722601,28.294198],[-81.177173,27.861791],[-81.015558,27.260891],[-80.407147,27.095513]]]}},{"type":"Feature","properties":{"hex_id":"8344a9fffffffff","population":3916404,"population_year":2025,"area_km2":11308.9,"population_density":346.3,"all_players":15,"players_per_million":3.83,"player_ids":["mlb:596295","mlb:621107","mlb:657557","mlb:663372","mlb:663624","mlb:663898","mlb:666126","mlb:666182","mlb:668964","mlb:669302","mlb:671106","mlb:677944","mlb:681481","mlb:682985","mlb:686611"],"label":"Orlando","country":"United States"},"geometry":{"type":"Polygon","coordinates":[[[-81.177173,27.861791],[-80.722601,28.294198],[-80.88346,28.895015],[-81.506834,29.066476],[-81.966494,28.631807],[-81.797694,28.027952],[-81.177173,27.861791]]]}},{"type":"Feature","properties":{"hex_id":"8344adfffffffff","population":402809,"population_year":2025,"area_km2":11387.2,"population_density":35.4,"all_players":1,"players_per_million":2.48,"player_ids":["mlb:457705"],"label":"Fort Meade","country":"United States"},"geometry":{"type":"Polygon","coordinates":[[[-81.466649,26.823209],[-81.015558,27.260891],[-81.177173,27.861791],[-81.797694,28.027952],[-82.253729,27.587841],[-82.084301,26.984013],[-81.466649,26.823209]]]}},{"type":"Feature","properties":{"hex_id":"8344aefffffffff","population":1495063,"population_year":2025,"area_km2":10947.5,"population_density":136.6,"all_players":11,"players_per_million":7.36,"player_ids":["mlb:547184","mlb:571945","mlb:607208","mlb:656976","mlb:656986","mlb:664849","mlb:671109","mlb:680689","mlb:687424","mlb:701350","mlb:701358"],"label":"Boynton Beach","country":"United States"},"geometry":{"type":"Polygon","coordinates":[[[-79.655984,26.333663],[-79.211732,26.761492],[-79.358798,27.355871],[-79.957715,27.52564],[-80.407147,27.095513],[-80.252477,26.497928],[-79.655984,26.333663]]]}},{"type":"Feature","properties":{"hex_id":"8344b5fffffffff","population":309404,"population_year":2025,"area_km2":10362.1,"population_density":29.9,"all_players":1,"players_per_million":3.23,"player_ids":["mlb:665862"],"label":"Nassau","country":"Bahamas"},"geometry":{"type":"Polygon","coordinates":[[[-77.511305,24.08095],[-77.082712,24.501758],[-77.210862,25.084077],[-77.774681,25.248969],[-78.208503,24.825799],[-78.073265,24.24011],[-77.511305,24.08095]]]}},{"type":"Feature","properties":{"hex_id":"8344c0fffffffff","population":517494,"population_year":2025,"area_km2":11552.8,"population_density":44.8,"all_players":1,"players_per_million":1.93,"player_ids":["mlb:680735"],"label":"Macon","country":"United States"},"geometry":{"type":"Polygon","coordinates":[[[-83.027811,32.266287],[-82.550234,32.692957],[-82.73253,33.297599],[-83.401132,33.478441],[-83.883855,33.049852],[-83.69284,32.442355],[-83.027811,32.266287]]]}},{"type":"Feature","properties":{"hex_id":"8344c1fffffffff","population":5328708,"population_year":2025,"area_km2":11678.0,"population_density":456.3,"all_players":35,"players_per_million":6.57,"player_ids":["mlb:554430","mlb:571657","mlb:608371","mlb:621566","mlb:641745","mlb:656302","mlb:663330","mlb:663536","mlb:663662","mlb:663698","mlb:663886","mlb:666181","mlb:666198","mlb:666211","mlb:668845","mlb:669016","mlb:669721","mlb:671221","mlb:674944","mlb:676477","mlb:677943","mlb:678009","mlb:681584","mlb:682928","mlb:686642","mlb:687134","mlb:687363","mlb:687830","mlb:687847","mlb:688363","mlb:691023","mlb:691781","mlb:695670","mlb:696149","mlb:802415"],"label":"Atlanta","country":"United States"},"geometry":{"type":"Polygon","coordinates":[[[-83.883855,33.049852],[-83.401132,33.478441],[-83.591669,34.083947],[-84.273825,34.263584],[-84.761579,33.833075],[-84.562163,33.224865],[-83.883855,33.049852]]]}},{"type":"Feature","properties":{"hex_id":"8344c2fffffffff","population":596215,"population_year":2025,"area_km2":11291.0,"population_density":52.8,"all_players":4,"players_per_million":6.71,"player_ids":["mlb:669134","mlb:680704","mlb:801403","mlb:802686"],"label":"Augusta","country":"United States"},"geometry":{"type":"Polygon","coordinates":[[[-81.895015,32.511356],[-81.4188,32.929579],[-81.592393,33.531156],[-82.250909,33.717588],[-82.73253,33.297599],[-82.550234,32.692957],[-81.895015,32.511356]]]}},{"type":"Feature","properties":{"hex_id":"8344c3fffffffff","population":371687,"population_year":2025,"area_km2":11417.6,"population_density":32.6,"all_players":2,"players_per_million":5.38,"player_ids":["mlb:624428","mlb:677958"],"label":"Athens","country":"United States"},"geometry":{"type":"Polygon","coordinates":[[[-82.73253,33.297599],[-82.250909,33.717588],[-82.432568,34.320173],[-83.104736,34.505705],[-83.591669,34.083947],[-83.401132,33.478441],[-82.73253,33.297599]]]}},{"type":"Feature","properties":{"hex_id":"8344c4fffffffff","population":169272,"population_year":2025,"area_km2":11678.0,"population_density":14.5,"all_players":2,"players_per_million":11.82,"player_ids":["mlb:670764","mlb:671162"],"label":"Tifton","country":"United States"},"geometry":{"type":"Polygon","coordinates":[[[-83.318504,31.226884],[-82.84493,31.659949],[-83.027811,32.266287],[-83.69284,32.442355],[-84.171401,32.00722],[-83.979957,31.398103],[-83.318504,31.226884]]]}},{"type":"Feature","properties":{"hex_id":"8344c5fffffffff","population":357053,"population_year":2025,"area_km2":11812.0,"population_density":30.2,"all_players":1,"players_per_million":2.8,"player_ids":["mlb:519326"],"label":"Thomaston","country":"United States"},"geometry":{"type":"Polygon","coordinates":[[[-84.171401,32.00722],[-83.69284,32.442355],[-83.883855,33.049852],[-84.562163,33.224865],[-85.045592,32.787663],[-84.845862,32.177532],[-84.171401,32.00722]]]}},{"type":"Feature","properties":{"hex_id":"8344c6fffffffff","population":164759,"population_year":2025,"area_km2":11417.6,"population_density":14.4,"all_players":1,"players_per_million":6.07,"player_ids":["mlb:621439"],"label":"Baxley","country":"United States"},"geometry":{"type":"Polygon","coordinates":[[[-82.19302,31.483261],[-81.720688,31.908012],[-81.895015,32.511356],[-82.550234,32.692957],[-83.027811,32.266287],[-82.84493,31.659949],[-82.19302,31.483261]]]}},{"type":"Feature","properties":{"hex_id":"8344c9fffffffff","population":305347,"population_year":2025,"area_km2":11735.1,"population_density":26.0,"all_players":1,"players_per_million":3.27,"player_ids":["mlb:681799"],"label":"Sparta","country":"United States"},"geometry":{"type":"Polygon","coordinates":[[[-85.376594,35.653352],[-84.879398,36.078681],[-85.086968,36.681623],[-85.801113,36.861666],[-86.303213,36.434527],[-86.086288,35.829173],[-85.376594,35.653352]]]}},{"type":"Feature","properties":{"hex_id":"8344cafffffffff","population":909086,"population_year":2025,"area_km2":11381.2,"population_density":79.9,"all_players":3,"players_per_million":3.3,"player_ids":["mlb:657041","mlb:690829","mlb:805673"],"label":"Knoxville","country":"United States"},"geometry":{"type":"Polygon","coordinates":[[[-83.294745,35.108864],[-82.803555,35.523528],[-82.992984,36.123996],[-83.682833,36.31263],[-84.179395,35.896325],[-83.980749,35.293044],[-83.294745,35.108864]]]}},{"type":"Feature","properties":{"hex_id":"8344ccfffffffff","population":1329536,"population_year":2025,"area_km2":11792.7,"population_density":112.7,"all_players":5,"players_per_million":3.76,"player_ids":["mlb:621020","mlb:657376","mlb:676428","mlb:683769","mlb:686930"],"label":"Kennesaw","country":"United States"},"geometry":{"type":"Polygon","coordinates":[[[-84.761579,33.833075],[-84.273825,34.263584],[-84.472881,34.869506],[-85.168742,35.047476],[-85.661389,34.615039],[-85.453304,34.006577],[-84.761579,33.833075]]]}},{"type":"Feature","properties":{"hex_id":"8344cdfffffffff","population":498389,"population_year":2025,"area_km2":11896.2,"population_density":41.9,"all_players":3,"players_per_million":6.02,"player_ids":["mlb:669236","mlb:677961","mlb:692225"],"label":"Chattanooga","country":"United States"},"geometry":{"type":"Polygon","coordinates":[[[-85.661389,34.615039],[-85.168742,35.047476],[-85.376594,35.653352],[-86.086288,35.829173],[-86.583669,35.394798],[-86.366648,34.786557],[-85.661389,34.615039]]]}},{"type":"Feature","properties":{"hex_id":"8344cefffffffff","population":635770,"population_year":2025,"area_km2":11534.2,"population_density":55.1,"all_players":1,"players_per_million":1.57,"player_ids":["mlb:681857"],"label":"Gainesville","country":"United States"},"geometry":{"type":"Polygon","coordinates":[[[-83.591669,34.083947],[-83.104736,34.505705],[-83.294745,35.108864],[-83.980749,35.293044],[-84.472881,34.869506],[-84.273825,34.263584],[-83.591669,34.083947]]]}},{"type":"Feature","properties":{"hex_id":"8344d1fffffffff","population":201555,"population_year":2025,"area_km2":11027.4,"population_density":18.3,"all_players":1,"players_per_million":4.96,"player_ids":["mlb:675540"],"label":"Orangeburg","country":"United States"},"geometry":{"type":"Polygon","coordinates":[[[-80.773736,32.742682],[-80.299243,33.152497],[-80.464172,33.750806],[-81.112257,33.942579],[-81.592393,33.531156],[-81.4188,32.929579],[-80.773736,32.742682]]]}},{"type":"Feature","properties":{"hex_id":"8344d5fffffffff","population":734655,"population_year":2025,"area_km2":11155.0,"population_density":65.9,"all_players":1,"players_per_million":1.36,"player_ids":["mlb:669387"],"label":"Hilton Head Island","country":"United States"},"geometry":{"type":"Polygon","coordinates":[[[-81.078665,31.726077],[-80.607929,32.142536],[-80.773736,32.742682],[-81.4188,32.929579],[-81.895015,32.511356],[-81.720688,31.908012],[-81.078665,31.726077]]]}},{"type":"Feature","properties":{"hex_id":"8344d8fffffffff","population":1822560,"population_year":2025,"area_km2":11057.7,"population_density":164.8,"all_players":11,"players_per_million":6.04,"player_ids":["mlb:605488","mlb:608369","mlb:663423","mlb:666176","mlb:669717","mlb:669722","mlb:676475","mlb:681432","mlb:681895","mlb:691769","mlb:815083"],"label":"Charlotte","country":"United States"},"geometry":{"type":"Polygon","coordinates":[[[-81.285062,34.542036],[-80.962413,34.812203],[-80.764551,34.92272],[-80.863541,35.476502],[-81.56765,35.695929],[-81.964648,35.469269],[-82.12783,35.333393],[-81.94686,34.733211],[-81.285062,34.542036]]]}},{"type":"Feature","properties":{"hex_id":"8344d9fffffffff","population":776960,"population_year":2025,"area_km2":11218.7,"population_density":69.3,"all_players":2,"players_per_million":2.57,"player_ids":["mlb:689017","mlb:694497"],"label":"Johnson City","country":"United States"},"geometry":{"type":"Polygon","coordinates":[[[-82.396022,36.472583],[-82.992984,36.123996],[-82.803555,35.523528],[-82.12783,35.333393],[-81.964648,35.469269],[-81.56765,35.695929],[-81.677489,36.255732],[-82.396022,36.472583]]]}},{"type":"Feature","properties":{"hex_id":"8344dafffffffff","population":1478169,"population_year":2025,"area_km2":11061.9,"population_density":133.6,"all_players":3,"players_per_million":2.03,"player_ids":["mlb:641927","mlb:663804","mlb:686751"],"label":"Huntersville","country":"United States"},"geometry":{"type":"Polygon","coordinates":[[[-80.258145,35.811082],[-80.863541,35.476502],[-80.764551,34.92272],[-80.0746,34.701197],[-79.473144,35.027553],[-79.557618,35.583567],[-80.258145,35.811082]]]}},{"type":"Feature","properties":{"hex_id":"8344dbfffffffff","population":978897,"population_year":2025,"area_km2":11261.2,"population_density":86.9,"all_players":2,"players_per_million":2.04,"player_ids":["mlb:640451","mlb:694350"],"label":"Catawba","country":"United States"},"geometry":{"type":"Polygon","coordinates":[[[-81.068449,36.598719],[-81.677489,36.255732],[-81.56765,35.695929],[-80.863541,35.476502],[-80.258145,35.811082],[-80.35312,36.373406],[-81.068449,36.598719]]]}},{"type":"Feature","properties":{"hex_id":"8344dcfffffffff","population":460619,"population_year":2025,"area_km2":11155.0,"population_density":41.3,"all_players":1,"players_per_million":2.17,"player_ids":["mlb:605218"],"label":"Newberry","country":"United States"},"geometry":{"type":"Polygon","coordinates":[[[-81.592393,33.531156],[-81.112257,33.942579],[-81.285062,34.542036],[-81.94686,34.733211],[-82.432568,34.320173],[-82.250909,33.717588],[-81.592393,33.531156]]]}},{"type":"Feature","properties":{"hex_id":"8344ddfffffffff","population":1270062,"population_year":2025,"area_km2":11273.1,"population_density":112.7,"all_players":7,"players_per_million":5.51,"player_ids":["mlb:641941","mlb:642201","mlb:643338","mlb:669326","mlb:675650","mlb:681909","mlb:686730"],"label":"Greenville","country":"United States"},"geometry":{"type":"Polygon","coordinates":[[[-82.432568,34.320173],[-81.94686,34.733211],[-82.12783,35.333393],[-82.803555,35.523528],[-83.294745,35.108864],[-83.104736,34.505705],[-82.432568,34.320173]]]}},{"type":"Feature","properties":{"hex_id":"8344defffffffff","population":686040,"population_year":2025,"area_km2":10906.9,"population_density":62.9,"all_players":2,"players_per_million":2.92,"player_ids":["mlb:676664","mlb:686563"],"label":"Sumter","country":"United States"},"geometry":{"type":"Polygon","coordinates":[[[-80.464172,33.750806],[-79.985888,34.15372],[-80.0746,34.701197],[-80.764551,34.92272],[-80.962413,34.812203],[-81.285062,34.542036],[-81.112257,33.942579],[-80.464172,33.750806]]]}},{"type":"Feature","properties":{"hex_id":"8344e1fffffffff","population":327205,"population_year":2025,"area_km2":12188.8,"population_density":26.8,"all_players":1,"players_per_million":3.06,"player_ids":["mlb:605280"],"label":"Dothan","country":"United States"},"geometry":{"type":"Polygon","coordinates":[[[-85.599956,30.672594],[-85.12502,31.122264],[-85.325018,31.733936],[-86.008497,31.898279],[-86.487848,31.44625],[-86.279328,30.832256],[-85.599956,30.672594]]]}},{"type":"Feature","properties":{"hex_id":"8344e2fffffffff","population":502544,"population_year":2025,"area_km2":11792.7,"population_density":42.6,"all_players":8,"players_per_million":15.92,"player_ids":["mlb:663485","mlb:663947","mlb:669084","mlb:670102","mlb:676106","mlb:687515","mlb:694462","mlb:695418"],"label":"Tallahassee","country":"United States"},"geometry":{"type":"Polygon","coordinates":[[[-83.604702,30.180069],[-83.135088,30.619223],[-83.318504,31.226884],[-83.979957,31.398103],[-84.454402,30.956725],[-84.262576,30.346369],[-83.604702,30.180069]]]}},{"type":"Feature","properties":{"hex_id":"8344e5fffffffff","population":447076,"population_year":2025,"area_km2":12298.2,"population_density":36.4,"all_players":2,"players_per_million":4.47,"player_ids":["mlb:641329","mlb:677956"],"label":"Fort Walton Beach","country":"United States"},"geometry":{"type":"Polygon","coordinates":[[[-85.870499,29.604362],[-85.399733,30.059771],[-85.599956,30.672594],[-86.279328,30.832256],[-86.754361,30.374339],[-86.545778,29.759287],[-85.870499,29.604362]]]}},{"type":"Feature","properties":{"hex_id":"8344e6fffffffff","population":59788,"population_year":2025,"area_km2":11896.2,"population_density":5.0,"all_players":1,"players_per_million":16.73,"player_ids":["mlb:666142"],"label":"Crawfordville","country":"United States"},"geometry":{"type":"Polygon","coordinates":[[[-83.886493,29.126548],[-83.420798,29.571467],[-83.604702,30.180069],[-84.262576,30.346369],[-84.732952,29.899068],[-84.540788,29.287866],[-83.886493,29.126548]]]}},{"type":"Feature","properties":{"hex_id":"8344e8fffffffff","population":961978,"population_year":2025,"area_km2":12188.8,"population_density":78.9,"all_players":8,"players_per_million":8.32,"player_ids":["mlb:502085","mlb:608665","mlb:642016","mlb:682183","mlb:686475","mlb:690916","mlb:695445","mlb:702752"],"label":"Birmingham","country":"United States"},"geometry":{"type":"Polygon","coordinates":[[[-86.216914,32.510814],[-85.733188,32.95662],[-85.941462,33.567307],[-86.6423,33.734447],[-87.130432,33.286432],[-86.913348,32.673504],[-86.216914,32.510814]]]}},{"type":"Feature","properties":{"hex_id":"8344eafffffffff","population":623373,"population_year":2025,"area_km2":11935.4,"population_density":52.2,"all_players":1,"players_per_million":1.6,"player_ids":["mlb:681867"],"label":"Carrollton","country":"United States"},"geometry":{"type":"Polygon","coordinates":[[[-85.045592,32.787663],[-84.562163,33.224865],[-84.761579,33.833075],[-85.453304,34.006577],[-85.941462,33.567307],[-85.733188,32.95662],[-85.045592,32.787663]]]}},{"type":"Feature","properties":{"hex_id":"8344ebfffffffff","population":533732,"population_year":2025,"area_km2":12047.7,"population_density":44.3,"all_players":1,"players_per_million":1.87,"player_ids":["mlb:663554"],"label":"Springville","country":"United States"},"geometry":{"type":"Polygon","coordinates":[[[-85.941462,33.567307],[-85.453304,34.006577],[-85.661389,34.615039],[-86.366648,34.786557],[-86.859373,34.345217],[-86.6423,33.734447],[-85.941462,33.567307]]]}},{"type":"Feature","properties":{"hex_id":"8344ecfffffffff","population":309130,"population_year":2025,"area_km2":12318.9,"population_density":25.1,"all_players":1,"players_per_million":3.23,"player_ids":["mlb:683002"],"label":"Montgomery","country":"United States"},"geometry":{"type":"Polygon","coordinates":[[[-86.487848,31.44625],[-86.008497,31.898279],[-86.216914,32.510814],[-86.913348,32.673504],[-87.396951,32.219126],[-87.179897,31.604426],[-86.487848,31.44625]]]}},{"type":"Feature","properties":{"hex_id":"8344edfffffffff","population":276536,"population_year":2025,"area_km2":12437.2,"population_density":22.2,"all_players":2,"players_per_million":7.23,"player_ids":["mlb:605513","mlb:641313"],"label":"Tuscaloosa","country":"United States"},"geometry":{"type":"Polygon","coordinates":[[[-87.396951,32.219126],[-86.913348,32.673504],[-87.130432,33.286432],[-87.839892,33.446999],[-88.327561,32.99028],[-88.101738,32.375354],[-87.396951,32.219126]]]}},{"type":"Feature","properties":{"hex_id":"8344eefffffffff","population":458240,"population_year":2025,"area_km2":12067.7,"population_density":38.0,"all_players":1,"players_per_million":2.18,"player_ids":["mlb:607179"],"label":"Columbus","country":"United States"},"geometry":{"type":"Polygon","coordinates":[[[-85.325018,31.733936],[-84.845862,32.177532],[-85.045592,32.787663],[-85.733188,32.95662],[-86.216914,32.510814],[-86.008497,31.898279],[-85.325018,31.733936]]]}},{"type":"Feature","properties":{"hex_id":"8344f0fffffffff","population":1905777,"population_year":2025,"area_km2":11381.2,"population_density":167.5,"all_players":6,"players_per_million":3.15,"player_ids":["mlb:596103","mlb:605182","mlb:641540","mlb:682995","mlb:682997","mlb:689172"],"label":"Jacksonville","country":"United States"},"geometry":{"type":"Polygon","coordinates":[[[-81.67496,29.669969],[-81.211641,30.098872],[-81.379045,30.70162],[-82.01801,30.878511],[-82.486497,30.447523],[-82.310853,29.841742],[-81.67496,29.669969]]]}},{"type":"Feature","properties":{"hex_id":"8344f3fffffffff","population":250081,"population_year":2025,"area_km2":11273.1,"population_density":22.2,"all_players":1,"players_per_million":4.0,"player_ids":["mlb:663992"],"label":"Hinesville","country":"United States"},"geometry":{"type":"Polygon","coordinates":[[[-81.379045,30.70162],[-80.912034,31.124448],[-81.078665,31.726077],[-81.720688,31.908012],[-82.19302,31.483261],[-82.01801,30.878511],[-81.379045,30.70162]]]}},{"type":"Feature","properties":{"hex_id":"8344f4fffffffff","population":1249840,"population_year":2025,"area_km2":11478.7,"population_density":108.9,"all_players":2,"players_per_million":1.6,"player_ids":["mlb:663903","mlb:687074"],"label":"Leesburg","country":"United States"},"geometry":{"type":"Polygon","coordinates":[[[-81.966494,28.631807],[-81.506834,29.066476],[-81.67496,29.669969],[-82.310853,29.841742],[-82.775533,29.404825],[-82.599304,28.798396],[-81.966494,28.631807]]]}},{"type":"Feature","properties":{"hex_id":"8344f5fffffffff","population":271618,"population_year":2025,"area_km2":11640.2,"population_density":23.3,"all_players":1,"players_per_million":3.68,"player_ids":["mlb:694671"],"label":"Trenton","country":"United States"},"geometry":{"type":"Polygon","coordinates":[[[-82.775533,29.404825],[-82.310853,29.841742],[-82.486497,30.447523],[-83.135088,30.619223],[-83.604702,30.180069],[-83.420798,29.571467],[-82.775533,29.404825]]]}},{"type":"Feature","properties":{"hex_id":"8344f6fffffffff","population":746889,"population_year":2025,"area_km2":11219.7,"population_density":66.6,"all_players":6,"players_per_million":8.03,"player_ids":["mlb:594798","mlb:596133","mlb:668885","mlb:669004","mlb:669720","mlb:691728"],"label":"DeLand","country":"United States"},"geometry":{"type":"Polygon","coordinates":[[[-80.88346,28.895015],[-80.425375,29.321821],[-80.58543,29.922173],[-81.211641,30.098872],[-81.67496,29.669969],[-81.506834,29.066476],[-80.88346,28.895015]]]}},{"type":"Feature","properties":{"hex_id":"834509fffffffff","population":1610200,"population_year":2025,"area_km2":12892.8,"population_density":124.9,"all_players":1,"players_per_million":0.62,"player_ids":["mlb:655889"],"label":"Merida","country":"Mexico"},"geometry":{"type":"Polygon","coordinates":[[[-88.969144,20.527868],[-88.530509,21.021296],[-88.738366,21.629561],[-89.39199,21.745384],[-89.833589,21.248168],[-89.618631,20.638944],[-88.969144,20.527868]]]}},{"type":"Feature","properties":{"hex_id":"834520fffffffff","population":2610504,"population_year":2025,"area_km2":12236.4,"population_density":213.3,"all_players":1,"players_per_million":0.38,"player_ids":["mlb:643289"],"label":"San Pedro Sula","country":"Honduras"},"geometry":{"type":"Polygon","coordinates":[[[-88.212884,14.78097],[-87.794658,15.270405],[-87.987936,15.855122],[-88.605957,15.950955],[-89.027048,15.457211],[-88.827278,14.871974],[-88.212884,14.78097]]]}},{"type":"Feature","properties":{"hex_id":"834589fffffffff","population":243642,"population_year":2025,"area_km2":11344.9,"population_density":21.5,"all_players":1,"players_per_million":4.1,"player_ids":["mlb:672335"],"label":"Matanzas","country":"Cuba"},"geometry":{"type":"Polygon","coordinates":[[[-81.548501,22.94201],[-81.112284,23.390484],[-81.269171,23.9852],[-81.869579,24.134078],[-82.310403,23.682659],[-82.146214,23.085326],[-81.548501,22.94201]]]}},{"type":"Feature","properties":{"hex_id":"83458afffffffff","population":141607,"population_year":2025,"area_km2":10891.0,"population_density":13.0,"all_players":1,"players_per_million":7.06,"player_ids":["mlb:650490"],"label":"Sagua la Grande","country":"Cuba"},"geometry":{"type":"Polygon","coordinates":[[[-79.794851,22.506839],[-79.364978,22.945629],[-79.508242,23.533066],[-80.088492,23.684602],[-80.523187,23.242987],[-80.372807,22.652678],[-79.794851,22.506839]]]}},{"type":"Feature","properties":{"hex_id":"83458efffffffff","population":872486,"population_year":2025,"area_km2":10913.5,"population_density":79.9,"all_players":5,"players_per_million":5.73,"player_ids":["mlb:660162","mlb:682989","mlb:687377","mlb:693409","mlb:700337"],"label":"Cienfuegos","country":"Cuba"},"geometry":{"type":"Polygon","coordinates":[[[-80.077621,21.478702],[-79.650763,21.921223],[-79.794851,22.506839],[-80.372807,22.652678],[-80.804364,22.207171],[-80.653263,21.618829],[-80.077621,21.478702]]]}},{"type":"Feature","properties":{"hex_id":"834591fffffffff","population":550956,"population_year":2025,"area_km2":10234.0,"population_density":53.8,"all_players":1,"players_per_million":1.82,"player_ids":["mlb:684320"],"label":"Camaguey","country":"Cuba"},"geometry":{"type":"Polygon","coordinates":[[[-77.711798,20.339966],[-77.296511,20.77016],[-77.421988,21.342651],[-77.969393,21.487933],[-78.389552,21.054853],[-78.257424,20.479393],[-77.711798,20.339966]]]}},{"type":"Feature","properties":{"hex_id":"834592fffffffff","population":1181524,"population_year":2025,"area_km2":9779.9,"population_density":120.8,"all_players":1,"players_per_million":0.85,"player_ids":["mlb:547973"],"label":"Holguin","country":"Cuba"},"geometry":{"type":"Polygon","coordinates":[[[-76.113182,19.92026],[-75.705163,20.341354],[-75.818705,20.905271],[-76.346667,21.05125],[-76.759654,20.627392],[-76.639697,20.060333],[-76.113182,19.92026]]]}},{"type":"Feature","properties":{"hex_id":"834593fffffffff","population":569401,"population_year":2025,"area_km2":10000.2,"population_density":56.9,"all_players":1,"players_per_million":1.76,"player_ids":["mlb:670541"],"label":"Las Tunas","country":"Cuba"},"geometry":{"type":"Polygon","coordinates":[[[-76.759654,20.627392],[-76.346667,21.05125],[-76.465568,21.620605],[-77.004019,21.769252],[-77.421988,21.342651],[-77.296511,20.77016],[-76.759654,20.627392]]]}},{"type":"Feature","properties":{"hex_id":"83459cfffffffff","population":469789,"population_year":2025,"area_km2":10456.0,"population_density":44.9,"all_players":3,"players_per_million":6.39,"player_ids":["mlb:666969","mlb:673357","mlb:680118"],"label":"Ciego de Avila","country":"Cuba"},"geometry":{"type":"Polygon","coordinates":[[[-78.389552,21.054853],[-77.969393,21.487933],[-78.100591,22.065645],[-78.658747,22.213241],[-79.083771,21.777296],[-78.945766,21.196637],[-78.389552,21.054853]]]}},{"type":"Feature","properties":{"hex_id":"83459dfffffffff","population":560032,"population_year":2025,"area_km2":10675.2,"population_density":52.5,"all_players":3,"players_per_million":5.36,"player_ids":["mlb:493329","mlb:666971","mlb:691172"],"label":"Sancti Spiritus","country":"Cuba"},"geometry":{"type":"Polygon","coordinates":[[[-79.083771,21.777296],[-78.658747,22.213241],[-78.795872,22.795942],[-79.364978,22.945629],[-79.794851,22.506839],[-79.650763,21.921223],[-79.083771,21.777296]]]}},{"type":"Feature","properties":{"hex_id":"83464bfffffffff","population":438801,"population_year":2025,"area_km2":14263.0,"population_density":30.8,"all_players":4,"players_per_million":9.12,"player_ids":["mlb:642048","mlb:643396","mlb:670329","mlb:676282"],"label":"Honolulu","country":"United States"},"geometry":{"type":"Polygon","coordinates":[[[-158.575873,21.222572],[-158.784523,20.583695],[-158.300801,20.102693],[-157.606849,20.259692],[-157.394228,20.899442],[-157.879487,21.381338],[-158.575873,21.222572]]]}},{"type":"Feature","properties":{"hex_id":"83464efffffffff","population":72868,"population_year":2025,"area_km2":13976.9,"population_density":5.2,"all_players":1,"players_per_million":13.72,"player_ids":["mlb:489446"],"label":"Lihue","country":"United States"},"geometry":{"type":"Polygon","coordinates":[[[-160.036893,22.640458],[-160.24133,22.005854],[-159.754854,21.535411],[-159.061948,21.698861],[-158.853309,22.334675],[-159.341739,22.805845],[-160.036893,22.640458]]]}},{"type":"Feature","properties":{"hex_id":"83480efffffffff","population":638030,"population_year":2025,"area_km2":14922.2,"population_density":42.8,"all_players":2,"players_per_million":3.13,"player_ids":["mlb:662253","mlb:696030"],"label":"Los Mochis","country":"Mexico"},"geometry":{"type":"Polygon","coordinates":[[[-108.904538,25.703914],[-108.490011,26.27498],[-108.834519,26.88267],[-109.597682,26.91671],[-110.009,26.342978],[-109.660464,25.737877],[-108.904538,25.703914]]]}},{"type":"Feature","properties":{"hex_id":"834833fffffffff","population":661117,"population_year":2025,"area_km2":14912.7,"population_density":44.3,"all_players":1,"players_per_million":1.51,"player_ids":["mlb:664353"],"label":"Mazatlan","country":"Mexico"},"geometry":{"type":"Polygon","coordinates":[[[-105.756754,22.56078],[-105.339183,23.123029],[-105.659281,23.737486],[-106.401723,23.787393],[-106.817238,23.221874],[-106.492456,22.609728],[-105.756754,22.56078]]]}},{"type":"Feature","properties":{"hex_id":"834856fffffffff","population":938696,"population_year":2025,"area_km2":14771.4,"population_density":63.5,"all_players":4,"players_per_million":4.26,"player_ids":["mlb:660604","mlb:663967","mlb:670623","mlb:678316"],"label":"Hermosillo","country":"Mexico"},"geometry":{"type":"Polygon","coordinates":[[[-111.074556,28.148791],[-110.662618,28.72381],[-111.024407,29.322165],[-111.801749,29.342797],[-112.209628,28.765581],[-111.844332,28.169932],[-111.074556,28.148791]]]}},{"type":"Feature","properties":{"hex_id":"83485bfffffffff","population":1470479,"population_year":2025,"area_km2":14254.2,"population_density":103.2,"all_players":1,"players_per_million":0.68,"player_ids":["mlb:678368"],"label":"Mexicali","country":"Mexico"},"geometry":{"type":"Polygon","coordinates":[[[-114.472395,32.284104],[-114.065608,32.860784],[-114.455074,33.435885],[-115.254005,33.431536],[-115.655316,32.853419],[-115.263286,32.281084],[-114.472395,32.284104]]]}},{"type":"Feature","properties":{"hex_id":"834880fffffffff","population":559617,"population_year":2025,"area_km2":14495.3,"population_density":38.6,"all_players":1,"players_per_million":1.79,"player_ids":["mlb:667463"],"label":"Laredo","country":"United States"},"geometry":{"type":"Polygon","coordinates":[[[-99.618117,27.323267],[-99.164459,27.858633],[-99.459906,28.480513],[-100.215657,28.566256],[-100.669249,28.027691],[-100.367242,27.406601],[-99.618117,27.323267]]]}},{"type":"Feature","properties":{"hex_id":"83488bfffffffff","population":325388,"population_year":2025,"area_km2":14387.3,"population_density":22.6,"all_players":1,"players_per_million":3.07,"player_ids":["mlb:571970"],"label":"Midland","country":"United States"},"geometry":{"type":"Polygon","coordinates":[[[-101.452866,31.040562],[-100.989885,31.57502],[-101.306745,32.189578],[-102.093235,32.268747],[-102.555455,31.731491],[-102.232046,31.11788],[-101.452866,31.040562]]]}},{"type":"Feature","properties":{"hex_id":"834893fffffffff","population":423503,"population_year":2025,"area_km2":14045.3,"population_density":30.2,"all_players":2,"players_per_million":4.72,"player_ids":["mlb:545341","mlb:667472"],"label":"Rosenberg","country":"United States"},"geometry":{"type":"Polygon","coordinates":[[[-96.011712,28.618476],[-95.546005,29.133838],[-95.820095,29.756435],[-96.567347,29.863731],[-97.034246,29.345255],[-96.752775,28.722619],[-96.011712,28.618476]]]}},{"type":"Feature","properties":{"hex_id":"834895fffffffff","population":468331,"population_year":2025,"area_km2":14280.6,"population_density":32.8,"all_players":3,"players_per_million":6.41,"player_ids":["mlb:607455","mlb:624431","mlb:679845"],"label":"Corpus Christi","country":"United States"},"geometry":{"type":"Polygon","coordinates":[[[-97.392235,27.051296],[-96.934862,27.577046],[-97.214868,28.200278],[-97.959283,28.297437],[-98.417355,27.768419],[-98.13039,27.145531],[-97.392235,27.051296]]]}},{"type":"Feature","properties":{"hex_id":"83489afffffffff","population":768180,"population_year":2025,"area_km2":14019.6,"population_density":54.8,"all_players":2,"players_per_million":2.6,"player_ids":["mlb:677952","mlb:690544"],"label":"Waco","country":"United States"},"geometry":{"type":"Polygon","coordinates":[[[-96.850284,30.485306],[-96.378487,30.999471],[-96.66289,31.619531],[-97.426644,31.725397],[-97.899372,31.208297],[-97.607496,30.588286],[-96.850284,30.485306]]]}},{"type":"Feature","properties":{"hex_id":"83489cfffffffff","population":2696038,"population_year":2025,"area_km2":14280.6,"population_density":188.8,"all_players":5,"players_per_million":1.85,"player_ids":["mlb:548384","mlb:666215","mlb:673962","mlb:676059","mlb:690291"],"label":"San Antonio","country":"United States"},"geometry":{"type":"Polygon","coordinates":[[[-98.247879,28.919834],[-97.785013,29.445331],[-98.075247,30.066766],[-98.835447,30.162308],[-99.298731,29.633735],[-99.001481,29.012716],[-98.247879,28.919834]]]}},{"type":"Feature","properties":{"hex_id":"83489efffffffff","population":1808578,"population_year":2025,"area_km2":14123.1,"population_density":128.1,"all_players":8,"players_per_million":4.42,"player_ids":["mlb:571946","mlb:642232","mlb:663978","mlb:666152","mlb:666168","mlb:682254","mlb:683146","mlb:702616"],"label":"Austin","country":"United States"},"geometry":{"type":"Polygon","coordinates":[[[-97.034246,29.345255],[-96.567347,29.863731],[-96.850284,30.485306],[-97.607496,30.588286],[-98.075247,30.066766],[-97.785013,29.445331],[-97.034246,29.345255]]]}},{"type":"Feature","properties":{"hex_id":"8348cafffffffff","population":87596,"population_year":2025,"area_km2":14123.1,"population_density":6.2,"all_players":1,"players_per_million":11.42,"player_ids":["mlb:678011"],"label":"Fort Defiance","country":"United States"},"geometry":{"type":"Polygon","coordinates":[[[-108.304162,35.022886],[-107.852475,35.572406],[-108.222119,36.158816],[-109.048494,36.193817],[-109.496639,35.642241],[-109.122079,35.057727],[-108.304162,35.022886]]]}},{"type":"Feature","properties":{"hex_id":"8348d4fffffffff","population":44868,"population_year":2025,"area_km2":14495.3,"population_density":3.1,"all_players":1,"players_per_million":22.29,"player_ids":["mlb:669432"],"label":"Carlsbad","country":"United States"},"geometry":{"type":"Polygon","coordinates":[[[-103.798377,31.258774],[-103.342372,31.802733],[-103.674495,32.412788],[-104.468688,32.477527],[-104.923046,31.930908],[-104.584967,31.322223],[-103.798377,31.258774]]]}},{"type":"Feature","properties":{"hex_id":"8348d8fffffffff","population":986719,"population_year":2025,"area_km2":14123.1,"population_density":69.9,"all_players":4,"players_per_million":4.05,"player_ids":["mlb:608324","mlb:641598","mlb:680730","mlb:681293"],"label":"Albuquerque","country":"United States"},"geometry":{"type":"Polygon","coordinates":[[[-105.854904,34.885496],[-105.392452,35.425897],[-105.747797,36.019809],[-106.57143,36.071785],[-107.031302,35.529111],[-106.670244,34.936744],[-105.854904,34.885496]]]}},{"type":"Feature","properties":{"hex_id":"8348e8fffffffff","population":1384558,"population_year":2025,"area_km2":14495.3,"population_density":95.5,"all_players":2,"players_per_million":1.44,"player_ids":["mlb:657077","mlb:693304"],"label":"Tucson","country":"United States"},"geometry":{"type":"Polygon","coordinates":[[[-110.921102,31.656058],[-110.49596,32.224572],[-110.867885,32.814698],[-111.668838,32.833881],[-112.089722,32.263404],[-111.714028,31.675708],[-110.921102,31.656058]]]}},{"type":"Feature","properties":{"hex_id":"8348ebfffffffff","population":2689536,"population_year":2025,"area_km2":14369.4,"population_density":187.2,"all_players":7,"players_per_million":2.6,"player_ids":["mlb:621139","mlb:641355","mlb:669224","mlb:669398","mlb:681892","mlb:687589","mlb:689225"],"label":"Chandler","country":"United States"},"geometry":{"type":"Polygon","coordinates":[[[-110.867885,32.814698],[-110.438155,33.380106],[-110.813583,33.966592],[-111.622726,33.985325],[-112.048129,33.41802],[-111.668838,32.833881],[-110.867885,32.814698]]]}},{"type":"Feature","properties":{"hex_id":"8348ecfffffffff","population":410545,"population_year":2025,"area_km2":14604.7,"population_density":28.1,"all_players":2,"players_per_million":4.87,"player_ids":["mlb:602104","mlb:649966"],"label":"Magdalena de Kino","country":"Mexico"},"geometry":{"type":"Polygon","coordinates":[[[-110.973266,30.491571],[-110.552617,31.062731],[-110.921102,31.656058],[-111.714028,31.675708],[-112.130486,31.102514],[-111.758323,30.511705],[-110.973266,30.491571]]]}},{"type":"Feature","properties":{"hex_id":"834b64fffffffff","population":2490100,"population_year":2025,"area_km2":9779.9,"population_density":254.6,"all_players":1,"players_per_million":0.4,"player_ids":["mlb:684007"],"label":"Kitakyushu","country":"Japan"},"geometry":{"type":"Polygon","coordinates":[[[130.557843,33.768644],[130.678947,33.26453],[131.340987,33.117287],[131.883964,33.475385],[131.763398,33.979751],[131.099289,34.125791],[130.557843,33.768644]]]}},{"type":"Feature","properties":{"hex_id":"834ba2fffffffff","population":5198753,"population_year":2025,"area_km2":11027.4,"population_density":471.4,"all_players":1,"players_per_million":0.19,"player_ids":["mlb:678906"],"label":"Taichung","country":"Taiwan"},"geometry":{"type":"Polygon","coordinates":[[[120.121795,23.832352],[120.241208,23.271539],[120.846595,23.133384],[121.335796,23.559113],[121.215981,24.121857],[120.607345,24.25696],[120.121795,23.832352]]]}},{"type":"Feature","properties":{"hex_id":"834c88fffffffff","population":506683,"population_year":2025,"area_km2":9064.9,"population_density":55.9,"all_players":1,"players_per_million":1.97,"player_ids":["mlb:672744"],"label":"Montecristi","country":"Dominican Republic"},"geometry":{"type":"Polygon","coordinates":[[[-72.166316,20.535032],[-72.50875,20.158388],[-72.249626,19.680899],[-71.64854,19.582869],[-71.308904,19.961762],[-71.567523,20.436438],[-72.166316,20.535032]]]}},{"type":"Feature","properties":{"hex_id":"834c89fffffffff","population":2053693,"population_year":2025,"area_km2":9127.4,"population_density":225.0,"all_players":21,"players_per_million":10.23,"player_ids":["mlb:554340","mlb:600917","mlb:606303","mlb:642547","mlb:642715","mlb:661395","mlb:665660","mlb:665795","mlb:665877","mlb:666624","mlb:669289","mlb:669854","mlb:672841","mlb:673380","mlb:674370","mlb:678821","mlb:682274","mlb:682848","mlb:686228","mlb:691176","mlb:691587"],"label":"Santiago","country":"Dominican Republic"},"geometry":{"type":"Polygon","coordinates":[[[-71.308904,19.961762],[-71.64854,19.582869],[-71.38906,19.10083],[-70.79055,19.000618],[-70.45385,19.381759],[-70.712692,19.860867],[-71.308904,19.961762]]]}},{"type":"Feature","properties":{"hex_id":"834c8bfffffffff","population":2136726,"population_year":2025,"area_km2":9310.6,"population_density":229.5,"all_players":2,"players_per_million":0.94,"player_ids":["mlb:664294","mlb:677594"],"label":"Comendador","country":"Dominican Republic"},"geometry":{"type":"Polygon","coordinates":[[[-72.249626,19.680899],[-72.593505,19.296272],[-72.333528,18.811341],[-71.730136,18.713931],[-71.38906,19.10083],[-71.64854,19.582869],[-72.249626,19.680899]]]}},{"type":"Feature","properties":{"hex_id":"834c9efffffffff","population":355631,"population_year":2025,"area_km2":9549.5,"population_density":37.2,"all_players":1,"players_per_million":2.81,"player_ids":["mlb:806960"],"label":"Antilla","country":"Cuba"},"geometry":{"type":"Polygon","coordinates":[[[-75.187475,20.198213],[-74.782039,20.613085],[-74.889253,21.173709],[-75.408215,21.322766],[-75.818705,20.905271],[-75.705163,20.341354],[-75.187475,20.198213]]]}},{"type":"Feature","properties":{"hex_id":"834cc5fffffffff","population":1546158,"population_year":2025,"area_km2":8863.2,"population_density":174.4,"all_players":10,"players_per_million":6.47,"player_ids":["mlb:592254","mlb:605170","mlb:621043","mlb:656896","mlb:663558","mlb:664744","mlb:669304","mlb:671286","mlb:676679","mlb:683090"],"label":"Ponce","country":"Puerto Rico"},"geometry":{"type":"Polygon","coordinates":[[[-66.937477,18.741701],[-67.258425,18.367667],[-67.000754,17.879967],[-66.423369,17.769666],[-66.26439,17.958346],[-66.113969,18.204195],[-66.362344,18.630224],[-66.937477,18.741701]]]}},{"type":"Feature","properties":{"hex_id":"834cc6fffffffff","population":484874,"population_year":2025,"area_km2":9031.8,"population_density":53.7,"all_players":2,"players_per_million":4.12,"player_ids":["mlb:660821","mlb:678894"],"label":"Higuey","country":"Dominican Republic"},"geometry":{"type":"Polygon","coordinates":[[[-68.682189,19.068224],[-69.011224,18.690619],[-68.752285,18.203326],[-68.165306,18.096851],[-67.839576,18.476669],[-68.097493,18.960755],[-68.682189,19.068224]]]}},{"type":"Feature","properties":{"hex_id":"834cd0fffffffff","population":743369,"population_year":2025,"area_km2":9424.3,"population_density":78.9,"all_players":16,"players_per_million":21.52,"player_ids":["mlb:606466","mlb:608070","mlb:609280","mlb:622491","mlb:622534","mlb:622780","mlb:642520","mlb:660730","mlb:660757","mlb:660896","mlb:665833","mlb:666619","mlb:673820","mlb:677588","mlb:682653","mlb:692285"],"label":"San Cristobal","country":"Dominican Republic"},"geometry":{"type":"Polygon","coordinates":[[[-70.530834,18.514249],[-70.868966,18.125085],[-70.608371,17.631491],[-70.010374,17.530196],[-69.67532,17.921613],[-69.935154,18.412077],[-70.530834,18.514249]]]}},{"type":"Feature","properties":{"hex_id":"834cd4fffffffff","population":4361222,"population_year":2025,"area_km2":9182.1,"population_density":475.0,"all_players":51,"players_per_million":11.69,"player_ids":["mlb:467793","mlb:472610","mlb:516782","mlb:542303","mlb:570632","mlb:593576","mlb:593974","mlb:596142","mlb:606192","mlb:608032","mlb:622379","mlb:622569","mlb:622761","mlb:642350","mlb:642585","mlb:642708","mlb:650893","mlb:657656","mlb:664299","mlb:665161","mlb:665625","mlb:665742","mlb:666711","mlb:666808","mlb:667755","mlb:671305","mlb:672640","mlb:672642","mlb:672695","mlb:672710","mlb:675848","mlb:678495","mlb:678692","mlb:679032","mlb:679885","mlb:681715","mlb:682610","mlb:682622","mlb:682634","mlb:682657","mlb:682663","mlb:682729","mlb:682829","mlb:682842","mlb:691182","mlb:691406","mlb:691441","mlb:691548","mlb:692030","mlb:694212","mlb:801216"],"label":"Santo Domingo","country":"Dominican Republic"},"geometry":{"type":"Polygon","coordinates":[[[-70.45385,19.381759],[-70.79055,19.000618],[-70.530834,18.514249],[-69.935154,18.412077],[-69.601523,18.795461],[-69.860471,19.278779],[-70.45385,19.381759]]]}},{"type":"Feature","properties":{"hex_id":"834cd5fffffffff","population":1973283,"population_year":2025,"area_km2":9228.9,"population_density":213.8,"all_players":20,"players_per_million":10.14,"player_ids":["mlb:593871","mlb:612434","mlb:625643","mlb:642701","mlb:642727","mlb:642759","mlb:645302","mlb:650559","mlb:650911","mlb:660644","mlb:660853","mlb:665487","mlb:666277","mlb:666464","mlb:677595","mlb:678877","mlb:682825","mlb:682847","mlb:682927","mlb:694203"],"label":"San Pedro de Macoris","country":"Dominican Republic"},"geometry":{"type":"Polygon","coordinates":[[[-69.601523,18.795461],[-69.935154,18.412077],[-69.67532,17.921613],[-69.08272,17.817709],[-68.752285,18.203326],[-69.011224,18.690619],[-69.601523,18.795461]]]}},{"type":"Feature","properties":{"hex_id":"834cd6fffffffff","population":833987,"population_year":2025,"area_km2":9371.5,"population_density":89.0,"all_players":8,"players_per_million":9.59,"player_ids":["mlb:645261","mlb:661563","mlb:665839","mlb:665923","mlb:666659","mlb:672761","mlb:673237","mlb:677649"],"label":"Azua","country":"Dominican Republic"},"geometry":{"type":"Polygon","coordinates":[[[-71.38906,19.10083],[-71.730136,18.713931],[-71.46979,18.224552],[-70.868966,18.125085],[-70.530834,18.514249],[-70.79055,19.000618],[-71.38906,19.10083]]]}},{"type":"Feature","properties":{"hex_id":"834ceafffffffff","population":355504,"population_year":2025,"area_km2":8996.5,"population_density":39.5,"all_players":6,"players_per_million":16.88,"player_ids":["mlb:455117","mlb:592696","mlb:605353","mlb:621242","mlb:664747","mlb:671218"],"label":"Humacao","country":"Puerto Rico"},"geometry":{"type":"Polygon","coordinates":[[[-65.613123,17.337802],[-65.309154,17.833622],[-65.561469,18.266513],[-66.113969,18.204195],[-66.26439,17.958346],[-66.423369,17.769666],[-66.166052,17.278605],[-65.613123,17.337802]]]}},{"type":"Feature","properties":{"hex_id":"834ceefffffffff","population":1268363,"population_year":2025,"area_km2":8821.9,"population_density":143.8,"all_players":10,"players_per_million":7.88,"player_ids":["mlb:518585","mlb:543877","mlb:571771","mlb:595879","mlb:596019","mlb:605347","mlb:621244","mlb:621512","mlb:640459","mlb:687231"],"label":"Bayamon","country":"Puerto Rico"},"geometry":{"type":"Polygon","coordinates":[[[-65.561469,18.266513],[-65.257783,18.757869],[-65.509937,19.183216],[-66.062008,19.117909],[-66.362344,18.630224],[-66.113969,18.204195],[-65.561469,18.266513]]]}},{"type":"Feature","properties":{"hex_id":"834cf2fffffffff","population":414481,"population_year":2025,"area_km2":8942.0,"population_density":46.4,"all_players":4,"players_per_million":9.65,"player_ids":["mlb:661403","mlb:665750","mlb:674444","mlb:679922"],"label":"Tenares","country":"Dominican Republic"},"geometry":{"type":"Polygon","coordinates":[[[-70.377413,20.234021],[-70.712692,19.860867],[-70.45385,19.381759],[-69.860471,19.278779],[-69.528251,19.654161],[-69.78632,20.130299],[-70.377413,20.234021]]]}},{"type":"Feature","properties":{"hex_id":"834cf3fffffffff","population":316052,"population_year":2025,"area_km2":8990.8,"population_density":35.2,"all_players":5,"players_per_million":15.82,"player_ids":["mlb:622663","mlb:646240","mlb:660787","mlb:674384","mlb:678394"],"label":"Samana","country":"Dominican Republic"},"geometry":{"type":"Polygon","coordinates":[[[-69.528251,19.654161],[-69.860471,19.278779],[-69.601523,18.795461],[-69.011224,18.690619],[-68.682189,19.068224],[-68.940239,19.548453],[-69.528251,19.654161]]]}},{"type":"Feature","properties":{"hex_id":"835f41fffffffff","population":1283683,"population_year":2025,"area_km2":11291.0,"population_density":113.7,"all_players":1,"players_per_million":0.78,"player_ids":["mlb:672578"],"label":"Guayana","country":"Venezuela"},"geometry":{"type":"Polygon","coordinates":[[[-62.691806,7.578763],[-62.372285,8.116144],[-62.641879,8.632397],[-63.227254,8.610851],[-63.543565,8.076966],[-63.277727,7.561149],[-62.691806,7.578763]]]}},{"type":"Feature","properties":{"hex_id":"835f48fffffffff","population":217359,"population_year":2025,"area_km2":10891.0,"population_density":20.0,"all_players":1,"players_per_million":4.6,"player_ids":["mlb:622786"],"label":"San Antonio de Maturin","country":"Venezuela"},"geometry":{"type":"Polygon","coordinates":[[[-63.492891,9.120562],[-63.176908,9.652132],[-63.442343,10.155494],[-64.019985,10.12702],[-64.332693,9.599057],[-64.071048,9.09598],[-63.492891,9.120562]]]}},{"type":"Feature","properties":{"hex_id":"835f4afffffffff","population":306796,"population_year":2025,"area_km2":11010.2,"population_density":27.9,"all_players":2,"players_per_million":6.52,"player_ids":["mlb:545121","mlb:650671"],"label":"Caripito","country":"Venezuela"},"geometry":{"type":"Polygon","coordinates":[[[-62.592079,9.677515],[-62.273246,10.210012],[-62.542405,10.713529],[-63.126689,10.684412],[-63.442343,10.155494],[-63.176908,9.652132],[-62.592079,9.677515]]]}},{"type":"Feature","properties":{"hex_id":"835f4bfffffffff","population":929252,"population_year":2025,"area_km2":10746.4,"population_density":86.5,"all_players":4,"players_per_million":4.3,"player_ids":["mlb:640902","mlb:674285","mlb:676130","mlb:683618"],"label":"Cumana","country":"Venezuela"},"geometry":{"type":"Polygon","coordinates":[[[-63.442343,10.155494],[-63.126689,10.684412],[-63.391922,11.181199],[-63.969049,11.14894],[-64.281443,10.62366],[-64.019985,10.12702],[-63.442343,10.155494]]]}},{"type":"Feature","properties":{"hex_id":"835f4cfffffffff","population":485862,"population_year":2025,"area_km2":11027.4,"population_density":44.1,"all_players":2,"players_per_million":4.12,"player_ids":["mlb:663158","mlb:677651"],"label":"Bolivar","country":"Venezuela"},"geometry":{"type":"Polygon","coordinates":[[[-63.543565,8.076966],[-63.227254,8.610851],[-63.492891,9.120562],[-64.071048,9.09598],[-64.384069,8.565661],[-64.122238,8.056377],[-63.543565,8.076966]]]}},{"type":"Feature","properties":{"hex_id":"835f4dfffffffff","population":605191,"population_year":2025,"area_km2":10765.0,"population_density":56.2,"all_players":1,"players_per_million":1.65,"player_ids":["mlb:606115"],"label":"Anaco","country":"Venezuela"},"geometry":{"type":"Polygon","coordinates":[[[-64.384069,8.565661],[-64.071048,9.09598],[-64.332693,9.599057],[-64.903525,9.571422],[-65.058471,9.308112],[-65.219193,9.085832],[-64.955386,8.542069],[-64.384069,8.565661]]]}},{"type":"Feature","properties":{"hex_id":"835f59fffffffff","population":355302,"population_year":2025,"area_km2":11119.9,"population_density":32.0,"all_players":1,"players_per_million":2.81,"player_ids":["mlb:640492"],"label":"Guiria","country":"Venezuela"},"geometry":{"type":"Polygon","coordinates":[[[-61.681928,10.235997],[-61.360364,10.769087],[-61.633175,11.272633],[-62.223917,11.243079],[-62.542405,10.713529],[-62.273246,10.210012],[-61.681928,10.235997]]]}},{"type":"Feature","properties":{"hex_id":"836606fffffffff","population":1033402,"population_year":2025,"area_km2":12134.7,"population_density":85.2,"all_players":3,"players_per_million":2.9,"player_ids":["mlb:595751","mlb:672569","mlb:800311"],"label":"Tolu","country":"Colombia"},"geometry":{"type":"Polygon","coordinates":[[[-76.005264,10.180588],[-76.374864,9.709052],[-76.106814,9.150916],[-75.46902,9.067401],[-75.101755,9.541253],[-75.369908,10.096305],[-76.005264,10.180588]]]}},{"type":"Feature","properties":{"hex_id":"836622fffffffff","population":3470471,"population_year":2025,"area_km2":11703.3,"population_density":296.5,"all_players":2,"players_per_million":0.58,"player_ids":["mlb:456781","mlb:622503"],"label":"Barranquilla","country":"Colombia"},"geometry":{"type":"Polygon","coordinates":[[[-74.907387,11.570347],[-75.271509,11.111298],[-75.004219,10.562835],[-74.372853,10.476595],[-74.011247,10.937957],[-74.278451,11.483247],[-74.907387,11.570347]]]}},{"type":"Feature","properties":{"hex_id":"836628fffffffff","population":271815,"population_year":2025,"area_km2":11818.4,"population_density":23.0,"all_players":3,"players_per_million":11.04,"player_ids":["mlb:645444","mlb:665953","mlb:694037"],"label":"San Carlos","country":"Venezuela"},"geometry":{"type":"Polygon","coordinates":[[[-72.223157,9.660467],[-72.579224,9.19469],[-72.309956,8.637054],[-71.685122,8.54871],[-71.332068,9.016575],[-71.600797,9.570701],[-72.223157,9.660467]]]}},{"type":"Feature","properties":{"hex_id":"83662bfffffffff","population":1936474,"population_year":2025,"area_km2":12047.7,"population_density":160.7,"all_players":1,"players_per_million":0.52,"player_ids":["mlb:665561"],"label":"San Cristobal","country":"Venezuela"},"geometry":{"type":"Polygon","coordinates":[[[-72.309956,8.637054],[-72.667585,8.16392],[-72.397398,7.600406],[-71.770072,7.513552],[-71.415463,7.988717],[-71.685122,8.54871],[-72.309956,8.637054]]]}},{"type":"Feature","properties":{"hex_id":"83662cfffffffff","population":1362150,"population_year":2025,"area_km2":11583.9,"population_density":117.6,"all_players":1,"players_per_million":0.73,"player_ids":["mlb:641154"],"label":"Cabimas","country":"Venezuela"},"geometry":{"type":"Polygon","coordinates":[[[-72.136993,10.670248],[-72.49151,10.211989],[-72.223157,9.660467],[-71.600797,9.570701],[-71.249286,10.031098],[-71.517091,10.57913],[-72.136993,10.670248]]]}},{"type":"Feature","properties":{"hex_id":"83662dfffffffff","population":639929,"population_year":2025,"area_km2":11602.6,"population_density":55.2,"all_players":1,"players_per_million":1.56,"player_ids":["mlb:682641"],"label":"Valera","country":"Venezuela"},"geometry":{"type":"Polygon","coordinates":[[[-71.249286,10.031098],[-71.600797,9.570701],[-71.332068,9.016575],[-70.712487,8.926454],[-70.364135,9.388909],[-70.63217,9.939436],[-71.249286,10.031098]]]}},{"type":"Feature","properties":{"hex_id":"836631fffffffff","population":1466335,"population_year":2025,"area_km2":11889.7,"population_density":123.3,"all_players":3,"players_per_million":2.05,"player_ids":["mlb:500779","mlb:570482","mlb:665665"],"label":"Cartagena","country":"Colombia"},"geometry":{"type":"Polygon","coordinates":[[[-75.904443,11.196306],[-76.272469,10.732126],[-76.005264,10.180588],[-75.369908,10.096305],[-75.004219,10.562835],[-75.271509,11.111298],[-75.904443,11.196306]]]}},{"type":"Feature","properties":{"hex_id":"836664fffffffff","population":440909,"population_year":2025,"area_km2":11344.9,"population_density":38.9,"all_players":1,"players_per_million":2.27,"player_ids":["mlb:691373"],"label":"San Fernando de Apure","country":"Venezuela"},"geometry":{"type":"Polygon","coordinates":[[[-67.659488,8.46691],[-67.996019,8.006185],[-67.728072,7.450289],[-67.124817,7.359108],[-66.791978,7.82159],[-67.058672,8.373509],[-67.659488,8.46691]]]}},{"type":"Feature","properties":{"hex_id":"8366a1fffffffff","population":107054,"population_year":2025,"area_km2":12781.8,"population_density":8.4,"all_players":1,"players_per_million":9.34,"player_ids":["mlb:676609"],"label":"Las Tablas","country":"Panama"},"geometry":{"type":"Polygon","coordinates":[[[-80.079391,8.585331],[-80.462711,8.095741],[-80.196865,7.526458],[-79.546829,7.449355],[-79.165039,7.941424],[-79.43171,8.508112],[-80.079391,8.585331]]]}},{"type":"Feature","properties":{"hex_id":"8366a3fffffffff","population":351594,"population_year":2025,"area_km2":12915.2,"population_density":27.2,"all_players":1,"players_per_million":2.84,"player_ids":["mlb:677870"],"label":"Chitre","country":"Panama"},"geometry":{"type":"Polygon","coordinates":[[[-81.112497,8.171434],[-81.498714,7.677906],[-81.233878,7.10617],[-80.581771,7.030409],[-80.196865,7.526458],[-80.462711,8.095741],[-81.112497,8.171434]]]}},{"type":"Feature","properties":{"hex_id":"8366a5fffffffff","population":2547366,"population_year":2025,"area_km2":12543.2,"population_density":203.1,"all_players":3,"players_per_million":1.18,"player_ids":["mlb:624641","mlb:664875","mlb:671056"],"label":"Panama City","country":"Panama"},"geometry":{"type":"Polygon","coordinates":[[[-79.962738,9.630944],[-80.344484,9.148051],[-80.079391,8.585331],[-79.43171,8.508112],[-79.051509,8.993518],[-79.317401,9.553624],[-79.962738,9.630944]]]}},{"type":"Feature","properties":{"hex_id":"836741fffffffff","population":2077998,"population_year":2025,"area_km2":10691.6,"population_density":194.4,"all_players":8,"players_per_million":3.85,"player_ids":["mlb:641645","mlb:650402","mlb:655316","mlb:660670","mlb:677587","mlb:679883","mlb:682668","mlb:691185"],"label":"Caracas","country":"Venezuela"},"geometry":{"type":"Polygon","coordinates":[[[-67.456769,11.438356],[-67.788916,11.00055],[-67.523842,10.46129],[-66.92785,10.363738],[-66.599345,10.803502],[-66.863162,11.338874],[-67.456769,11.438356]]]}},{"type":"Feature","properties":{"hex_id":"836743fffffffff","population":2025125,"population_year":2025,"area_km2":10924.8,"population_density":185.4,"all_players":17,"players_per_million":8.39,"player_ids":["mlb:521692","mlb:527038","mlb:575929","mlb:593958","mlb:614179","mlb:620443","mlb:620454","mlb:622608","mlb:642731","mlb:646242","mlb:650859","mlb:660688","mlb:660761","mlb:661388","mlb:678391","mlb:678489","mlb:683627"],"label":"Valencia","country":"Venezuela"},"geometry":{"type":"Polygon","coordinates":[[[-68.388743,11.098061],[-68.725877,10.654478],[-68.459677,10.111391],[-67.857439,10.015726],[-67.523842,10.46129],[-67.788916,11.00055],[-68.388743,11.098061]]]}},{"type":"Feature","properties":{"hex_id":"836746fffffffff","population":185503,"population_year":2025,"area_km2":10691.6,"population_density":17.4,"all_players":4,"players_per_million":21.56,"player_ids":["mlb:445276","mlb:595777","mlb:645277","mlb:678882"],"label":"Willemstad","country":"Curacao"},"geometry":{"type":"Polygon","coordinates":[[[-69.183667,12.700606],[-69.522732,12.26693],[-69.257416,11.732355],[-68.653999,11.635144],[-68.31833,12.070918],[-68.582649,12.601815],[-69.183667,12.700606]]]}},{"type":"Feature","properties":{"hex_id":"836748fffffffff","population":189202,"population_year":2025,"area_km2":10891.0,"population_density":17.4,"all_players":1,"players_per_million":5.29,"player_ids":["mlb:672582"],"label":"Valle de la Pascua","country":"Venezuela"},"geometry":{"type":"Polygon","coordinates":[[[-66.663081,9.822636],[-66.993018,9.375174],[-66.72729,8.828551],[-66.132977,8.733424],[-65.806814,9.182698],[-66.07116,9.7253],[-66.663081,9.822636]]]}},{"type":"Feature","properties":{"hex_id":"83674cfffffffff","population":2399556,"population_year":2025,"area_km2":10675.2,"population_density":224.8,"all_players":7,"players_per_million":2.92,"player_ids":["mlb:665828","mlb:672456","mlb:672580","mlb:681168","mlb:682626","mlb:699134","mlb:700270"],"label":"Guatire","country":"Venezuela"},"geometry":{"type":"Polygon","coordinates":[[[-66.599345,10.803502],[-66.92785,10.363738],[-66.663081,9.822636],[-66.07116,9.7253],[-65.746411,10.166944],[-66.009799,10.704059],[-66.599345,10.803502]]]}},{"type":"Feature","properties":{"hex_id":"83674efffffffff","population":2187639,"population_year":2025,"area_km2":10913.5,"population_density":200.5,"all_players":14,"players_per_million":6.4,"player_ids":["mlb:500743","mlb:514888","mlb:553882","mlb:660825","mlb:660844","mlb:665861","mlb:665966","mlb:672356","mlb:678215","mlb:678662","mlb:682790","mlb:686780","mlb:691594","mlb:694208"],"label":"Maracay","country":"Venezuela"},"geometry":{"type":"Polygon","coordinates":[[[-67.523842,10.46129],[-67.857439,10.015726],[-67.591414,9.470699],[-66.993018,9.375174],[-66.663081,9.822636],[-66.92785,10.363738],[-67.523842,10.46129]]]}},{"type":"Feature","properties":{"hex_id":"836752fffffffff","population":2270099,"population_year":2025,"area_km2":11344.9,"population_density":200.1,"all_players":9,"players_per_million":3.96,"player_ids":["mlb:506702","mlb:553869","mlb:621237","mlb:650968","mlb:664351","mlb:666661","mlb:677800","mlb:685744","mlb:694192"],"label":"Maracaibo","country":"Venezuela"},"geometry":{"type":"Polygon","coordinates":[[[-72.051458,11.666049],[-72.404437,11.215443],[-72.136993,10.670248],[-71.517091,10.57913],[-71.167111,11.031916],[-71.433997,11.573647],[-72.051458,11.666049]]]}},{"type":"Feature","properties":{"hex_id":"836755fffffffff","population":604691,"population_year":2025,"area_km2":10913.5,"population_density":55.4,"all_players":1,"players_per_million":1.65,"player_ids":["mlb:691251"],"label":"Coro","country":"Venezuela"},"geometry":{"type":"Polygon","coordinates":[[[-70.129483,12.363583],[-70.4733,11.924179],[-70.207126,11.38599],[-69.597959,11.290827],[-69.257416,11.732355],[-69.522732,12.26693],[-70.129483,12.363583]]]}},{"type":"Feature","properties":{"hex_id":"83675afffffffff","population":1203604,"population_year":2025,"area_km2":11608.9,"population_density":103.7,"all_players":1,"players_per_million":0.83,"player_ids":["mlb:527048"],"label":"Guanare","country":"Venezuela"},"geometry":{"type":"Polygon","coordinates":[[[-70.364135,9.388909],[-70.712487,8.926454],[-70.443514,8.370077],[-69.826995,8.279869],[-69.48195,8.744297],[-69.750084,9.296969],[-70.364135,9.388909]]]}},{"type":"Feature","properties":{"hex_id":"83675cfffffffff","population":1516473,"population_year":2025,"area_km2":11155.0,"population_density":135.9,"all_players":7,"players_per_million":4.62,"player_ids":["mlb:471911","mlb:650333","mlb:665926","mlb:672515","mlb:672724","mlb:672782","mlb:677592"],"label":"Barquisimeto","country":"Venezuela"},"geometry":{"type":"Polygon","coordinates":[[[-69.331709,10.750023],[-69.673741,10.300738],[-69.406552,9.753894],[-68.798287,9.660103],[-68.459677,10.111391],[-68.725877,10.654478],[-69.331709,10.750023]]]}},{"type":"Feature","properties":{"hex_id":"83675efffffffff","population":540391,"population_year":2025,"area_km2":11381.2,"population_density":47.5,"all_players":1,"players_per_million":1.85,"player_ids":["mlb:645305"],"label":"Carora","country":"Venezuela"},"geometry":{"type":"Polygon","coordinates":[[[-70.285341,10.39433],[-70.63217,9.939436],[-70.364135,9.388909],[-69.750084,9.296969],[-69.406552,9.753894],[-69.673741,10.300738],[-70.285341,10.39433]]]}},{"type":"Feature","properties":{"hex_id":"836773fffffffff","population":108122,"population_year":2025,"area_km2":10675.2,"population_density":10.1,"all_players":2,"players_per_million":18.5,"player_ids":["mlb:593428","mlb:644433"],"label":"Oranjestad","country":"Aruba"},"geometry":{"type":"Polygon","coordinates":[[[-70.052407,13.326842],[-70.394736,12.895327],[-70.129483,12.363583],[-69.522732,12.26693],[-69.183667,12.700606],[-69.448056,13.228782],[-70.052407,13.326842]]]}},{"type":"Feature","properties":{"hex_id":"836d61fffffffff","population":2583398,"population_year":2025,"area_km2":11818.4,"population_density":218.6,"all_players":1,"players_per_million":0.39,"player_ids":["mlb:642528"],"label":"Managua","country":"Nicaragua"},"geometry":{"type":"Polygon","coordinates":[[[-86.404895,12.906594],[-86.793281,12.436168],[-86.54208,11.901652],[-85.900593,11.839405],[-85.512332,12.31272],[-85.765392,12.84538],[-86.404895,12.906594]]]}},{"type":"Feature","properties":{"hex_id":"836d6efffffffff","population":428625,"population_year":2025,"area_km2":12067.7,"population_density":35.5,"all_players":2,"players_per_million":4.67,"player_ids":["mlb:541640","mlb:692230"],"label":"Rivas","country":"Nicaragua"},"geometry":{"type":"Polygon","coordinates":[[[-86.54208,11.901652],[-86.931887,11.42468],[-86.680153,10.882576],[-86.036677,10.819258],[-85.646966,11.299128],[-85.900593,11.839405],[-86.54208,11.901652]]]}},{"type":"Feature","properties":{"hex_id":"838e62fffffffff","population":11162205,"population_year":2025,"area_km2":14586.4,"population_density":765.2,"all_players":1,"players_per_million":0.09,"player_ids":["mlb:666200"],"label":"Lima","country":"Peru"},"geometry":{"type":"Polygon","coordinates":[[[-77.098584,-11.775261],[-77.498036,-12.328229],[-77.211806,-12.942278],[-76.525741,-13.00159],[-76.128726,-12.448314],[-76.415289,-11.836039],[-77.098584,-11.775261]]]}},{"type":"Feature","properties":{"hex_id":"83a726fffffffff","population":1846194,"population_year":2025,"area_km2":9765.8,"population_density":189.0,"all_players":1,"players_per_million":0.54,"player_ids":["mlb:521230"],"label":"Perth","country":"Australia"},"geometry":{"type":"Polygon","coordinates":[[[116.156806,-31.717896],[115.668386,-31.333698],[115.004431,-31.434051],[114.818313,-31.922938],[115.307453,-32.314951],[115.982101,-32.210194],[116.156806,-31.717896]]]}},{"type":"Feature","properties":{"hex_id":"83b916fffffffff","population":1368696,"population_year":2025,"area_km2":13841.6,"population_density":98.9,"all_players":1,"players_per_million":0.73,"player_ids":["mlb:678554"],"label":"Adelaide","country":"Australia"},"geometry":{"type":"Polygon","coordinates":[[[139.200573,-34.751633],[139.129671,-34.088237],[138.420784,-33.809579],[137.778412,-34.188927],[137.837784,-34.850139],[138.551045,-35.134235],[139.200573,-34.751633]]]}},{"type":"Feature","properties":{"hex_id":"83bcc3fffffffff","population":10165897,"population_year":2025,"area_km2":13816.5,"population_density":735.8,"all_players":1,"players_per_million":0.1,"player_ids":["mlb:605463"],"label":"Johannesburg","country":"South Africa"},"geometry":{"type":"Polygon","coordinates":[[[28.252135,-26.609142],[28.292681,-25.962826],[27.674042,-25.604797],[27.013681,-25.892672],[26.969404,-26.538665],[27.589205,-26.897137],[28.252135,-26.609142]]]}}]}