{"type":"FeatureCollection","metadata":{"population_source":"WorldPop Global 2 R2025A","population_source_url":"https://hub.worldpop.org/project/categories?id=3","population_license":"CC BY 4.0","population_year":2025,"raster_resolution":"1km","h3_resolution":1,"population_method":"official_country_rasters","occupied_cells":50,"reference_cells":196,"total_cells":246,"mapped_players":1413},"features":[{"type":"Feature","properties":{"hex_id":"8101bffffffffff","population":2822,"population_year":2025,"area_km2":565620.1,"population_density":0.0,"all_players":0,"reference_cell":true,"players_per_million":0.0,"player_ids":[],"label":"Mapped area","country":"Russia"},"geometry":{"type":"Polygon","coordinates":[[[50.524201,68.529879],[62.345345,69.393596],[67.048172,73.267466],[55.653768,76.667436],[40.011399,75.012318],[41.097497,70.96472],[46.472291,69.828553],[50.524201,68.529879]]]}},{"type":"Feature","properties":{"hex_id":"8102fffffffffff","population":2338,"population_year":2025,"area_km2":647632.6,"population_density":0.0,"all_players":0,"reference_cell":true,"players_per_million":0.0,"player_ids":[],"label":"Mapped area","country":"Canada"},"geometry":{"type":"Polygon","coordinates":[[[-115.601683,75.133107],[-120.27955,70.853402],[-112.535759,67.413217],[-100.82187,67.535924],[-92.691228,71.229128],[-98.251892,75.422962],[-115.601683,75.133107]]]}},{"type":"Feature","properties":{"hex_id":"81037ffffffffff","population":691,"population_year":2025,"area_km2":602082.0,"population_density":0.0,"all_players":0,"reference_cell":true,"players_per_million":0.0,"player_ids":[],"label":"Mapped area","country":"Greenland"},"geometry":{"type":"Polygon","coordinates":[[[-51.704878,84.935556],[-90.381097,82.85349],[-88.037104,81.480857],[-84.348954,78.735601],[-65.32649,76.667577],[-45.91067,77.635897],[-34.758418,81.271372],[-51.704878,84.935556]]]}},{"type":"Feature","properties":{"hex_id":"8104bffffffffff","population":31189,"population_year":2025,"area_km2":707475.0,"population_density":0.0,"all_players":0,"reference_cell":true,"players_per_million":0.0,"player_ids":[],"label":"Mapped area","country":"Russia"},"geometry":{"type":"Polygon","coordinates":[[[129.384261,66.949156],[135.198558,62.994515],[145.336138,62.492156],[152.881553,65.789618],[149.987129,70.364724],[135.695441,71.075802],[129.384261,66.949156]]]}},{"type":"Feature","properties":{"hex_id":"8104fffffffffff","population":21592,"population_year":2025,"area_km2":707475.0,"population_density":0.0,"all_players":0,"reference_cell":true,"players_per_million":0.0,"player_ids":[],"label":"Mapped area","country":"Russia"},"geometry":{"type":"Polygon","coordinates":[[[149.987129,70.364724],[152.881553,65.789618],[163.040872,64.016596],[172.861371,66.192923],[174.748939,70.794727],[161.912076,73.368862],[149.987129,70.364724]]]}},{"type":"Feature","properties":{"hex_id":"8105bffffffffff","population":21554,"population_year":2025,"area_km2":707475.0,"population_density":0.0,"all_players":0,"reference_cell":true,"players_per_million":0.0,"player_ids":[],"label":"Mapped area","country":"Russia"},"geometry":{"type":"Polygon","coordinates":[[[108.413824,69.22606],[117.812925,66.203286],[129.384261,66.949156],[135.695441,71.075802],[126.868059,75.097003],[109.858698,73.856836],[108.413824,69.22606]]]}},{"type":"Feature","properties":{"hex_id":"8106bffffffffff","population":5211,"population_year":2025,"area_km2":647632.6,"population_density":0.0,"all_players":0,"reference_cell":true,"players_per_million":0.0,"player_ids":[],"label":"Mapped area","country":"Greenland"},"geometry":{"type":"Polygon","coordinates":[[[-45.91067,77.635897],[-65.32649,76.667577],[-66.904499,72.204705],[-56.071293,69.196235],[-43.375396,69.88664],[-36.633558,73.761431],[-45.91067,77.635897]]]}},{"type":"Feature","properties":{"hex_id":"8106fffffffffff","population":41442,"population_year":2025,"area_km2":666617.1,"population_density":0.1,"all_players":0,"reference_cell":true,"players_per_million":0.0,"player_ids":[],"label":"Mapped area","country":"Greenland"},"geometry":{"type":"Polygon","coordinates":[[[-43.375396,69.88664],[-56.071293,69.196235],[-58.725708,64.659918],[-51.550083,61.330819],[-42.19853,61.972727],[-37.357894,65.96668],[-43.375396,69.88664]]]}},{"type":"Feature","properties":{"hex_id":"81077ffffffffff","population":396051,"population_year":2025,"area_km2":523941.7,"population_density":0.8,"all_players":0,"reference_cell":true,"players_per_million":0.0,"player_ids":[],"label":"Mapped area","country":"Iceland"},"geometry":{"type":"Polygon","coordinates":[[[-10.558792,67.153548],[-19.871381,68.67811],[-27.216822,65.518953],[-24.570766,61.430405],[-20.650926,60.988277],[-16.371962,60.568694],[-10.444978,63.095054],[-10.558792,67.153548]]]}},{"type":"Feature","properties":{"hex_id":"8108bffffffffff","population":9413392,"population_year":2025,"area_km2":447684.2,"population_density":21.0,"all_players":0,"reference_cell":true,"players_per_million":0.0,"player_ids":[],"label":"Mapped area","country":"Sweden"},"geometry":{"type":"Polygon","coordinates":[[[11.08066,61.540515],[11.555978,58.130531],[18.275236,56.632953],[25.082722,58.401545],[24.517172,62.478113],[17.535446,63.800793],[15.771774,62.889968],[11.08066,61.540515]]]}},{"type":"Feature","properties":{"hex_id":"8108fffffffffff","population":1665418,"population_year":2025,"area_km2":447684.2,"population_density":3.7,"all_players":0,"reference_cell":true,"players_per_million":0.0,"player_ids":[],"label":"Mapped area","country":"Finland"},"geometry":{"type":"Polygon","coordinates":[[[17.535446,63.800793],[24.517172,62.478113],[31.517537,64.873037],[31.83128,68.929958],[20.597244,70.052152],[14.813659,67.351769],[16.433697,66.327262],[17.535446,63.800793]]]}},{"type":"Feature","properties":{"hex_id":"810a3ffffffffff","population":15551,"population_year":2025,"area_km2":614937.0,"population_density":0.0,"all_players":0,"reference_cell":true,"players_per_million":0.0,"player_ids":[],"label":"Mapped area","country":"Russia"},"geometry":{"type":"Polygon","coordinates":[[[82.82708,61.436708],[91.709638,60.139795],[96.240077,61.905822],[98.786556,62.669688],[97.85633,67.05472],[86.645208,68.69087],[81.658054,66.606968],[79.339924,65.556929],[82.82708,61.436708]]]}},{"type":"Feature","properties":{"hex_id":"810a7ffffffffff","population":196238,"population_year":2025,"area_km2":666617.1,"population_density":0.3,"all_players":0,"reference_cell":true,"players_per_million":0.0,"player_ids":[],"label":"Mapped area","country":"Russia"},"geometry":{"type":"Polygon","coordinates":[[[86.645208,68.69087],[97.85633,67.05472],[108.413824,69.22606],[109.858698,73.856836],[94.14309,76.163043],[82.219119,72.97478],[86.645208,68.69087]]]}},{"type":"Feature","properties":{"hex_id":"810abffffffffff","population":1212649,"population_year":2025,"area_km2":602082.0,"population_density":2.0,"all_players":0,"reference_cell":true,"players_per_million":0.0,"player_ids":[],"label":"Mapped area","country":"Russia"},"geometry":{"type":"Polygon","coordinates":[[[91.709638,60.139795],[93.387021,55.707268],[100.363977,53.907861],[106.403496,56.210611],[106.865913,60.356643],[98.786556,62.669688],[96.240077,61.905822],[91.709638,60.139795]]]}},{"type":"Feature","properties":{"hex_id":"810afffffffffff","population":76079,"population_year":2025,"area_km2":647632.6,"population_density":0.1,"all_players":0,"reference_cell":true,"players_per_million":0.0,"player_ids":[],"label":"Mapped area","country":"Russia"},"geometry":{"type":"Polygon","coordinates":[[[98.786556,62.669688],[106.865913,60.356643],[115.450927,61.840988],[117.812925,66.203286],[108.413824,69.22606],[97.85633,67.05472],[98.786556,62.669688]]]}},{"type":"Feature","properties":{"hex_id":"810b3ffffffffff","population":1901855,"population_year":2025,"area_km2":647632.6,"population_density":2.9,"all_players":0,"reference_cell":true,"players_per_million":0.0,"player_ids":[],"label":"Mapped area","country":"Russia"},"geometry":{"type":"Polygon","coordinates":[[[63.444622,62.11439],[68.256323,58.319104],[77.086922,58.009332],[82.82708,61.436708],[79.339924,65.556929],[68.434911,65.939814],[63.444622,62.11439]]]}},{"type":"Feature","properties":{"hex_id":"810b7ffffffffff","population":191910,"population_year":2025,"area_km2":602082.0,"population_density":0.3,"all_players":0,"reference_cell":true,"players_per_million":0.0,"player_ids":[],"label":"Mapped area","country":"Russia"},"geometry":{"type":"Polygon","coordinates":[[[68.434911,65.939814],[79.339924,65.556929],[81.658054,66.606968],[86.645208,68.69087],[82.219119,72.97478],[67.048172,73.267466],[62.345345,69.393596],[68.434911,65.939814]]]}},{"type":"Feature","properties":{"hex_id":"810bbffffffffff","population":8932382,"population_year":2025,"area_km2":666617.1,"population_density":13.4,"all_players":0,"reference_cell":true,"players_per_million":0.0,"player_ids":[],"label":"Mapped area","country":"Russia"},"geometry":{"type":"Polygon","coordinates":[[[77.086922,58.009332],[80.202852,53.696279],[87.772964,52.654203],[93.387021,55.707268],[91.709638,60.139795],[82.82708,61.436708],[77.086922,58.009332]]]}},{"type":"Feature","properties":{"hex_id":"810c3ffffffffff","population":42880,"population_year":2025,"area_km2":595741.2,"population_density":0.1,"all_players":0,"reference_cell":true,"players_per_million":0.0,"player_ids":[],"label":"Mapped area","country":"United States of America"},"geometry":{"type":"Polygon","coordinates":[[[-163.872968,68.219217],[-169.091718,64.2142],[-164.065588,60.729126],[-155.360739,60.701203],[-149.202517,63.948243],[-152.088489,67.932376],[-163.872968,68.219217]]]}},{"type":"Feature","properties":{"hex_id":"810d7ffffffffff","population":122421,"population_year":2025,"area_km2":565620.1,"population_density":0.2,"all_players":0,"reference_cell":true,"players_per_million":0.0,"player_ids":[],"label":"Mapped area","country":"United States of America"},"geometry":{"type":"Polygon","coordinates":[[[-142.919373,71.083959],[-152.088489,67.932376],[-149.202517,63.948243],[-140.412111,62.920062],[-136.546429,64.175123],[-132.520489,65.059255],[-131.708839,69.371341],[-142.919373,71.083959]]]}},{"type":"Feature","properties":{"hex_id":"810e3ffffffffff","population":13465,"population_year":2025,"area_km2":729486.9,"population_density":0.0,"all_players":0,"reference_cell":true,"players_per_million":0.0,"player_ids":[],"label":"Mapped area","country":"Canada"},"geometry":{"type":"Polygon","coordinates":[[[-78.077659,65.180967],[-86.446205,62.18753],[-84.540033,57.523646],[-76.558908,55.680396],[-69.054996,58.110019],[-68.564935,62.864504],[-78.077659,65.180967]]]}},{"type":"Feature","properties":{"hex_id":"810e7ffffffffff","population":60468,"population_year":2025,"area_km2":707475.0,"population_density":0.1,"all_players":0,"reference_cell":true,"players_per_million":0.0,"player_ids":[],"label":"Mapped area","country":"Canada"},"geometry":{"type":"Polygon","coordinates":[[[-69.054996,58.110019],[-76.558908,55.680396],[-76.057729,50.990211],[-69.719479,48.757432],[-63.200774,50.770503],[-62.078266,55.374512],[-69.054996,58.110019]]]}},{"type":"Feature","properties":{"hex_id":"810efffffffffff","population":62397,"population_year":2025,"area_km2":707475.0,"population_density":0.1,"all_players":0,"reference_cell":true,"players_per_million":0.0,"player_ids":[],"label":"Mapped area","country":"Canada"},"geometry":{"type":"Polygon","coordinates":[[[-84.540033,57.523646],[-90.651446,54.300916],[-88.654124,49.812423],[-81.919627,48.295316],[-76.057729,50.990211],[-76.558908,55.680396],[-84.540033,57.523646]]]}},{"type":"Feature","properties":{"hex_id":"810f3ffffffffff","population":11563,"population_year":2025,"area_km2":707475.0,"population_density":0.0,"all_players":0,"reference_cell":true,"players_per_million":0.0,"player_ids":[],"label":"Mapped area","country":"Canada"},"geometry":{"type":"Polygon","coordinates":[[[-66.904499,72.204705],[-79.308239,69.857286],[-78.077659,65.180967],[-68.564935,62.864504],[-58.725708,64.659918],[-56.071293,69.196235],[-66.904499,72.204705]]]}},{"type":"Feature","properties":{"hex_id":"810fbffffffffff","population":15072,"population_year":2025,"area_km2":707475.0,"population_density":0.0,"all_players":0,"reference_cell":true,"players_per_million":0.0,"player_ids":[],"label":"Mapped area","country":"Canada"},"geometry":{"type":"Polygon","coordinates":[[[-92.691228,71.229128],[-100.82187,67.535924],[-96.445263,63.251731],[-86.446205,62.18753],[-78.077659,65.180967],[-79.308239,69.857286],[-92.691228,71.229128]]]}},{"type":"Feature","properties":{"hex_id":"81103ffffffffff","population":7260528,"population_year":2025,"area_km2":595741.2,"population_density":12.2,"all_players":0,"reference_cell":true,"players_per_million":0.0,"player_ids":[],"label":"Mapped area","country":"Russia"},"geometry":{"type":"Polygon","coordinates":[[[37.661108,58.480663],[43.547482,55.820804],[51.151314,57.156372],[53.982547,61.440921],[47.556244,64.441746],[38.741468,62.771655],[37.661108,58.480663]]]}},{"type":"Feature","properties":{"hex_id":"81107ffffffffff","population":457285,"population_year":2025,"area_km2":595741.2,"population_density":0.8,"all_players":0,"reference_cell":true,"players_per_million":0.0,"player_ids":[],"label":"Mapped area","country":"Russia"},"geometry":{"type":"Polygon","coordinates":[[[47.556244,64.441746],[53.982547,61.440921],[63.444622,62.11439],[68.434911,65.939814],[62.345345,69.393596],[50.524201,68.529879],[47.556244,64.441746]]]}},{"type":"Feature","properties":{"hex_id":"8110bffffffffff","population":17682128,"population_year":2025,"area_km2":647632.6,"population_density":27.3,"all_players":0,"reference_cell":true,"players_per_million":0.0,"player_ids":[],"label":"Mapped area","country":"Russia"},"geometry":{"type":"Polygon","coordinates":[[[42.136829,51.409437],[47.038223,48.339942],[53.670494,49.372118],[56.286118,53.745323],[51.151314,57.156372],[43.547482,55.820804],[42.136829,51.409437]]]}},{"type":"Feature","properties":{"hex_id":"8110fffffffffff","population":15835980,"population_year":2025,"area_km2":666617.1,"population_density":23.8,"all_players":0,"reference_cell":true,"players_per_million":0.0,"player_ids":[],"label":"Mapped area","country":"Russia"},"geometry":{"type":"Polygon","coordinates":[[[51.151314,57.156372],[56.286118,53.745323],[64.158618,54.257565],[68.256323,58.319104],[63.444622,62.11439],[53.982547,61.440921],[51.151314,57.156372]]]}},{"type":"Feature","properties":{"hex_id":"81113ffffffffff","population":12600486,"population_year":2025,"area_km2":510516.1,"population_density":24.7,"all_players":0,"reference_cell":true,"players_per_million":0.0,"player_ids":[],"label":"Mapped area","country":"Russia"},"geometry":{"type":"Polygon","coordinates":[[[25.082722,58.401545],[31.095814,56.470005],[37.661108,58.480663],[38.741468,62.771655],[31.517537,64.873037],[24.517172,62.478113],[25.082722,58.401545]]]}},{"type":"Feature","properties":{"hex_id":"81117ffffffffff","population":1086228,"population_year":2025,"area_km2":523941.7,"population_density":2.1,"all_players":0,"reference_cell":true,"players_per_million":0.0,"player_ids":[],"label":"Mapped area","country":"Russia"},"geometry":{"type":"Polygon","coordinates":[[[31.517537,64.873037],[38.741468,62.771655],[47.556244,64.441746],[50.524201,68.529879],[46.472291,69.828553],[41.097497,70.96472],[31.83128,68.929958],[31.517537,64.873037]]]}},{"type":"Feature","properties":{"hex_id":"8111bffffffffff","population":41364282,"population_year":2025,"area_km2":565620.1,"population_density":73.1,"all_players":0,"reference_cell":true,"players_per_million":0.0,"player_ids":[],"label":"Mapped area","country":"Russia"},"geometry":{"type":"Polygon","coordinates":[[[30.654128,52.413789],[36.116724,49.779343],[42.136829,51.409437],[43.547482,55.820804],[37.661108,58.480663],[31.095814,56.470005],[31.017704,54.340219],[30.654128,52.413789]]]}},{"type":"Feature","properties":{"hex_id":"81123ffffffffff","population":259045,"population_year":2025,"area_km2":595741.2,"population_density":0.4,"all_players":0,"reference_cell":true,"players_per_million":0.0,"player_ids":[],"label":"Mapped area","country":"Canada"},"geometry":{"type":"Polygon","coordinates":[[[-125.340792,62.233521],[-126.852536,58.04535],[-121.442455,54.91665],[-114.22928,55.478388],[-110.956309,59.515942],[-116.446531,63.195772],[-125.340792,62.233521]]]}},{"type":"Feature","properties":{"hex_id":"81127ffffffffff","population":908704,"population_year":2025,"area_km2":647632.6,"population_density":1.4,"all_players":0,"reference_cell":true,"players_per_million":0.0,"player_ids":[],"label":"Mapped area","country":"Canada"},"geometry":{"type":"Polygon","coordinates":[[[-110.956309,59.515942],[-114.22928,55.478388],[-109.994611,51.754866],[-102.902298,51.556776],[-98.561848,55.218551],[-102.119965,59.471859],[-110.956309,59.515942]]]}},{"type":"Feature","properties":{"hex_id":"8112bffffffffff","population":269082,"population_year":2025,"area_km2":510516.1,"population_density":0.5,"all_players":1,"reference_cell":false,"players_per_million":3.72,"player_ids":["mlb:676724"],"label":"Prince George","country":"Canada"},"geometry":{"type":"Polygon","coordinates":[[[-133.521093,56.759266],[-133.851142,52.846691],[-128.909854,50.154512],[-123.122866,50.984711],[-121.442455,54.91665],[-126.852536,58.04535],[-133.521093,56.759266]]]}},{"type":"Feature","properties":{"hex_id":"8112fffffffffff","population":5303773,"population_year":2025,"area_km2":565620.1,"population_density":9.4,"all_players":3,"reference_cell":false,"players_per_million":0.57,"player_ids":["mlb:642239","mlb:647336","mlb:681870"],"label":"Edmonton","country":"Canada"},"geometry":{"type":"Polygon","coordinates":[[[-121.442455,54.91665],[-123.122866,50.984711],[-120.907545,49.395034],[-119.232215,47.804097],[-112.788004,48.011188],[-109.994611,51.754866],[-114.22928,55.478388],[-121.442455,54.91665]]]}},{"type":"Feature","properties":{"hex_id":"81133ffffffffff","population":5236,"population_year":2025,"area_km2":595741.2,"population_density":0.0,"all_players":0,"reference_cell":true,"players_per_million":0.0,"player_ids":[],"label":"Mapped area","country":"Canada"},"geometry":{"type":"Polygon","coordinates":[[[-131.708839,69.371341],[-132.520489,65.059255],[-125.340792,62.233521],[-116.446531,63.195772],[-112.535759,67.413217],[-120.27955,70.853402],[-131.708839,69.371341]]]}},{"type":"Feature","properties":{"hex_id":"81137ffffffffff","population":23114,"population_year":2025,"area_km2":666617.1,"population_density":0.0,"all_players":0,"reference_cell":true,"players_per_million":0.0,"player_ids":[],"label":"Mapped area","country":"Canada"},"geometry":{"type":"Polygon","coordinates":[[[-112.535759,67.413217],[-116.446531,63.195772],[-110.956309,59.515942],[-102.119965,59.471859],[-96.445263,63.251731],[-100.82187,67.535924],[-112.535759,67.413217]]]}},{"type":"Feature","properties":{"hex_id":"8113bffffffffff","population":85150,"population_year":2025,"area_km2":523941.7,"population_density":0.2,"all_players":0,"reference_cell":true,"players_per_million":0.0,"player_ids":[],"label":"Mapped area","country":"Canada"},"geometry":{"type":"Polygon","coordinates":[[[-140.412111,62.920062],[-139.683593,59.169483],[-133.521093,56.759266],[-126.852536,58.04535],[-125.340792,62.233521],[-132.520489,65.059255],[-136.546429,64.175123],[-140.412111,62.920062]]]}},{"type":"Feature","properties":{"hex_id":"81143ffffffffff","population":377000,"population_year":2025,"area_km2":595741.2,"population_density":0.6,"all_players":0,"reference_cell":true,"players_per_million":0.0,"player_ids":[],"label":"Mapped area","country":"Russia"},"geometry":{"type":"Polygon","coordinates":[[[119.522746,54.65963],[124.345783,51.539549],[131.306406,51.820419],[134.931079,55.37457],[130.59503,59.102261],[121.890193,58.63844],[119.522746,54.65963]]]}},{"type":"Feature","properties":{"hex_id":"81147ffffffffff","population":22608,"population_year":2025,"area_km2":647632.6,"population_density":0.0,"all_players":0,"reference_cell":true,"players_per_million":0.0,"player_ids":[],"label":"Mapped area","country":"Russia"},"geometry":{"type":"Polygon","coordinates":[[[130.59503,59.102261],[134.931079,55.37457],[142.769061,54.986762],[148.177645,58.234439],[145.336138,62.492156],[135.198558,62.994515],[130.59503,59.102261]]]}},{"type":"Feature","properties":{"hex_id":"8114bffffffffff","population":29000700,"population_year":2025,"area_km2":510516.1,"population_density":56.8,"all_players":0,"reference_cell":true,"players_per_million":0.0,"player_ids":[],"label":"Mapped area","country":"China"},"geometry":{"type":"Polygon","coordinates":[[[122.152595,47.997963],[125.981142,45.096434],[131.774401,45.253613],[134.763936,48.418018],[131.306406,51.820419],[124.345783,51.539549],[122.152595,47.997963]]]}},{"type":"Feature","properties":{"hex_id":"8114fffffffffff","population":1113587,"population_year":2025,"area_km2":565620.1,"population_density":2.0,"all_players":0,"reference_cell":true,"players_per_million":0.0,"player_ids":[],"label":"Mapped area","country":"Russia"},"geometry":{"type":"Polygon","coordinates":[[[131.306406,51.820419],[134.763936,48.418018],[137.965723,48.304388],[140.81932,47.943535],[145.328516,51.128254],[142.769061,54.986762],[134.931079,55.37457],[131.306406,51.820419]]]}},{"type":"Feature","properties":{"hex_id":"81153ffffffffff","population":126798,"population_year":2025,"area_km2":595741.2,"population_density":0.2,"all_players":0,"reference_cell":true,"players_per_million":0.0,"player_ids":[],"label":"Mapped area","country":"Russia"},"geometry":{"type":"Polygon","coordinates":[[[106.403496,56.210611],[112.463708,53.643972],[119.522746,54.65963],[121.890193,58.63844],[115.450927,61.840988],[106.865913,60.356643],[106.403496,56.210611]]]}},{"type":"Feature","properties":{"hex_id":"81157ffffffffff","population":726333,"population_year":2025,"area_km2":666617.1,"population_density":1.1,"all_players":0,"reference_cell":true,"players_per_million":0.0,"player_ids":[],"label":"Mapped area","country":"Russia"},"geometry":{"type":"Polygon","coordinates":[[[115.450927,61.840988],[121.890193,58.63844],[130.59503,59.102261],[135.198558,62.994515],[129.384261,66.949156],[117.812925,66.203286],[115.450927,61.840988]]]}},{"type":"Feature","properties":{"hex_id":"8115bffffffffff","population":2243940,"population_year":2025,"area_km2":523941.7,"population_density":4.3,"all_players":0,"reference_cell":true,"players_per_million":0.0,"player_ids":[],"label":"Mapped area","country":"Russia"},"geometry":{"type":"Polygon","coordinates":[[[111.70886,49.606695],[116.212896,47.309451],[122.152595,47.997963],[124.345783,51.539549],[119.522746,54.65963],[112.463708,53.643972],[111.933609,51.732178],[111.70886,49.606695]]]}},{"type":"Feature","properties":{"hex_id":"81173ffffffffff","population":127147,"population_year":2025,"area_km2":666617.1,"population_density":0.2,"all_players":0,"reference_cell":true,"players_per_million":0.0,"player_ids":[],"label":"Mapped area","country":"Russia"},"geometry":{"type":"Polygon","coordinates":[[[145.336138,62.492156],[148.177645,58.234439],[156.278507,56.9607],[163.347047,59.536413],[163.040872,64.016596],[152.881553,65.789618],[145.336138,62.492156]]]}},{"type":"Feature","properties":{"hex_id":"81177ffffffffff","population":6619,"population_year":2025,"area_km2":647632.6,"population_density":0.0,"all_players":0,"reference_cell":true,"players_per_million":0.0,"player_ids":[],"label":"Mapped area","country":"Russia"},"geometry":{"type":"MultiPolygon","coordinates":[[[[180.0,61.652371],[178.579985,59.032172],[170.667381,57.359098],[163.347047,59.536413],[163.040872,64.016596],[172.861371,66.192923],[180.0,63.613575],[180.0,61.652371]]],[[[-180.0,63.613575],[-179.111175,63.292423],[-180.0,61.652371],[-180.0,63.613575]]]]}},{"type":"Feature","properties":{"hex_id":"811bbffffffffff","population":181669,"population_year":2025,"area_km2":666617.1,"population_density":0.3,"all_players":0,"reference_cell":true,"players_per_million":0.0,"player_ids":[],"label":"Mapped area","country":"Canada"},"geometry":{"type":"Polygon","coordinates":[[[-54.163898,56.862227],[-62.078266,55.374512],[-63.200774,50.770503],[-57.837872,47.957631],[-51.288437,49.261646],[-48.90245,53.530975],[-54.163898,56.862227]]]}},{"type":"Feature","properties":{"hex_id":"811e3ffffffffff","population":71057199,"population_year":2025,"area_km2":595741.2,"population_density":119.3,"all_players":0,"reference_cell":true,"players_per_million":0.0,"player_ids":[],"label":"Mapped area","country":"Slovakia"},"geometry":{"type":"Polygon","coordinates":[[[12.345747,50.554275],[12.677318,46.406957],[18.31474,44.47068],[24.013384,46.595885],[24.329,50.776322],[18.289963,52.819052],[12.345747,50.554275]]]}},{"type":"Feature","properties":{"hex_id":"811e7ffffffffff","population":33092235,"population_year":2025,"area_km2":595741.2,"population_density":55.5,"all_players":0,"reference_cell":true,"players_per_million":0.0,"player_ids":[],"label":"Mapped area","country":"Ukraine"},"geometry":{"type":"Polygon","coordinates":[[[24.329,50.776322],[24.013384,46.595885],[29.387082,44.107766],[35.197789,45.672385],[36.116724,49.779343],[30.654128,52.413789],[24.329,50.776322]]]}},{"type":"Feature","properties":{"hex_id":"811ebffffffffff","population":42059136,"population_year":2025,"area_km2":647632.6,"population_density":64.9,"all_players":2,"reference_cell":false,"players_per_million":0.05,"player_ids":["mlb:691951","mlb:695505"],"label":"Naples","country":"Italy"},"geometry":{"type":"Polygon","coordinates":[[[7.509948,43.786609],[8.045142,39.402136],[13.244313,37.523712],[18.32526,39.988178],[18.31474,44.47068],[12.677318,46.406957],[7.509948,43.786609]]]}},{"type":"Feature","properties":{"hex_id":"811efffffffffff","population":50991723,"population_year":2025,"area_km2":666617.1,"population_density":76.5,"all_players":0,"reference_cell":true,"players_per_million":0.0,"player_ids":[],"label":"Mapped area","country":"Bulgaria"},"geometry":{"type":"Polygon","coordinates":[[[18.31474,44.47068],[18.32526,39.988178],[23.474781,37.630343],[28.846869,39.643311],[29.387082,44.107766],[24.013384,46.595885],[18.31474,44.47068]]]}},{"type":"Feature","properties":{"hex_id":"811f3ffffffffff","population":49754999,"population_year":2025,"area_km2":510516.1,"population_density":97.5,"all_players":1,"reference_cell":false,"players_per_million":0.02,"player_ids":["mlb:596146"],"label":"Berlin","country":"Germany"},"geometry":{"type":"Polygon","coordinates":[[[5.523647,55.706768],[6.259687,51.96477],[12.345747,50.554275],[18.289963,52.819052],[18.275236,56.632953],[11.555978,58.130531],[5.523647,55.706768]]]}},{"type":"Feature","properties":{"hex_id":"811f7ffffffffff","population":25290714,"population_year":2025,"area_km2":523941.7,"population_density":48.3,"all_players":0,"reference_cell":true,"players_per_million":0.0,"player_ids":[],"label":"Mapped area","country":"Lithuania"},"geometry":{"type":"Polygon","coordinates":[[[18.275236,56.632953],[18.289963,52.819052],[24.329,50.776322],[30.654128,52.413789],[31.017704,54.340219],[31.095814,56.470005],[25.082722,58.401545],[18.275236,56.632953]]]}},{"type":"Feature","properties":{"hex_id":"811fbffffffffff","population":119418410,"population_year":2025,"area_km2":565620.1,"population_density":211.1,"all_players":0,"reference_cell":true,"players_per_million":0.0,"player_ids":[],"label":"Mapped area","country":"France"},"geometry":{"type":"Polygon","coordinates":[[[1.18851,49.470279],[2.026569,45.184249],[7.509948,43.786609],[12.677318,46.406957],[12.345747,50.554275],[6.259687,51.96477],[3.630009,50.610463],[1.18851,49.470279]]]}},{"type":"Feature","properties":{"hex_id":"81203ffffffffff","population":7957080,"population_year":2025,"area_km2":729486.9,"population_density":10.9,"all_players":0,"reference_cell":true,"players_per_million":0.0,"player_ids":[],"label":"Mapped area","country":"Kazakhstan"},"geometry":{"type":"Polygon","coordinates":[[[64.65954,46.076794],[68.048608,41.985775],[74.436338,41.761837],[78.337155,45.598111],[75.550129,49.975877],[68.13563,50.235864],[64.65954,46.076794]]]}},{"type":"Feature","properties":{"hex_id":"81207ffffffffff","population":4191912,"population_year":2025,"area_km2":707475.0,"population_density":5.9,"all_players":0,"reference_cell":true,"players_per_million":0.0,"player_ids":[],"label":"Mapped area","country":"Kazakhstan"},"geometry":{"type":"Polygon","coordinates":[[[75.550129,49.975877],[78.337155,45.598111],[84.903315,44.772027],[89.577507,48.132924],[87.772964,52.654203],[80.202852,53.696279],[75.550129,49.975877]]]}},{"type":"Feature","properties":{"hex_id":"8120bffffffffff","population":103642617,"population_year":2025,"area_km2":707475.0,"population_density":146.5,"all_players":0,"reference_cell":true,"players_per_million":0.0,"player_ids":[],"label":"Mapped area","country":"Afghanistan"},"geometry":{"type":"Polygon","coordinates":[[[65.030331,37.894404],[67.98289,33.902397],[73.592618,33.705753],[76.945351,37.477284],[74.436338,41.761837],[68.048608,41.985775],[65.030331,37.894404]]]}},{"type":"Feature","properties":{"hex_id":"8120fffffffffff","population":18723403,"population_year":2025,"area_km2":707475.0,"population_density":26.5,"all_players":0,"reference_cell":true,"players_per_million":0.0,"player_ids":[],"label":"Mapped area","country":"China"},"geometry":{"type":"Polygon","coordinates":[[[74.436338,41.761837],[76.945351,37.477284],[82.728687,36.835377],[86.70821,40.312767],[84.903315,44.772027],[78.337155,45.598111],[74.436338,41.761837]]]}},{"type":"Feature","properties":{"hex_id":"81213ffffffffff","population":3926618,"population_year":2025,"area_km2":707475.0,"population_density":5.6,"all_players":0,"reference_cell":true,"players_per_million":0.0,"player_ids":[],"label":"Mapped area","country":"Kazakhstan"},"geometry":{"type":"Polygon","coordinates":[[[53.670494,49.372118],[57.92568,45.709642],[64.65954,46.076794],[68.13563,50.235864],[64.158618,54.257565],[56.286118,53.745323],[53.670494,49.372118]]]}},{"type":"Feature","properties":{"hex_id":"81217ffffffffff","population":6571788,"population_year":2025,"area_km2":707475.0,"population_density":9.3,"all_players":0,"reference_cell":true,"players_per_million":0.0,"player_ids":[],"label":"Mapped area","country":"Kazakhstan"},"geometry":{"type":"Polygon","coordinates":[[[64.158618,54.257565],[68.13563,50.235864],[75.550129,49.975877],[80.202852,53.696279],[77.086922,58.009332],[68.256323,58.319104],[64.158618,54.257565]]]}},{"type":"Feature","properties":{"hex_id":"8121bffffffffff","population":13990866,"population_year":2025,"area_km2":707475.0,"population_density":19.8,"all_players":0,"reference_cell":true,"players_per_million":0.0,"player_ids":[],"label":"Mapped area","country":"Uzbekistan"},"geometry":{"type":"Polygon","coordinates":[[[55.527294,41.39291],[59.150327,37.656443],[65.030331,37.894404],[68.048608,41.985775],[64.65954,46.076794],[57.92568,45.709642],[55.527294,41.39291]]]}},{"type":"Feature","properties":{"hex_id":"81243ffffffffff","population":529103,"population_year":2025,"area_km2":595741.2,"population_density":0.9,"all_players":0,"reference_cell":true,"players_per_million":0.0,"player_ids":[],"label":"Mapped area","country":"Mongolia"},"geometry":{"type":"Polygon","coordinates":[[[95.845115,46.679222],[96.77092,42.206941],[101.933828,40.61512],[106.535601,43.139813],[106.499377,47.463169],[100.985874,49.434628],[95.845115,46.679222]]]}},{"type":"Feature","properties":{"hex_id":"81247ffffffffff","population":735331,"population_year":2025,"area_km2":510516.1,"population_density":1.4,"all_players":0,"reference_cell":true,"players_per_million":0.0,"player_ids":[],"label":"Mapped area","country":"Mongolia"},"geometry":{"type":"Polygon","coordinates":[[[106.499377,47.463169],[106.535601,43.139813],[110.981139,41.216599],[115.501139,43.254142],[116.212896,47.309451],[111.70886,49.606695],[106.499377,47.463169]]]}},{"type":"Feature","properties":{"hex_id":"8124bffffffffff","population":6863442,"population_year":2025,"area_km2":595741.2,"population_density":11.5,"all_players":0,"reference_cell":true,"players_per_million":0.0,"player_ids":[],"label":"Mapped area","country":"China"},"geometry":{"type":"Polygon","coordinates":[[[92.347744,39.173813],[93.431668,34.856934],[98.228504,33.62107],[102.303253,36.369976],[101.933828,40.61512],[96.77092,42.206941],[92.347744,39.173813]]]}},{"type":"Feature","properties":{"hex_id":"8124fffffffffff","population":30996370,"population_year":2025,"area_km2":523941.7,"population_density":59.2,"all_players":0,"reference_cell":true,"players_per_million":0.0,"player_ids":[],"label":"Mapped area","country":"China"},"geometry":{"type":"Polygon","coordinates":[[[101.933828,40.61512],[102.303253,36.369976],[104.504316,35.604157],[106.967721,34.902991],[110.694611,37.163896],[110.981139,41.216599],[106.535601,43.139813],[101.933828,40.61512]]]}},{"type":"Feature","properties":{"hex_id":"81253ffffffffff","population":1473867,"population_year":2025,"area_km2":647632.6,"population_density":2.3,"all_players":0,"reference_cell":true,"players_per_million":0.0,"player_ids":[],"label":"Mapped area","country":"Russia"},"geometry":{"type":"Polygon","coordinates":[[[87.772964,52.654203],[89.577507,48.132924],[95.845115,46.679222],[100.985874,49.434628],[100.363977,53.907861],[93.387021,55.707268],[87.772964,52.654203]]]}},{"type":"Feature","properties":{"hex_id":"81257ffffffffff","population":4712572,"population_year":2025,"area_km2":565620.1,"population_density":8.3,"all_players":0,"reference_cell":true,"players_per_million":0.0,"player_ids":[],"label":"Mapped area","country":"Russia"},"geometry":{"type":"Polygon","coordinates":[[[100.363977,53.907861],[100.985874,49.434628],[106.499377,47.463169],[111.70886,49.606695],[111.933609,51.732178],[112.463708,53.643972],[106.403496,56.210611],[100.363977,53.907861]]]}},{"type":"Feature","properties":{"hex_id":"8125bffffffffff","population":9359979,"population_year":2025,"area_km2":666617.1,"population_density":14.0,"all_players":0,"reference_cell":true,"players_per_million":0.0,"player_ids":[],"label":"Mapped area","country":"China"},"geometry":{"type":"Polygon","coordinates":[[[84.903315,44.772027],[86.70821,40.312767],[92.347744,39.173813],[96.77092,42.206941],[95.845115,46.679222],[89.577507,48.132924],[84.903315,44.772027]]]}},{"type":"Feature","properties":{"hex_id":"81263ffffffffff","population":10240947,"population_year":2025,"area_km2":614937.0,"population_density":16.7,"all_players":26,"reference_cell":false,"players_per_million":2.54,"player_ids":["mlb:573204","mlb:592094","mlb:621381","mlb:623433","mlb:640462","mlb:656420","mlb:656537","mlb:657024","mlb:663362","mlb:663546","mlb:663623","mlb:664761","mlb:669743","mlb:670242","mlb:676510","mlb:676694","mlb:676974","mlb:680702","mlb:680737","mlb:681393","mlb:683737","mlb:686555","mlb:686973","mlb:687551","mlb:702070","mlb:800049"],"label":"Omaha","country":"United States"},"geometry":{"type":"Polygon","coordinates":[[[-99.917049,47.471519],[-102.323756,45.197628],[-103.535954,44.08338],[-101.04033,40.088597],[-95.246862,39.326803],[-92.81941,41.451207],[-91.476262,42.44496],[-93.395849,46.63002],[-99.917049,47.471519]]]}},{"type":"Feature","properties":{"hex_id":"81267ffffffffff","population":25791718,"population_year":2025,"area_km2":602082.0,"population_density":42.8,"all_players":86,"reference_cell":false,"players_per_million":3.33,"player_ids":["mlb:453286","mlb:502043","mlb:519008","mlb:519141","mlb:543056","mlb:543243","mlb:571466","mlb:592662","mlb:592773","mlb:592779","mlb:594580","mlb:605141","mlb:605540","mlb:607067","mlb:608379","mlb:608650","mlb:608717","mlb:640455","mlb:642020","mlb:642207","mlb:656557","mlb:656605","mlb:656641","mlb:663542","mlb:663586","mlb:663773","mlb:663837","mlb:664129","mlb:664208","mlb:666149","mlb:667670","mlb:668834","mlb:669020","mlb:669062","mlb:669193","mlb:669200","mlb:669257","mlb:669371","mlb:669394","mlb:670059","mlb:670224","mlb:670231","mlb:670950","mlb:671131","mlb:672282","mlb:674441","mlb:676044","mlb:676092","mlb:676879","mlb:677960","mlb:678022","mlb:680742","mlb:680769","mlb:682120","mlb:682171","mlb:684974","mlb:685299","mlb:685301","mlb:685326","mlb:686249","mlb:686452","mlb:686681","mlb:686752","mlb:686753","mlb:687209","mlb:687221","mlb:687396","mlb:690976","mlb:690987","mlb:691799","mlb:694297","mlb:694361","mlb:694477","mlb:694646","mlb:694819","mlb:694851","mlb:694918","mlb:695600","mlb:695657","mlb:695734","mlb:696100","mlb:696136","mlb:696147","mlb:700242","mlb:805904","mlb:806185"],"label":"St. Louis","country":"United States"},"geometry":{"type":"Polygon","coordinates":[[[-88.065886,34.059836],[-84.585167,37.099589],[-85.703199,41.161269],[-91.476262,42.44496],[-92.81941,41.451207],[-95.246862,39.326803],[-93.265212,35.090108],[-88.065886,34.059836]]]}},{"type":"Feature","properties":{"hex_id":"8126bffffffffff","population":8947665,"population_year":2025,"area_km2":647632.6,"population_density":13.8,"all_players":25,"reference_cell":false,"players_per_million":2.79,"player_ids":["mlb:572955","mlb:573124","mlb:592332","mlb:607043","mlb:607536","mlb:621051","mlb:621114","mlb:621383","mlb:643511","mlb:656458","mlb:656849","mlb:668390","mlb:668974","mlb:669308","mlb:676263","mlb:676466","mlb:681151","mlb:681217","mlb:681517","mlb:686554","mlb:686823","mlb:687606","mlb:687863","mlb:687911","mlb:695257"],"label":"Denver","country":"United States"},"geometry":{"type":"Polygon","coordinates":[[[-104.454816,36.494369],[-101.04033,40.088597],[-103.535954,44.08338],[-109.788387,44.413071],[-113.046271,40.72062],[-110.257485,36.800197],[-104.454816,36.494369]]]}},{"type":"Feature","properties":{"hex_id":"8126fffffffffff","population":17160726,"population_year":2025,"area_km2":666617.1,"population_density":25.7,"all_players":55,"reference_cell":false,"players_per_million":3.2,"player_ids":["mlb:455119","mlb:477132","mlb:518489","mlb:519151","mlb:571760","mlb:571948","mlb:592351","mlb:592663","mlb:595014","mlb:595928","mlb:596115","mlb:605137","mlb:605242","mlb:605288","mlb:605507","mlb:607732","mlb:621363","mlb:622268","mlb:641672","mlb:641856","mlb:656222","mlb:656541","mlb:663436","mlb:663574","mlb:663757","mlb:664076","mlb:664854","mlb:666171","mlb:666214","mlb:668670","mlb:668723","mlb:668984","mlb:669160","mlb:669330","mlb:669438","mlb:669449","mlb:669704","mlb:671284","mlb:673965","mlb:676917","mlb:677008","mlb:677951","mlb:681146","mlb:681807","mlb:690924","mlb:690925","mlb:690990","mlb:691783","mlb:693821","mlb:695549","mlb:696270","mlb:699625","mlb:700363","mlb:701121","mlb:801139"],"label":"Dallas","country":"United States"},"geometry":{"type":"Polygon","coordinates":[[[-96.66289,31.619531],[-93.265212,35.090108],[-95.246862,39.326803],[-101.04033,40.088597],[-104.454816,36.494369],[-102.093235,32.268747],[-96.66289,31.619531]]]}},{"type":"Feature","properties":{"hex_id":"81273ffffffffff","population":1973811,"population_year":2025,"area_km2":666617.1,"population_density":3.0,"all_players":1,"reference_cell":false,"players_per_million":0.51,"player_ids":["mlb:671976"],"label":"Winkler","country":"Canada"},"geometry":{"type":"Polygon","coordinates":[[[-98.561848,55.218551],[-102.902298,51.556776],[-99.917049,47.471519],[-93.395849,46.63002],[-88.654124,49.812423],[-90.651446,54.300916],[-98.561848,55.218551]]]}},{"type":"Feature","properties":{"hex_id":"81277ffffffffff","population":23070026,"population_year":2025,"area_km2":647632.6,"population_density":35.6,"all_players":52,"reference_cell":false,"players_per_million":2.25,"player_ids":["mlb:572191","mlb:595897","mlb:605361","mlb:608348","mlb:608718","mlb:621366","mlb:641302","mlb:643376","mlb:643565","mlb:656271","mlb:662139","mlb:663897","mlb:664126","mlb:664991","mlb:665155","mlb:666158","mlb:666163","mlb:669199","mlb:669211","mlb:669242","mlb:669256","mlb:669261","mlb:670032","mlb:670183","mlb:672284","mlb:672391","mlb:674072","mlb:676116","mlb:676272","mlb:676961","mlb:677950","mlb:678020","mlb:679358","mlb:679631","mlb:680474","mlb:680736","mlb:680837","mlb:680885","mlb:680911","mlb:682990","mlb:686948","mlb:688297","mlb:689266","mlb:690022","mlb:694335","mlb:694359","mlb:694362","mlb:695391","mlb:702176","mlb:702332","mlb:702795","mlb:805427"],"label":"Chicago","country":"United States"},"geometry":{"type":"Polygon","coordinates":[[[-88.654124,49.812423],[-93.395849,46.63002],[-91.476262,42.44496],[-85.703199,41.161269],[-80.982253,43.86012],[-81.919627,48.295316],[-88.654124,49.812423]]]}},{"type":"Feature","properties":{"hex_id":"8127bffffffffff","population":1471275,"population_year":2025,"area_km2":602082.0,"population_density":2.4,"all_players":1,"reference_cell":false,"players_per_million":0.68,"player_ids":["mlb:687529"],"label":"Billings","country":"United States of America"},"geometry":{"type":"Polygon","coordinates":[[[-109.994611,51.754866],[-112.788004,48.011188],[-109.788387,44.413071],[-103.535954,44.08338],[-102.323756,45.197628],[-99.917049,47.471519],[-102.902298,51.556776],[-109.994611,51.754866]]]}},{"type":"Feature","properties":{"hex_id":"81283ffffffffff","population":15759816,"population_year":2025,"area_km2":595741.2,"population_density":26.5,"all_players":63,"reference_cell":false,"players_per_million":4.0,"player_ids":["mlb:518397","mlb:543760","mlb:592192","mlb:592450","mlb:592626","mlb:596112","mlb:605204","mlb:605452","mlb:621112","mlb:623167","mlb:624513","mlb:640454","mlb:641658","mlb:642133","mlb:656457","mlb:656555","mlb:657240","mlb:657277","mlb:657649","mlb:657746","mlb:663460","mlb:663538","mlb:663616","mlb:664062","mlb:664192","mlb:664770","mlb:664913","mlb:664954","mlb:665152","mlb:666185","mlb:668674","mlb:668952","mlb:669288","mlb:669373","mlb:669459","mlb:669622","mlb:669674","mlb:669920","mlb:669947","mlb:670156","mlb:670276","mlb:676395","mlb:676812","mlb:676969","mlb:677060","mlb:677347","mlb:677865","mlb:679529","mlb:680757","mlb:680862","mlb:681546","mlb:683232","mlb:683734","mlb:685801","mlb:687473","mlb:687952","mlb:688107","mlb:689200","mlb:690984","mlb:690986","mlb:693433","mlb:700249","mlb:807712"],"label":"Sacramento","country":"United States"},"geometry":{"type":"Polygon","coordinates":[[[-121.707157,36.574218],[-119.002282,40.570572],[-122.134831,44.057691],[-127.958662,43.419208],[-130.222638,39.442424],[-127.138101,36.079796],[-121.707157,36.574218]]]}},{"type":"Feature","properties":{"hex_id":"8128bffffffffff","population":4004885,"population_year":2025,"area_km2":595741.2,"population_density":6.7,"all_players":5,"reference_cell":false,"players_per_million":1.25,"player_ids":["mlb:552640","mlb:676051","mlb:683021","mlb:689690","mlb:700932"],"label":"Spokane","country":"United States"},"geometry":{"type":"Polygon","coordinates":[[[-113.046271,40.72062],[-109.788387,44.413071],[-112.788004,48.011188],[-119.232215,47.804097],[-122.134831,44.057691],[-119.002282,40.570572],[-113.046271,40.72062]]]}},{"type":"Feature","properties":{"hex_id":"8128fffffffffff","population":14259378,"population_year":2025,"area_km2":523941.7,"population_density":27.2,"all_players":27,"reference_cell":false,"players_per_million":1.89,"player_ids":["mlb:476594","mlb:571510","mlb:592155","mlb:601713","mlb:605483","mlb:624424","mlb:624512","mlb:641933","mlb:656257","mlb:656413","mlb:656876","mlb:657044","mlb:666915","mlb:668939","mlb:669127","mlb:669450","mlb:671922","mlb:676083","mlb:676254","mlb:676617","mlb:680718","mlb:682998","mlb:685126","mlb:687765","mlb:687859","mlb:690953","mlb:694374"],"label":"Seattle","country":"United States"},"geometry":{"type":"Polygon","coordinates":[[[-122.134831,44.057691],[-119.232215,47.804097],[-120.907545,49.395034],[-123.122866,50.984711],[-128.909854,50.154512],[-131.290159,46.416948],[-127.958662,43.419208],[-122.134831,44.057691]]]}},{"type":"Feature","properties":{"hex_id":"81293ffffffffff","population":237903,"population_year":2025,"area_km2":647632.6,"population_density":0.4,"all_players":3,"reference_cell":false,"players_per_million":12.61,"player_ids":["mlb:657612","mlb:669422","mlb:669684"],"label":"Mission Hills","country":"United States"},"geometry":{"type":"Polygon","coordinates":[[[-121.336628,28.653019],[-118.804528,32.779438],[-121.707157,36.574218],[-127.138101,36.079796],[-129.293511,31.960338],[-126.423265,28.323446],[-121.336628,28.653019]]]}},{"type":"Feature","properties":{"hex_id":"8129bffffffffff","population":31485482,"population_year":2025,"area_km2":666617.1,"population_density":47.2,"all_players":136,"reference_cell":false,"players_per_million":4.32,"player_ids":["mlb:445926","mlb:457759","mlb:458677","mlb:502054","mlb:518595","mlb:518692","mlb:518934","mlb:542881","mlb:543294","mlb:543309","mlb:543510","mlb:543859","mlb:547179","mlb:547180","mlb:554431","mlb:571448","mlb:592178","mlb:592885","mlb:595345","mlb:595453","mlb:595978","mlb:605131","mlb:606965","mlb:607200","mlb:607481","mlb:607680","mlb:608331","mlb:608337","mlb:621028","mlb:621053","mlb:621057","mlb:621438","mlb:623149","mlb:623168","mlb:641343","mlb:641401","mlb:641487","mlb:641816","mlb:641857","mlb:642086","mlb:642100","mlb:642180","mlb:642216","mlb:643446","mlb:656180","mlb:656288","mlb:656305","mlb:656427","mlb:656638","mlb:656730","mlb:656731","mlb:657097","mlb:657514","mlb:657756","mlb:663457","mlb:663465","mlb:663559","mlb:663562","mlb:663941","mlb:664034","mlb:664238","mlb:664702","mlb:664728","mlb:666150","mlb:666157","mlb:666160","mlb:666165","mlb:667297","mlb:668715","mlb:668881","mlb:668904","mlb:668930","mlb:668941","mlb:669003","mlb:669093","mlb:669194","mlb:669203","mlb:669208","mlb:669212","mlb:669276","mlb:669374","mlb:669392","mlb:669456","mlb:669467","mlb:670766","mlb:670810","mlb:671289","mlb:671737","mlb:674841","mlb:675512","mlb:675915","mlb:676070","mlb:676356","mlb:676440","mlb:676572","mlb:676701","mlb:680574","mlb:680767","mlb:680776","mlb:681082","mlb:683155","mlb:683227","mlb:683766","mlb:686676","mlb:686765","mlb:686797","mlb:686993","mlb:687401","mlb:687637","mlb:687922","mlb:688158","mlb:688497","mlb:689041","mlb:689147","mlb:691011","mlb:691016","mlb:691718","mlb:691720","mlb:691777","mlb:692024","mlb:693313","mlb:694376","mlb:694377","mlb:694973","mlb:695336","mlb:700187","mlb:700241","mlb:701487","mlb:701519","mlb:701552","mlb:701675","mlb:804668","mlb:805249","mlb:805367","mlb:805373","mlb:805779"],"label":"Long Beach","country":"United States"},"geometry":{"type":"Polygon","coordinates":[[[-113.268008,32.856905],[-110.257485,36.800197],[-113.046271,40.72062],[-119.002282,40.570572],[-121.707157,36.574218],[-118.804528,32.779438],[-113.268008,32.856905]]]}},{"type":"Feature","properties":{"hex_id":"812a3ffffffffff","population":39671228,"population_year":2025,"area_km2":595741.2,"population_density":66.6,"all_players":85,"reference_cell":false,"players_per_million":2.14,"player_ids":["mlb:448179","mlb:450203","mlb:493603","mlb:518792","mlb:534910","mlb:543101","mlb:543807","mlb:545361","mlb:571927","mlb:573186","mlb:573262","mlb:600869","mlb:605113","mlb:605130","mlb:605154","mlb:641386","mlb:641656","mlb:641943","mlb:642136","mlb:643361","mlb:650644","mlb:656794","mlb:663474","mlb:663795","mlb:663969","mlb:664056","mlb:666134","mlb:668678","mlb:668901","mlb:668970","mlb:669221","mlb:669234","mlb:669364","mlb:669707","mlb:669711","mlb:669923","mlb:670036","mlb:670097","mlb:671083","mlb:671111","mlb:671212","mlb:671277","mlb:671655","mlb:671732","mlb:672279","mlb:676508","mlb:676571","mlb:676680","mlb:676760","mlb:676914","mlb:676962","mlb:677020","mlb:678024","mlb:680700","mlb:680701","mlb:680732","mlb:680779","mlb:680869","mlb:681006","mlb:681343","mlb:681347","mlb:681351","mlb:681508","mlb:683011","mlb:683083","mlb:685107","mlb:686217","mlb:686218","mlb:686747","mlb:686799","mlb:687166","mlb:687478","mlb:691019","mlb:693645","mlb:693855","mlb:694363","mlb:694388","mlb:695534","mlb:695681","mlb:700250","mlb:700669","mlb:701581","mlb:702674","mlb:805299","mlb:807713"],"label":"New York","country":"United States"},"geometry":{"type":"Polygon","coordinates":[[[-69.955068,44.277849],[-75.333452,42.029564],[-75.063317,37.849069],[-70.311412,35.933887],[-65.448142,37.822091],[-64.835193,41.948534],[-69.955068,44.277849]]]}},{"type":"Feature","properties":{"hex_id":"812abffffffffff","population":54889027,"population_year":2025,"area_km2":595741.2,"population_density":92.1,"all_players":111,"reference_cell":false,"players_per_million":2.02,"player_ids":["mlb:502671","mlb:542932","mlb:543518","mlb:571912","mlb:572233","mlb:573009","mlb:596271","mlb:605135","mlb:605177","mlb:606992","mlb:606996","mlb:608385","mlb:608671","mlb:621111","mlb:621199","mlb:621493","mlb:623437","mlb:623465","mlb:640448","mlb:641584","mlb:641680","mlb:641778","mlb:641793","mlb:641835","mlb:642215","mlb:643217","mlb:656186","mlb:656716","mlb:656775","mlb:656941","mlb:656945","mlb:657571","mlb:657757","mlb:663584","mlb:663671","mlb:663728","mlb:663738","mlb:663893","mlb:664023","mlb:664123","mlb:664141","mlb:664199","mlb:664774","mlb:664948","mlb:664983","mlb:668709","mlb:668716","mlb:668731","mlb:668800","mlb:668804","mlb:668820","mlb:669060","mlb:669145","mlb:669724","mlb:670167","mlb:670174","mlb:670223","mlb:670280","mlb:670770","mlb:671096","mlb:672275","mlb:675911","mlb:675989","mlb:676702","mlb:676755","mlb:676801","mlb:677161","mlb:677976","mlb:680951","mlb:681869","mlb:681987","mlb:682144","mlb:682988","mlb:683357","mlb:685314","mlb:686469","mlb:686527","mlb:686613","mlb:686654","mlb:686668","mlb:686701","mlb:686826","mlb:686894","mlb:687287","mlb:687330","mlb:687462","mlb:687888","mlb:687931","mlb:688138","mlb:688642","mlb:689254","mlb:690382","mlb:690993","mlb:693307","mlb:693312","mlb:695243","mlb:695578","mlb:696131","mlb:697812","mlb:699911","mlb:701305","mlb:701538","mlb:701762","mlb:702056","mlb:702284","mlb:702358","mlb:805123","mlb:805300","mlb:805811","mlb:810938","mlb:813349"],"label":"Baltimore","country":"United States"},"geometry":{"type":"Polygon","coordinates":[[[-80.982253,43.86012],[-85.703199,41.161269],[-84.585167,37.099589],[-79.557618,35.583567],[-75.063317,37.849069],[-75.333452,42.029564],[-80.982253,43.86012]]]}},{"type":"Feature","properties":{"hex_id":"812afffffffffff","population":6566236,"population_year":2025,"area_km2":523941.7,"population_density":12.5,"all_players":17,"reference_cell":false,"players_per_million":2.59,"player_ids":["mlb:542888","mlb:621035","mlb:656550","mlb:663993","mlb:664040","mlb:666139","mlb:668909","mlb:669022","mlb:675659","mlb:680777","mlb:681460","mlb:681810","mlb:681882","mlb:694738","mlb:702352","mlb:801434","mlb:802419"],"label":"Chesapeake","country":"United States"},"geometry":{"type":"Polygon","coordinates":[[[-75.063317,37.849069],[-79.557618,35.583567],[-79.270109,33.659462],[-78.735928,31.57726],[-74.640468,30.219492],[-70.449419,32.12169],[-70.311412,35.933887],[-75.063317,37.849069]]]}},{"type":"Feature","properties":{"hex_id":"812b3ffffffffff","population":2964922,"population_year":2025,"area_km2":647632.6,"population_density":4.6,"all_players":1,"reference_cell":false,"players_per_million":0.34,"player_ids":["mlb:689520"],"label":"Bingham","country":"United States"},"geometry":{"type":"Polygon","coordinates":[[[-63.200774,50.770503],[-69.719479,48.757432],[-69.955068,44.277849],[-64.835193,41.948534],[-59.172925,43.654244],[-57.837872,47.957631],[-63.200774,50.770503]]]}},{"type":"Feature","properties":{"hex_id":"812bbffffffffff","population":23927662,"population_year":2025,"area_km2":666617.1,"population_density":35.9,"all_players":20,"reference_cell":false,"players_per_million":0.84,"player_ids":["mlb:571578","mlb:592454","mlb:605447","mlb:615698","mlb:647304","mlb:647315","mlb:647351","mlb:650633","mlb:656240","mlb:656546","mlb:657424","mlb:665489","mlb:666310","mlb:666374","mlb:666397","mlb:672012","mlb:672016","mlb:676391","mlb:689414","mlb:804636"],"label":"Toronto","country":"Canada"},"geometry":{"type":"Polygon","coordinates":[[[-76.057729,50.990211],[-81.919627,48.295316],[-80.982253,43.86012],[-75.333452,42.029564],[-69.955068,44.277849],[-69.719479,48.757432],[-76.057729,50.990211]]]}},{"type":"Feature","properties":{"hex_id":"812c3ffffffffff","population":48394646,"population_year":2025,"area_km2":614937.0,"population_density":78.7,"all_players":0,"reference_cell":true,"players_per_million":0.0,"player_ids":[],"label":"Mapped area","country":"Turkey"},"geometry":{"type":"Polygon","coordinates":[[[38.930218,38.400687],[43.074401,35.326156],[46.40451,36.114445],[48.114436,36.404919],[49.670644,40.636123],[45.504839,43.945519],[41.788831,43.124283],[39.938746,42.736298],[38.930218,38.400687]]]}},{"type":"Feature","properties":{"hex_id":"812c7ffffffffff","population":5336968,"population_year":2025,"area_km2":666617.1,"population_density":8.0,"all_players":0,"reference_cell":true,"players_per_million":0.0,"player_ids":[],"label":"Mapped area","country":"Kazakhstan"},"geometry":{"type":"Polygon","coordinates":[[[45.504839,43.945519],[49.670644,40.636123],[55.527294,41.39291],[57.92568,45.709642],[53.670494,49.372118],[47.038223,48.339942],[45.504839,43.945519]]]}},{"type":"Feature","properties":{"hex_id":"812cbffffffffff","population":60698353,"population_year":2025,"area_km2":602082.0,"population_density":100.8,"all_players":0,"reference_cell":true,"players_per_million":0.0,"player_ids":[],"label":"Mapped area","country":"Iraq"},"geometry":{"type":"Polygon","coordinates":[[[43.074401,35.326156],[42.026294,30.891357],[45.678762,27.848758],[50.187904,29.089392],[51.71868,33.03025],[48.114436,36.404919],[46.40451,36.114445],[43.074401,35.326156]]]}},{"type":"Feature","properties":{"hex_id":"812d3ffffffffff","population":35376976,"population_year":2025,"area_km2":647632.6,"population_density":54.6,"all_players":0,"reference_cell":true,"players_per_million":0.0,"player_ids":[],"label":"Mapped area","country":"Turkey"},"geometry":{"type":"Polygon","coordinates":[[[29.387082,44.107766],[28.846869,39.643311],[33.614584,36.858664],[38.930218,38.400687],[39.938746,42.736298],[35.197789,45.672385],[29.387082,44.107766]]]}},{"type":"Feature","properties":{"hex_id":"812d7ffffffffff","population":24372623,"population_year":2025,"area_km2":602082.0,"population_density":40.5,"all_players":0,"reference_cell":true,"players_per_million":0.0,"player_ids":[],"label":"Mapped area","country":"Russia"},"geometry":{"type":"Polygon","coordinates":[[[35.197789,45.672385],[39.938746,42.736298],[41.788831,43.124283],[45.504839,43.945519],[47.038223,48.339942],[42.136829,51.409437],[36.116724,49.779343],[35.197789,45.672385]]]}},{"type":"Feature","properties":{"hex_id":"812dbffffffffff","population":70393013,"population_year":2025,"area_km2":666617.1,"population_density":105.6,"all_players":0,"reference_cell":true,"players_per_million":0.0,"player_ids":[],"label":"Mapped area","country":"Syria"},"geometry":{"type":"Polygon","coordinates":[[[33.614584,36.858664],[32.928331,32.240102],[37.164282,29.339076],[42.026294,30.891357],[43.074401,35.326156],[38.930218,38.400687],[33.614584,36.858664]]]}},{"type":"Feature","properties":{"hex_id":"812e3ffffffffff","population":12920451,"population_year":2025,"area_km2":595741.2,"population_density":21.7,"all_players":3,"reference_cell":false,"players_per_million":0.23,"player_ids":["mlb:579328","mlb:660271","mlb:808963"],"label":"Morioka","country":"Japan"},"geometry":{"type":"Polygon","coordinates":[[[148.856926,38.18238],[147.817284,42.633407],[142.305844,43.816095],[138.515018,40.617501],[139.948213,36.441778],[144.831325,35.18743],[148.856926,38.18238]]]}},{"type":"Feature","properties":{"hex_id":"812e7ffffffffff","population":52072688,"population_year":2025,"area_km2":510516.1,"population_density":102.0,"all_players":5,"reference_cell":false,"players_per_million":0.1,"player_ids":["mlb:506433","mlb:628317","mlb:673540","mlb:807799","mlb:808967"],"label":"Osaka","country":"Japan"},"geometry":{"type":"Polygon","coordinates":[[[139.948213,36.441778],[138.515018,40.617501],[133.570126,41.410447],[130.657533,38.194564],[132.308377,34.331159],[136.697641,33.378798],[139.948213,36.441778]]]}},{"type":"Feature","properties":{"hex_id":"812f7ffffffffff","population":38419612,"population_year":2025,"area_km2":565620.1,"population_density":67.9,"all_players":3,"reference_cell":false,"players_per_million":0.08,"player_ids":["mlb:673513","mlb:673548","mlb:829272"],"label":"Arakawa","country":"Japan"},"geometry":{"type":"Polygon","coordinates":[[[145.91104,30.789834],[144.831325,35.18743],[139.948213,36.441778],[136.697641,33.378798],[137.3956,31.331749],[137.800087,29.424814],[142.433222,27.949606],[145.91104,30.789834]]]}},{"type":"Feature","properties":{"hex_id":"8130bffffffffff","population":241379936,"population_year":2025,"area_km2":447684.2,"population_density":539.2,"all_players":0,"reference_cell":true,"players_per_million":0.0,"player_ids":[],"label":"Mapped area","country":"China"},"geometry":{"type":"Polygon","coordinates":[[[124.020556,32.661445],[123.162765,36.005614],[121.690154,36.205283],[118.869299,37.429854],[115.340961,35.522424],[116.2613,31.680908],[120.503394,29.892985],[124.020556,32.661445]]]}},{"type":"Feature","properties":{"hex_id":"8130fffffffffff","population":61653931,"population_year":2025,"area_km2":447684.2,"population_density":137.7,"all_players":6,"reference_cell":false,"players_per_million":0.1,"player_ids":["mlb:608701","mlb:673490","mlb:678225","mlb:684007","mlb:808975","mlb:808982"],"label":"Seoul","country":"South Korea"},"geometry":{"type":"Polygon","coordinates":[[[123.162765,36.005614],[124.020556,32.661445],[128.534469,31.786712],[132.308377,34.331159],[130.657533,38.194564],[126.346943,38.738746],[125.585234,37.691245],[123.162765,36.005614]]]}},{"type":"Feature","properties":{"hex_id":"81313ffffffffff","population":23213423,"population_year":2025,"area_km2":447684.2,"population_density":51.9,"all_players":0,"reference_cell":true,"players_per_million":0.0,"player_ids":[],"label":"Mapped area","country":"China"},"geometry":{"type":"Polygon","coordinates":[[[115.501139,43.254142],[119.13691,41.148271],[120.555881,41.717194],[123.984121,41.999374],[125.981142,45.096434],[122.152595,47.997963],[116.212896,47.309451],[115.501139,43.254142]]]}},{"type":"Feature","properties":{"hex_id":"81317ffffffffff","population":34330554,"population_year":2025,"area_km2":447684.2,"population_density":76.7,"all_players":0,"reference_cell":true,"players_per_million":0.0,"player_ids":[],"label":"Mapped area","country":"North Korea"},"geometry":{"type":"Polygon","coordinates":[[[133.570126,41.410447],[131.774401,45.253613],[125.981142,45.096434],[123.984121,41.999374],[125.085829,41.118552],[126.346943,38.738746],[130.657533,38.194564],[133.570126,41.410447]]]}},{"type":"Feature","properties":{"hex_id":"8131bffffffffff","population":167852256,"population_year":2025,"area_km2":447684.2,"population_density":374.9,"all_players":0,"reference_cell":true,"players_per_million":0.0,"player_ids":[],"label":"Mapped area","country":"China"},"geometry":{"type":"Polygon","coordinates":[[[110.981139,41.216599],[110.694611,37.163896],[115.340961,35.522424],[118.869299,37.429854],[118.582885,38.614967],[119.13691,41.148271],[115.501139,43.254142],[110.981139,41.216599]]]}},{"type":"Feature","properties":{"hex_id":"81383ffffffffff","population":31514301,"population_year":2025,"area_km2":614937.0,"population_density":51.2,"all_players":0,"reference_cell":true,"players_per_million":0.0,"player_ids":[],"label":"Mapped area","country":"Algeria"},"geometry":{"type":"Polygon","coordinates":[[[-5.442348,35.124424],[-4.341769,30.698974],[-1.240802,29.828776],[0.260947,29.300375],[4.204174,32.110107],[3.543589,36.597898],[0.238716,37.588846],[-1.416234,38.115997],[-5.442348,35.124424]]]}},{"type":"Feature","properties":{"hex_id":"81387ffffffffff","population":36845141,"population_year":2025,"area_km2":666617.1,"population_density":55.3,"all_players":0,"reference_cell":true,"players_per_million":0.0,"player_ids":[],"label":"Mapped area","country":"Tunisia"},"geometry":{"type":"Polygon","coordinates":[[[3.543589,36.597898],[4.204174,32.110107],[8.974636,30.254841],[13.48858,32.875015],[13.244313,37.523712],[8.045142,39.402136],[3.543589,36.597898]]]}},{"type":"Feature","properties":{"hex_id":"8138bffffffffff","population":500531,"population_year":2025,"area_km2":602082.0,"population_density":0.8,"all_players":0,"reference_cell":true,"players_per_million":0.0,"player_ids":[],"label":"Mapped area","country":"Algeria"},"geometry":{"type":"Polygon","coordinates":[[[-4.341769,30.698974],[-8.002014,27.502909],[-6.846166,23.22581],[-2.483865,22.197541],[0.994677,24.858336],[0.260947,29.300375],[-1.240802,29.828776],[-4.341769,30.698974]]]}},{"type":"Feature","properties":{"hex_id":"8138fffffffffff","population":290452,"population_year":2025,"area_km2":647632.6,"population_density":0.4,"all_players":0,"reference_cell":true,"players_per_million":0.0,"player_ids":[],"label":"Mapped area","country":"Algeria"},"geometry":{"type":"Polygon","coordinates":[[[0.260947,29.300375],[0.994677,24.858336],[5.367574,23.011147],[9.380677,25.603703],[8.974636,30.254841],[4.204174,32.110107],[0.260947,29.300375]]]}},{"type":"Feature","properties":{"hex_id":"81393ffffffffff","population":34532782,"population_year":2025,"area_km2":647632.6,"population_density":53.3,"all_players":0,"reference_cell":true,"players_per_million":0.0,"player_ids":[],"label":"Mapped area","country":"Spain"},"geometry":{"type":"Polygon","coordinates":[[[-8.101589,44.050631],[-12.384127,40.869133],[-10.744488,36.38323],[-5.442348,35.124424],[-1.416234,38.115997],[-2.417796,42.54048],[-8.101589,44.050631]]]}},{"type":"Feature","properties":{"hex_id":"8139bffffffffff","population":29060879,"population_year":2025,"area_km2":666617.1,"population_density":43.6,"all_players":0,"reference_cell":true,"players_per_million":0.0,"player_ids":[],"label":"Mapped area","country":"Morocco"},"geometry":{"type":"Polygon","coordinates":[[[-10.744488,36.38323],[-14.570452,32.954386],[-12.948555,28.514936],[-8.002014,27.502909],[-4.341769,30.698974],[-5.442348,35.124424],[-10.744488,36.38323]]]}},{"type":"Feature","properties":{"hex_id":"813c3ffffffffff","population":249963695,"population_year":2025,"area_km2":614937.0,"population_density":406.5,"all_players":0,"reference_cell":true,"players_per_million":0.0,"player_ids":[],"label":"Mapped area","country":"China"},"geometry":{"type":"Polygon","coordinates":[[[81.028378,29.173754],[82.168245,26.544149],[82.644974,25.201987],[87.416541,24.410902],[90.911168,27.664083],[89.98325,30.360711],[89.579772,31.726685],[84.479601,32.589943],[81.028378,29.173754]]]}},{"type":"Feature","properties":{"hex_id":"813c7ffffffffff","population":11928196,"population_year":2025,"area_km2":602082.0,"population_density":19.8,"all_players":0,"reference_cell":true,"players_per_million":0.0,"player_ids":[],"label":"Mapped area","country":"China"},"geometry":{"type":"Polygon","coordinates":[[[99.516939,29.61536],[98.228504,33.62107],[93.431668,34.856934],[89.579772,31.726685],[89.98325,30.360711],[90.911168,27.664083],[95.855137,26.622305],[99.516939,29.61536]]]}},{"type":"Feature","properties":{"hex_id":"813cbffffffffff","population":190047760,"population_year":2025,"area_km2":647632.6,"population_density":293.4,"all_players":0,"reference_cell":true,"players_per_million":0.0,"player_ids":[],"label":"Mapped area","country":"India"},"geometry":{"type":"Polygon","coordinates":[[[88.797306,20.114256],[87.416541,24.410902],[82.644974,25.201987],[79.445503,21.802903],[80.850069,17.60337],[85.445337,16.70096],[88.797306,20.114256]]]}},{"type":"Feature","properties":{"hex_id":"813cfffffffffff","population":285984465,"population_year":2025,"area_km2":666617.1,"population_density":429.0,"all_players":0,"reference_cell":true,"players_per_million":0.0,"player_ids":[],"label":"Mapped area","country":"India"},"geometry":{"type":"Polygon","coordinates":[[[97.148502,22.297036],[95.855137,26.622305],[90.911168,27.664083],[87.416541,24.410902],[88.797306,20.114256],[93.60132,19.035204],[97.148502,22.297036]]]}},{"type":"Feature","properties":{"hex_id":"813d3ffffffffff","population":80376689,"population_year":2025,"area_km2":666617.1,"population_density":120.6,"all_players":0,"reference_cell":true,"players_per_million":0.0,"player_ids":[],"label":"Mapped area","country":"China"},"geometry":{"type":"Polygon","coordinates":[[[73.592618,33.705753],[75.868402,29.662739],[81.028378,29.173754],[84.479601,32.589943],[82.728687,36.835377],[76.945351,37.477284],[73.592618,33.705753]]]}},{"type":"Feature","properties":{"hex_id":"813d7ffffffffff","population":161350,"population_year":2025,"area_km2":647632.6,"population_density":0.2,"all_players":0,"reference_cell":true,"players_per_million":0.0,"player_ids":[],"label":"Mapped area","country":"China"},"geometry":{"type":"Polygon","coordinates":[[[82.728687,36.835377],[84.479601,32.589943],[89.579772,31.726685],[93.431668,34.856934],[92.347744,39.173813],[86.70821,40.312767],[82.728687,36.835377]]]}},{"type":"Feature","properties":{"hex_id":"813dbffffffffff","population":338594846,"population_year":2025,"area_km2":602082.0,"population_density":562.4,"all_players":0,"reference_cell":true,"players_per_million":0.0,"player_ids":[],"label":"Mapped area","country":"India"},"geometry":{"type":"Polygon","coordinates":[[[72.931624,26.106099],[75.010886,22.410566],[79.445503,21.802903],[82.644974,25.201987],[82.168245,26.544149],[81.028378,29.173754],[75.868402,29.662739],[72.931624,26.106099]]]}},{"type":"Feature","properties":{"hex_id":"813e3ffffffffff","population":617777,"population_year":2025,"area_km2":729486.9,"population_density":0.8,"all_players":0,"reference_cell":true,"players_per_million":0.0,"player_ids":[],"label":"Mapped area","country":"Libya"},"geometry":{"type":"Polygon","coordinates":[[[18.343416,30.627348],[18.351305,25.86678],[22.839298,23.41169],[27.504443,25.566739],[27.91173,30.313709],[23.243175,32.934452],[18.343416,30.627348]]]}},{"type":"Feature","properties":{"hex_id":"813e7ffffffffff","population":111131590,"population_year":2025,"area_km2":707475.0,"population_density":157.1,"all_players":0,"reference_cell":true,"players_per_million":0.0,"player_ids":[],"label":"Mapped area","country":"Egypt"},"geometry":{"type":"Polygon","coordinates":[[[27.91173,30.313709],[27.504443,25.566739],[31.724402,22.868397],[36.387576,24.725676],[37.164282,29.339076],[32.928331,32.240102],[27.91173,30.313709]]]}},{"type":"Feature","properties":{"hex_id":"813ebffffffffff","population":130456,"population_year":2025,"area_km2":707475.0,"population_density":0.2,"all_players":0,"reference_cell":true,"players_per_million":0.0,"player_ids":[],"label":"Mapped area","country":"Chad"},"geometry":{"type":"Polygon","coordinates":[[[13.915184,23.450438],[14.102532,18.800744],[18.365179,16.505948],[22.662175,18.714905],[22.839298,23.41169],[18.351305,25.86678],[13.915184,23.450438]]]}},{"type":"Feature","properties":{"hex_id":"813efffffffffff","population":784792,"population_year":2025,"area_km2":707475.0,"population_density":1.1,"all_players":0,"reference_cell":true,"players_per_million":0.0,"player_ids":[],"label":"Mapped area","country":"Sudan"},"geometry":{"type":"Polygon","coordinates":[[[22.839298,23.41169],[22.662175,18.714905],[26.786746,16.229863],[31.193691,18.242013],[31.724402,22.868397],[27.504443,25.566739],[22.839298,23.41169]]]}},{"type":"Feature","properties":{"hex_id":"813fbffffffffff","population":2057989,"population_year":2025,"area_km2":707475.0,"population_density":2.9,"all_players":0,"reference_cell":true,"players_per_million":0.0,"player_ids":[],"label":"Mapped area","country":"Libya"},"geometry":{"type":"Polygon","coordinates":[[[8.974636,30.254841],[9.380677,25.603703],[13.915184,23.450438],[18.351305,25.86678],[18.343416,30.627348],[13.48858,32.875015],[8.974636,30.254841]]]}},{"type":"Feature","properties":{"hex_id":"81403ffffffffff","population":152073664,"population_year":2025,"area_km2":595741.2,"population_density":255.3,"all_players":0,"reference_cell":true,"players_per_million":0.0,"player_ids":[],"label":"Mapped area","country":"China"},"geometry":{"type":"Polygon","coordinates":[[[113.703767,25.199133],[112.740922,29.367232],[108.088674,30.953537],[104.42056,28.291742],[105.568,24.011141],[110.205767,22.499632],[113.703767,25.199133]]]}},{"type":"Feature","properties":{"hex_id":"81407ffffffffff","population":61337955,"population_year":2025,"area_km2":647632.6,"population_density":94.7,"all_players":0,"reference_cell":true,"players_per_million":0.0,"player_ids":[],"label":"Mapped area","country":"China"},"geometry":{"type":"Polygon","coordinates":[[[105.568,24.011141],[104.42056,28.291742],[99.516939,29.61536],[95.855137,26.622305],[97.148502,22.297036],[101.970677,21.002365],[105.568,24.011141]]]}},{"type":"Feature","properties":{"hex_id":"8140bffffffffff","population":191913808,"population_year":2025,"area_km2":510516.1,"population_density":375.9,"all_players":0,"reference_cell":true,"players_per_million":0.0,"player_ids":[],"label":"Mapped area","country":"China"},"geometry":{"type":"Polygon","coordinates":[[[116.2613,31.680908],[115.340961,35.522424],[110.694611,37.163896],[106.967721,34.902991],[108.088674,30.953537],[112.740922,29.367232],[116.2613,31.680908]]]}},{"type":"Feature","properties":{"hex_id":"8140fffffffffff","population":91641032,"population_year":2025,"area_km2":565620.1,"population_density":162.0,"all_players":0,"reference_cell":true,"players_per_million":0.0,"player_ids":[],"label":"Mapped area","country":"China"},"geometry":{"type":"Polygon","coordinates":[[[108.088674,30.953537],[106.967721,34.902991],[104.504316,35.604157],[102.303253,36.369976],[98.228504,33.62107],[99.516939,29.61536],[104.42056,28.291742],[108.088674,30.953537]]]}},{"type":"Feature","properties":{"hex_id":"8141bffffffffff","population":147726784,"population_year":2025,"area_km2":523941.7,"population_density":282.0,"all_players":0,"reference_cell":true,"players_per_million":0.0,"player_ids":[],"label":"Mapped area","country":"China"},"geometry":{"type":"Polygon","coordinates":[[[121.347514,26.200276],[120.503394,29.892985],[116.2613,31.680908],[112.740922,29.367232],[113.703767,25.199133],[117.990477,23.508952],[119.641465,24.728661],[121.347514,26.200276]]]}},{"type":"Feature","properties":{"hex_id":"81423ffffffffff","population":11405173,"population_year":2025,"area_km2":595741.2,"population_density":19.1,"all_players":0,"reference_cell":true,"players_per_million":0.0,"player_ids":[],"label":"Mapped area","country":"Pakistan"},"geometry":{"type":"Polygon","coordinates":[[[58.073275,26.118996],[60.855323,22.699925],[65.542467,22.742171],[67.931507,26.281366],[65.31585,30.032245],[60.099069,29.90356],[58.073275,26.118996]]]}},{"type":"Feature","properties":{"hex_id":"81427ffffffffff","population":198959790,"population_year":2025,"area_km2":647632.6,"population_density":307.2,"all_players":0,"reference_cell":true,"players_per_million":0.0,"player_ids":[],"label":"Mapped area","country":"Pakistan"},"geometry":{"type":"Polygon","coordinates":[[[65.31585,30.032245],[67.931507,26.281366],[72.931624,26.106099],[75.868402,29.662739],[73.592618,33.705753],[67.98289,33.902397],[65.31585,30.032245]]]}},{"type":"Feature","properties":{"hex_id":"8142fffffffffff","population":127932236,"population_year":2025,"area_km2":565620.1,"population_density":226.2,"all_players":0,"reference_cell":true,"players_per_million":0.0,"player_ids":[],"label":"Mapped area","country":"India"},"geometry":{"type":"Polygon","coordinates":[[[65.542467,22.742171],[67.89023,19.324159],[70.146166,19.258937],[72.178712,18.993494],[75.010886,22.410566],[72.931624,26.106099],[67.931507,26.281366],[65.542467,22.742171]]]}},{"type":"Feature","properties":{"hex_id":"81433ffffffffff","population":17470032,"population_year":2025,"area_km2":595741.2,"population_density":29.3,"all_players":0,"reference_cell":true,"players_per_million":0.0,"player_ids":[],"label":"Mapped area","country":"Iran"},"geometry":{"type":"Polygon","coordinates":[[[50.187904,29.089392],[53.353616,25.802498],[58.073275,26.118996],[60.099069,29.90356],[56.949853,33.546049],[51.71868,33.03025],[50.187904,29.089392]]]}},{"type":"Feature","properties":{"hex_id":"81437ffffffffff","population":23771688,"population_year":2025,"area_km2":666617.1,"population_density":35.7,"all_players":0,"reference_cell":true,"players_per_million":0.0,"player_ids":[],"label":"Mapped area","country":"Afghanistan"},"geometry":{"type":"Polygon","coordinates":[[[56.949853,33.546049],[60.099069,29.90356],[65.31585,30.032245],[67.98289,33.902397],[65.030331,37.894404],[59.150327,37.656443],[56.949853,33.546049]]]}},{"type":"Feature","properties":{"hex_id":"8143bffffffffff","population":15997723,"population_year":2025,"area_km2":523941.7,"population_density":30.5,"all_players":0,"reference_cell":true,"players_per_million":0.0,"player_ids":[],"label":"Mapped area","country":"Oman"},"geometry":{"type":"Polygon","coordinates":[[[51.981036,21.936732],[54.686969,19.148859],[58.982288,19.310274],[60.855323,22.699925],[58.073275,26.118996],[53.353616,25.802498],[52.589722,23.991946],[51.981036,21.936732]]]}},{"type":"Feature","properties":{"hex_id":"81443ffffffffff","population":10265740,"population_year":2025,"area_km2":595741.2,"population_density":17.2,"all_players":37,"reference_cell":false,"players_per_million":3.6,"player_ids":["mlb:457705","mlb:519242","mlb:543391","mlb:578428","mlb:592791","mlb:606930","mlb:608334","mlb:621121","mlb:623474","mlb:624413","mlb:624585","mlb:628451","mlb:656811","mlb:663656","mlb:663765","mlb:663878","mlb:666974","mlb:668227","mlb:670912","mlb:670970","mlb:673929","mlb:676206","mlb:676467","mlb:676480","mlb:677942","mlb:678246","mlb:680684","mlb:681624","mlb:681676","mlb:682868","mlb:683748","mlb:685068","mlb:687223","mlb:687957","mlb:692585","mlb:695506","mlb:800048"],"label":"Havana","country":"United States"},"geometry":{"type":"Polygon","coordinates":[[[-83.891248,21.244199],[-80.82969,24.429618],[-81.966494,28.631807],[-86.545778,29.759287],[-89.807712,26.426478],[-88.2959,22.120731],[-83.891248,21.244199]]]}},{"type":"Feature","properties":{"hex_id":"81447ffffffffff","population":18780862,"population_year":2025,"area_km2":647632.6,"population_density":29.0,"all_players":65,"reference_cell":false,"players_per_million":3.46,"player_ids":["mlb:489119","mlb:518876","mlb:543135","mlb:543592","mlb:592669","mlb:592836","mlb:594902","mlb:596001","mlb:605400","mlb:605513","mlb:607625","mlb:621345","mlb:624415","mlb:641585","mlb:656484","mlb:656629","mlb:657006","mlb:657136","mlb:663321","mlb:663399","mlb:663432","mlb:663455","mlb:663568","mlb:663604","mlb:663609","mlb:663647","mlb:663687","mlb:663767","mlb:663855","mlb:663968","mlb:664139","mlb:665019","mlb:667452","mlb:669358","mlb:669369","mlb:669372","mlb:669620","mlb:669701","mlb:669713","mlb:676439","mlb:676604","mlb:676684","mlb:676742","mlb:676979","mlb:677941","mlb:677955","mlb:679775","mlb:680573","mlb:680755","mlb:681297","mlb:681982","mlb:682243","mlb:683175","mlb:685005","mlb:686580","mlb:686790","mlb:687064","mlb:687075","mlb:688760","mlb:691026","mlb:694728","mlb:695238","mlb:701542","mlb:701656","mlb:806188"],"label":"Houston","country":"United States"},"geometry":{"type":"Polygon","coordinates":[[[-89.807712,26.426478],[-86.545778,29.759287],[-88.065886,34.059836],[-93.265212,35.090108],[-96.66289,31.619531],[-94.743568,27.264006],[-89.807712,26.426478]]]}},{"type":"Feature","properties":{"hex_id":"8144bffffffffff","population":13618822,"population_year":2025,"area_km2":510516.1,"population_density":26.7,"all_players":61,"reference_cell":false,"players_per_million":4.48,"player_ids":["mlb:547184","mlb:571945","mlb:592206","mlb:592426","mlb:592518","mlb:594798","mlb:596133","mlb:596295","mlb:605244","mlb:607074","mlb:607208","mlb:607259","mlb:621107","mlb:641312","mlb:641555","mlb:641755","mlb:643410","mlb:656976","mlb:656986","mlb:657053","mlb:657557","mlb:663372","mlb:663624","mlb:663697","mlb:663743","mlb:663796","mlb:663853","mlb:663898","mlb:664849","mlb:665052","mlb:665862","mlb:666126","mlb:666182","mlb:668885","mlb:668964","mlb:669004","mlb:669302","mlb:669720","mlb:671106","mlb:671109","mlb:671213","mlb:676661","mlb:677944","mlb:680689","mlb:680728","mlb:681481","mlb:681962","mlb:682985","mlb:683004","mlb:686611","mlb:687003","mlb:687263","mlb:687424","mlb:689958","mlb:691723","mlb:691728","mlb:692216","mlb:694384","mlb:701350","mlb:701358","mlb:701398"],"label":"Miami","country":"United States"},"geometry":{"type":"Polygon","coordinates":[[[-76.831217,23.342863],[-73.868279,26.190449],[-74.640468,30.219492],[-78.735928,31.57726],[-81.966494,28.631807],[-80.82969,24.429618],[-76.831217,23.342863]]]}},{"type":"Feature","properties":{"hex_id":"8144fffffffffff","population":31558550,"population_year":2025,"area_km2":565620.1,"population_density":55.8,"all_players":131,"reference_cell":false,"players_per_million":4.15,"player_ids":["mlb:502085","mlb:518886","mlb:519326","mlb:554430","mlb:571657","mlb:596103","mlb:605182","mlb:605218","mlb:605280","mlb:605488","mlb:607179","mlb:608369","mlb:608371","mlb:608665","mlb:621020","mlb:621439","mlb:621566","mlb:624428","mlb:640451","mlb:641313","mlb:641329","mlb:641540","mlb:641745","mlb:641927","mlb:641941","mlb:642016","mlb:642201","mlb:643338","mlb:656302","mlb:657041","mlb:657376","mlb:663330","mlb:663423","mlb:663485","mlb:663536","mlb:663554","mlb:663662","mlb:663698","mlb:663804","mlb:663886","mlb:663903","mlb:663947","mlb:663992","mlb:666142","mlb:666176","mlb:666181","mlb:666198","mlb:666211","mlb:668845","mlb:668933","mlb:669016","mlb:669084","mlb:669134","mlb:669236","mlb:669326","mlb:669387","mlb:669717","mlb:669721","mlb:669722","mlb:670102","mlb:670764","mlb:671162","mlb:671221","mlb:674944","mlb:675540","mlb:675650","mlb:676106","mlb:676428","mlb:676475","mlb:676477","mlb:676551","mlb:676664","mlb:677943","mlb:677956","mlb:677958","mlb:677961","mlb:678009","mlb:679822","mlb:680704","mlb:680729","mlb:680735","mlb:681432","mlb:681584","mlb:681799","mlb:681857","mlb:681867","mlb:681895","mlb:681909","mlb:681916","mlb:682183","mlb:682928","mlb:682995","mlb:682997","mlb:683002","mlb:683769","mlb:686475","mlb:686563","mlb:686642","mlb:686730","mlb:686751","mlb:686930","mlb:687074","mlb:687134","mlb:687363","mlb:687515","mlb:687597","mlb:687830","mlb:687847","mlb:688363","mlb:689017","mlb:689172","mlb:690829","mlb:690916","mlb:691023","mlb:691769","mlb:691781","mlb:692225","mlb:694350","mlb:694462","mlb:694497","mlb:694671","mlb:695418","mlb:695445","mlb:695670","mlb:696149","mlb:702752","mlb:801403","mlb:802415","mlb:802686","mlb:805673","mlb:815083"],"label":"Atlanta","country":"United States"},"geometry":{"type":"Polygon","coordinates":[[[-81.966494,28.631807],[-78.735928,31.57726],[-79.270109,33.659462],[-79.557618,35.583567],[-84.585167,37.099589],[-88.065886,34.059836],[-86.545778,29.759287],[-81.966494,28.631807]]]}},{"type":"Feature","properties":{"hex_id":"81453ffffffffff","population":15454662,"population_year":2025,"area_km2":595741.2,"population_density":25.9,"all_players":1,"reference_cell":false,"players_per_million":0.06,"player_ids":["mlb:643289"],"label":"San Pedro Sula","country":"Honduras"},"geometry":{"type":"Polygon","coordinates":[[[-85.631069,13.836854],[-82.727942,17.133437],[-83.891248,21.244199],[-88.2959,22.120731],[-91.359302,18.628702],[-89.864907,14.465456],[-85.631069,13.836854]]]}},{"type":"Feature","properties":{"hex_id":"81457ffffffffff","population":2033621,"population_year":2025,"area_km2":666617.1,"population_density":3.1,"all_players":1,"reference_cell":false,"players_per_million":0.49,"player_ids":["mlb:655889"],"label":"Merida","country":"Mexico"},"geometry":{"type":"Polygon","coordinates":[[[-91.359302,18.628702],[-88.2959,22.120731],[-89.807712,26.426478],[-94.743568,27.264006],[-97.905634,23.589794],[-96.05021,19.269007],[-91.359302,18.628702]]]}},{"type":"Feature","properties":{"hex_id":"8145bffffffffff","population":6770206,"population_year":2025,"area_km2":523941.7,"population_density":12.9,"all_players":15,"reference_cell":false,"players_per_million":2.22,"player_ids":["mlb:493329","mlb:650490","mlb:660162","mlb:666969","mlb:666971","mlb:670541","mlb:672335","mlb:673357","mlb:680118","mlb:682989","mlb:684320","mlb:687377","mlb:691172","mlb:693409","mlb:700337"],"label":"Cienfuegos","country":"Cuba"},"geometry":{"type":"Polygon","coordinates":[[[-78.539302,16.469566],[-75.998548,19.358823],[-76.831217,23.342863],[-80.82969,24.429618],[-83.891248,21.244199],[-82.727942,17.133437],[-80.745134,16.733205],[-78.539302,16.469566]]]}},{"type":"Feature","properties":{"hex_id":"81467ffffffffff","population":1069513,"population_year":2025,"area_km2":666617.1,"population_density":1.6,"all_players":5,"reference_cell":false,"players_per_million":4.68,"player_ids":["mlb:489446","mlb:642048","mlb:643396","mlb:670329","mlb:676282"],"label":"Honolulu","country":"United States"},"geometry":{"type":"Polygon","coordinates":[[[-164.456478,26.673265],[-165.758017,22.310289],[-162.396941,19.114486],[-157.606849,20.259692],[-156.089989,24.696711],[-159.565972,27.919872],[-164.456478,26.673265]]]}},{"type":"Feature","properties":{"hex_id":"81483ffffffffff","population":7791173,"population_year":2025,"area_km2":729486.9,"population_density":10.7,"all_players":3,"reference_cell":false,"players_per_million":0.39,"player_ids":["mlb:662253","mlb:664353","mlb:696030"],"label":"Mazatlan","country":"Mexico"},"geometry":{"type":"Polygon","coordinates":[[[-105.946435,20.212679],[-103.011626,24.121727],[-105.250678,28.43866],[-110.662618,28.72381],[-113.460448,24.671634],[-111.016001,20.479742],[-105.946435,20.212679]]]}},{"type":"Feature","properties":{"hex_id":"81487ffffffffff","population":7407980,"population_year":2025,"area_km2":707475.0,"population_density":10.5,"all_players":32,"reference_cell":false,"players_per_million":4.32,"player_ids":["mlb:542963","mlb:547001","mlb:592866","mlb:596117","mlb:642851","mlb:656185","mlb:656248","mlb:656464","mlb:656577","mlb:656582","mlb:660604","mlb:663967","mlb:665871","mlb:666018","mlb:667690","mlb:669065","mlb:669397","mlb:669477","mlb:670092","mlb:670623","mlb:672359","mlb:672386","mlb:676534","mlb:678316","mlb:678368","mlb:680577","mlb:680880","mlb:681911","mlb:682177","mlb:691094","mlb:691785","mlb:700246"],"label":"San Diego","country":"United States"},"geometry":{"type":"Polygon","coordinates":[[[-113.460448,24.671634],[-110.662618,28.72381],[-113.268008,32.856905],[-118.804528,32.779438],[-121.336628,28.653019],[-118.632643,24.676155],[-113.460448,24.671634]]]}},{"type":"Feature","properties":{"hex_id":"8148bffffffffff","population":22495747,"population_year":2025,"area_km2":707475.0,"population_density":31.8,"all_players":24,"reference_cell":false,"players_per_million":1.07,"player_ids":["mlb:545341","mlb:548384","mlb:571946","mlb:571970","mlb:607455","mlb:624431","mlb:642232","mlb:656686","mlb:663978","mlb:666152","mlb:666168","mlb:666215","mlb:667463","mlb:667472","mlb:673962","mlb:676059","mlb:677952","mlb:679845","mlb:682254","mlb:683146","mlb:690291","mlb:690544","mlb:690928","mlb:702616"],"label":"Austin","country":"United States"},"geometry":{"type":"Polygon","coordinates":[[[-97.905634,23.589794],[-94.743568,27.264006],[-96.66289,31.619531],[-102.093235,32.268747],[-105.250678,28.43866],[-103.011626,24.121727],[-97.905634,23.589794]]]}},{"type":"Feature","properties":{"hex_id":"8148fffffffffff","population":14949273,"population_year":2025,"area_km2":707475.0,"population_density":21.1,"all_players":30,"reference_cell":false,"players_per_million":2.01,"player_ids":["mlb:602104","mlb:608324","mlb:621139","mlb:641355","mlb:641598","mlb:643377","mlb:649966","mlb:657077","mlb:661527","mlb:663368","mlb:664059","mlb:664068","mlb:668942","mlb:669087","mlb:669224","mlb:669357","mlb:669398","mlb:669432","mlb:669461","mlb:669911","mlb:678011","mlb:680694","mlb:680716","mlb:680730","mlb:681293","mlb:681892","mlb:682515","mlb:687589","mlb:689225","mlb:693304"],"label":"Phoenix","country":"United States"},"geometry":{"type":"Polygon","coordinates":[[[-105.250678,28.43866],[-102.093235,32.268747],[-104.454816,36.494369],[-110.257485,36.800197],[-113.268008,32.856905],[-110.662618,28.72381],[-105.250678,28.43866]]]}},{"type":"Feature","properties":{"hex_id":"8149bffffffffff","population":82320512,"population_year":2025,"area_km2":707475.0,"population_density":116.4,"all_players":0,"reference_cell":true,"players_per_million":0.0,"player_ids":[],"label":"Mapped area","country":"Mexico"},"geometry":{"type":"Polygon","coordinates":[[[-99.004086,15.55132],[-96.05021,19.269007],[-97.905634,23.589794],[-103.011626,24.121727],[-105.946435,20.212679],[-103.819339,15.969878],[-99.004086,15.55132]]]}},{"type":"Feature","properties":{"hex_id":"814bbffffffffff","population":23165697,"population_year":2025,"area_km2":565620.1,"population_density":41.0,"all_players":1,"reference_cell":false,"players_per_million":0.04,"player_ids":["mlb:678906"],"label":"Taichung","country":"Taiwan"},"geometry":{"type":"Polygon","coordinates":[[[117.990477,23.508952],[118.803002,19.252195],[123.023555,18.12707],[126.560782,21.137466],[125.719882,25.218062],[121.347514,26.200276],[119.641465,24.728661],[117.990477,23.508952]]]}},{"type":"Feature","properties":{"hex_id":"814cbffffffffff","population":7978932,"population_year":2025,"area_km2":447684.2,"population_density":17.8,"all_players":10,"reference_cell":false,"players_per_million":1.25,"player_ids":["mlb:547973","mlb:600917","mlb:661395","mlb:664294","mlb:665660","mlb:672744","mlb:674370","mlb:677594","mlb:691176","mlb:806960"],"label":"Esperanza","country":"Dominican Republic"},"geometry":{"type":"Polygon","coordinates":[[[-71.730136,18.713931],[-69.383269,21.326184],[-69.980891,22.397527],[-70.339044,24.945216],[-73.868279,26.190449],[-76.831217,23.342863],[-75.998548,19.358823],[-71.730136,18.713931]]]}},{"type":"Feature","properties":{"hex_id":"814cfffffffffff","population":13993933,"population_year":2025,"area_km2":447684.2,"population_density":31.3,"all_players":148,"reference_cell":false,"players_per_million":10.58,"player_ids":["mlb:455117","mlb:467793","mlb:472610","mlb:516782","mlb:518585","mlb:542303","mlb:543877","mlb:554340","mlb:570632","mlb:571771","mlb:592254","mlb:592696","mlb:593576","mlb:593871","mlb:593974","mlb:595879","mlb:596019","mlb:596142","mlb:605170","mlb:605347","mlb:605353","mlb:606192","mlb:606303","mlb:606466","mlb:608032","mlb:608070","mlb:609280","mlb:612434","mlb:621043","mlb:621242","mlb:621244","mlb:621512","mlb:622379","mlb:622491","mlb:622534","mlb:622569","mlb:622663","mlb:622761","mlb:622780","mlb:625643","mlb:640459","mlb:642350","mlb:642520","mlb:642547","mlb:642585","mlb:642701","mlb:642708","mlb:642715","mlb:642727","mlb:642759","mlb:645261","mlb:645302","mlb:646240","mlb:650559","mlb:650893","mlb:650911","mlb:656896","mlb:657656","mlb:660644","mlb:660730","mlb:660757","mlb:660787","mlb:660821","mlb:660853","mlb:660896","mlb:661403","mlb:661563","mlb:663558","mlb:664299","mlb:664744","mlb:664747","mlb:665161","mlb:665487","mlb:665625","mlb:665742","mlb:665750","mlb:665795","mlb:665833","mlb:665839","mlb:665877","mlb:665923","mlb:666277","mlb:666464","mlb:666619","mlb:666624","mlb:666659","mlb:666711","mlb:666808","mlb:667755","mlb:669289","mlb:669304","mlb:669854","mlb:671218","mlb:671286","mlb:671305","mlb:672640","mlb:672642","mlb:672695","mlb:672710","mlb:672761","mlb:672841","mlb:673237","mlb:673380","mlb:673820","mlb:674384","mlb:674444","mlb:675848","mlb:676679","mlb:677588","mlb:677595","mlb:677649","mlb:678394","mlb:678495","mlb:678692","mlb:678821","mlb:678877","mlb:678894","mlb:679032","mlb:679885","mlb:679922","mlb:681715","mlb:682274","mlb:682610","mlb:682622","mlb:682634","mlb:682653","mlb:682657","mlb:682663","mlb:682729","mlb:682825","mlb:682829","mlb:682842","mlb:682847","mlb:682848","mlb:682927","mlb:683090","mlb:686228","mlb:687231","mlb:691182","mlb:691406","mlb:691441","mlb:691548","mlb:691587","mlb:692030","mlb:692285","mlb:694203","mlb:694212","mlb:801216"],"label":"Santo Domingo","country":"Dominican Republic"},"geometry":{"type":"Polygon","coordinates":[[[-69.383269,21.326184],[-71.730136,18.713931],[-69.89993,15.209504],[-65.768822,14.482401],[-63.616,18.007411],[-65.407239,20.979704],[-66.686099,20.812431],[-69.383269,21.326184]]]}},{"type":"Feature","properties":{"hex_id":"81523ffffffffff","population":18012468,"population_year":2025,"area_km2":595741.2,"population_density":30.2,"all_players":0,"reference_cell":true,"players_per_million":0.0,"player_ids":[],"label":"Mapped area","country":"Saudi Arabia"},"geometry":{"type":"Polygon","coordinates":[[[40.165446,21.8868],[39.336569,17.433883],[42.722899,14.799802],[46.820519,16.390229],[47.86784,20.598095],[44.621776,23.461153],[40.165446,21.8868]]]}},{"type":"Feature","properties":{"hex_id":"81527ffffffffff","population":2354207,"population_year":2025,"area_km2":510516.1,"population_density":4.6,"all_players":0,"reference_cell":true,"players_per_million":0.0,"player_ids":[],"label":"Mapped area","country":"Yemen"},"geometry":{"type":"Polygon","coordinates":[[[47.86784,20.598095],[46.820519,16.390229],[49.728526,13.808566],[53.502191,15.222612],[54.686969,19.148859],[51.981036,21.936732],[47.86784,20.598095]]]}},{"type":"Feature","properties":{"hex_id":"8152bffffffffff","population":49347689,"population_year":2025,"area_km2":595741.2,"population_density":82.8,"all_players":0,"reference_cell":true,"players_per_million":0.0,"player_ids":[],"label":"Mapped area","country":"Ethiopia"},"geometry":{"type":"Polygon","coordinates":[[[35.008409,15.638246],[34.393733,11.276322],[37.848935,8.893463],[41.867809,10.627354],[42.722899,14.799802],[39.336569,17.433883],[35.008409,15.638246]]]}},{"type":"Feature","properties":{"hex_id":"81533ffffffffff","population":5602904,"population_year":2025,"area_km2":647632.6,"population_density":8.7,"all_players":0,"reference_cell":true,"players_per_million":0.0,"player_ids":[],"label":"Mapped area","country":"Saudi Arabia"},"geometry":{"type":"Polygon","coordinates":[[[37.164282,29.339076],[36.387576,24.725676],[40.165446,21.8868],[44.621776,23.461153],[45.678762,27.848758],[42.026294,30.891357],[37.164282,29.339076]]]}},{"type":"Feature","properties":{"hex_id":"81537ffffffffff","population":16988306,"population_year":2025,"area_km2":565620.1,"population_density":30.0,"all_players":0,"reference_cell":true,"players_per_million":0.0,"player_ids":[],"label":"Mapped area","country":"Saudi Arabia"},"geometry":{"type":"Polygon","coordinates":[[[45.678762,27.848758],[44.621776,23.461153],[47.86784,20.598095],[51.981036,21.936732],[52.589722,23.991946],[53.353616,25.802498],[50.187904,29.089392],[45.678762,27.848758]]]}},{"type":"Feature","properties":{"hex_id":"8153bffffffffff","population":9917218,"population_year":2025,"area_km2":666617.1,"population_density":14.9,"all_players":0,"reference_cell":true,"players_per_million":0.0,"player_ids":[],"label":"Mapped area","country":"Sudan"},"geometry":{"type":"Polygon","coordinates":[[[31.724402,22.868397],[31.193691,18.242013],[35.008409,15.638246],[39.336569,17.433883],[40.165446,21.8868],[36.387576,24.725676],[31.724402,22.868397]]]}},{"type":"Feature","properties":{"hex_id":"81543ffffffffff","population":18200762,"population_year":2025,"area_km2":595741.2,"population_density":30.6,"all_players":0,"reference_cell":true,"players_per_million":0.0,"player_ids":[],"label":"Mapped area","country":"Mauritania"},"geometry":{"type":"Polygon","coordinates":[[[-14.809543,20.769716],[-17.936911,17.348672],[-16.398619,13.434493],[-12.071696,12.842516],[-9.006464,15.985985],[-10.188115,19.984229],[-14.809543,20.769716]]]}},{"type":"Feature","properties":{"hex_id":"81547ffffffffff","population":25863682,"population_year":2025,"area_km2":510516.1,"population_density":50.7,"all_players":0,"reference_cell":true,"players_per_million":0.0,"player_ids":[],"label":"Mapped area","country":"Mali"},"geometry":{"type":"Polygon","coordinates":[[[-9.006464,15.985985],[-12.071696,12.842516],[-10.883976,9.211077],[-6.957445,8.664197],[-4.013998,11.545296],[-4.866872,15.219885],[-9.006464,15.985985]]]}},{"type":"Feature","properties":{"hex_id":"81553ffffffffff","population":154892,"population_year":2025,"area_km2":647632.6,"population_density":0.2,"all_players":0,"reference_cell":true,"players_per_million":0.0,"player_ids":[],"label":"Mapped area","country":"Mauritania"},"geometry":{"type":"Polygon","coordinates":[[[-12.948555,28.514936],[-16.394663,25.007863],[-14.809543,20.769716],[-10.188115,19.984229],[-6.846166,23.22581],[-8.002014,27.502909],[-12.948555,28.514936]]]}},{"type":"Feature","properties":{"hex_id":"81557ffffffffff","population":798744,"population_year":2025,"area_km2":565620.1,"population_density":1.4,"all_players":0,"reference_cell":true,"players_per_million":0.0,"player_ids":[],"label":"Mapped area","country":"Mauritania"},"geometry":{"type":"Polygon","coordinates":[[[-6.846166,23.22581],[-10.188115,19.984229],[-9.006464,15.985985],[-4.866872,15.219885],[-3.292565,16.71898],[-1.71131,17.935405],[-2.483865,22.197541],[-6.846166,23.22581]]]}},{"type":"Feature","properties":{"hex_id":"81583ffffffffff","population":76278201,"population_year":2025,"area_km2":595741.2,"population_density":128.0,"all_players":0,"reference_cell":true,"players_per_million":0.0,"player_ids":[],"label":"Mapped area","country":"Niger"},"geometry":{"type":"Polygon","coordinates":[[[2.302843,16.098689],[2.888108,11.881771],[6.801169,9.899743],[10.416288,12.057325],[10.097978,16.449183],[5.882263,18.516052],[2.302843,16.098689]]]}},{"type":"Feature","properties":{"hex_id":"81587ffffffffff","population":23604913,"population_year":2025,"area_km2":647632.6,"population_density":36.4,"all_players":0,"reference_cell":true,"players_per_million":0.0,"player_ids":[],"label":"Mapped area","country":"Chad"},"geometry":{"type":"Polygon","coordinates":[[[10.097978,16.449183],[10.416288,12.057325],[14.435042,9.913391],[18.371313,12.023443],[18.365179,16.505948],[14.102532,18.800744],[10.097978,16.449183]]]}},{"type":"Feature","properties":{"hex_id":"8158bffffffffff","population":107607985,"population_year":2025,"area_km2":510516.1,"population_density":210.8,"all_players":0,"reference_cell":true,"players_per_million":0.0,"player_ids":[],"label":"Mapped area","country":"Nigeria"},"geometry":{"type":"Polygon","coordinates":[[[-0.319183,9.731837],[0.309804,5.864518],[3.943036,3.968797],[7.212915,5.860392],[6.801169,9.899743],[2.888108,11.881771],[-0.319183,9.731837]]]}},{"type":"Feature","properties":{"hex_id":"8158fffffffffff","population":72024112,"population_year":2025,"area_km2":565620.1,"population_density":127.3,"all_players":0,"reference_cell":true,"players_per_million":0.0,"player_ids":[],"label":"Mapped area","country":"Nigeria"},"geometry":{"type":"Polygon","coordinates":[[[6.801169,9.899743],[7.212915,5.860392],[9.102371,4.860812],[10.722778,3.789625],[14.58325,5.76286],[14.435042,9.913391],[10.416288,12.057325],[6.801169,9.899743]]]}},{"type":"Feature","properties":{"hex_id":"81593ffffffffff","population":181215,"population_year":2025,"area_km2":595741.2,"population_density":0.3,"all_players":0,"reference_cell":true,"players_per_million":0.0,"player_ids":[],"label":"Mapped area","country":"Mali"},"geometry":{"type":"Polygon","coordinates":[[[-2.483865,22.197541],[-1.71131,17.935405],[2.302843,16.098689],[5.882263,18.516052],[5.367574,23.011147],[0.994677,24.858336],[-2.483865,22.197541]]]}},{"type":"Feature","properties":{"hex_id":"81597ffffffffff","population":508107,"population_year":2025,"area_km2":666617.1,"population_density":0.8,"all_players":0,"reference_cell":true,"players_per_million":0.0,"player_ids":[],"label":"Mapped area","country":"Niger"},"geometry":{"type":"Polygon","coordinates":[[[5.367574,23.011147],[5.882263,18.516052],[10.097978,16.449183],[14.102532,18.800744],[13.915184,23.450438],[9.380677,25.603703],[5.367574,23.011147]]]}},{"type":"Feature","properties":{"hex_id":"8159bffffffffff","population":32198434,"population_year":2025,"area_km2":523941.7,"population_density":61.5,"all_players":0,"reference_cell":true,"players_per_million":0.0,"player_ids":[],"label":"Mapped area","country":"Burkina Faso"},"geometry":{"type":"Polygon","coordinates":[[[-4.866872,15.219885],[-4.013998,11.545296],[-0.319183,9.731837],[2.888108,11.881771],[2.302843,16.098689],[-1.71131,17.935405],[-3.292565,16.71898],[-4.866872,15.219885]]]}},{"type":"Feature","properties":{"hex_id":"815f3ffffffffff","population":1690028,"population_year":2025,"area_km2":647632.6,"population_density":2.6,"all_players":0,"reference_cell":true,"players_per_million":0.0,"player_ids":[],"label":"Mapped area","country":"Suriname"},"geometry":{"type":"Polygon","coordinates":[[[-53.682044,-0.170178],[-51.252816,3.813395],[-53.403819,7.752291],[-57.846431,7.694211],[-60.165868,3.84262],[-58.16364,-0.07918],[-53.682044,-0.170178]]]}},{"type":"Feature","properties":{"hex_id":"815f7ffffffffff","population":6903837,"population_year":2025,"area_km2":565620.1,"population_density":12.2,"all_players":12,"reference_cell":false,"players_per_million":1.74,"player_ids":["mlb:545121","mlb:606115","mlb:622786","mlb:640492","mlb:640902","mlb:650671","mlb:663158","mlb:672578","mlb:674285","mlb:676130","mlb:677651","mlb:683618"],"label":"Cumana","country":"Venezuela"},"geometry":{"type":"Polygon","coordinates":[[[-60.165868,3.84262],[-57.846431,7.694211],[-59.834917,11.355368],[-63.969049,11.14894],[-65.058471,9.308112],[-66.195256,7.728775],[-64.328272,3.824532],[-60.165868,3.84262]]]}},{"type":"Feature","properties":{"hex_id":"8160bffffffffff","population":212304176,"population_year":2025,"area_km2":595741.2,"population_density":356.4,"all_players":0,"reference_cell":true,"players_per_million":0.0,"player_ids":[],"label":"Mapped area","country":"India"},"geometry":{"type":"Polygon","coordinates":[[[80.850069,17.60337],[79.445503,21.802903],[75.010886,22.410566],[72.178712,18.993494],[73.552971,14.946524],[77.800917,14.162484],[80.850069,17.60337]]]}},{"type":"Feature","properties":{"hex_id":"8164bffffffffff","population":56913507,"population_year":2025,"area_km2":707475.0,"population_density":80.4,"all_players":0,"reference_cell":true,"players_per_million":0.0,"player_ids":[],"label":"Mapped area","country":"Thailand"},"geometry":{"type":"Polygon","coordinates":[[[103.137733,16.48245],[101.970677,21.002365],[97.148502,22.297036],[93.60132,19.035204],[94.893577,14.501203],[99.621042,13.236333],[103.137733,16.48245]]]}},{"type":"Feature","properties":{"hex_id":"81653ffffffffff","population":56430944,"population_year":2025,"area_km2":707475.0,"population_density":79.8,"all_players":0,"reference_cell":true,"players_per_million":0.0,"player_ids":[],"label":"Mapped area","country":"Malaysia"},"geometry":{"type":"Polygon","coordinates":[[[106.411683,2.770303],[105.357168,7.303219],[100.801361,8.618891],[97.373041,5.289412],[98.560859,0.741795],[103.053645,-0.468955],[106.411683,2.770303]]]}},{"type":"Feature","properties":{"hex_id":"8165bffffffffff","population":97524895,"population_year":2025,"area_km2":707475.0,"population_density":137.8,"all_players":0,"reference_cell":true,"players_per_million":0.0,"player_ids":[],"label":"Mapped area","country":"Cambodia"},"geometry":{"type":"Polygon","coordinates":[[[108.772478,10.507688],[107.742624,15.063301],[103.137733,16.48245],[99.621042,13.236333],[100.801361,8.618891],[105.357168,7.303219],[108.772478,10.507688]]]}},{"type":"Feature","properties":{"hex_id":"81663ffffffffff","population":31391637,"population_year":2025,"area_km2":595741.2,"population_density":52.7,"all_players":22,"reference_cell":false,"players_per_million":0.7,"player_ids":["mlb:456781","mlb:500779","mlb:506702","mlb:553869","mlb:570482","mlb:595751","mlb:621237","mlb:622503","mlb:641154","mlb:645444","mlb:650968","mlb:664351","mlb:665561","mlb:665665","mlb:665953","mlb:666661","mlb:672569","mlb:677800","mlb:685744","mlb:694037","mlb:694192","mlb:800311"],"label":"Maracaibo","country":"Venezuela"},"geometry":{"type":"Polygon","coordinates":[[[-76.701678,12.819508],[-79.317401,9.553624],[-77.440699,5.563142],[-72.936618,4.995193],[-70.443514,8.370077],[-72.317998,12.204723],[-76.701678,12.819508]]]}},{"type":"Feature","properties":{"hex_id":"81667ffffffffff","population":1837404,"population_year":2025,"area_km2":595741.2,"population_density":3.1,"all_players":1,"reference_cell":false,"players_per_million":0.54,"player_ids":["mlb:691373"],"label":"San Fernando de Apure","country":"Colombia"},"geometry":{"type":"Polygon","coordinates":[[[-70.443514,8.370077],[-72.936618,4.995193],[-71.016075,0.901274],[-66.644556,0.376039],[-64.328272,3.824532],[-66.195256,7.728775],[-70.443514,8.370077]]]}},{"type":"Feature","properties":{"hex_id":"8166bffffffffff","population":5417626,"population_year":2025,"area_km2":647632.6,"population_density":8.4,"all_players":5,"reference_cell":false,"players_per_million":0.92,"player_ids":["mlb:624641","mlb:664875","mlb:671056","mlb:676609","mlb:677870"],"label":"Panama City","country":"Panama"},"geometry":{"type":"Polygon","coordinates":[[[-83.843685,10.069625],[-86.589994,6.605187],[-84.773307,2.504605],[-80.134859,1.975922],[-77.440699,5.563142],[-79.317401,9.553624],[-83.843685,10.069625]]]}},{"type":"Feature","properties":{"hex_id":"8166fffffffffff","population":32644277,"population_year":2025,"area_km2":666617.1,"population_density":49.0,"all_players":0,"reference_cell":true,"players_per_million":0.0,"player_ids":[],"label":"Mapped area","country":"Colombia"},"geometry":{"type":"Polygon","coordinates":[[[-77.440699,5.563142],[-80.134859,1.975922],[-78.218164,-2.264143],[-73.588317,-2.770303],[-71.016075,0.901274],[-72.936618,4.995193],[-77.440699,5.563142]]]}},{"type":"Feature","properties":{"hex_id":"81677ffffffffff","population":16857210,"population_year":2025,"area_km2":523941.7,"population_density":32.2,"all_players":64,"reference_cell":false,"players_per_million":3.8,"player_ids":["mlb:445276","mlb:471911","mlb:500743","mlb:514888","mlb:521692","mlb:527038","mlb:527048","mlb:553882","mlb:575929","mlb:593428","mlb:593958","mlb:595777","mlb:614179","mlb:620443","mlb:620454","mlb:622608","mlb:641645","mlb:642731","mlb:644433","mlb:645277","mlb:645305","mlb:646242","mlb:650333","mlb:650402","mlb:650859","mlb:655316","mlb:660670","mlb:660688","mlb:660761","mlb:660825","mlb:660844","mlb:661388","mlb:665828","mlb:665861","mlb:665926","mlb:665966","mlb:672356","mlb:672456","mlb:672515","mlb:672580","mlb:672582","mlb:672724","mlb:672782","mlb:677587","mlb:677592","mlb:678215","mlb:678391","mlb:678489","mlb:678662","mlb:678882","mlb:679883","mlb:681168","mlb:682626","mlb:682641","mlb:682668","mlb:682790","mlb:683627","mlb:686780","mlb:691185","mlb:691251","mlb:691594","mlb:694208","mlb:699134","mlb:700270"],"label":"Maracay","country":"Venezuela"},"geometry":{"type":"Polygon","coordinates":[[[-69.89993,15.209504],[-72.317998,12.204723],[-70.443514,8.370077],[-66.195256,7.728775],[-65.058471,9.308112],[-63.969049,11.14894],[-65.768822,14.482401],[-69.89993,15.209504]]]}},{"type":"Feature","properties":{"hex_id":"8168bffffffffff","population":13341248,"population_year":2025,"area_km2":602082.0,"population_density":22.2,"all_players":0,"reference_cell":true,"players_per_million":0.0,"player_ids":[],"label":"Mapped area","country":"Indonesia"},"geometry":{"type":"Polygon","coordinates":[[[118.801447,-1.090818],[117.998885,3.326713],[116.677233,3.822102],[113.985132,4.672131],[110.723994,1.535866],[111.648325,-2.768743],[115.671728,-3.824532],[118.801447,-1.090818]]]}},{"type":"Feature","properties":{"hex_id":"816a3ffffffffff","population":7175940,"population_year":2025,"area_km2":614937.0,"population_density":11.7,"all_players":0,"reference_cell":true,"players_per_million":0.0,"player_ids":[],"label":"Mapped area","country":"South Sudan"},"geometry":{"type":"Polygon","coordinates":[[[22.348181,9.745677],[22.25383,6.931187],[22.136132,5.52702],[25.886011,3.202074],[29.961298,5.181923],[30.105009,7.994339],[30.2491,9.396155],[26.468997,11.757965],[22.348181,9.745677]]]}},{"type":"Feature","properties":{"hex_id":"816a7ffffffffff","population":39281735,"population_year":2025,"area_km2":602082.0,"population_density":65.2,"all_players":0,"reference_cell":true,"players_per_million":0.0,"player_ids":[],"label":"Mapped area","country":"South Sudan"},"geometry":{"type":"Polygon","coordinates":[[[37.776764,4.740955],[37.848935,8.893463],[34.393733,11.276322],[30.2491,9.396155],[30.105009,7.994339],[29.961298,5.181923],[33.814945,2.80266],[37.776764,4.740955]]]}},{"type":"Feature","properties":{"hex_id":"816abffffffffff","population":18206613,"population_year":2025,"area_km2":647632.6,"population_density":28.1,"all_players":0,"reference_cell":true,"players_per_million":0.0,"player_ids":[],"label":"Mapped area","country":"Democratic Republic of the Congo"},"geometry":{"type":"Polygon","coordinates":[[[25.586785,-1.270444],[25.886011,3.202074],[22.136132,5.52702],[18.099816,3.534623],[17.669408,-0.846984],[21.400325,-3.335735],[25.586785,-1.270444]]]}},{"type":"Feature","properties":{"hex_id":"816afffffffffff","population":97315062,"population_year":2025,"area_km2":666617.1,"population_density":146.0,"all_players":0,"reference_cell":true,"players_per_million":0.0,"player_ids":[],"label":"Mapped area","country":"Democratic Republic of the Congo"},"geometry":{"type":"Polygon","coordinates":[[[33.663619,-1.677295],[33.814945,2.80266],[29.961298,5.181923],[25.886011,3.202074],[25.586785,-1.270444],[29.508441,-3.781048],[33.663619,-1.677295]]]}},{"type":"Feature","properties":{"hex_id":"816b3ffffffffff","population":13893991,"population_year":2025,"area_km2":666617.1,"population_density":20.8,"all_players":0,"reference_cell":true,"players_per_million":0.0,"player_ids":[],"label":"Mapped area","country":"Sudan"},"geometry":{"type":"Polygon","coordinates":[[[18.365179,16.505948],[18.371313,12.023443],[22.348181,9.745677],[26.468997,11.757965],[26.786746,16.229863],[22.662175,18.714905],[18.365179,16.505948]]]}},{"type":"Feature","properties":{"hex_id":"816b7ffffffffff","population":30957514,"population_year":2025,"area_km2":647632.6,"population_density":47.8,"all_players":0,"reference_cell":true,"players_per_million":0.0,"player_ids":[],"label":"Mapped area","country":"Sudan"},"geometry":{"type":"Polygon","coordinates":[[[26.786746,16.229863],[26.468997,11.757965],[30.2491,9.396155],[34.393733,11.276322],[35.008409,15.638246],[31.193691,18.242013],[26.786746,16.229863]]]}},{"type":"Feature","properties":{"hex_id":"816bbffffffffff","population":14575299,"population_year":2025,"area_km2":602082.0,"population_density":24.2,"all_players":0,"reference_cell":true,"players_per_million":0.0,"player_ids":[],"label":"Mapped area","country":"Central African Republic"},"geometry":{"type":"Polygon","coordinates":[[[14.435042,9.913391],[14.58325,5.76286],[18.099816,3.534623],[22.136132,5.52702],[22.25383,6.931187],[22.348181,9.745677],[18.371313,12.023443],[14.435042,9.913391]]]}},{"type":"Feature","properties":{"hex_id":"816d7ffffffffff","population":18299575,"population_year":2025,"area_km2":602082.0,"population_density":30.4,"all_players":3,"reference_cell":false,"players_per_million":0.16,"player_ids":["mlb:541640","mlb:642528","mlb:692230"],"label":"Rivas","country":"Nicaragua"},"geometry":{"type":"Polygon","coordinates":[[[-89.864907,14.465456],[-92.748264,10.965445],[-92.245635,9.646037],[-91.120071,7.059509],[-86.589994,6.605187],[-83.843685,10.069625],[-85.631069,13.836854],[-89.864907,14.465456]]]}},{"type":"Feature","properties":{"hex_id":"8172bffffffffff","population":4309750,"population_year":2025,"area_km2":707475.0,"population_density":6.1,"all_players":0,"reference_cell":true,"players_per_million":0.0,"player_ids":[],"label":"Mapped area","country":"Indonesia"},"geometry":{"type":"Polygon","coordinates":[[[130.666262,-1.486994],[131.465804,-6.071099],[135.859587,-7.725285],[139.508211,-4.809916],[138.74799,-0.171969],[134.291728,1.504004],[130.666262,-1.486994]]]}},{"type":"Feature","properties":{"hex_id":"81753ffffffffff","population":54458211,"population_year":2025,"area_km2":447684.2,"population_density":121.6,"all_players":0,"reference_cell":true,"players_per_million":0.0,"player_ids":[],"label":"Mapped area","country":"Ivory Coast"},"geometry":{"type":"Polygon","coordinates":[[[-6.957445,8.664197],[-6.064496,5.36274],[-4.862616,5.210611],[-2.579035,4.020024],[0.309804,5.864518],[-0.319183,9.731837],[-4.013998,11.545296],[-6.957445,8.664197]]]}},{"type":"Feature","properties":{"hex_id":"8175bffffffffff","population":18609698,"population_year":2025,"area_km2":447684.2,"population_density":41.6,"all_players":0,"reference_cell":true,"players_per_million":0.0,"player_ids":[],"label":"Mapped area","country":"Liberia"},"geometry":{"type":"Polygon","coordinates":[[[-10.883976,9.211077],[-13.708147,6.270965],[-11.830187,2.638933],[-8.412776,2.46758],[-7.899841,3.559838],[-6.064496,5.36274],[-6.957445,8.664197],[-10.883976,9.211077]]]}},{"type":"Feature","properties":{"hex_id":"8176bffffffffff","population":552011,"population_year":2025,"area_km2":595741.2,"population_density":0.9,"all_players":0,"reference_cell":true,"players_per_million":0.0,"player_ids":[],"label":"Mapped area","country":"Papua New Guinea"},"geometry":{"type":"Polygon","coordinates":[[[151.738196,-5.002988],[152.369119,-9.360958],[156.370869,-10.672391],[159.651733,-7.807441],[159.114456,-3.58618],[155.201059,-2.088476],[151.738196,-5.002988]]]}},{"type":"Feature","properties":{"hex_id":"817a7ffffffffff","population":65758369,"population_year":2025,"area_km2":647632.6,"population_density":101.5,"all_players":0,"reference_cell":true,"players_per_million":0.0,"player_ids":[],"label":"Mapped area","country":"Kenya"},"geometry":{"type":"Polygon","coordinates":[[[41.586655,-2.043983],[41.590006,2.35869],[37.776764,4.740955],[33.814945,2.80266],[33.663619,-1.677295],[37.624159,-4.150913],[41.586655,-2.043983]]]}},{"type":"Feature","properties":{"hex_id":"817abffffffffff","population":5472685,"population_year":2025,"area_km2":510516.1,"population_density":10.7,"all_players":0,"reference_cell":true,"players_per_million":0.0,"player_ids":[],"label":"Mapped area","country":"Somalia"},"geometry":{"type":"Polygon","coordinates":[[[52.316592,3.692753],[52.139414,7.605969],[48.701817,9.876091],[45.240404,8.29213],[45.302588,4.23272],[48.947069,1.89827],[52.316592,3.692753]]]}},{"type":"Feature","properties":{"hex_id":"817afffffffffff","population":61077402,"population_year":2025,"area_km2":565620.1,"population_density":108.0,"all_players":0,"reference_cell":true,"players_per_million":0.0,"player_ids":[],"label":"Mapped area","country":"Ethiopia"},"geometry":{"type":"Polygon","coordinates":[[[45.302588,4.23272],[45.240404,8.29213],[43.424424,9.440448],[41.867809,10.627354],[37.848935,8.893463],[37.776764,4.740955],[41.590006,2.35869],[45.302588,4.23272]]]}},{"type":"Feature","properties":{"hex_id":"81803ffffffffff","population":18450764,"population_year":2025,"area_km2":729486.9,"population_density":25.3,"all_players":0,"reference_cell":true,"players_per_million":0.0,"player_ids":[],"label":"Mapped area","country":"Brazil"},"geometry":{"type":"Polygon","coordinates":[[[-39.695155,-8.696744],[-37.243135,-4.606029],[-39.563133,-0.447483],[-44.322949,-0.356209],[-46.800487,-4.422917],[-44.509635,-8.604422],[-39.695155,-8.696744]]]}},{"type":"Feature","properties":{"hex_id":"81807ffffffffff","population":6662960,"population_year":2025,"area_km2":707475.0,"population_density":9.4,"all_players":0,"reference_cell":true,"players_per_million":0.0,"player_ids":[],"label":"Mapped area","country":"Brazil"},"geometry":{"type":"Polygon","coordinates":[[[-46.800487,-4.422917],[-44.322949,-0.356209],[-46.589943,3.761384],[-51.252816,3.813395],[-53.682044,-0.170178],[-51.511828,-4.287153],[-46.800487,-4.422917]]]}},{"type":"Feature","properties":{"hex_id":"81813ffffffffff","population":15238334,"population_year":2025,"area_km2":707475.0,"population_density":21.5,"all_players":0,"reference_cell":true,"players_per_million":0.0,"player_ids":[],"label":"Mapped area","country":"Brazil"},"geometry":{"type":"Polygon","coordinates":[[[-39.830275,-16.779215],[-37.348487,-12.792371],[-39.695155,-8.696744],[-44.509635,-8.604422],[-47.015769,-12.607157],[-44.70061,-16.685821],[-39.830275,-16.779215]]]}},{"type":"Feature","properties":{"hex_id":"81817ffffffffff","population":4224246,"population_year":2025,"area_km2":707475.0,"population_density":6.0,"all_players":0,"reference_cell":true,"players_per_million":0.0,"player_ids":[],"label":"Mapped area","country":"Brazil"},"geometry":{"type":"Polygon","coordinates":[[[-47.015769,-12.607157],[-44.509635,-8.604422],[-46.800487,-4.422917],[-51.511828,-4.287153],[-53.966092,-8.249606],[-51.776426,-12.387612],[-47.015769,-12.607157]]]}},{"type":"Feature","properties":{"hex_id":"8182bffffffffff","population":9666174,"population_year":2025,"area_km2":595741.2,"population_density":16.2,"all_players":0,"reference_cell":true,"players_per_million":0.0,"player_ids":[],"label":"Mapped area","country":"Republic of the Congo"},"geometry":{"type":"Polygon","coordinates":[[[17.669408,-0.846984],[18.099816,3.534623],[14.58325,5.76286],[10.722778,3.789625],[10.189894,-0.431885],[13.611699,-2.844753],[17.669408,-0.846984]]]}},{"type":"Feature","properties":{"hex_id":"8183bffffffffff","population":37999192,"population_year":2025,"area_km2":666617.1,"population_density":57.0,"all_players":0,"reference_cell":true,"players_per_million":0.0,"player_ids":[],"label":"Mapped area","country":"Democratic Republic of the Congo"},"geometry":{"type":"Polygon","coordinates":[[[21.012272,-7.972666],[21.400325,-3.335735],[17.669408,-0.846984],[13.611699,-2.844753],[13.101649,-7.336896],[16.762979,-9.981512],[21.012272,-7.972666]]]}},{"type":"Feature","properties":{"hex_id":"818a3ffffffffff","population":1617341,"population_year":2025,"area_km2":614937.0,"population_density":2.6,"all_players":0,"reference_cell":true,"players_per_million":0.0,"player_ids":[],"label":"Mapped area","country":"Brazil"},"geometry":{"type":"Polygon","coordinates":[[[-60.846751,-11.739864],[-58.487095,-8.000708],[-60.503094,-3.948691],[-63.322767,-3.822102],[-64.728104,-3.684742],[-67.11855,-7.389407],[-65.150174,-11.472124],[-62.279488,-11.610617],[-60.846751,-11.739864]]]}},{"type":"Feature","properties":{"hex_id":"818a7ffffffffff","population":638010,"population_year":2025,"area_km2":647632.6,"population_density":1.0,"all_players":0,"reference_cell":true,"players_per_million":0.0,"player_ids":[],"label":"Mapped area","country":"Brazil"},"geometry":{"type":"Polygon","coordinates":[[[-71.016075,0.901274],[-73.588317,-2.770303],[-71.619868,-7.003124],[-67.11855,-7.389407],[-64.728104,-3.684742],[-66.644556,0.376039],[-71.016075,0.901274]]]}},{"type":"Feature","properties":{"hex_id":"818abffffffffff","population":2638701,"population_year":2025,"area_km2":666617.1,"population_density":4.0,"all_players":0,"reference_cell":true,"players_per_million":0.0,"player_ids":[],"label":"Mapped area","country":"Brazil"},"geometry":{"type":"Polygon","coordinates":[[[-53.966092,-8.249606],[-51.511828,-4.287153],[-53.682044,-0.170178],[-58.16364,-0.07918],[-60.503094,-3.948691],[-58.487095,-8.000708],[-53.966092,-8.249606]]]}},{"type":"Feature","properties":{"hex_id":"818afffffffffff","population":2617941,"population_year":2025,"area_km2":602082.0,"population_density":4.3,"all_players":0,"reference_cell":true,"players_per_million":0.0,"player_ids":[],"label":"Mapped area","country":"Brazil"},"geometry":{"type":"Polygon","coordinates":[[[-60.503094,-3.948691],[-58.16364,-0.07918],[-60.165868,3.84262],[-64.328272,3.824532],[-66.644556,0.376039],[-64.728104,-3.684742],[-63.322767,-3.822102],[-60.503094,-3.948691]]]}},{"type":"Feature","properties":{"hex_id":"818b3ffffffffff","population":6848445,"population_year":2025,"area_km2":602082.0,"population_density":11.4,"all_players":0,"reference_cell":true,"players_per_million":0.0,"player_ids":[],"label":"Mapped area","country":"Bolivia"},"geometry":{"type":"Polygon","coordinates":[[[-65.150174,-11.472124],[-67.619263,-15.302305],[-65.596341,-19.258865],[-61.196998,-19.252195],[-58.81696,-15.773842],[-60.846751,-11.739864],[-62.279488,-11.610617],[-65.150174,-11.472124]]]}},{"type":"Feature","properties":{"hex_id":"818b7ffffffffff","population":3308888,"population_year":2025,"area_km2":666617.1,"population_density":5.0,"all_players":0,"reference_cell":true,"players_per_million":0.0,"player_ids":[],"label":"Mapped area","country":"Peru"},"geometry":{"type":"Polygon","coordinates":[[[-71.619868,-7.003124],[-74.275639,-10.846247],[-72.257376,-15.063301],[-67.619263,-15.302305],[-65.150174,-11.472124],[-67.11855,-7.389407],[-71.619868,-7.003124]]]}},{"type":"Feature","properties":{"hex_id":"818bbffffffffff","population":3093743,"population_year":2025,"area_km2":647632.6,"population_density":4.8,"all_players":0,"reference_cell":true,"players_per_million":0.0,"player_ids":[],"label":"Mapped area","country":"Brazil"},"geometry":{"type":"Polygon","coordinates":[[[-54.256132,-16.171868],[-51.776426,-12.387612],[-53.966092,-8.249606],[-58.487095,-8.000708],[-60.846751,-11.739864],[-58.81696,-15.773842],[-54.256132,-16.171868]]]}},{"type":"Feature","properties":{"hex_id":"818e7ffffffffff","population":16354493,"population_year":2025,"area_km2":707475.0,"population_density":23.1,"all_players":1,"reference_cell":false,"players_per_million":0.06,"player_ids":["mlb:666200"],"label":"Lima","country":"Peru"},"geometry":{"type":"Polygon","coordinates":[[[-79.036844,-10.410684],[-81.898882,-14.26415],[-79.899742,-18.555033],[-75.001372,-18.920583],[-72.257376,-15.063301],[-74.275639,-10.846247],[-79.036844,-10.410684]]]}},{"type":"Feature","properties":{"hex_id":"818f7ffffffffff","population":11503257,"population_year":2025,"area_km2":707475.0,"population_density":16.3,"all_players":0,"reference_cell":true,"players_per_million":0.0,"player_ids":[],"label":"Mapped area","country":"Peru"},"geometry":{"type":"Polygon","coordinates":[[[-78.218164,-2.264143],[-80.994381,-6.061929],[-79.036844,-10.410684],[-74.275639,-10.846247],[-71.619868,-7.003124],[-73.588317,-2.770303],[-78.218164,-2.264143]]]}},{"type":"Feature","properties":{"hex_id":"8194fffffffffff","population":18863,"population_year":2025,"area_km2":565620.1,"population_density":0.0,"all_players":0,"reference_cell":true,"players_per_million":0.0,"player_ids":[],"label":"Mapped area","country":"Australia"},"geometry":{"type":"Polygon","coordinates":[[[125.297865,-15.691264],[126.089695,-19.680475],[128.186152,-20.493739],[130.032911,-21.378733],[133.817525,-18.914757],[133.041616,-14.828509],[128.72923,-13.199443],[125.297865,-15.691264]]]}},{"type":"Feature","properties":{"hex_id":"81953ffffffffff","population":16534048,"population_year":2025,"area_km2":595741.2,"population_density":27.8,"all_players":0,"reference_cell":true,"players_per_million":0.0,"player_ids":[],"label":"Mapped area","country":"Indonesia"},"geometry":{"type":"Polygon","coordinates":[[[115.671728,-3.824532],[116.456435,-8.076966],[120.39857,-9.791751],[123.699174,-7.171745],[122.892848,-2.722889],[118.801447,-1.090818],[115.671728,-3.824532]]]}},{"type":"Feature","properties":{"hex_id":"81963ffffffffff","population":26858215,"population_year":2025,"area_km2":729486.9,"population_density":36.8,"all_players":0,"reference_cell":true,"players_per_million":0.0,"player_ids":[],"label":"Mapped area","country":"Democratic Republic of the Congo"},"geometry":{"type":"Polygon","coordinates":[[[33.173278,-15.790435],[33.34314,-11.032729],[29.268943,-8.474704],[24.9542,-10.610164],[24.619558,-15.359563],[28.761238,-17.991301],[33.173278,-15.790435]]]}},{"type":"Feature","properties":{"hex_id":"81967ffffffffff","population":7082184,"population_year":2025,"area_km2":707475.0,"population_density":10.0,"all_players":0,"reference_cell":true,"players_per_million":0.0,"player_ids":[],"label":"Mapped area","country":"Angola"},"geometry":{"type":"Polygon","coordinates":[[[24.619558,-15.359563],[24.9542,-10.610164],[21.012272,-7.972666],[16.762979,-9.981512],[16.28544,-14.623075],[20.192244,-17.370809],[24.619558,-15.359563]]]}},{"type":"Feature","properties":{"hex_id":"8196bffffffffff","population":46355702,"population_year":2025,"area_km2":707475.0,"population_density":65.5,"all_players":0,"reference_cell":true,"players_per_million":0.0,"player_ids":[],"label":"Mapped area","country":"United Republic of Tanzania"},"geometry":{"type":"Polygon","coordinates":[[[37.543405,-8.803195],[37.624159,-4.150913],[33.663619,-1.677295],[29.508441,-3.781048],[29.268943,-8.474704],[33.34314,-11.032729],[37.543405,-8.803195]]]}},{"type":"Feature","properties":{"hex_id":"8196fffffffffff","population":27572765,"population_year":2025,"area_km2":707475.0,"population_density":39.0,"all_players":0,"reference_cell":true,"players_per_million":0.0,"player_ids":[],"label":"Mapped area","country":"Democratic Republic of the Congo"},"geometry":{"type":"Polygon","coordinates":[[[29.268943,-8.474704],[29.508441,-3.781048],[25.586785,-1.270444],[21.400325,-3.335735],[21.012272,-7.972666],[24.9542,-10.610164],[29.268943,-8.474704]]]}},{"type":"Feature","properties":{"hex_id":"81973ffffffffff","population":25257526,"population_year":2025,"area_km2":707475.0,"population_density":35.7,"all_players":0,"reference_cell":true,"players_per_million":0.0,"player_ids":[],"label":"Mapped area","country":"Mozambique"},"geometry":{"type":"Polygon","coordinates":[[[37.281129,-22.885971],[37.372092,-18.233776],[33.173278,-15.790435],[28.761238,-17.991301],[28.491882,-22.684204],[32.812319,-25.145186],[37.281129,-22.885971]]]}},{"type":"Feature","properties":{"hex_id":"81977ffffffffff","population":4813685,"population_year":2025,"area_km2":707475.0,"population_density":6.8,"all_players":0,"reference_cell":true,"players_per_million":0.0,"player_ids":[],"label":"Mapped area","country":"Botswana"},"geometry":{"type":"Polygon","coordinates":[[[28.491882,-22.684204],[28.761238,-17.991301],[24.619558,-15.359563],[20.192244,-17.370809],[19.75867,-22.005854],[23.910011,-24.696711],[28.491882,-22.684204]]]}},{"type":"Feature","properties":{"hex_id":"8197bffffffffff","population":44444875,"population_year":2025,"area_km2":707475.0,"population_density":62.8,"all_players":0,"reference_cell":true,"players_per_million":0.0,"player_ids":[],"label":"Mapped area","country":"Mozambique"},"geometry":{"type":"Polygon","coordinates":[[[41.575805,-15.887814],[41.579563,-11.222876],[37.543405,-8.803195],[33.34314,-11.032729],[33.173278,-15.790435],[37.372092,-18.233776],[41.575805,-15.887814]]]}},{"type":"Feature","properties":{"hex_id":"819c3ffffffffff","population":298853,"population_year":2025,"area_km2":614937.0,"population_density":0.5,"all_players":0,"reference_cell":true,"players_per_million":0.0,"player_ids":[],"label":"Mapped area","country":"Australia"},"geometry":{"type":"Polygon","coordinates":[[[149.681051,-16.397259],[149.087925,-13.640092],[148.867731,-12.247496],[144.610282,-10.838676],[140.99787,-13.663289],[141.485259,-16.439723],[141.660737,-17.838744],[146.041409,-19.302203],[149.681051,-16.397259]]]}},{"type":"Feature","properties":{"hex_id":"819c7ffffffffff","population":15885,"population_year":2025,"area_km2":602082.0,"population_density":0.0,"all_players":0,"reference_cell":true,"players_per_million":0.0,"player_ids":[],"label":"Mapped area","country":"Australia"},"geometry":{"type":"Polygon","coordinates":[[[133.041616,-14.828509],[133.817525,-18.914757],[137.872609,-20.552278],[141.660737,-17.838744],[141.485259,-16.439723],[140.99787,-13.663289],[136.629853,-12.143151],[133.041616,-14.828509]]]}},{"type":"Feature","properties":{"hex_id":"819d7ffffffffff","population":38786,"population_year":2025,"area_km2":647632.6,"population_density":0.1,"all_players":0,"reference_cell":true,"players_per_million":0.0,"player_ids":[],"label":"Mapped area","country":"Australia"},"geometry":{"type":"Polygon","coordinates":[[[146.846074,-23.721804],[146.041409,-19.302203],[141.660737,-17.838744],[137.872609,-20.552278],[138.247909,-24.941337],[142.844847,-26.664336],[146.846074,-23.721804]]]}},{"type":"Feature","properties":{"hex_id":"81a73ffffffffff","population":2011346,"population_year":2025,"area_km2":447684.2,"population_density":4.5,"all_players":1,"reference_cell":false,"players_per_million":0.5,"player_ids":["mlb:521230"],"label":"Perth","country":"Australia"},"geometry":{"type":"Polygon","coordinates":[[[118.588203,-27.826272],[115.570257,-25.722246],[114.395275,-26.30569],[111.552066,-26.654916],[110.054805,-29.808573],[113.256895,-32.609931],[117.977474,-31.877886],[118.588203,-27.826272]]]}},{"type":"Feature","properties":{"hex_id":"81a7bffffffffff","population":34363,"population_year":2025,"area_km2":447684.2,"population_density":0.1,"all_players":0,"reference_cell":true,"players_per_million":0.0,"player_ids":[],"label":"Mapped area","country":"Australia"},"geometry":{"type":"Polygon","coordinates":[[[122.384483,-25.858085],[122.769888,-21.814639],[118.799983,-20.095984],[115.759316,-22.002086],[116.013581,-23.185424],[115.570257,-25.722246],[118.588203,-27.826272],[122.384483,-25.858085]]]}},{"type":"Feature","properties":{"hex_id":"81a83ffffffffff","population":63293155,"population_year":2025,"area_km2":595741.2,"population_density":106.2,"all_players":0,"reference_cell":true,"players_per_million":0.0,"player_ids":[],"label":"Mapped area","country":"Brazil"},"geometry":{"type":"Polygon","coordinates":[[[-47.461171,-27.760044],[-44.896021,-24.304788],[-47.235943,-20.470042],[-52.046783,-20.176039],[-54.552341,-23.657242],[-52.323074,-27.407025],[-47.461171,-27.760044]]]}},{"type":"Feature","properties":{"hex_id":"81a87ffffffffff","population":3352562,"population_year":2025,"area_km2":595741.2,"population_density":5.6,"all_players":0,"reference_cell":true,"players_per_million":0.0,"player_ids":[],"label":"Mapped area","country":"Brazil"},"geometry":{"type":"Polygon","coordinates":[[[-54.552341,-23.657242],[-52.046783,-20.176039],[-54.256132,-16.171868],[-58.81696,-15.773842],[-61.196998,-19.252195],[-59.153405,-23.133384],[-54.552341,-23.657242]]]}},{"type":"Feature","properties":{"hex_id":"81a8bffffffffff","population":38630964,"population_year":2025,"area_km2":647632.6,"population_density":59.6,"all_players":0,"reference_cell":true,"players_per_million":0.0,"player_ids":[],"label":"Mapped area","country":"Brazil"},"geometry":{"type":"Polygon","coordinates":[[[-39.968603,-24.399277],[-37.456339,-20.657406],[-39.830275,-16.779215],[-44.70061,-16.685821],[-47.235943,-20.470042],[-44.896021,-24.304788],[-39.968603,-24.399277]]]}},{"type":"Feature","properties":{"hex_id":"81a8fffffffffff","population":14363422,"population_year":2025,"area_km2":666617.1,"population_density":21.5,"all_players":0,"reference_cell":true,"players_per_million":0.0,"player_ids":[],"label":"Mapped area","country":"Brazil"},"geometry":{"type":"Polygon","coordinates":[[[-47.235943,-20.470042],[-44.70061,-16.685821],[-47.015769,-12.607157],[-51.776426,-12.387612],[-54.256132,-16.171868],[-52.046783,-20.176039],[-47.235943,-20.470042]]]}},{"type":"Feature","properties":{"hex_id":"81a97ffffffffff","population":13851468,"population_year":2025,"area_km2":523941.7,"population_density":26.4,"all_players":0,"reference_cell":true,"players_per_million":0.0,"player_ids":[],"label":"Mapped area","country":"Paraguay"},"geometry":{"type":"Polygon","coordinates":[[[-54.854902,-30.51203],[-52.323074,-27.407025],[-54.552341,-23.657242],[-59.153405,-23.133384],[-60.358535,-24.728661],[-61.529913,-26.578843],[-59.496606,-29.892985],[-54.854902,-30.51203]]]}},{"type":"Feature","properties":{"hex_id":"81acbffffffffff","population":4367763,"population_year":2025,"area_km2":666617.1,"population_density":6.6,"all_players":0,"reference_cell":true,"players_per_million":0.0,"player_ids":[],"label":"Mapped area","country":"Namibia"},"geometry":{"type":"Polygon","coordinates":[[[19.75867,-22.005854],[20.192244,-17.370809],[16.28544,-14.623075],[12.029259,-16.433715],[11.465301,-20.922822],[15.277564,-23.752624],[19.75867,-22.005854]]]}},{"type":"Feature","properties":{"hex_id":"81adbffffffffff","population":1065402,"population_year":2025,"area_km2":647632.6,"population_density":1.6,"all_players":0,"reference_cell":true,"players_per_million":0.0,"player_ids":[],"label":"Mapped area","country":"Namibia"},"geometry":{"type":"Polygon","coordinates":[[[23.533518,-29.166646],[23.910011,-24.696711],[19.75867,-22.005854],[15.277564,-23.752624],[14.745412,-28.129236],[18.839987,-30.861032],[23.533518,-29.166646]]]}},{"type":"Feature","properties":{"hex_id":"81b27ffffffffff","population":8941500,"population_year":2025,"area_km2":510516.1,"population_density":17.5,"all_players":0,"reference_cell":true,"players_per_million":0.0,"player_ids":[],"label":"Mapped area","country":"Argentina"},"geometry":{"type":"Polygon","coordinates":[[[-66.068669,-26.766212],[-68.710054,-30.4154],[-66.569458,-33.770896],[-61.882735,-33.439024],[-59.496606,-29.892985],[-61.529913,-26.578843],[-66.068669,-26.766212]]]}},{"type":"Feature","properties":{"hex_id":"81b2fffffffffff","population":17138003,"population_year":2025,"area_km2":523941.7,"population_density":32.7,"all_players":0,"reference_cell":true,"players_per_million":0.0,"player_ids":[],"label":"Mapped area","country":"Chile"},"geometry":{"type":"Polygon","coordinates":[[[-73.644747,-30.428475],[-76.580606,-33.882664],[-75.495684,-35.604157],[-74.031951,-37.379975],[-69.305389,-37.163896],[-66.569458,-33.770896],[-68.710054,-30.4154],[-73.644747,-30.428475]]]}},{"type":"Feature","properties":{"hex_id":"81b33ffffffffff","population":7923462,"population_year":2025,"area_km2":647632.6,"population_density":12.2,"all_players":0,"reference_cell":true,"players_per_million":0.0,"player_ids":[],"label":"Mapped area","country":"Chile"},"geometry":{"type":"Polygon","coordinates":[[[-72.257376,-15.063301],[-75.001372,-18.920583],[-72.931331,-22.965031],[-68.148935,-23.06606],[-65.596341,-19.258865],[-67.619263,-15.302305],[-72.257376,-15.063301]]]}},{"type":"Feature","properties":{"hex_id":"81b37ffffffffff","population":4253214,"population_year":2025,"area_km2":565620.1,"population_density":7.5,"all_players":0,"reference_cell":true,"players_per_million":0.0,"player_ids":[],"label":"Mapped area","country":"Argentina"},"geometry":{"type":"Polygon","coordinates":[[[-65.596341,-19.258865],[-68.148935,-23.06606],[-66.068669,-26.766212],[-61.529913,-26.578843],[-60.358535,-24.728661],[-59.153405,-23.133384],[-61.196998,-19.252195],[-65.596341,-19.258865]]]}},{"type":"Feature","properties":{"hex_id":"81b83ffffffffff","population":5427,"population_year":2025,"area_km2":595741.2,"population_density":0.0,"all_players":0,"reference_cell":true,"players_per_million":0.0,"player_ids":[],"label":"Mapped area","country":"Australia"},"geometry":{"type":"Polygon","coordinates":[[[134.339984,-32.08928],[134.147284,-27.571603],[129.997591,-25.633576],[125.979916,-27.923491],[125.724358,-32.241268],[129.914908,-34.478008],[134.339984,-32.08928]]]}},{"type":"Feature","properties":{"hex_id":"81b87ffffffffff","population":61414,"population_year":2025,"area_km2":510516.1,"population_density":0.1,"all_players":0,"reference_cell":true,"players_per_million":0.0,"player_ids":[],"label":"Mapped area","country":"Australia"},"geometry":{"type":"Polygon","coordinates":[[[125.724358,-32.241268],[125.979916,-27.923491],[122.384483,-25.858085],[118.588203,-27.826272],[117.977474,-31.877886],[121.490696,-34.22805],[125.724358,-32.241268]]]}},{"type":"Feature","properties":{"hex_id":"81b8bffffffffff","population":44135,"population_year":2025,"area_km2":595741.2,"population_density":0.1,"all_players":0,"reference_cell":true,"players_per_million":0.0,"player_ids":[],"label":"Mapped area","country":"Australia"},"geometry":{"type":"Polygon","coordinates":[[[138.247909,-24.941337],[137.872609,-20.552278],[133.817525,-18.914757],[130.032911,-21.378733],[129.997591,-25.633576],[134.147284,-27.571603],[138.247909,-24.941337]]]}},{"type":"Feature","properties":{"hex_id":"81b8fffffffffff","population":2591,"population_year":2025,"area_km2":523941.7,"population_density":0.0,"all_players":0,"reference_cell":true,"players_per_million":0.0,"player_ids":[],"label":"Mapped area","country":"Australia"},"geometry":{"type":"Polygon","coordinates":[[[129.997591,-25.633576],[130.032911,-21.378733],[128.186152,-20.493739],[126.089695,-19.680475],[122.769888,-21.814639],[122.384483,-25.858085],[125.979916,-27.923491],[129.997591,-25.633576]]]}},{"type":"Feature","properties":{"hex_id":"81b93ffffffffff","population":1648815,"population_year":2025,"area_km2":647632.6,"population_density":2.5,"all_players":1,"reference_cell":false,"players_per_million":0.61,"player_ids":["mlb:678554"],"label":"Adelaide","country":"Australia"},"geometry":{"type":"Polygon","coordinates":[[[139.652226,-38.734209],[139.129671,-34.088237],[134.339984,-32.08928],[129.914908,-34.478008],[129.866095,-38.967618],[134.798626,-41.238933],[139.652226,-38.734209]]]}},{"type":"Feature","properties":{"hex_id":"81b9bffffffffff","population":103823,"population_year":2025,"area_km2":666617.1,"population_density":0.2,"all_players":0,"reference_cell":true,"players_per_million":0.0,"player_ids":[],"label":"Mapped area","country":"Australia"},"geometry":{"type":"Polygon","coordinates":[[[143.536871,-31.277795],[142.844847,-26.664336],[138.247909,-24.941337],[134.147284,-27.571603],[134.339984,-32.08928],[139.129671,-34.088237],[143.536871,-31.277795]]]}},{"type":"Feature","properties":{"hex_id":"81bc7ffffffffff","population":10279782,"population_year":2025,"area_km2":595741.2,"population_density":17.3,"all_players":0,"reference_cell":true,"players_per_million":0.0,"player_ids":[],"label":"Mapped area","country":"South Africa"},"geometry":{"type":"Polygon","coordinates":[[[27.613905,-35.822076],[27.918941,-31.644147],[23.533518,-29.166646],[18.839987,-30.861032],[18.352922,-34.994007],[22.732651,-37.488282],[27.613905,-35.822076]]]}},{"type":"Feature","properties":{"hex_id":"81bcfffffffffff","population":54771011,"population_year":2025,"area_km2":666617.1,"population_density":82.2,"all_players":1,"reference_cell":false,"players_per_million":0.02,"player_ids":["mlb:605463"],"label":"Johannesburg","country":"South Africa"},"geometry":{"type":"Polygon","coordinates":[[[32.620327,-29.624454],[32.812319,-25.145186],[28.491882,-22.684204],[23.910011,-24.696711],[23.533518,-29.166646],[27.918941,-31.644147],[32.620327,-29.624454]]]}},{"type":"Feature","properties":{"hex_id":"81be7ffffffffff","population":7973734,"population_year":2025,"area_km2":707475.0,"population_density":11.3,"all_players":0,"reference_cell":true,"players_per_million":0.0,"player_ids":[],"label":"Mapped area","country":"Australia"},"geometry":{"type":"Polygon","coordinates":[[[149.839959,-37.608844],[148.729494,-32.935272],[143.536871,-31.277795],[139.129671,-34.088237],[139.652226,-38.734209],[145.182884,-40.615783],[149.839959,-37.608844]]]}},{"type":"Feature","properties":{"hex_id":"81befffffffffff","population":652227,"population_year":2025,"area_km2":707475.0,"population_density":0.9,"all_players":0,"reference_cell":true,"players_per_million":0.0,"player_ids":[],"label":"Mapped area","country":"Australia"},"geometry":{"type":"Polygon","coordinates":[[[152.877292,-29.753699],[151.703594,-25.170738],[146.846074,-23.721804],[142.844847,-26.664336],[143.536871,-31.277795],[148.729494,-32.935272],[152.877292,-29.753699]]]}},{"type":"Feature","properties":{"hex_id":"81c2fffffffffff","population":24752838,"population_year":2025,"area_km2":447684.2,"population_density":55.3,"all_players":0,"reference_cell":true,"players_per_million":0.0,"player_ids":[],"label":"Mapped area","country":"Uruguay"},"geometry":{"type":"Polygon","coordinates":[[[-55.164004,-36.642936],[-52.605486,-33.936306],[-54.854902,-30.51203],[-59.496606,-29.892985],[-61.882735,-33.439024],[-59.788176,-36.394827],[-58.309846,-36.205283],[-55.164004,-36.642936]]]}},{"type":"Feature","properties":{"hex_id":"81c37ffffffffff","population":2105932,"population_year":2025,"area_km2":447684.2,"population_density":4.7,"all_players":0,"reference_cell":true,"players_per_million":0.0,"player_ids":[],"label":"Mapped area","country":"Argentina"},"geometry":{"type":"Polygon","coordinates":[[[-66.569458,-33.770896],[-69.305389,-37.163896],[-66.103092,-40.399611],[-61.702806,-39.800882],[-61.417115,-38.614967],[-59.788176,-36.394827],[-61.882735,-33.439024],[-66.569458,-33.770896]]]}},{"type":"Feature","properties":{"hex_id":"81cebffffffffff","population":4208885,"population_year":2025,"area_km2":510516.1,"population_density":8.2,"all_players":0,"reference_cell":true,"players_per_million":0.0,"player_ids":[],"label":"Mapped area","country":"Argentina"},"geometry":{"type":"Polygon","coordinates":[[[-67.492505,-44.179727],[-66.103092,-40.399611],[-69.305389,-37.163896],[-74.031951,-37.379975],[-76.084187,-41.116232],[-72.784934,-44.702354],[-67.492505,-44.179727]]]}},{"type":"Feature","properties":{"hex_id":"81cfbffffffffff","population":662070,"population_year":2025,"area_km2":523941.7,"population_density":1.3,"all_players":0,"reference_cell":true,"players_per_million":0.0,"player_ids":[],"label":"Mapped area","country":"Argentina"},"geometry":{"type":"Polygon","coordinates":[[[-64.854902,-51.011346],[-63.787104,-47.309451],[-67.492505,-44.179727],[-72.784934,-44.702354],[-75.027717,-48.669965],[-71.143116,-52.131924],[-68.066391,-51.732178],[-64.854902,-51.011346]]]}},{"type":"Feature","properties":{"hex_id":"81dabffffffffff","population":1120976,"population_year":2025,"area_km2":647632.6,"population_density":1.7,"all_players":0,"reference_cell":true,"players_per_million":0.0,"player_ids":[],"label":"Mapped area","country":"New Zealand"},"geometry":{"type":"Polygon","coordinates":[[[176.129353,-45.286766],[173.535818,-41.30856],[167.615873,-40.869133],[163.614305,-44.491235],[165.865034,-48.699061],[172.539491,-49.056818],[176.129353,-45.286766]]]}},{"type":"Feature","properties":{"hex_id":"81df7ffffffffff","population":351362,"population_year":2025,"area_km2":565620.1,"population_density":0.6,"all_players":0,"reference_cell":true,"players_per_million":0.0,"player_ids":[],"label":"Mapped area","country":"Argentina"},"geometry":{"type":"Polygon","coordinates":[[[-67.919514,-59.044467],[-60.006521,-57.368694],[-59.318039,-53.234044],[-64.854902,-51.011346],[-68.066391,-51.732178],[-71.143116,-52.131924],[-73.596504,-56.210611],[-67.919514,-59.044467]]]}}]}