{"type":"FeatureCollection","metadata":{"population_source":"WorldPop Global 2 R2025A","population_source_url":"https://hub.worldpop.org/project/categories?id=3","population_license":"CC BY 4.0","population_year":2025,"raster_resolution":"1km","h3_resolution":2,"population_method":"official_country_rasters","occupied_cells":339,"mapped_players":1033},"features":[{"type":"Feature","properties":{"hex_id":"82075ffffffffff","population":310230,"population_year":2025,"area_km2":79647.5,"population_density":3.9,"all_players":1,"players_per_million":3.22,"player_ids":["athletics:14433045"],"label":"Kópavogur","country":"Iceland"},"geometry":{"type":"Polygon","coordinates":[[[-20.90437,65.434808],[-23.89271,66.331197],[-27.216822,65.518953],[-27.260803,63.861293],[-24.371526,63.054486],[-21.32794,63.819532],[-20.90437,65.434808]]]}},{"type":"Feature","properties":{"hex_id":"820817fffffffff","population":476534,"population_year":2025,"area_km2":56786.6,"population_density":8.4,"all_players":1,"players_per_million":2.1,"player_ids":["athletics:14215417"],"label":"Trondheim","country":"Norway"},"geometry":{"type":"Polygon","coordinates":[[[9.693861,63.519707],[8.89917,62.303935],[11.08066,61.540515],[14.102102,61.963541],[15.046207,63.166721],[12.823919,63.960727],[9.693861,63.519707]]]}},{"type":"Feature","properties":{"hex_id":"82081ffffffffff","population":42850,"population_year":2025,"area_km2":56786.6,"population_density":0.8,"all_players":1,"players_per_million":23.34,"player_ids":["athletics:14718533"],"label":"Vilhelmina","country":"Sweden"},"geometry":{"type":"Polygon","coordinates":[[[12.823919,63.960727],[15.046207,63.166721],[17.535446,63.800793],[17.90901,65.283241],[15.52329,66.103485],[12.930937,65.413228],[12.823919,63.960727]]]}},{"type":"Feature","properties":{"hex_id":"820887fffffffff","population":3462230,"population_year":2025,"area_km2":63447.1,"population_density":54.6,"all_players":2,"players_per_million":0.58,"player_ids":["athletics:14227638","athletics:14774822"],"label":"Eskilstuna Municipality","country":"Sweden"},"geometry":{"type":"Polygon","coordinates":[[[16.213285,61.104087],[15.277419,59.851205],[17.2862,58.926343],[20.235913,59.22587],[21.289182,60.46251],[19.280999,61.41675],[16.213285,61.104087]]]}},{"type":"Feature","properties":{"hex_id":"82088ffffffffff","population":1060279,"population_year":2025,"area_km2":63447.1,"population_density":16.7,"all_players":5,"players_per_million":4.72,"player_ids":["athletics:14502580","athletics:14571674","athletics:14572038","athletics:14717314","athletics:14762841"],"label":"Ylöjärvi","country":"Finland"},"geometry":{"type":"Polygon","coordinates":[[[19.280999,61.41675],[21.289182,60.46251],[23.838471,60.96689],[24.517172,62.478113],[22.407229,63.469342],[19.718783,62.910504],[19.280999,61.41675]]]}},{"type":"Feature","properties":{"hex_id":"82089ffffffffff","population":2635076,"population_year":2025,"area_km2":65980.3,"population_density":39.9,"all_players":11,"players_per_million":4.17,"player_ids":["athletics:14181111","athletics:14454573","athletics:14463193","athletics:14486887","athletics:14488071","athletics:14503895","athletics:14503964","athletics:14544648","athletics:14754546","athletics:14763144","athletics:14802582"],"label":"Vantaa","country":"Finland"},"geometry":{"type":"Polygon","coordinates":[[[20.235913,59.22587],[22.144282,58.209221],[25.082722,58.401545],[25.77412,59.916287],[23.838471,60.96689],[21.289182,60.46251],[20.235913,59.22587]]]}},{"type":"Feature","properties":{"hex_id":"8208b7fffffffff","population":2250279,"population_year":2025,"area_km2":65961.6,"population_density":34.1,"all_players":2,"players_per_million":0.89,"player_ids":["athletics:14550993","athletics:14680446"],"label":"Hok","country":"Sweden"},"geometry":{"type":"Polygon","coordinates":[[[12.360313,59.444957],[11.555978,58.130531],[13.543636,57.232114],[16.36093,57.622703],[17.2862,58.926343],[15.277419,59.851205],[12.360313,59.444957]]]}},{"type":"Feature","properties":{"hex_id":"820987fffffffff","population":1027156,"population_year":2025,"area_km2":63447.1,"population_density":16.2,"all_players":4,"players_per_million":3.89,"player_ids":["athletics:14481209","athletics:14481276","athletics:14653717","athletics:14705412"],"label":"Sandnes Municipality","country":"Norway"},"geometry":{"type":"Polygon","coordinates":[[[5.479069,60.921986],[2.767528,60.73321],[2.198216,59.383886],[4.229785,58.252026],[6.766113,58.447096],[7.438464,59.76718],[5.479069,60.921986]]]}},{"type":"Feature","properties":{"hex_id":"82098ffffffffff","population":241401,"population_year":2025,"area_km2":59429.4,"population_density":4.1,"all_players":1,"players_per_million":4.14,"player_ids":["athletics:14593954"],"label":"Voss Municipality","country":"Norway"},"geometry":{"type":"Polygon","coordinates":[[[6.159096,62.205005],[5.479069,60.921986],[7.438464,59.76718],[10.279089,60.275949],[11.08066,61.540515],[8.89917,62.303935],[6.159096,62.205005]]]}},{"type":"Feature","properties":{"hex_id":"82099ffffffffff","population":2587703,"population_year":2025,"area_km2":63447.1,"population_density":40.8,"all_players":5,"players_per_million":1.93,"player_ids":["athletics:14215311","athletics:14644249","athletics:14780807","athletics:14834505","athletics:14855967"],"label":"Oslo","country":"Norway"},"geometry":{"type":"Polygon","coordinates":[[[7.438464,59.76718],[6.766113,58.447096],[8.799628,57.640256],[11.555978,58.130531],[12.360313,59.444957],[10.279089,60.275949],[7.438464,59.76718]]]}},{"type":"Feature","properties":{"hex_id":"8209affffffffff","population":81756,"population_year":2025,"area_km2":61279.2,"population_density":1.3,"all_players":1,"players_per_million":12.23,"player_ids":["athletics:14479487"],"label":"Ulsteinvik","country":"Norway"},"geometry":{"type":"Polygon","coordinates":[[[4.012621,63.327061],[1.104046,63.138955],[0.54802,61.828865],[2.767528,60.73321],[5.479069,60.921986],[6.159096,62.205005],[4.012621,63.327061]]]}},{"type":"Feature","properties":{"hex_id":"82110ffffffffff","population":328791,"population_year":2025,"area_km2":75672.4,"population_density":4.3,"all_players":1,"players_per_million":3.04,"player_ids":["athletics:14627075"],"label":"Petrozavodsk","country":"Russia"},"geometry":{"type":"Polygon","coordinates":[[[32.364306,62.22127],[34.230386,61.023294],[37.301767,61.279926],[38.741468,62.771655],[36.881167,64.023842],[33.562997,63.728363],[32.364306,62.22127]]]}},{"type":"Feature","properties":{"hex_id":"821127fffffffff","population":1543517,"population_year":2025,"area_km2":68186.6,"population_density":22.6,"all_players":6,"players_per_million":3.89,"player_ids":["athletics:14182365","athletics:14461736","athletics:14461739","athletics:14504791","athletics:14592895","athletics:14914640"],"label":"Lappeenranta","country":"Finland"},"geometry":{"type":"Polygon","coordinates":[[[23.838471,60.96689],[25.77412,59.916287],[28.460566,60.334788],[29.377404,61.853155],[27.374489,62.947785],[24.517172,62.478113],[23.838471,60.96689]]]}},{"type":"Feature","properties":{"hex_id":"82112ffffffffff","population":359044,"population_year":2025,"area_km2":70782.3,"population_density":5.1,"all_players":2,"players_per_million":5.57,"player_ids":["athletics:14504754","athletics:14515181"],"label":"Kuopio","country":"Finland"},"geometry":{"type":"Polygon","coordinates":[[[27.374489,62.947785],[29.377404,61.853155],[32.364306,62.22127],[33.562997,63.728363],[31.517537,64.873037],[28.306772,64.458481],[27.374489,62.947785]]]}},{"type":"Feature","properties":{"hex_id":"821137fffffffff","population":1136423,"population_year":2025,"area_km2":70058.2,"population_density":16.2,"all_players":3,"players_per_million":2.64,"player_ids":["athletics:14430316","athletics:14604068","athletics:14740515"],"label":"Tartu","country":"Estonia"},"geometry":{"type":"Polygon","coordinates":[[[25.082722,58.401545],[26.868471,57.29788],[29.401091,57.66587],[30.297301,59.186368],[28.460566,60.334788],[25.77412,59.916287],[25.082722,58.401545]]]}},{"type":"Feature","properties":{"hex_id":"821197fffffffff","population":5411512,"population_year":2025,"area_km2":81458.9,"population_density":66.4,"all_players":2,"players_per_million":0.37,"player_ids":["athletics:14426901","athletics:14455242"],"label":"Kharkiv","country":"Ukraine"},"geometry":{"type":"Polygon","coordinates":[[[34.739692,51.127123],[36.116724,49.779343],[38.481259,49.879789],[39.607695,51.365697],[38.242666,52.766684],[35.733455,52.627433],[34.739692,51.127123]]]}},{"type":"Feature","properties":{"hex_id":"8211affffffffff","population":18096890,"population_year":2025,"area_km2":79647.5,"population_density":227.2,"all_players":1,"players_per_million":0.06,"player_ids":["athletics:14807288"],"label":"Odintsovo","country":"Russia"},"geometry":{"type":"Polygon","coordinates":[[[33.713464,56.746598],[35.299111,55.46002],[37.971643,55.638414],[39.236041,57.141268],[37.661108,58.480663],[34.802815,58.263078],[33.713464,56.746598]]]}},{"type":"Feature","properties":{"hex_id":"8211b7fffffffff","population":2560475,"population_year":2025,"area_km2":77926.1,"population_density":32.9,"all_players":3,"players_per_million":1.17,"player_ids":["athletics:14571586","athletics:14830537","athletics:14849032"],"label":"Konotop","country":"Ukraine"},"geometry":{"type":"Polygon","coordinates":[[[30.654128,52.413789],[32.156918,51.126789],[34.739692,51.127123],[35.733455,52.627433],[34.259287,53.948258],[31.795225,53.716817],[30.654128,52.413789]]]}},{"type":"Feature","properties":{"hex_id":"82125ffffffffff","population":549473,"population_year":2025,"area_km2":89440.6,"population_density":6.1,"all_players":1,"players_per_million":1.82,"player_ids":["athletics:14771436"],"label":"Saskatoon","country":"Canada"},"geometry":{"type":"Polygon","coordinates":[[[-108.678607,54.501948],[-110.686347,53.386336],[-109.994611,51.754866],[-107.466262,51.18753],[-105.449038,52.229056],[-105.96116,53.910447],[-108.678607,54.501948]]]}},{"type":"Feature","properties":{"hex_id":"821287fffffffff","population":63696,"population_year":2025,"area_km2":73030.9,"population_density":0.9,"all_players":1,"players_per_million":15.7,"player_ids":["athletics:14501254"],"label":"South Hazelton","country":"Canada"},"geometry":{"type":"Polygon","coordinates":[[[-129.390988,55.393793],[-130.498749,54.094604],[-129.132653,52.738492],[-126.710061,52.609618],[-125.470294,53.865549],[-126.775563,55.29498],[-129.390988,55.393793]]]}},{"type":"Feature","properties":{"hex_id":"8212b7fffffffff","population":31108,"population_year":2025,"area_km2":70782.3,"population_density":0.4,"all_players":1,"players_per_million":32.15,"player_ids":["athletics:14470536"],"label":"Ketchikan","country":"United States"},"geometry":{"type":"Polygon","coordinates":[[[-133.521093,56.759266],[-134.470611,55.425696],[-132.945902,54.129696],[-130.498749,54.094604],[-129.390988,55.393793],[-130.87924,56.764297],[-133.521093,56.759266]]]}},{"type":"Feature","properties":{"hex_id":"8212cffffffffff","population":1447775,"population_year":2025,"area_km2":81458.9,"population_density":17.8,"all_players":2,"players_per_million":1.38,"player_ids":["athletics:14423557","athletics:14591210"],"label":"Calgary","country":"Canada"},"geometry":{"type":"Polygon","coordinates":[[[-114.293343,51.131925],[-115.913157,50.003546],[-115.101052,48.471845],[-112.788004,48.011188],[-111.127907,49.073528],[-111.813584,50.661988],[-114.293343,51.131925]]]}},{"type":"Feature","properties":{"hex_id":"82159ffffffffff","population":847681,"population_year":2025,"area_km2":73030.9,"population_density":11.6,"all_players":1,"players_per_million":1.18,"player_ids":["athletics:14691893"],"label":"Hulunbuir","country":"People's Republic of China"},"geometry":{"type":"Polygon","coordinates":[[[118.785479,49.545216],[119.809803,48.233477],[122.152595,47.997963],[123.635553,49.062088],[122.728711,50.432534],[120.21326,50.680829],[118.785479,49.545216]]]}},{"type":"Feature","properties":{"hex_id":"821827fffffffff","population":1306538,"population_year":2025,"area_km2":80544.7,"population_density":16.2,"all_players":1,"players_per_million":0.77,"player_ids":["athletics:14377494"],"label":"Letterkenny","country":"Ireland"},"geometry":{"type":"Polygon","coordinates":[[[-8.7409,56.382588],[-11.31933,55.81836],[-11.464478,54.262489],[-9.166993,53.289084],[-6.713499,53.841054],[-6.436337,55.37739],[-8.7409,56.382588]]]}},{"type":"Feature","properties":{"hex_id":"82182ffffffffff","population":4166502,"population_year":2025,"area_km2":82705.0,"population_density":50.4,"all_players":2,"players_per_million":0.48,"player_ids":["athletics:14283143","athletics:14594406"],"label":"Dublin","country":"Ireland"},"geometry":{"type":"Polygon","coordinates":[[[-6.713499,53.841054],[-9.166993,53.289084],[-9.362891,51.696863],[-7.224494,50.679047],[-4.88976,51.223728],[-4.578382,52.792439],[-6.713499,53.841054]]]}},{"type":"Feature","properties":{"hex_id":"821847fffffffff","population":2723406,"population_year":2025,"area_km2":85294.5,"population_density":31.9,"all_players":2,"players_per_million":0.73,"player_ids":["athletics:14576456","athletics:14685757"],"label":"Pont-l'Abbé","country":"France"},"geometry":{"type":"Polygon","coordinates":[[[-3.243656,48.547301],[-5.466445,48.005645],[-5.733942,46.36037],[-3.870647,45.286766],[-1.752798,45.828917],[-1.396608,47.443512],[-3.243656,48.547301]]]}},{"type":"Feature","properties":{"hex_id":"82184ffffffffff","population":5386228,"population_year":2025,"area_km2":85627.7,"population_density":62.9,"all_players":2,"players_per_million":0.37,"player_ids":["athletics:14734118","athletics:14770113"],"label":"Zizur Mayor/Zizur Nagusia","country":"Spain"},"geometry":{"type":"Polygon","coordinates":[[[-1.752798,45.828917],[-3.870647,45.286766],[-4.162635,43.625899],[-2.417796,42.54048],[-0.397973,43.08589],[-0.028005,44.712978],[-1.752798,45.828917]]]}},{"type":"Feature","properties":{"hex_id":"821867fffffffff","population":5310154,"population_year":2025,"area_km2":80847.5,"population_density":65.7,"all_players":4,"players_per_million":0.75,"player_ids":["athletics:14389358","athletics:14632699","athletics:14720465","athletics:14753918"],"label":"Guernsey","country":"France"},"geometry":{"type":"Polygon","coordinates":[[[-0.631095,50.601911],[-2.906528,50.142292],[-3.243656,48.547301],[-1.396608,47.443512],[0.764026,47.90745],[1.18851,49.470279],[-0.631095,50.601911]]]}},{"type":"Feature","properties":{"hex_id":"82186ffffffffff","population":5547991,"population_year":2025,"area_km2":81458.9,"population_density":68.1,"all_players":4,"players_per_million":0.72,"player_ids":["athletics:14185853","athletics:14678934","athletics:14701817","athletics:14750701"],"label":"Cholet","country":"France"},"geometry":{"type":"Polygon","coordinates":[[[0.764026,47.90745],[-1.396608,47.443512],[-1.752798,45.828917],[-0.028005,44.712978],[2.026569,45.184249],[2.458902,46.763731],[0.764026,47.90745]]]}},{"type":"Feature","properties":{"hex_id":"82190ffffffffff","population":1891088,"population_year":2025,"area_km2":75672.4,"population_density":25.0,"all_players":5,"players_per_million":2.64,"player_ids":["athletics:14422111","athletics:14452345","athletics:14513077","athletics:14533469","athletics:14918707"],"label":"Glasgow","country":"United Kingdom"},"geometry":{"type":"Polygon","coordinates":[[[-5.83227,58.353838],[-8.508655,57.881131],[-8.7409,56.382588],[-6.436337,55.37739],[-3.903181,55.840606],[-3.536381,57.317288],[-5.83227,58.353838]]]}},{"type":"Feature","properties":{"hex_id":"821947fffffffff","population":12519310,"population_year":2025,"area_km2":74863.4,"population_density":167.2,"all_players":8,"players_per_million":0.64,"player_ids":["athletics:14443881","athletics:14522654","athletics:14644747","athletics:14685108","athletics:14770049","athletics:14778459","athletics:14843498","athletics:14950130"],"label":"Nottingham","country":"United Kingdom"},"geometry":{"type":"Polygon","coordinates":[[[0.670759,55.133806],[-1.785543,54.762388],[-2.178886,53.251551],[-0.219137,52.141681],[2.101314,52.517134],[2.592789,53.997752],[0.670759,55.133806]]]}},{"type":"Feature","properties":{"hex_id":"82194ffffffffff","population":23325550,"population_year":2025,"area_km2":76219.8,"population_density":306.0,"all_players":21,"players_per_million":0.9,"player_ids":["athletics:14270101","athletics:14329163","athletics:14359991","athletics:14360349","athletics:14363849","athletics:14378282","athletics:14425340","athletics:14476603","athletics:14548983","athletics:14577176","athletics:14594317","athletics:14632781","athletics:14634367","athletics:14655247","athletics:14694062","athletics:14720966","athletics:14757334","athletics:14762871","athletics:14876047","athletics:14898142","athletics:14928278"],"label":"London","country":"United Kingdom"},"geometry":{"type":"Polygon","coordinates":[[[2.101314,52.517134],[-0.219137,52.141681],[-0.631095,50.601911],[1.18851,49.470279],[3.384772,49.85377],[3.881134,51.360376],[2.101314,52.517134]]]}},{"type":"Feature","properties":{"hex_id":"821957fffffffff","population":9970811,"population_year":2025,"area_km2":77902.3,"population_density":128.0,"all_players":4,"players_per_million":0.4,"player_ids":["athletics:14276543","athletics:14642894","athletics:14693884","athletics:14759587"],"label":"Manchester","country":"United Kingdom"},"geometry":{"type":"Polygon","coordinates":[[[-3.903181,55.840606],[-6.436337,55.37739],[-6.713499,53.841054],[-4.578382,52.792439],[-2.178886,53.251551],[-1.785543,54.762388],[-3.903181,55.840606]]]}},{"type":"Feature","properties":{"hex_id":"82195ffffffffff","population":22721748,"population_year":2025,"area_km2":79647.5,"population_density":285.3,"all_players":12,"players_per_million":0.53,"player_ids":["athletics:14274781","athletics:14372810","athletics:14407278","athletics:14409457","athletics:14457638","athletics:14471539","athletics:14506023","athletics:14602072","athletics:14637207","athletics:14706169","athletics:14771648","athletics:14900662"],"label":"Frimley","country":"United Kingdom"},"geometry":{"type":"Polygon","coordinates":[[[-2.178886,53.251551],[-4.578382,52.792439],[-4.88976,51.223728],[-2.906528,50.142292],[-0.631095,50.601911],[-0.219137,52.141681],[-2.178886,53.251551]]]}},{"type":"Feature","properties":{"hex_id":"82196ffffffffff","population":13271725,"population_year":2025,"area_km2":72289.7,"population_density":183.6,"all_players":27,"players_per_million":2.03,"player_ids":["athletics:14361462","athletics:14372338","athletics:14420260","athletics:14451249","athletics:14451250","athletics:14482223","athletics:14482227","athletics:14513285","athletics:14536023","athletics:14538249","athletics:14560483","athletics:14561420","athletics:14625026","athletics:14676577","athletics:14688805","athletics:14707010","athletics:14709423","athletics:14735462","athletics:14740867","athletics:14742575","athletics:14823767","athletics:14825097","athletics:14829644","athletics:14833321","athletics:14865892","athletics:14878135","athletics:14910035"],"label":"Rotterdam","country":"Netherlands"},"geometry":{"type":"Polygon","coordinates":[[[4.948742,54.288287],[2.592789,53.997752],[2.101314,52.517134],[3.881134,51.360376],[6.259687,51.96477],[6.848229,53.43156],[4.948742,54.288287]]]}},{"type":"Feature","properties":{"hex_id":"821977fffffffff","population":4073107,"population_year":2025,"area_km2":73030.9,"population_density":55.8,"all_players":1,"players_per_million":0.25,"player_ids":["athletics:14533464"],"label":"Edinburgh","country":"United Kingdom"},"geometry":{"type":"Polygon","coordinates":[[[-0.931587,57.689497],[-3.536381,57.317288],[-3.903181,55.840606],[-1.785543,54.762388],[0.670759,55.133806],[1.152198,56.583354],[-0.931587,57.689497]]]}},{"type":"Feature","properties":{"hex_id":"821e07fffffffff","population":15880792,"population_year":2025,"area_km2":85294.5,"population_density":186.2,"all_players":15,"players_per_million":0.94,"player_ids":["athletics:14281995","athletics:14361154","athletics:14375343","athletics:14403432","athletics:14446694","athletics:14451085","athletics:14474319","athletics:14525768","athletics:14593394","athletics:14602703","athletics:14647721","athletics:14662815","athletics:14706915","athletics:14786982","athletics:14857218"],"label":"Uherské Hradiště","country":"Czech Republic"},"geometry":{"type":"Polygon","coordinates":[[[16.606047,49.899182],[15.817384,48.388123],[17.489488,47.234679],[19.952961,47.57214],[20.822886,49.074367],[19.15135,50.248654],[16.606047,49.899182]]]}},{"type":"Feature","properties":{"hex_id":"821e0ffffffffff","population":6622895,"population_year":2025,"area_km2":87326.6,"population_density":75.8,"all_players":3,"players_per_million":0.45,"player_ids":["athletics:14397893","athletics:14573639","athletics:14701207"],"label":"Cluj-Napoca","country":"Hungary"},"geometry":{"type":"Polygon","coordinates":[[[20.822886,49.074367],[19.952961,47.57214],[21.555106,46.342738],[24.013384,46.595885],[24.952412,48.084867],[23.367705,49.334469],[20.822886,49.074367]]]}},{"type":"Feature","properties":{"hex_id":"821e17fffffffff","population":8258126,"population_year":2025,"area_km2":87326.6,"population_density":94.6,"all_players":14,"players_per_million":1.7,"player_ids":["athletics:14178277","athletics:14263753","athletics:14300261","athletics:14380461","athletics:14472475","athletics:14474496","athletics:14505427","athletics:14507104","athletics:14605811","athletics:14630471","athletics:14666860","athletics:14740139","athletics:14797371","athletics:14874438"],"label":"Ljubljana","country":"Slovenia"},"geometry":{"type":"Polygon","coordinates":[[[13.374348,47.965938],[12.677318,46.406957],[14.337206,45.273432],[16.708897,45.679719],[17.489488,47.234679],[15.817384,48.388123],[13.374348,47.965938]]]}},{"type":"Feature","properties":{"hex_id":"821e1ffffffffff","population":8697926,"population_year":2025,"area_km2":89801.2,"population_density":96.9,"all_players":7,"players_per_million":0.8,"player_ids":["athletics:14300421","athletics:14372662","athletics:14390519","athletics:14424480","athletics:14535413","athletics:14791117","athletics:14841858"],"label":"Kiskunhalas","country":"Serbia"},"geometry":{"type":"Polygon","coordinates":[[[17.489488,47.234679],[16.708897,45.679719],[18.31474,44.47068],[20.700526,44.796864],[21.555106,46.342738],[19.952961,47.57214],[17.489488,47.234679]]]}},{"type":"Feature","properties":{"hex_id":"821e27fffffffff","population":12111129,"population_year":2025,"area_km2":80544.7,"population_density":150.4,"all_players":13,"players_per_million":1.07,"player_ids":["athletics:14294652","athletics:14329266","athletics:14424786","athletics:14426447","athletics:14526253","athletics:14645504","athletics:14701702","athletics:14739745","athletics:14761148","athletics:14793061","athletics:14797452","athletics:14866229","athletics:14945080"],"label":"Łódź","country":"Poland"},"geometry":{"type":"Polygon","coordinates":[[[15.658506,52.45677],[14.863027,50.992748],[16.606047,49.899182],[19.15135,50.248654],[20.036282,51.703743],[18.289963,52.819052],[15.658506,52.45677]]]}},{"type":"Feature","properties":{"hex_id":"821e2ffffffffff","population":9972390,"population_year":2025,"area_km2":82705.0,"population_density":120.6,"all_players":5,"players_per_million":0.5,"player_ids":["athletics:14388995","athletics:14473908","athletics:14543976","athletics:14628042","athletics:14796722"],"label":"Łuszczacz","country":"Poland"},"geometry":{"type":"Polygon","coordinates":[[[20.036282,51.703743],[19.15135,50.248654],[20.822886,49.074367],[23.367705,49.334469],[24.329,50.776322],[22.6731,51.971887],[20.036282,51.703743]]]}},{"type":"Feature","properties":{"hex_id":"821e37fffffffff","population":10279073,"population_year":2025,"area_km2":82705.0,"population_density":124.3,"all_players":17,"players_per_million":1.65,"player_ids":["athletics:14168152","athletics:14363774","athletics:14379859","athletics:14446721","athletics:14475570","athletics:14589388","athletics:14605824","athletics:14644015","athletics:14665548","athletics:14681991","athletics:14683914","athletics:14684777","athletics:14695933","athletics:14742698","athletics:14830504","athletics:14859880","athletics:14942779"],"label":"Prague","country":"Czech Republic"},"geometry":{"type":"Polygon","coordinates":[[[12.345747,50.554275],[11.648396,49.039345],[13.374348,47.965938],[15.817384,48.388123],[16.606047,49.899182],[14.863027,50.992748],[12.345747,50.554275]]]}},{"type":"Feature","properties":{"hex_id":"821e47fffffffff","population":3761221,"population_year":2025,"area_km2":85294.5,"population_density":44.1,"all_players":4,"players_per_million":1.06,"player_ids":["athletics:14363463","athletics:14421950","athletics:14424732","athletics:14803002"],"label":"Kropyvnytskyi","country":"Ukraine"},"geometry":{"type":"Polygon","coordinates":[[[28.492806,49.683116],[27.469819,48.258057],[28.956125,46.940583],[31.422272,47.03192],[32.491778,48.437419],[31.052695,49.771325],[28.492806,49.683116]]]}},{"type":"Feature","properties":{"hex_id":"821e4ffffffffff","population":4052908,"population_year":2025,"area_km2":85627.7,"population_density":47.3,"all_players":1,"players_per_million":0.25,"player_ids":["athletics:14686964"],"label":"Zaporizhzhia","country":"Ukraine"},"geometry":{"type":"Polygon","coordinates":[[[32.491778,48.437419],[31.422272,47.03192],[32.802663,45.655674],[35.197789,45.672385],[36.299106,47.056314],[34.97725,48.445115],[32.491778,48.437419]]]}},{"type":"Feature","properties":{"hex_id":"821e57fffffffff","population":6962930,"population_year":2025,"area_km2":88726.5,"population_density":78.5,"all_players":3,"players_per_million":0.43,"player_ids":["athletics:14295835","athletics:14632011","athletics:14739638"],"label":"Tecuci","country":"Romania"},"geometry":{"type":"Polygon","coordinates":[[[24.952412,48.084867],[24.013384,46.595885],[25.532273,45.296738],[27.961374,45.468587],[28.956125,46.940583],[27.469819,48.258057],[24.952412,48.084867]]]}},{"type":"Feature","properties":{"hex_id":"821e5ffffffffff","population":2872391,"population_year":2025,"area_km2":89440.6,"population_density":32.1,"all_players":1,"players_per_million":0.35,"player_ids":["athletics:14908884"],"label":"Chetrosu","country":"Moldova"},"geometry":{"type":"Polygon","coordinates":[[[28.956125,46.940583],[27.961374,45.468587],[29.387082,44.107766],[31.765884,44.203681],[32.802663,45.655674],[31.422272,47.03192],[28.956125,46.940583]]]}},{"type":"Feature","properties":{"hex_id":"821e67fffffffff","population":5717680,"population_year":2025,"area_km2":80847.5,"population_density":70.7,"all_players":2,"players_per_million":0.35,"player_ids":["athletics:14594836","athletics:14606579"],"label":"Berdychiv","country":"Ukraine"},"geometry":{"type":"Polygon","coordinates":[[[27.993406,52.327164],[26.940864,50.952157],[28.492806,49.683116],[31.052695,49.771325],[32.156918,51.126789],[30.654128,52.413789],[27.993406,52.327164]]]}},{"type":"Feature","properties":{"hex_id":"821e77fffffffff","population":6819278,"population_year":2025,"area_km2":84307.8,"population_density":80.9,"all_players":2,"players_per_million":0.29,"player_ids":["athletics:14388489","athletics:14524329"],"label":"Deliatyn","country":"Ukraine"},"geometry":{"type":"Polygon","coordinates":[[[24.329,50.776322],[23.367705,49.334469],[24.952412,48.084867],[27.469819,48.258057],[28.492806,49.683116],[26.940864,50.952157],[24.329,50.776322]]]}},{"type":"Feature","properties":{"hex_id":"821e87fffffffff","population":12834722,"population_year":2025,"area_km2":92775.6,"population_density":138.3,"all_players":8,"players_per_million":0.62,"player_ids":["athletics:14375750","athletics:14400947","athletics:14682711","athletics:14699224","athletics:14699358","athletics:14723644","athletics:14739812","athletics:14905216"],"label":"Rome","country":"Italy"},"geometry":{"type":"Polygon","coordinates":[[[11.369193,43.208977],[10.754951,41.575053],[12.334661,40.405578],[14.548451,40.851244],[15.239936,42.485371],[13.642239,43.674337],[11.369193,43.208977]]]}},{"type":"Feature","properties":{"hex_id":"821e8ffffffffff","population":5543268,"population_year":2025,"area_km2":95515.4,"population_density":58.0,"all_players":3,"players_per_million":0.54,"player_ids":["athletics:14199823","athletics:14284942","athletics:14411785"],"label":"Andria","country":"Italy"},"geometry":{"type":"Polygon","coordinates":[[[15.239936,42.485371],[14.548451,40.851244],[16.087589,39.612646],[18.32526,39.988178],[19.087059,41.616885],[17.543183,42.876114],[15.239936,42.485371]]]}},{"type":"Feature","properties":{"hex_id":"821e97fffffffff","population":1460796,"population_year":2025,"area_km2":93159.0,"population_density":15.7,"all_players":2,"players_per_million":1.37,"player_ids":["athletics:14753080","athletics:14775977"],"label":"Oristano","country":"Italy"},"geometry":{"type":"Polygon","coordinates":[[[8.584299,41.06115],[8.045142,39.402136],[9.598985,38.251433],[11.719175,38.741667],[12.334661,40.405578],[10.754951,41.575053],[8.584299,41.06115]]]}},{"type":"Feature","properties":{"hex_id":"821ea7fffffffff","population":14372848,"population_year":2025,"area_km2":88726.5,"population_density":162.0,"all_players":20,"players_per_million":1.39,"player_ids":["athletics:14381808","athletics:14403082","athletics:14435687","athletics:14480247","athletics:14488967","athletics:14533436","athletics:14538311","athletics:14567410","athletics:14567432","athletics:14593885","athletics:14665531","athletics:14699307","athletics:14736174","athletics:14736176","athletics:14737204","athletics:14775971","athletics:14780703","athletics:14827877","athletics:14905172","athletics:14929174"],"label":"Brescia","country":"Italy"},"geometry":{"type":"Polygon","coordinates":[[[10.343213,45.921928],[9.731941,44.323805],[11.369193,43.208977],[13.642239,43.674337],[14.337206,45.273432],[12.677318,46.406957],[10.343213,45.921928]]]}},{"type":"Feature","properties":{"hex_id":"821eaffffffffff","population":2469114,"population_year":2025,"area_km2":91641.3,"population_density":26.9,"all_players":3,"players_per_million":1.22,"player_ids":["athletics:14300447","athletics:14409892","athletics:14682378"],"label":"Zenica","country":"Croatia"},"geometry":{"type":"Polygon","coordinates":[[[14.337206,45.273432],[13.642239,43.674337],[15.239936,42.485371],[17.543183,42.876114],[18.31474,44.47068],[16.708897,45.679719],[14.337206,45.273432]]]}},{"type":"Feature","properties":{"hex_id":"821eb7fffffffff","population":1850797,"population_year":2025,"area_km2":89440.6,"population_density":20.7,"all_players":1,"players_per_million":0.54,"player_ids":["athletics:14514016"],"label":"Pisa","country":"Italy"},"geometry":{"type":"Polygon","coordinates":[[[7.509948,43.786609],[6.97784,42.158616],[8.584299,41.06115],[10.754951,41.575053],[11.369193,43.208977],[9.731941,44.323805],[7.509948,43.786609]]]}},{"type":"Feature","properties":{"hex_id":"821ec7fffffffff","population":6669519,"population_year":2025,"area_km2":95515.4,"population_density":69.8,"all_players":6,"players_per_million":0.9,"player_ids":["athletics:14268585","athletics:14428121","athletics:14476183","athletics:14669734","athletics:14838227","athletics:14875939"],"label":"Thessaloniki","country":"Bulgaria"},"geometry":{"type":"Polygon","coordinates":[[[22.238177,43.517311],[21.399102,41.932468],[22.87671,40.608844],[25.176743,40.851016],[26.072885,42.421413],[24.614981,43.76451],[22.238177,43.517311]]]}},{"type":"Feature","properties":{"hex_id":"821ecffffffffff","population":24160946,"population_year":2025,"area_km2":96323.1,"population_density":250.8,"all_players":3,"players_per_million":0.12,"player_ids":["athletics:14627594","athletics:14797505","athletics:14927349"],"label":"Bursa","country":"Turkey"},"geometry":{"type":"Polygon","coordinates":[[[26.072885,42.421413],[25.176743,40.851016],[26.578016,39.470649],[28.846869,39.643311],[29.788911,41.195121],[28.419296,42.593125],[26.072885,42.421413]]]}},{"type":"Feature","properties":{"hex_id":"821ed7fffffffff","population":4290693,"population_year":2025,"area_km2":97556.0,"population_density":44.0,"all_players":3,"players_per_million":0.7,"player_ids":["athletics:14195399","athletics:14280590","athletics:14280966"],"label":"Kardítsa","country":"Greece"},"geometry":{"type":"Polygon","coordinates":[[[19.087059,41.616885],[18.32526,39.988178],[19.811123,38.685282],[22.053163,38.990886],[22.87671,40.608844],[21.399102,41.932468],[19.087059,41.616885]]]}},{"type":"Feature","properties":{"hex_id":"821edffffffffff","population":5052529,"population_year":2025,"area_km2":98815.5,"population_density":51.1,"all_players":1,"players_per_million":0.2,"player_ids":["athletics:14756709"],"label":"Nea Kallikratia","country":"Greece"},"geometry":{"type":"Polygon","coordinates":[[[22.87671,40.608844],[22.053163,38.990886],[23.474781,37.630343],[25.702401,37.868316],[26.578016,39.470649],[25.176743,40.851016],[22.87671,40.608844]]]}},{"type":"Feature","properties":{"hex_id":"821ee7fffffffff","population":5038047,"population_year":2025,"area_km2":91641.3,"population_density":55.0,"all_players":3,"players_per_million":0.6,"player_ids":["athletics:14408349","athletics:14462623","athletics:14516137"],"label":"Timișoara","country":"Romania"},"geometry":{"type":"Polygon","coordinates":[[[21.555106,46.342738],[20.700526,44.796864],[22.238177,43.517311],[24.614981,43.76451],[25.532273,45.296738],[24.013384,46.595885],[21.555106,46.342738]]]}},{"type":"Feature","properties":{"hex_id":"821eeffffffffff","population":7816430,"population_year":2025,"area_km2":92775.6,"population_density":84.3,"all_players":2,"players_per_million":0.26,"player_ids":["athletics:14364637","athletics:14629838"],"label":"Bucharest","country":"Romania"},"geometry":{"type":"Polygon","coordinates":[[[25.532273,45.296738],[24.614981,43.76451],[26.072885,42.421413],[28.419296,42.593125],[29.387082,44.107766],[27.961374,45.468587],[25.532273,45.296738]]]}},{"type":"Feature","properties":{"hex_id":"821ef7fffffffff","population":5580375,"population_year":2025,"area_km2":93933.6,"population_density":59.4,"all_players":2,"players_per_million":0.36,"player_ids":["athletics:14709517","athletics:14743213"],"label":"Prijepolje","country":"Serbia"},"geometry":{"type":"Polygon","coordinates":[[[18.31474,44.47068],[17.543183,42.876114],[19.087059,41.616885],[21.399102,41.932468],[22.238177,43.517311],[20.700526,44.796864],[18.31474,44.47068]]]}},{"type":"Feature","properties":{"hex_id":"821f07fffffffff","population":6981829,"population_year":2025,"area_km2":73030.9,"population_density":95.6,"all_players":1,"players_per_million":0.14,"player_ids":["athletics:14984693"],"label":"Wittenburg","country":"Germany"},"geometry":{"type":"Polygon","coordinates":[[[10.065692,55.394879],[9.374531,53.975514],[11.24517,53.03204],[13.839529,53.487245],[14.640207,54.902182],[12.739823,55.867327],[10.065692,55.394879]]]}},{"type":"Feature","properties":{"hex_id":"821f0ffffffffff","population":5507138,"population_year":2025,"area_km2":75672.4,"population_density":72.8,"all_players":5,"players_per_million":0.91,"player_ids":["athletics:14604425","athletics:14642563","athletics:14650587","athletics:14753334","athletics:14844866"],"label":"Bydgoszcz","country":"Poland"},"geometry":{"type":"Polygon","coordinates":[[[14.640207,54.902182],[13.839529,53.487245],[15.658506,52.45677],[18.289963,52.819052],[19.189333,54.224652],[17.362293,55.278144],[14.640207,54.902182]]]}},{"type":"Feature","properties":{"hex_id":"821f17fffffffff","population":19193666,"population_year":2025,"area_km2":74863.4,"population_density":256.4,"all_players":11,"players_per_million":0.57,"player_ids":["athletics:14361447","athletics:14401199","athletics:14450088","athletics:14497298","athletics:14497556","athletics:14509240","athletics:14597875","athletics:14704769","athletics:14812323","athletics:14878245","athletics:14930161"],"label":"Hamburg","country":"Germany"},"geometry":{"type":"Polygon","coordinates":[[[6.848229,53.43156],[6.259687,51.96477],[8.088631,51.039696],[10.549623,51.56399],[11.24517,53.03204],[9.374531,53.975514],[6.848229,53.43156]]]}},{"type":"Feature","properties":{"hex_id":"821f1ffffffffff","population":12840810,"population_year":2025,"area_km2":77902.3,"population_density":164.8,"all_players":13,"players_per_million":1.01,"player_ids":["athletics:14193195","athletics:14360165","athletics:14511112","athletics:14526544","athletics:14597052","athletics:14597064","athletics:14625525","athletics:14679384","athletics:14695941","athletics:14705532","athletics:14736473","athletics:14771929","athletics:14777637"],"label":"Berlin","country":"Germany"},"geometry":{"type":"Polygon","coordinates":[[[11.24517,53.03204],[10.549623,51.56399],[12.345747,50.554275],[14.863027,50.992748],[15.658506,52.45677],[13.839529,53.487245],[11.24517,53.03204]]]}},{"type":"Feature","properties":{"hex_id":"821f27fffffffff","population":4146711,"population_year":2025,"area_km2":68186.6,"population_density":60.8,"all_players":3,"players_per_million":0.72,"player_ids":["athletics:14377776","athletics:14481392","athletics:14535353"],"label":"Halmstad","country":"Sweden"},"geometry":{"type":"Polygon","coordinates":[[[8.799628,57.640256],[8.115982,56.270471],[10.065692,55.394879],[12.739823,55.867327],[13.543636,57.232114],[11.555978,58.130531],[8.799628,57.640256]]]}},{"type":"Feature","properties":{"hex_id":"821f2ffffffffff","population":1311700,"population_year":2025,"area_km2":70782.3,"population_density":18.5,"all_players":3,"players_per_million":2.29,"player_ids":["athletics:14403185","athletics:14429853","athletics:14654845"],"label":"Q10658310","country":"Sweden"},"geometry":{"type":"Polygon","coordinates":[[[13.543636,57.232114],[12.739823,55.867327],[14.640207,54.902182],[17.362293,55.278144],[18.275236,56.632953],[16.36093,57.622703],[13.543636,57.232114]]]}},{"type":"Feature","properties":{"hex_id":"821f37fffffffff","population":1385190,"population_year":2025,"area_km2":70058.2,"population_density":19.8,"all_players":1,"players_per_million":0.72,"player_ids":["athletics:14626440"],"label":"Norden","country":"Germany"},"geometry":{"type":"Polygon","coordinates":[[[5.523647,55.706768],[4.948742,54.288287],[6.848229,53.43156],[9.374531,53.975514],[10.065692,55.394879],[8.115982,56.270471],[5.523647,55.706768]]]}},{"type":"Feature","properties":{"hex_id":"821f47fffffffff","population":3249991,"population_year":2025,"area_km2":74863.4,"population_density":43.4,"all_players":8,"players_per_million":2.46,"player_ids":["athletics:14329304","athletics:14408107","athletics:14417641","athletics:14500245","athletics:14625015","athletics:14675493","athletics:14703758","athletics:14841124"],"label":"Vilnius","country":"Lithuania"},"geometry":{"type":"Polygon","coordinates":[[[22.931053,55.842561],[21.924017,54.501998],[23.657106,53.363901],[26.370175,53.543763],[27.453627,54.866734],[25.752737,56.027899],[22.931053,55.842561]]]}},{"type":"Feature","properties":{"hex_id":"821f57fffffffff","population":8583259,"population_year":2025,"area_km2":77902.3,"population_density":110.2,"all_players":8,"players_per_million":0.93,"player_ids":["athletics:14336191","athletics:14434325","athletics:14500229","athletics:14524564","athletics:14704467","athletics:14736349","athletics:14799803","athletics:14875227"],"label":"Warsaw","country":"Poland"},"geometry":{"type":"Polygon","coordinates":[[[19.189333,54.224652],[18.289963,52.819052],[20.036282,51.703743],[22.6731,51.971887],[23.657106,53.363901],[21.924017,54.501998],[19.189333,54.224652]]]}},{"type":"Feature","properties":{"hex_id":"821f5ffffffffff","population":2695690,"population_year":2025,"area_km2":79647.5,"population_density":33.8,"all_players":3,"players_per_million":1.11,"player_ids":["athletics:14388144","athletics:14408893","athletics:14620985"],"label":"Voiehoshcha","country":"Ukraine"},"geometry":{"type":"Polygon","coordinates":[[[23.657106,53.363901],[22.6731,51.971887],[24.329,50.776322],[26.940864,50.952157],[27.993406,52.327164],[26.370175,53.543763],[23.657106,53.363901]]]}},{"type":"Feature","properties":{"hex_id":"821f67fffffffff","population":1840881,"population_year":2025,"area_km2":70058.2,"population_density":26.3,"all_players":5,"players_per_million":2.72,"player_ids":["athletics:14334855","athletics:14363902","athletics:14475585","athletics:14665173","athletics:14935635"],"label":"Valga","country":"Latvia"},"geometry":{"type":"Polygon","coordinates":[[[22.144282,58.209221],[21.114076,56.920734],[22.931053,55.842561],[25.752737,56.027899],[26.868471,57.29788],[25.082722,58.401545],[22.144282,58.209221]]]}},{"type":"Feature","properties":{"hex_id":"821f87fffffffff","population":16111686,"population_year":2025,"area_km2":80847.5,"population_density":199.3,"all_players":16,"players_per_million":0.99,"player_ids":["athletics:14401271","athletics:14407894","athletics:14420240","athletics:14457538","athletics:14487580","athletics:14510629","athletics:14573919","athletics:14586894","athletics:14680682","athletics:14714656","athletics:14739461","athletics:14794967","athletics:14850216","athletics:14853060","athletics:14856078","athletics:14909605"],"label":"Basel","country":"Switzerland"},"geometry":{"type":"Polygon","coordinates":[[[5.163511,48.943764],[4.652435,47.393027],[6.371339,46.417017],[8.645314,46.977068],[9.251571,48.534678],[7.489806,49.526212],[5.163511,48.943764]]]}},{"type":"Feature","properties":{"hex_id":"821f8ffffffffff","population":12778297,"population_year":2025,"area_km2":84307.8,"population_density":151.6,"all_players":11,"players_per_million":0.86,"player_ids":["athletics:14193865","athletics:14473492","athletics:14481078","athletics:14508777","athletics:14509523","athletics:14700830","athletics:14702376","athletics:14740317","athletics:14845074","athletics:14899530","athletics:15169563"],"label":"Munich","country":"Germany"},"geometry":{"type":"Polygon","coordinates":[[[9.251571,48.534678],[8.645314,46.977068],[10.343213,45.921928],[12.677318,46.406957],[13.374348,47.965938],[11.648396,49.039345],[9.251571,48.534678]]]}},{"type":"Feature","properties":{"hex_id":"821f97fffffffff","population":9069390,"population_year":2025,"area_km2":81458.9,"population_density":111.3,"all_players":6,"players_per_million":0.66,"player_ids":["athletics:14183680","athletics:14273725","athletics:14632689","athletics:14652395","athletics:14733137","athletics:14778502"],"label":"Vénissieux","country":"France"},"geometry":{"type":"Polygon","coordinates":[[[2.458902,46.763731],[2.026569,45.184249],[3.696702,44.221235],[5.848477,44.82547],[6.371339,46.417017],[4.652435,47.393027],[2.458902,46.763731]]]}},{"type":"Feature","properties":{"hex_id":"821f9ffffffffff","population":16398717,"population_year":2025,"area_km2":85294.5,"population_density":192.3,"all_players":23,"players_per_million":1.4,"player_ids":["athletics:14200480","athletics:14284455","athletics:14335205","athletics:14428757","athletics:14487463","athletics:14514022","athletics:14514026","athletics:14595370","athletics:14625668","athletics:14629026","athletics:14632353","athletics:14679517","athletics:14680524","athletics:14683945","athletics:14697662","athletics:14701876","athletics:14701882","athletics:14736254","athletics:14741773","athletics:14752217","athletics:14918450","athletics:14953777","athletics:15010318"],"label":"Milan","country":"Italy"},"geometry":{"type":"Polygon","coordinates":[[[6.371339,46.417017],[5.848477,44.82547],[7.509948,43.786609],[9.731941,44.323805],[10.343213,45.921928],[8.645314,46.977068],[6.371339,46.417017]]]}},{"type":"Feature","properties":{"hex_id":"821fa7fffffffff","population":28149582,"population_year":2025,"area_km2":76219.8,"population_density":369.3,"all_players":25,"players_per_million":0.89,"player_ids":["athletics:14360841","athletics:14373479","athletics:14419938","athletics:14428253","athletics:14450062","athletics:14474566","athletics:14483212","athletics:14508434","athletics:14526691","athletics:14528844","athletics:14536209","athletics:14593203","athletics:14593204","athletics:14621598","athletics:14627121","athletics:14631296","athletics:14634371","athletics:14649117","athletics:14676801","athletics:14681333","athletics:14709531","athletics:14738788","athletics:14753471","athletics:14779993","athletics:14858133"],"label":"Düsseldorf","country":"Belgium"},"geometry":{"type":"Polygon","coordinates":[[[3.881134,51.360376],[3.384772,49.85377],[5.163511,48.943764],[7.489806,49.526212],[8.088631,51.039696],[6.259687,51.96477],[3.881134,51.360376]]]}},{"type":"Feature","properties":{"hex_id":"821faffffffffff","population":20512004,"population_year":2025,"area_km2":79647.5,"population_density":257.5,"all_players":15,"players_per_million":0.73,"player_ids":["athletics:14329341","athletics:14361931","athletics:14377384","athletics:14420076","athletics:14448966","athletics:14507608","athletics:14510348","athletics:14565871","athletics:14584926","athletics:14603864","athletics:14702578","athletics:14753981","athletics:14771269","athletics:14804796","athletics:14840255"],"label":"Mannheim","country":"Germany"},"geometry":{"type":"Polygon","coordinates":[[[8.088631,51.039696],[7.489806,49.526212],[9.251571,48.534678],[11.648396,49.039345],[12.345747,50.554275],[10.549623,51.56399],[8.088631,51.039696]]]}},{"type":"Feature","properties":{"hex_id":"821fb7fffffffff","population":17326098,"population_year":2025,"area_km2":77926.1,"population_density":222.3,"all_players":18,"players_per_million":1.04,"player_ids":["athletics:14329797","athletics:14377046","athletics:14404859","athletics:14424718","athletics:14523787","athletics:14645336","athletics:14652627","athletics:14679916","athletics:14683883","athletics:14685406","athletics:14707040","athletics:14734248","athletics:14734289","athletics:14752018","athletics:14755665","athletics:14799335","athletics:14839284","athletics:14880182"],"label":"Paris","country":"France"},"geometry":{"type":"Polygon","coordinates":[[[1.18851,49.470279],[0.764026,47.90745],[2.458902,46.763731],[4.652435,47.393027],[5.163511,48.943764],[3.384772,49.85377],[1.18851,49.470279]]]}},{"type":"Feature","properties":{"hex_id":"8220a7fffffffff","population":19151502,"population_year":2025,"area_km2":102761.2,"population_density":186.4,"all_players":1,"players_per_million":0.05,"player_ids":["athletics:14956284"],"label":"Samarkand","country":"Uzbekistan"},"geometry":{"type":"Polygon","coordinates":[[[66.248113,40.813541],[66.718397,39.067301],[68.880863,38.470904],[70.665594,39.592304],[70.306377,41.359581],[68.048608,41.985775],[66.248113,40.813541]]]}},{"type":"Feature","properties":{"hex_id":"8220e7fffffffff","population":4739582,"population_year":2025,"area_km2":103215.8,"population_density":45.9,"all_players":1,"players_per_million":0.21,"player_ids":["athletics:14401268"],"label":"Almaty","country":"Kazakhstan"},"geometry":{"type":"Polygon","coordinates":[[[76.224314,44.593447],[76.421286,42.800878],[78.596296,42.014048],[80.644421,42.975758],[80.582601,44.765501],[78.337155,45.598111],[76.224314,44.593447]]]}},{"type":"Feature","properties":{"hex_id":"8224c7fffffffff","population":5698870,"population_year":2025,"area_km2":74863.4,"population_density":76.1,"all_players":1,"players_per_million":0.18,"player_ids":["athletics:14521585"],"label":"Wuhai","country":"People's Republic of China"},"geometry":{"type":"Polygon","coordinates":[[[105.277545,40.010051],[104.694357,38.448645],[105.968049,37.379975],[107.78678,37.830135],[108.426284,39.340814],[107.194146,40.451791],[105.277545,40.010051]]]}},{"type":"Feature","properties":{"hex_id":"822517fffffffff","population":194686,"population_year":2025,"area_km2":95515.4,"population_density":2.0,"all_players":1,"players_per_million":5.14,"player_ids":["athletics:14382710"],"label":"Ulaangom","country":"Mongolia"},"geometry":{"type":"Polygon","coordinates":[[[89.819391,49.8854],[89.577507,48.132924],[91.632723,47.100368],[93.944227,47.769056],[94.327324,49.48817],[92.262082,50.573287],[89.819391,49.8854]]]}},{"type":"Feature","properties":{"hex_id":"82255ffffffffff","population":1959795,"population_year":2025,"area_km2":79647.5,"population_density":24.6,"all_players":1,"players_per_million":0.51,"player_ids":["athletics:14867157"],"label":"Ulaanbaatar","country":"Mongolia"},"geometry":{"type":"Polygon","coordinates":[[[105.691709,50.260452],[104.972283,48.669965],[106.499377,47.463169],[108.688015,47.80787],[109.487514,49.344851],[108.024391,50.590454],[105.691709,50.260452]]]}},{"type":"Feature","properties":{"hex_id":"822607fffffffff","population":801807,"population_year":2025,"area_km2":86328.2,"population_density":9.3,"all_players":1,"players_per_million":1.25,"player_ids":["athletics:14368938"],"label":"Sioux City","country":"United States"},"geometry":{"type":"Polygon","coordinates":[[[-97.551209,45.038257],[-99.490649,44.209999],[-99.333552,42.604335],[-97.30469,41.807241],[-95.412903,42.599409],[-95.464507,44.208686],[-97.551209,45.038257]]]}},{"type":"Feature","properties":{"hex_id":"82262ffffffffff","population":2511826,"population_year":2025,"area_km2":87326.6,"population_density":28.8,"all_players":3,"players_per_million":1.19,"player_ids":["athletics:14464527","athletics:14674710","athletics:14803230"],"label":"Hopkins","country":"United States"},"geometry":{"type":"Polygon","coordinates":[[[-93.418118,44.972526],[-95.464507,44.208686],[-95.412903,42.599409],[-93.458032,41.743249],[-91.476262,42.44496],[-91.384239,44.06279],[-93.418118,44.972526]]]}},{"type":"Feature","properties":{"hex_id":"822647fffffffff","population":4073203,"population_year":2025,"area_km2":85294.5,"population_density":47.8,"all_players":2,"players_per_million":0.49,"player_ids":["athletics:14491584","athletics:14533525"],"label":"Springfield","country":"United States"},"geometry":{"type":"Polygon","coordinates":[[[-89.748537,36.65876],[-87.990764,37.382074],[-87.951382,39.014788],[-89.726216,39.947222],[-91.54335,39.225656],[-91.525283,37.57043],[-89.748537,36.65876]]]}},{"type":"Feature","properties":{"hex_id":"82264ffffffffff","population":4363740,"population_year":2025,"area_km2":85627.7,"population_density":51.0,"all_players":1,"players_per_million":0.23,"player_ids":["athletics:14785286"],"label":"Huntsville","country":"United States"},"geometry":{"type":"Polygon","coordinates":[[[-88.065886,34.059836],[-86.366648,34.786557],[-86.303213,36.434527],[-87.990764,37.382074],[-89.748537,36.65876],[-89.759172,34.984893],[-88.065886,34.059836]]]}},{"type":"Feature","properties":{"hex_id":"822667fffffffff","population":11642346,"population_year":2025,"area_km2":85294.5,"population_density":136.5,"all_players":3,"players_per_million":0.26,"player_ids":["athletics:14373498","athletics:14486888","athletics:14905834"],"label":"Indianapolis","country":"United States"},"geometry":{"type":"Polygon","coordinates":[[[-87.526255,42.152917],[-89.578398,41.518555],[-89.726216,39.947222],[-87.951382,39.014788],[-85.979328,39.596509],[-85.703199,41.161269],[-87.526255,42.152917]]]}},{"type":"Feature","properties":{"hex_id":"82266ffffffffff","population":4140731,"population_year":2025,"area_km2":82416.4,"population_density":50.2,"all_players":1,"players_per_million":0.24,"player_ids":["athletics:14498578"],"label":"Louisville","country":"United States"},"geometry":{"type":"Polygon","coordinates":[[[-85.979328,39.596509],[-87.951382,39.014788],[-87.990764,37.382074],[-86.303213,36.434527],[-84.585167,37.099589],[-84.278055,38.60875],[-85.979328,39.596509]]]}},{"type":"Feature","properties":{"hex_id":"822677fffffffff","population":1707453,"population_year":2025,"area_km2":85321.7,"population_density":20.0,"all_players":1,"players_per_million":0.59,"player_ids":["athletics:14845926"],"label":"Rock Island","country":"United States"},"geometry":{"type":"Polygon","coordinates":[[[-91.476262,42.44496],[-93.458032,41.743249],[-93.407414,40.114355],[-91.54335,39.225656],[-89.726216,39.947222],[-89.578398,41.518555],[-91.476262,42.44496]]]}},{"type":"Feature","properties":{"hex_id":"82268ffffffffff","population":3218622,"population_year":2025,"area_km2":95515.4,"population_density":33.7,"all_players":1,"players_per_million":0.31,"player_ids":["athletics:14713272"],"label":"Denver","country":"United States"},"geometry":{"type":"Polygon","coordinates":[[[-104.454816,36.494369],[-102.671357,37.471973],[-102.876807,39.164785],[-104.928668,39.882147],[-106.738368,38.891674],[-106.47056,37.197522],[-104.454816,36.494369]]]}},{"type":"Feature","properties":{"hex_id":"8226cffffffffff","population":9574277,"population_year":2025,"area_km2":96323.1,"population_density":99.4,"all_players":5,"players_per_million":0.52,"player_ids":["athletics:14450465","athletics:14503660","athletics:14596561","athletics:14715853","athletics:14717691"],"label":"Plano","country":"United States"},"geometry":{"type":"Polygon","coordinates":[[[-96.66289,31.619531],[-94.945821,32.516906],[-95.017507,34.246081],[-96.863145,35.093055],[-98.622726,34.188046],[-98.493873,32.444355],[-96.66289,31.619531]]]}},{"type":"Feature","properties":{"hex_id":"82274ffffffffff","population":6546722,"population_year":2025,"area_km2":89440.6,"population_density":73.2,"all_players":3,"players_per_million":0.46,"player_ids":["athletics:14536919","athletics:14603138","athletics:14716925"],"label":"Grand Rapids","country":"United States"},"geometry":{"type":"Polygon","coordinates":[[[-85.090138,44.382483],[-87.290551,43.768738],[-87.526255,42.152917],[-85.703199,41.161269],[-83.600197,41.724215],[-83.224953,43.327485],[-85.090138,44.382483]]]}},{"type":"Feature","properties":{"hex_id":"822757fffffffff","population":3436263,"population_year":2025,"area_km2":91641.3,"population_density":37.5,"all_players":2,"players_per_million":0.58,"player_ids":["athletics:14426023","athletics:14715244"],"label":"Rice Lake","country":"United States"},"geometry":{"type":"Polygon","coordinates":[[[-91.178447,47.383632],[-93.395849,46.63002],[-93.418118,44.972526],[-91.384239,44.06279],[-89.249838,44.754421],[-89.066565,46.415378],[-91.178447,47.383632]]]}},{"type":"Feature","properties":{"hex_id":"82276ffffffffff","population":531608,"population_year":2025,"area_km2":93159.0,"population_density":5.7,"all_players":1,"players_per_million":1.88,"player_ids":["athletics:14389747"],"label":"West Branch","country":"United States"},"geometry":{"type":"Polygon","coordinates":[[[-82.388064,46.615408],[-84.748614,46.035179],[-85.090138,44.382483],[-83.224953,43.327485],[-80.982253,43.86012],[-80.490261,45.49319],[-82.388064,46.615408]]]}},{"type":"Feature","properties":{"hex_id":"822837fffffffff","population":14366819,"population_year":2025,"area_km2":89801.2,"population_density":160.0,"all_players":3,"players_per_million":0.21,"player_ids":["athletics:14486939","athletics:14681630","athletics:14695265"],"label":"Davis","country":"United States"},"geometry":{"type":"Polygon","coordinates":[[[-121.707157,36.574218],[-120.150308,37.778361],[-120.625018,39.393868],[-122.699099,39.784231],[-124.231246,38.566387],[-123.715986,36.972296],[-121.707157,36.574218]]]}},{"type":"Feature","properties":{"hex_id":"82288ffffffffff","population":1046369,"population_year":2025,"area_km2":80847.5,"population_density":12.9,"all_players":1,"players_per_million":0.96,"player_ids":["athletics:14481824"],"label":"Moscow","country":"United States"},"geometry":{"type":"Polygon","coordinates":[[[-118.250236,44.830691],[-116.483698,45.929069],[-116.945809,47.422734],[-119.232215,47.804097],[-120.980657,46.691537],[-120.463169,45.21242],[-118.250236,44.830691]]]}},{"type":"Feature","properties":{"hex_id":"8228d7fffffffff","population":6638102,"population_year":2025,"area_km2":76219.8,"population_density":87.1,"all_players":2,"players_per_million":0.3,"player_ids":["athletics:14409929","athletics:14941414"],"label":"Seattle","country":"United States"},"geometry":{"type":"Polygon","coordinates":[[[-120.980657,46.691537],[-119.232215,47.804097],[-119.747324,49.236416],[-122.065326,49.540804],[-123.785414,48.414997],[-123.218544,46.998589],[-120.980657,46.691537]]]}},{"type":"Feature","properties":{"hex_id":"8228dffffffffff","population":3121728,"population_year":2025,"area_km2":72289.7,"population_density":43.2,"all_players":6,"players_per_million":1.92,"player_ids":["athletics:14174336","athletics:14266948","athletics:14326707","athletics:14426684","athletics:14607142","athletics:14809348"],"label":"Richmond","country":"Canada"},"geometry":{"type":"Polygon","coordinates":[[[-123.785414,48.414997],[-122.065326,49.540804],[-123.122866,50.984711],[-125.501019,51.20399],[-126.653646,49.99834],[-126.038043,48.646404],[-123.785414,48.414997]]]}},{"type":"Feature","properties":{"hex_id":"8228f7fffffffff","population":3870003,"population_year":2025,"area_km2":79647.5,"population_density":48.6,"all_players":2,"players_per_million":0.52,"player_ids":["athletics:14369211","athletics:14877563"],"label":"Portland","country":"United States"},"geometry":{"type":"Polygon","coordinates":[[[-122.134831,44.057691],[-120.463169,45.21242],[-120.980657,46.691537],[-123.218544,46.998589],[-124.859982,45.831702],[-124.296252,44.370406],[-122.134831,44.057691]]]}},{"type":"Feature","properties":{"hex_id":"822917fffffffff","population":605031,"population_year":2025,"area_km2":95515.4,"population_density":6.3,"all_players":1,"players_per_million":1.65,"player_ids":["athletics:14476943"],"label":"Santa Barbara","country":"United States"},"geometry":{"type":"Polygon","coordinates":[[[-120.318338,31.57331],[-118.804528,32.779438],[-119.240554,34.468622],[-121.231482,34.929532],[-122.726209,33.706603],[-122.250772,32.039958],[-120.318338,31.57331]]]}},{"type":"Feature","properties":{"hex_id":"822987fffffffff","population":2847941,"population_year":2025,"area_km2":95515.4,"population_density":29.8,"all_players":1,"players_per_million":0.35,"player_ids":["athletics:14486785"],"label":"Las Vegas","country":"United States"},"geometry":{"type":"Polygon","coordinates":[[[-115.644549,35.13856],[-113.999549,36.284189],[-114.382127,37.963949],[-116.46105,38.483502],[-118.098739,37.321697],[-117.666441,35.65712],[-115.644549,35.13856]]]}},{"type":"Feature","properties":{"hex_id":"8229a7fffffffff","population":26139253,"population_year":2025,"area_km2":97556.0,"population_density":267.9,"all_players":6,"players_per_million":0.23,"player_ids":["athletics:14423522","athletics:14437218","athletics:14440868","athletics:14521979","athletics:14577492","athletics:14647494"],"label":"San Diego","country":"United States"},"geometry":{"type":"Polygon","coordinates":[[[-116.838302,32.260383],[-115.254005,33.431536],[-115.644549,35.13856],[-117.666441,35.65712],[-119.240554,34.468622],[-118.804528,32.779438],[-116.838302,32.260383]]]}},{"type":"Feature","properties":{"hex_id":"8229affffffffff","population":3828785,"population_year":2025,"area_km2":93933.6,"population_density":40.8,"all_players":1,"players_per_million":0.26,"player_ids":["athletics:14465104"],"label":"California","country":"United States"},"geometry":{"type":"Polygon","coordinates":[[[-119.240554,34.468622],[-117.666441,35.65712],[-118.098739,37.321697],[-120.150308,37.778361],[-121.707157,36.574218],[-121.231482,34.929532],[-119.240554,34.468622]]]}},{"type":"Feature","properties":{"hex_id":"822a17fffffffff","population":30364242,"population_year":2025,"area_km2":87326.6,"population_density":347.7,"all_players":11,"players_per_million":0.36,"player_ids":["athletics:14316952","athletics:14317560","athletics:14416979","athletics:14463876","athletics:14574865","athletics:14574966","athletics:14624749","athletics:14628218","athletics:14716563","athletics:14761424","athletics:14877777"],"label":"New York City","country":"United States"},"geometry":{"type":"Polygon","coordinates":[[[-73.076912,42.400493],[-75.333452,42.029564],[-75.960619,40.480497],[-74.442775,39.340569],[-72.307877,39.686062],[-71.573772,41.195725],[-73.076912,42.400493]]]}},{"type":"Feature","properties":{"hex_id":"822a87fffffffff","population":4299023,"population_year":2025,"area_km2":85294.5,"population_density":50.4,"all_players":1,"players_per_million":0.23,"player_ids":["athletics:14715503"],"label":"Pittsburgh","country":"United States"},"geometry":{"type":"Polygon","coordinates":[[[-79.734069,41.163834],[-81.867503,40.674246],[-82.267059,39.125451],[-80.651775,38.089298],[-78.619418,38.540002],[-78.104271,40.06406],[-79.734069,41.163834]]]}},{"type":"Feature","properties":{"hex_id":"822a8ffffffffff","population":6334016,"population_year":2025,"area_km2":80847.5,"population_density":78.3,"all_players":1,"players_per_million":0.16,"player_ids":["athletics:14716862"],"label":"Richmond","country":"United States"},"geometry":{"type":"Polygon","coordinates":[[[-78.619418,38.540002],[-80.651775,38.089298],[-81.068449,36.598719],[-79.557618,35.583567],[-77.618683,35.999192],[-77.099922,37.463561],[-78.619418,38.540002]]]}},{"type":"Feature","properties":{"hex_id":"822a97fffffffff","population":8425121,"population_year":2025,"area_km2":85627.7,"population_density":98.4,"all_players":1,"players_per_million":0.12,"player_ids":["athletics:14313263"],"label":"Ohio","country":"United States"},"geometry":{"type":"Polygon","coordinates":[[[-83.600197,41.724215],[-85.703199,41.161269],[-85.979328,39.596509],[-84.278055,38.60875],[-82.267059,39.125451],[-81.867503,40.674246],[-83.600197,41.724215]]]}},{"type":"Feature","properties":{"hex_id":"822aaffffffffff","population":16213426,"population_year":2025,"area_km2":84307.8,"population_density":192.3,"all_players":4,"players_per_million":0.25,"player_ids":["athletics:14479216","athletics:14522818","athletics:14659011","athletics:14745764"],"label":"Lanham","country":"United States"},"geometry":{"type":"Polygon","coordinates":[[[-75.960619,40.480497],[-78.104271,40.06406],[-78.619418,38.540002],[-77.099922,37.463561],[-75.063317,37.849069],[-74.442775,39.340569],[-75.960619,40.480497]]]}},{"type":"Feature","properties":{"hex_id":"822ab7fffffffff","population":10815218,"population_year":2025,"area_km2":89440.6,"population_density":120.9,"all_players":5,"players_per_million":0.46,"player_ids":["athletics:14373744","athletics:14464956","athletics:14501531","athletics:14530244","athletics:14715397"],"label":"London","country":"United States"},"geometry":{"type":"Polygon","coordinates":[[[-80.982253,43.86012],[-83.224953,43.327485],[-83.600197,41.724215],[-81.867503,40.674246],[-79.734069,41.163834],[-79.227281,42.744533],[-80.982253,43.86012]]]}},{"type":"Feature","properties":{"hex_id":"822ad7fffffffff","population":3814677,"population_year":2025,"area_km2":76219.8,"population_density":50.0,"all_players":1,"players_per_million":0.26,"player_ids":["athletics:14509544"],"label":"Dillon","country":"United States"},"geometry":{"type":"Polygon","coordinates":[[[-77.618683,35.999192],[-79.557618,35.583567],[-79.985888,34.15372],[-78.568356,33.165261],[-76.715776,33.549278],[-76.1969,34.952047],[-77.618683,35.999192]]]}},{"type":"Feature","properties":{"hex_id":"822af7fffffffff","population":2171642,"population_year":2025,"area_km2":79647.5,"population_density":27.3,"all_players":1,"players_per_million":0.46,"player_ids":["athletics:14516985"],"label":"Chesapeake","country":"United States"},"geometry":{"type":"Polygon","coordinates":[[[-75.063317,37.849069],[-77.099922,37.463561],[-77.618683,35.999192],[-76.1969,34.952047],[-74.258118,35.309765],[-73.646509,36.741215],[-75.063317,37.849069]]]}},{"type":"Feature","properties":{"hex_id":"822b0ffffffffff","population":550997,"population_year":2025,"area_km2":88726.5,"population_density":6.2,"all_players":1,"players_per_million":1.81,"player_ids":["athletics:14607093"],"label":"Brooklyn","country":"Canada"},"geometry":{"type":"Polygon","coordinates":[[[-62.755621,44.916521],[-65.162942,44.754772],[-66.159126,43.241648],[-64.835193,41.948534],[-62.573477,42.109998],[-61.496538,43.564806],[-62.755621,44.916521]]]}},{"type":"Feature","properties":{"hex_id":"822b1ffffffffff","population":827144,"population_year":2025,"area_km2":91641.3,"population_density":9.0,"all_players":1,"players_per_million":1.21,"player_ids":["athletics:14571874"],"label":"Q2138","country":"Canada"},"geometry":{"type":"Polygon","coordinates":[[[-66.585251,46.088503],[-69.060562,45.844655],[-69.955068,44.277849],[-68.482715,43.008011],[-66.159126,43.241648],[-65.162942,44.754772],[-66.585251,46.088503]]]}},{"type":"Feature","properties":{"hex_id":"822b87fffffffff","population":3438566,"population_year":2025,"area_km2":95515.4,"population_density":36.0,"all_players":1,"players_per_million":0.29,"player_ids":["athletics:14579721"],"label":"Gatineau","country":"Canada"},"geometry":{"type":"Polygon","coordinates":[[[-74.929476,48.066013],[-77.471719,47.634566],[-78.100366,45.982432],[-76.33587,44.798413],[-73.944231,45.197835],[-73.17262,46.811656],[-74.929476,48.066013]]]}},{"type":"Feature","properties":{"hex_id":"822b8ffffffffff","population":3267276,"population_year":2025,"area_km2":91641.3,"population_density":35.7,"all_players":1,"players_per_million":0.31,"player_ids":["athletics:14436941"],"label":"Albany","country":"United States"},"geometry":{"type":"Polygon","coordinates":[[[-73.944231,45.197835],[-76.33587,44.798413],[-76.966258,43.195408],[-75.333452,42.029564],[-73.076912,42.400493],[-72.323382,43.964363],[-73.944231,45.197835]]]}},{"type":"Feature","properties":{"hex_id":"822b9ffffffffff","population":11744141,"population_year":2025,"area_km2":92775.6,"population_density":126.6,"all_players":10,"players_per_million":0.85,"player_ids":["athletics:14330302","athletics:14366482","athletics:14400932","athletics:14405301","athletics:14478094","athletics:14535607","athletics:14541853","athletics:14551247","athletics:14631553","athletics:14876627"],"label":"Toronto","country":"Canada"},"geometry":{"type":"Polygon","coordinates":[[[-78.100366,45.982432],[-80.490261,45.49319],[-80.982253,43.86012],[-79.227281,42.744533],[-76.966258,43.195408],[-76.33587,44.798413],[-78.100366,45.982432]]]}},{"type":"Feature","properties":{"hex_id":"822baffffffffff","population":6643169,"population_year":2025,"area_km2":93933.6,"population_density":70.7,"all_players":2,"players_per_million":0.3,"player_ids":["athletics:14421456","athletics:14687513"],"label":"Quebec City","country":"Canada"},"geometry":{"type":"Polygon","coordinates":[[[-70.65056,47.146099],[-73.17262,46.811656],[-73.944231,45.197835],[-72.323382,43.964363],[-69.955068,44.277849],[-69.060562,45.844655],[-70.65056,47.146099]]]}},{"type":"Feature","properties":{"hex_id":"822c37fffffffff","population":7119999,"population_year":2025,"area_km2":89801.2,"population_density":79.3,"all_players":3,"players_per_million":0.42,"player_ids":["athletics:14698109","athletics:14735409","athletics:14828209"],"label":"Batman","country":"Turkey"},"geometry":{"type":"Polygon","coordinates":[[[39.97757,39.845483],[38.930218,38.400687],[40.013904,36.899865],[42.08453,36.839638],[43.137521,38.257426],[42.116516,39.762213],[39.97757,39.845483]]]}},{"type":"Feature","properties":{"hex_id":"822ccffffffffff","population":3269466,"population_year":2025,"area_km2":96323.1,"population_density":33.9,"all_players":1,"players_per_million":0.31,"player_ids":["athletics:14302761"],"label":"Ashgabat","country":"Turkmenistan"},"geometry":{"type":"Polygon","coordinates":[[[54.846596,38.436844],[55.582222,36.7992],[57.682765,36.411418],[59.150327,37.656443],[58.490385,39.33658],[56.283231,39.729601],[54.846596,38.436844]]]}},{"type":"Feature","properties":{"hex_id":"822d67fffffffff","population":6765227,"population_year":2025,"area_km2":82416.4,"population_density":82.1,"all_players":1,"players_per_million":0.15,"player_ids":["athletics:14739628"],"label":"Dnipro","country":"Ukraine"},"geometry":{"type":"Polygon","coordinates":[[[34.97725,48.445115],[36.299106,47.056314],[38.692906,46.99246],[39.760902,48.458995],[38.481259,49.879789],[36.116724,49.779343],[34.97725,48.445115]]]}},{"type":"Feature","properties":{"hex_id":"822da7fffffffff","population":10847072,"population_year":2025,"area_km2":97556.0,"population_density":111.2,"all_players":3,"players_per_million":0.28,"player_ids":["athletics:14595151","athletics:14595920","athletics:14737427"],"label":"Nicosia","country":"Cyprus"},"geometry":{"type":"Polygon","coordinates":[[[33.614584,36.858664],[32.6655,35.299894],[33.851253,33.82016],[35.941661,33.88647],[36.912602,35.41856],[35.773758,36.910957],[33.614584,36.858664]]]}},{"type":"Feature","properties":{"hex_id":"822db7fffffffff","population":31744678,"population_year":2025,"area_km2":98815.5,"population_density":321.3,"all_players":4,"players_per_million":0.13,"player_ids":["athletics:14283592","athletics:14699069","athletics:14897470","athletics:15063908"],"label":"Tel Aviv","country":"Israel"},"geometry":{"type":"Polygon","coordinates":[[[33.851253,33.82016],[32.928331,32.240102],[34.073508,30.754985],[36.099347,30.835944],[37.042325,32.387471],[35.941661,33.88647],[33.851253,33.82016]]]}},{"type":"Feature","properties":{"hex_id":"822e0ffffffffff","population":4443662,"population_year":2025,"area_km2":80544.7,"population_density":55.2,"all_players":1,"players_per_million":0.23,"player_ids":["athletics:14714601"],"label":"Rikuzentakata","country":"Japan"},"geometry":{"type":"Polygon","coordinates":[[[141.809657,38.825701],[141.966983,40.491751],[140.284877,41.393622],[138.515018,40.617501],[138.441462,38.9811],[140.055179,38.090666],[141.809657,38.825701]]]}},{"type":"Feature","properties":{"hex_id":"822e1ffffffffff","population":4250082,"population_year":2025,"area_km2":82705.0,"population_density":51.4,"all_players":2,"players_per_million":0.47,"player_ids":["athletics:14547883","athletics:14649131"],"label":"Otaru","country":"Japan"},"geometry":{"type":"Polygon","coordinates":[[[143.841653,41.226082],[144.05802,42.901226],[142.305844,43.816095],[140.4084,43.04217],[140.284877,41.393622],[141.966983,40.491751],[143.841653,41.226082]]]}},{"type":"Feature","properties":{"hex_id":"822e2ffffffffff","population":5113664,"population_year":2025,"area_km2":82705.0,"population_density":61.8,"all_players":1,"players_per_million":0.2,"player_ids":["athletics:14766515"],"label":"Kasama","country":"Japan"},"geometry":{"type":"Polygon","coordinates":[[[143.252469,36.192692],[143.43958,37.868877],[141.809657,38.825701],[140.055179,38.090666],[139.948213,36.441778],[141.516472,35.500079],[143.252469,36.192692]]]}},{"type":"Feature","properties":{"hex_id":"822e67fffffffff","population":29949728,"population_year":2025,"area_km2":74863.4,"population_density":400.1,"all_players":12,"players_per_million":0.4,"player_ids":["athletics:14327811","athletics:14419637","athletics:14421697","athletics:14547456","athletics:14573292","athletics:14649141","athletics:14649145","athletics:14686838","athletics:14806962","athletics:14855118","athletics:14883987","athletics:14998155"],"label":"Osaka Prefecture","country":"Japan"},"geometry":{"type":"Polygon","coordinates":[[[138.240188,34.090249],[138.304265,35.714832],[136.756542,36.594877],[135.209181,35.840284],[135.213088,34.249062],[136.697641,33.378798],[138.240188,34.090249]]]}},{"type":"Feature","properties":{"hex_id":"822e6ffffffffff","population":11126476,"population_year":2025,"area_km2":70058.2,"population_density":158.8,"all_players":5,"players_per_million":0.45,"player_ids":["athletics:14286162","athletics:14370411","athletics:14444487","athletics:14632538","athletics:14671473"],"label":"Kobe","country":"Japan"},"geometry":{"type":"Polygon","coordinates":[[[135.213088,34.249062],[135.209181,35.840284],[133.690522,36.661487],[132.241949,35.885847],[132.308377,34.331159],[133.762313,33.515468],[135.213088,34.249062]]]}},{"type":"Feature","properties":{"hex_id":"822e77fffffffff","population":8733312,"population_year":2025,"area_km2":77902.3,"population_density":112.1,"all_players":1,"players_per_million":0.11,"player_ids":["athletics:15044337"],"label":"Maebashi","country":"Japan"},"geometry":{"type":"Polygon","coordinates":[[[139.948213,36.441778],[140.055179,38.090666],[138.441462,38.9811],[136.788028,38.211878],[136.756542,36.594877],[138.304265,35.714832],[139.948213,36.441778]]]}},{"type":"Feature","properties":{"hex_id":"822f5ffffffffff","population":40494200,"population_year":2025,"area_km2":79647.5,"population_density":508.4,"all_players":9,"players_per_million":0.22,"player_ids":["athletics:14326241","athletics:14423325","athletics:14719623","athletics:14740573","athletics:14815041","athletics:14840153","athletics:14860572","athletics:14895907","athletics:14931241"],"label":"Kanagawa Prefecture","country":"Japan"},"geometry":{"type":"Polygon","coordinates":[[[141.379662,33.846135],[141.516472,35.500079],[139.948213,36.441778],[138.304265,35.714832],[138.240188,34.090249],[139.748325,33.162808],[141.379662,33.846135]]]}},{"type":"Feature","properties":{"hex_id":"823017fffffffff","population":9721961,"population_year":2025,"area_km2":56786.6,"population_density":171.2,"all_players":1,"players_per_million":0.1,"player_ids":["athletics:14430151"],"label":"Penglai District","country":"People's Republic of China"},"geometry":{"type":"Polygon","coordinates":[[[121.776595,36.629598],[122.037276,37.880975],[120.728005,38.910054],[119.124254,38.693373],[118.869299,37.429854],[120.211824,36.394827],[121.776595,36.629598]]]}},{"type":"Feature","properties":{"hex_id":"82309ffffffffff","population":83609784,"population_year":2025,"area_km2":65980.3,"population_density":1267.2,"all_players":2,"players_per_million":0.02,"player_ids":["athletics:14376449","athletics:14889043"],"label":"Shaoxing","country":"People's Republic of China"},"geometry":{"type":"Polygon","coordinates":[[[119.453159,32.376319],[119.20437,30.972609],[120.503394,29.892985],[122.113538,30.589507],[122.372835,31.991695],[121.006688,32.682213],[119.453159,32.376319]]]}},{"type":"Feature","properties":{"hex_id":"8230c7fffffffff","population":17897330,"population_year":2025,"area_km2":63447.1,"population_density":282.1,"all_players":1,"players_per_million":0.06,"player_ids":["athletics:14532326"],"label":"Daejeon","country":"South Korea"},"geometry":{"type":"Polygon","coordinates":[[[126.253349,35.974736],[125.973267,34.659415],[127.394514,33.936306],[129.115986,34.537795],[129.409707,35.861246],[127.968639,36.57549],[126.253349,35.974736]]]}},{"type":"Feature","properties":{"hex_id":"8230cffffffffff","population":1974565,"population_year":2025,"area_km2":65980.3,"population_density":29.9,"all_players":2,"players_per_million":1.01,"player_ids":["athletics:14671546","athletics:14860379"],"label":"Kitakyūshū","country":"Japan"},"geometry":{"type":"Polygon","coordinates":[[[129.409707,35.861246],[129.115986,34.537795],[130.557843,33.768644],[132.308377,34.331159],[132.241949,35.885847],[130.759352,36.651654],[129.409707,35.861246]]]}},{"type":"Feature","properties":{"hex_id":"8230dffffffffff","population":4363794,"population_year":2025,"area_km2":68186.6,"population_density":64.0,"all_players":3,"players_per_million":0.69,"player_ids":["athletics:14460527","athletics:14766546","athletics:14766617"],"label":"Ōnojō-shi","country":"Japan"},"geometry":{"type":"Polygon","coordinates":[[[127.394514,33.936306],[127.110454,32.565288],[128.534469,31.786712],[130.260732,32.389001],[130.557843,33.768644],[129.115986,34.537795],[127.394514,33.936306]]]}},{"type":"Feature","properties":{"hex_id":"823187fffffffff","population":31107060,"population_year":2025,"area_km2":63447.1,"population_density":490.3,"all_players":1,"players_per_million":0.03,"player_ids":["athletics:14266426"],"label":"Luquan District","country":"People's Republic of China"},"geometry":{"type":"Polygon","coordinates":[[[113.896908,40.399611],[113.146437,38.966574],[114.139901,37.869616],[115.828203,38.174411],[116.607976,39.554439],[115.673001,40.681885],[113.896908,40.399611]]]}},{"type":"Feature","properties":{"hex_id":"823467fffffffff","population":252774,"population_year":2025,"area_km2":101417.2,"population_density":2.5,"all_players":1,"players_per_million":3.96,"player_ids":["athletics:14780010"],"label":"Funchal","country":"Portugal"},"geometry":{"type":"Polygon","coordinates":[[[-16.391111,33.85538],[-18.225634,32.94225],[-18.188213,31.152233],[-16.392619,30.287385],[-14.608842,31.177353],[-14.570452,32.954386],[-16.391111,33.85538]]]}},{"type":"Feature","properties":{"hex_id":"82346ffffffffff","population":1021093,"population_year":2025,"area_km2":99241.3,"population_density":10.3,"all_players":2,"players_per_million":1.96,"player_ids":["athletics:14427311","athletics:14757952"],"label":"Las Palmas de Gran Canaria","country":"Spain"},"geometry":{"type":"Polygon","coordinates":[[[-14.608842,31.177353],[-16.392619,30.287385],[-16.393328,28.514587],[-14.681053,27.647052],[-12.948555,28.514936],[-12.877753,30.271572],[-14.608842,31.177353]]]}},{"type":"Feature","properties":{"hex_id":"823827fffffffff","population":4893624,"population_year":2025,"area_km2":87326.6,"population_density":56.0,"all_players":2,"players_per_million":0.41,"player_ids":["athletics:14470735","athletics:14656737"],"label":"Fuente Álamo de Murcia","country":"Spain"},"geometry":{"type":"Polygon","coordinates":[[[-1.416234,38.115997],[-3.311341,37.499409],[-3.584806,35.801656],[-2.027587,34.757091],[-0.211854,35.375671],[0.123807,37.036562],[-1.416234,38.115997]]]}},{"type":"Feature","properties":{"hex_id":"82382ffffffffff","population":14969982,"population_year":2025,"area_km2":87326.6,"population_density":171.4,"all_players":1,"players_per_million":0.07,"player_ids":["athletics:14976579"],"label":"Tiaret","country":"Algeria"},"geometry":{"type":"Polygon","coordinates":[[[0.123807,37.036562],[-0.211854,35.375671],[1.272418,34.323247],[3.136479,34.918204],[3.543589,36.597898],[2.015255,37.664358],[0.123807,37.036562]]]}},{"type":"Feature","properties":{"hex_id":"823837fffffffff","population":7447760,"population_year":2025,"area_km2":89801.2,"population_density":82.9,"all_players":1,"players_per_million":0.13,"player_ids":["athletics:14590424"],"label":"Fez","country":"Morocco"},"geometry":{"type":"Polygon","coordinates":[[[-3.584806,35.801656],[-5.442348,35.124424],[-5.667272,33.405709],[-4.099405,32.398339],[-2.315335,33.072846],[-2.027587,34.757091],[-3.584806,35.801656]]]}},{"type":"Feature","properties":{"hex_id":"823867fffffffff","population":4910351,"population_year":2025,"area_km2":92775.6,"population_density":52.9,"all_players":1,"players_per_million":0.2,"player_ids":["athletics:14597364"],"label":"Constantine","country":"Algeria"},"geometry":{"type":"Polygon","coordinates":[[[5.978055,38.850564],[5.50797,37.176342],[7.029881,36.043675],[9.054678,36.567851],[9.598985,38.251433],[8.045142,39.402136],[5.978055,38.850564]]]}},{"type":"Feature","properties":{"hex_id":"82386ffffffffff","population":6956653,"population_year":2025,"area_km2":96323.1,"population_density":72.2,"all_players":2,"players_per_million":0.29,"player_ids":["athletics:14488117","athletics:14678299"],"label":"Radès","country":"Tunisia"},"geometry":{"type":"Polygon","coordinates":[[[9.598985,38.251433],[9.054678,36.567851],[10.558256,35.370372],[12.629035,35.836663],[13.244313,37.523712],[11.719175,38.741667],[9.598985,38.251433]]]}},{"type":"Feature","properties":{"hex_id":"823877fffffffff","population":13459436,"population_year":2025,"area_km2":91641.3,"population_density":146.9,"all_players":2,"players_per_million":0.15,"player_ids":["athletics:14648912","athletics:14844189"],"label":"Barika","country":"Algeria"},"geometry":{"type":"Polygon","coordinates":[[[3.543589,36.597898],[3.136479,34.918204],[4.622002,33.802925],[6.551514,34.350554],[7.029881,36.043675],[5.50797,37.176342],[3.543589,36.597898]]]}},{"type":"Feature","properties":{"hex_id":"823907fffffffff","population":2648705,"population_year":2025,"area_km2":92775.6,"population_density":28.5,"all_players":1,"players_per_million":0.38,"player_ids":["athletics:14849411"],"label":"Zafra","country":"Spain"},"geometry":{"type":"Polygon","coordinates":[[[-6.464182,41.30856],[-8.480681,40.6223],[-8.657648,38.889432],[-6.898506,37.871743],[-4.963456,38.552712],[-4.708227,40.256026],[-6.464182,41.30856]]]}},{"type":"Feature","properties":{"hex_id":"82390ffffffffff","population":8669237,"population_year":2025,"area_km2":88726.5,"population_density":97.7,"all_players":7,"players_per_million":0.81,"player_ids":["athletics:14481710","athletics:14515916","athletics:14595639","athletics:14758919","athletics:14785105","athletics:14805421","athletics:14812711"],"label":"Madrid","country":"Spain"},"geometry":{"type":"Polygon","coordinates":[[[-2.728618,40.871785],[-4.708227,40.256026],[-4.963456,38.552712],[-3.311341,37.499409],[-1.416234,38.115997],[-1.091146,39.784657],[-2.728618,40.871785]]]}},{"type":"Feature","properties":{"hex_id":"823917fffffffff","population":1682178,"population_year":2025,"area_km2":95515.4,"population_density":17.6,"all_players":6,"players_per_million":3.57,"player_ids":["athletics:14218673","athletics:14294819","athletics:14435170","athletics:14476604","athletics:14594593","athletics:14756630"],"label":"Lisbon","country":"Portugal"},"geometry":{"type":"Polygon","coordinates":[[[-8.657648,38.889432],[-10.618161,38.139996],[-10.744488,36.38323],[-8.989073,35.401916],[-7.101894,36.141695],[-6.898506,37.871743],[-8.657648,38.889432]]]}},{"type":"Feature","properties":{"hex_id":"82391ffffffffff","population":8248421,"population_year":2025,"area_km2":91641.3,"population_density":90.0,"all_players":2,"players_per_million":0.24,"player_ids":["athletics:14260762","athletics:14971542"],"label":"Los Barrios","country":"Spain"},"geometry":{"type":"Polygon","coordinates":[[[-4.963456,38.552712],[-6.898506,37.871743],[-7.101894,36.141695],[-5.442348,35.124424],[-3.584806,35.801656],[-3.311341,37.499409],[-4.963456,38.552712]]]}},{"type":"Feature","properties":{"hex_id":"823927fffffffff","population":6536997,"population_year":2025,"area_km2":93159.0,"population_density":70.2,"all_players":4,"players_per_million":0.61,"player_ids":["athletics:14526967","athletics:14575235","athletics:14645137","athletics:14737874"],"label":"Pontevedra","country":"Spain"},"geometry":{"type":"Polygon","coordinates":[[[-8.101589,44.050631],[-10.203219,43.356947],[-10.347941,41.63003],[-8.480681,40.6223],[-6.464182,41.30856],[-6.231988,43.009176],[-8.101589,44.050631]]]}},{"type":"Feature","properties":{"hex_id":"82392ffffffffff","population":3160870,"population_year":2025,"area_km2":89440.6,"population_density":35.3,"all_players":6,"players_per_million":1.9,"player_ids":["athletics:14420300","athletics:14592926","athletics:14635475","athletics:14645110","athletics:14691558","athletics:14821865"],"label":"Burgos","country":"Spain"},"geometry":{"type":"Polygon","coordinates":[[[-4.162635,43.625899],[-6.231988,43.009176],[-6.464182,41.30856],[-4.708227,40.256026],[-2.728618,40.871785],[-2.417796,42.54048],[-4.162635,43.625899]]]}},{"type":"Feature","properties":{"hex_id":"823937fffffffff","population":3262075,"population_year":2025,"area_km2":96323.1,"population_density":33.9,"all_players":3,"players_per_million":0.92,"player_ids":["athletics:14295066","athletics:14751896","athletics:14822316"],"label":"Vila Franca de Xira","country":"Portugal"},"geometry":{"type":"Polygon","coordinates":[[[-10.347941,41.63003],[-12.384127,40.869133],[-12.4757,39.112815],[-10.618161,38.139996],[-8.657648,38.889432],[-8.480681,40.6223],[-10.347941,41.63003]]]}},{"type":"Feature","properties":{"hex_id":"823947fffffffff","population":8221573,"population_year":2025,"area_km2":85294.5,"population_density":96.4,"all_players":9,"players_per_million":1.09,"player_ids":["athletics:14261358","athletics:14261420","athletics:14410257","athletics:14648428","athletics:14648429","athletics:14734117","athletics:14783906","athletics:14812578","athletics:14937005"],"label":"Sant Boi de Llobregat","country":"Spain"},"geometry":{"type":"Polygon","coordinates":[[[1.216871,41.967575],[0.837298,40.335353],[2.409691,39.323588],[4.408495,39.931959],[4.868332,41.580315],[3.24935,42.604792],[1.216871,41.967575]]]}},{"type":"Feature","properties":{"hex_id":"823957fffffffff","population":5978276,"population_year":2025,"area_km2":85321.7,"population_density":70.1,"all_players":2,"players_per_million":0.33,"player_ids":["athletics:14165989","athletics:14711683"],"label":"Bellreguard","country":"Spain"},"geometry":{"type":"Polygon","coordinates":[[[-1.091146,39.784657],[-1.416234,38.115997],[0.123807,37.036562],[2.015255,37.664358],[2.409691,39.323588],[0.837298,40.335353],[-1.091146,39.784657]]]}},{"type":"Feature","properties":{"hex_id":"823967fffffffff","population":5102029,"population_year":2025,"area_km2":82416.4,"population_density":61.9,"all_players":2,"players_per_million":0.39,"player_ids":["athletics:14423830","athletics:14646018"],"label":"Toulouse","country":"France"},"geometry":{"type":"Polygon","coordinates":[[[-0.028005,44.712978],[-0.397973,43.08589],[1.216871,41.967575],[3.24935,42.604792],[3.696702,44.221235],[2.026569,45.184249],[-0.028005,44.712978]]]}},{"type":"Feature","properties":{"hex_id":"82396ffffffffff","population":6845595,"population_year":2025,"area_km2":85627.7,"population_density":79.9,"all_players":4,"players_per_million":0.58,"player_ids":["athletics:14572111","athletics:14589314","athletics:14627382","athletics:14709654"],"label":"Montpellier","country":"France"},"geometry":{"type":"Polygon","coordinates":[[[3.696702,44.221235],[3.24935,42.604792],[4.868332,41.580315],[6.97784,42.158616],[7.509948,43.786609],[5.848477,44.82547],[3.696702,44.221235]]]}},{"type":"Feature","properties":{"hex_id":"823977fffffffff","population":2453317,"population_year":2025,"area_km2":85294.5,"population_density":28.8,"all_players":3,"players_per_million":1.22,"player_ids":["athletics:14452646","athletics:14798791","athletics:14800408"],"label":"Albelda","country":"Spain"},"geometry":{"type":"Polygon","coordinates":[[[-0.397973,43.08589],[-2.417796,42.54048],[-2.728618,40.871785],[-1.091146,39.784657],[0.837298,40.335353],[1.216871,41.967575],[-0.397973,43.08589]]]}},{"type":"Feature","properties":{"hex_id":"823987fffffffff","population":7177027,"population_year":2025,"area_km2":95515.4,"population_density":75.1,"all_players":2,"players_per_million":0.28,"player_ids":["athletics:14442050","athletics:14652586"],"label":"Marrakech","country":"Morocco"},"geometry":{"type":"Polygon","coordinates":[[[-9.144461,33.653759],[-10.981396,32.862675],[-11.092615,31.105564],[-9.436635,30.165059],[-7.663484,30.943314],[-7.483894,32.674254],[-9.144461,33.653759]]]}},{"type":"Feature","properties":{"hex_id":"82398ffffffffff","population":5616662,"population_year":2025,"area_km2":91641.3,"population_density":61.3,"all_players":4,"players_per_million":0.71,"player_ids":["athletics:14585136","athletics:14640588","athletics:14773269","athletics:14929058"],"label":"Oulad Nacer","country":"Morocco"},"geometry":{"type":"Polygon","coordinates":[[[-5.667272,33.405709],[-7.483894,32.674254],[-7.663484,30.943314],[-6.090863,29.97495],[-4.341769,30.698974],[-4.099405,32.398339],[-5.667272,33.405709]]]}},{"type":"Feature","properties":{"hex_id":"8239affffffffff","population":13874337,"population_year":2025,"area_km2":93933.6,"population_density":147.7,"all_players":2,"players_per_million":0.14,"player_ids":["athletics:14442147","athletics:14790858"],"label":"Khemisset","country":"Morocco"},"geometry":{"type":"Polygon","coordinates":[[[-7.101894,36.141695],[-8.989073,35.401916],[-9.144461,33.653759],[-7.483894,32.674254],[-5.667272,33.405709],[-5.442348,35.124424],[-7.101894,36.141695]]]}},{"type":"Feature","properties":{"hex_id":"823d17fffffffff","population":44536689,"population_year":2025,"area_km2":92775.6,"population_density":480.0,"all_players":2,"players_per_million":0.04,"player_ids":["athletics:14477764","athletics:14549089"],"label":"Panipat district","country":"India"},"geometry":{"type":"Polygon","coordinates":[[[75.695319,31.326181],[75.868402,29.662739],[77.645527,28.973819],[79.297948,29.906253],[79.213236,31.570562],[77.387389,32.302945],[75.695319,31.326181]]]}},{"type":"Feature","properties":{"hex_id":"823d8ffffffffff","population":82104400,"population_year":2025,"area_km2":85321.7,"population_density":962.3,"all_players":1,"players_per_million":0.01,"player_ids":["athletics:14740932"],"label":"Uttar Pradesh","country":"India"},"geometry":{"type":"Polygon","coordinates":[[[79.455192,26.66448],[79.528294,25.090534],[81.050122,24.335201],[82.644974,25.201987],[82.706686,26.830387],[81.065899,27.554873],[79.455192,26.66448]]]}},{"type":"Feature","properties":{"hex_id":"823da7fffffffff","population":87251784,"population_year":2025,"area_km2":89440.6,"population_density":975.5,"all_players":1,"players_per_million":0.01,"player_ids":["athletics:14381862"],"label":"Mahendragarh","country":"India"},"geometry":{"type":"Polygon","coordinates":[[[74.260301,28.687863],[74.461483,27.070669],[76.189798,26.422657],[77.765218,27.352248],[77.645527,28.973819],[75.868402,29.662739],[74.260301,28.687863]]]}},{"type":"Feature","properties":{"hex_id":"823daffffffffff","population":61932635,"population_year":2025,"area_km2":88726.5,"population_density":698.0,"all_players":2,"players_per_million":0.03,"player_ids":["athletics:14422692","athletics:15023839"],"label":"Aligarh district","country":"India"},"geometry":{"type":"Polygon","coordinates":[[[77.645527,28.973819],[77.765218,27.352248],[79.455192,26.66448],[81.065899,27.554873],[81.028378,29.173754],[79.297948,29.906253],[77.645527,28.973819]]]}},{"type":"Feature","properties":{"hex_id":"823e67fffffffff","population":74086568,"population_year":2025,"area_km2":101417.2,"population_density":730.5,"all_players":2,"players_per_million":0.03,"player_ids":["athletics:14167545","athletics:14579484"],"label":"Cairo","country":"Egypt"},"geometry":{"type":"Polygon","coordinates":[[[30.84614,32.114366],[29.97458,30.494221],[31.156426,29.02702],[33.175397,29.162053],[34.073508,30.754985],[32.928331,32.240102],[30.84614,32.114366]]]}},{"type":"Feature","properties":{"hex_id":"823f37fffffffff","population":2508916,"population_year":2025,"area_km2":99241.3,"population_density":25.3,"all_players":2,"players_per_million":0.8,"player_ids":["athletics:14594823","athletics:14811238"],"label":"Syracuse","country":"Italy"},"geometry":{"type":"Polygon","coordinates":[[[13.244313,37.523712],[12.629035,35.836663],[14.102434,34.577453],[16.203432,34.98381],[16.884717,36.66837],[15.400739,37.949689],[13.244313,37.523712]]]}},{"type":"Feature","properties":{"hex_id":"823f4ffffffffff","population":359977,"population_year":2025,"area_km2":100537.4,"population_density":3.6,"all_players":1,"players_per_million":2.78,"player_ids":["athletics:14840400"],"label":"Limassol","country":"Cyprus"},"geometry":{"type":"Polygon","coordinates":[[[30.516116,35.182951],[29.62213,33.577523],[30.84614,32.114366],[32.928331,32.240102],[33.851253,33.82016],[32.6655,35.299894],[30.516116,35.182951]]]}},{"type":"Feature","properties":{"hex_id":"823f67fffffffff","population":10306623,"population_year":2025,"area_km2":99241.3,"population_density":103.9,"all_players":4,"players_per_million":0.39,"player_ids":["athletics:14421225","athletics:14759195","athletics:14776186","athletics:14928872"],"label":"İzmir","country":"Turkey"},"geometry":{"type":"Polygon","coordinates":[[[26.578016,39.470649],[25.702401,37.868316],[27.050977,36.45835],[29.24697,36.632905],[30.164431,38.215301],[28.846869,39.643311],[26.578016,39.470649]]]}},{"type":"Feature","properties":{"hex_id":"823f6ffffffffff","population":5637154,"population_year":2025,"area_km2":98815.5,"population_density":57.0,"all_players":1,"players_per_million":0.18,"player_ids":["athletics:14590157"],"label":"Antalya","country":"Turkey"},"geometry":{"type":"Polygon","coordinates":[[[30.164431,38.215301],[29.24697,36.632905],[30.516116,35.182951],[32.6655,35.299894],[33.614584,36.858664],[32.385359,38.324197],[30.164431,38.215301]]]}},{"type":"Feature","properties":{"hex_id":"823f77fffffffff","population":729683,"population_year":2025,"area_km2":101417.2,"population_density":7.2,"all_players":2,"players_per_million":2.74,"player_ids":["athletics:14669731","athletics:14751824"],"label":"Chania","country":"Greece"},"geometry":{"type":"Polygon","coordinates":[[[23.474781,37.630343],[22.666678,35.986218],[24.035998,34.596858],[26.195246,34.831357],[27.050977,36.45835],[25.702401,37.868316],[23.474781,37.630343]]]}},{"type":"Feature","properties":{"hex_id":"824047fffffffff","population":9791821,"population_year":2025,"area_km2":92775.6,"population_density":105.5,"all_players":2,"players_per_million":0.2,"player_ids":["athletics:14523268","athletics:14693572"],"label":"Dali Bai Autonomous Prefecture","country":"People's Republic of China"},"geometry":{"type":"Polygon","coordinates":[[[102.321132,24.395174],[102.49922,26.053266],[100.934617,27.043883],[99.189883,26.375731],[99.029101,24.711928],[100.595362,23.721462],[102.321132,24.395174]]]}},{"type":"Feature","properties":{"hex_id":"824107fffffffff","population":18413,"population_year":2025,"area_km2":85294.5,"population_density":0.2,"all_players":1,"players_per_million":54.31,"player_ids":["athletics:14427057"],"label":"Hong Kong","country":"People's Republic of China"},"geometry":{"type":"Polygon","coordinates":[[[115.972568,19.8125],[116.202872,21.431221],[114.855932,22.520124],[113.254772,21.985685],[113.0333,20.343332],[114.403659,19.258865],[115.972568,19.8125]]]}},{"type":"Feature","properties":{"hex_id":"82411ffffffffff","population":84435088,"population_year":2025,"area_km2":84307.8,"population_density":1001.5,"all_players":3,"players_per_million":0.04,"player_ids":["athletics:14583567","athletics:14637831","athletics:14744957"],"label":"Zhaoqing","country":"People's Republic of China"},"geometry":{"type":"Polygon","coordinates":[[[114.855932,22.520124],[115.085055,24.116355],[113.703767,25.199133],[112.070422,24.683011],[111.851065,23.06606],[113.254772,21.985685],[114.855932,22.520124]]]}},{"type":"Feature","properties":{"hex_id":"824187fffffffff","population":19272388,"population_year":2025,"area_km2":74863.4,"population_density":257.4,"all_players":1,"players_per_million":0.05,"player_ids":["athletics:14534938"],"label":"Shaowu","country":"People's Republic of China"},"geometry":{"type":"Polygon","coordinates":[[[118.470087,26.578843],[118.71285,28.072875],[117.384113,29.155222],[115.7846,28.744357],[115.54937,27.230124],[116.905602,26.146703],[118.470087,26.578843]]]}},{"type":"Feature","properties":{"hex_id":"824247fffffffff","population":34041460,"population_year":2025,"area_km2":92775.6,"population_density":366.9,"all_players":1,"players_per_million":0.03,"player_ids":["athletics:14698105"],"label":"Khanewal","country":"Pakistan"},"geometry":{"type":"Polygon","coordinates":[[[68.72159,30.551966],[69.064096,28.912826],[70.896194,28.318197],[72.449108,29.330412],[72.189483,30.985372],[70.292659,31.61352],[68.72159,30.551966]]]}},{"type":"Feature","properties":{"hex_id":"82441ffffffffff","population":5165806,"population_year":2025,"area_km2":82705.0,"population_density":62.5,"all_players":1,"players_per_million":0.19,"player_ids":["athletics:14519911"],"label":"St. Petersburg","country":"United States"},"geometry":{"type":"Polygon","coordinates":[[[-83.616841,26.242156],[-82.084301,26.984013],[-81.966494,28.631807],[-83.420798,29.571467],[-85.007143,28.83498],[-85.084348,27.153536],[-83.616841,26.242156]]]}},{"type":"Feature","properties":{"hex_id":"824437fffffffff","population":2576712,"population_year":2025,"area_km2":82705.0,"population_density":31.2,"all_players":5,"players_per_million":1.94,"player_ids":["athletics:14574170","athletics:14587743","athletics:14630191","athletics:14709120","athletics:14828679"],"label":"Havana","country":"Cuba"},"geometry":{"type":"Polygon","coordinates":[[[-83.891248,21.244199],[-82.41895,22.034607],[-82.310403,23.682659],[-83.710823,24.573869],[-85.232359,23.784705],[-85.303339,22.103149],[-83.891248,21.244199]]]}},{"type":"Feature","properties":{"hex_id":"824447fffffffff","population":3715636,"population_year":2025,"area_km2":92775.6,"population_density":40.0,"all_players":2,"players_per_million":0.54,"player_ids":["athletics:14490237","athletics:14679502"],"label":"Lafayette","country":"United States"},"geometry":{"type":"Polygon","coordinates":[[[-91.44306,29.038514],[-89.789168,29.876068],[-89.779473,31.590738],[-91.474426,32.491469],[-93.177711,31.651131],[-93.135951,29.913303],[-91.44306,29.038514]]]}},{"type":"Feature","properties":{"hex_id":"82445ffffffffff","population":1787935,"population_year":2025,"area_km2":89440.6,"population_density":20.0,"all_players":1,"players_per_million":0.56,"player_ids":["athletics:14708434"],"label":"Abbeville","country":"United States"},"geometry":{"type":"Polygon","coordinates":[[[-89.779473,31.590738],[-88.101738,32.375354],[-88.065886,34.059836],[-89.759172,34.984893],[-91.490847,34.200716],[-91.474426,32.491469],[-89.779473,31.590738]]]}},{"type":"Feature","properties":{"hex_id":"82446ffffffffff","population":9292440,"population_year":2025,"area_km2":96323.1,"population_density":96.5,"all_players":3,"players_per_million":0.32,"player_ids":["athletics:14486620","athletics:14563272","athletics:14596460"],"label":"Missouri City","country":"United States"},"geometry":{"type":"Polygon","coordinates":[[[-94.808948,29.022702],[-93.135951,29.913303],[-93.177711,31.651131],[-94.945821,32.516906],[-96.66289,31.619531],[-96.567347,29.863731],[-94.808948,29.022702]]]}},{"type":"Feature","properties":{"hex_id":"824487fffffffff","population":58586,"population_year":2025,"area_km2":73030.9,"population_density":0.8,"all_players":2,"players_per_million":34.14,"player_ids":["athletics:14177939","athletics:14835094"],"label":"Freeport","country":"The Bahamas"},"geometry":{"type":"Polygon","coordinates":[[[-77.908907,25.835601],[-76.472185,26.494291],[-76.285609,28.067257],[-77.566939,29.019772],[-79.057436,28.372892],[-79.211732,26.761492],[-77.908907,25.835601]]]}},{"type":"Feature","properties":{"hex_id":"8244a7fffffffff","population":5328381,"population_year":2025,"area_km2":75672.4,"population_density":70.4,"all_players":3,"players_per_million":0.56,"player_ids":["athletics:14477940","athletics:14553598","athletics:14715880"],"label":"Miami","country":"United States"},"geometry":{"type":"Polygon","coordinates":[[[-79.508242,23.533066],[-78.073265,24.24011],[-77.908907,25.835601],[-79.211732,26.761492],[-80.698565,26.062694],[-80.82969,24.429618],[-79.508242,23.533066]]]}},{"type":"Feature","properties":{"hex_id":"8244affffffffff","population":7848067,"population_year":2025,"area_km2":77902.3,"population_density":100.7,"all_players":1,"players_per_million":0.13,"player_ids":["athletics:14439750"],"label":"Boynton Beach","country":"United States"},"geometry":{"type":"Polygon","coordinates":[[[-80.698565,26.062694],[-79.211732,26.761492],[-79.057436,28.372892],[-80.425375,29.321821],[-81.966494,28.631807],[-82.084301,26.984013],[-80.698565,26.062694]]]}},{"type":"Feature","properties":{"hex_id":"8244b7fffffffff","population":326361,"population_year":2025,"area_km2":70782.3,"population_density":4.6,"all_players":3,"players_per_million":9.19,"player_ids":["athletics:14368117","athletics:14387755","athletics:14414505"],"label":"Nassau","country":"The Bahamas"},"geometry":{"type":"Polygon","coordinates":[[[-76.831217,23.342863],[-75.445541,24.012557],[-75.251887,25.568754],[-76.472185,26.494291],[-77.908907,25.835601],[-78.073265,24.24011],[-76.831217,23.342863]]]}},{"type":"Feature","properties":{"hex_id":"8244c7fffffffff","population":6948496,"population_year":2025,"area_km2":80847.5,"population_density":85.9,"all_players":2,"players_per_million":0.29,"player_ids":["athletics:14541956","athletics:14850487"],"label":"Atlanta","country":"United States"},"geometry":{"type":"Polygon","coordinates":[[[-83.318504,31.226884],[-81.720688,31.908012],[-81.592393,33.531156],[-83.104736,34.505705],[-84.761579,33.833075],[-84.845862,32.177532],[-83.318504,31.226884]]]}},{"type":"Feature","properties":{"hex_id":"8244cffffffffff","population":5279881,"population_year":2025,"area_km2":81458.9,"population_density":64.8,"all_players":1,"players_per_million":0.19,"player_ids":["athletics:14576396"],"label":"Marietta","country":"United States"},"geometry":{"type":"Polygon","coordinates":[[[-84.761579,33.833075],[-83.104736,34.505705],[-82.992984,36.123996],[-84.585167,37.099589],[-86.303213,36.434527],[-86.366648,34.786557],[-84.761579,33.833075]]]}},{"type":"Feature","properties":{"hex_id":"8244d7fffffffff","population":1889865,"population_year":2025,"area_km2":76219.8,"population_density":24.8,"all_players":1,"players_per_million":0.53,"player_ids":["athletics:14756997"],"label":"Georgetown","country":"United States"},"geometry":{"type":"Polygon","coordinates":[[[-80.283005,30.942583],[-78.735928,31.57726],[-78.568356,33.165261],[-79.985888,34.15372],[-81.592393,33.531156],[-81.720688,31.908012],[-80.283005,30.942583]]]}},{"type":"Feature","properties":{"hex_id":"8244e7fffffffff","population":1664158,"population_year":2025,"area_km2":84307.8,"population_density":19.7,"all_players":1,"players_per_million":0.6,"player_ids":["athletics:14490255"],"label":"Ozark","country":"United States"},"geometry":{"type":"Polygon","coordinates":[[[-85.007143,28.83498],[-83.420798,29.571467],[-83.318504,31.226884],[-84.845862,32.177532],[-86.487848,31.44625],[-86.545778,29.759287],[-85.007143,28.83498]]]}},{"type":"Feature","properties":{"hex_id":"8244f7fffffffff","population":4583226,"population_year":2025,"area_km2":79647.5,"population_density":57.5,"all_players":1,"players_per_million":0.22,"player_ids":["athletics:14536762"],"label":"Gainesville","country":"United States"},"geometry":{"type":"Polygon","coordinates":[[[-81.966494,28.631807],[-80.425375,29.321821],[-80.283005,30.942583],[-81.720688,31.908012],[-83.318504,31.226884],[-83.420798,29.571467],[-81.966494,28.631807]]]}},{"type":"Feature","properties":{"hex_id":"82458ffffffffff","population":2916269,"population_year":2025,"area_km2":77902.3,"population_density":37.4,"all_players":1,"players_per_million":0.34,"player_ids":["athletics:14637147"],"label":"Cienfuegos","country":"Cuba"},"geometry":{"type":"Polygon","coordinates":[[[-81.081708,21.169796],[-79.650763,21.921223],[-79.508242,23.533066],[-80.82969,24.429618],[-82.310403,23.682659],[-82.41895,22.034607],[-81.081708,21.169796]]]}},{"type":"Feature","properties":{"hex_id":"82459ffffffffff","population":1382941,"population_year":2025,"area_km2":73030.9,"population_density":18.9,"all_players":2,"players_per_million":1.45,"player_ids":["athletics:14263462","athletics:14709137"],"label":"Camagüey","country":"Cuba"},"geometry":{"type":"Polygon","coordinates":[[[-78.389552,21.054853],[-77.004019,21.769252],[-76.831217,23.342863],[-78.073265,24.24011],[-79.508242,23.533066],[-79.650763,21.921223],[-78.389552,21.054853]]]}},{"type":"Feature","properties":{"hex_id":"8245b7fffffffff","population":1038411,"population_year":2025,"area_km2":72289.7,"population_density":14.4,"all_players":3,"players_per_million":2.89,"player_ids":["athletics:14285696","athletics:14325599","athletics:14468667"],"label":"Mandeville","country":"Jamaica"},"geometry":{"type":"Polygon","coordinates":[[[-78.539302,16.469566],[-77.180408,17.235914],[-77.336996,18.638235],[-78.541785,19.47005],[-79.925049,18.715079],[-80.057079,17.125741],[-78.539302,16.469566]]]}},{"type":"Feature","properties":{"hex_id":"824817fffffffff","population":2846460,"population_year":2025,"area_km2":104135.0,"population_density":27.3,"all_players":1,"players_per_million":0.35,"player_ids":["athletics:14593015"],"label":"Torreón","country":"Mexico"},"geometry":{"type":"Polygon","coordinates":[[[-104.602158,23.068533],[-103.011626,24.121727],[-103.199651,25.912525],[-105.028152,26.651299],[-106.639261,25.578666],[-106.401723,23.787393],[-104.602158,23.068533]]]}},{"type":"Feature","properties":{"hex_id":"82481ffffffffff","population":1987203,"population_year":2025,"area_km2":104135.0,"population_density":19.1,"all_players":2,"players_per_million":1.01,"player_ids":["athletics:14365572","athletics:14690230"],"label":"Chihuahua City","country":"Mexico"},"geometry":{"type":"Polygon","coordinates":[[[-106.639261,25.578666],[-105.028152,26.651299],[-105.250678,28.43866],[-107.135557,29.151136],[-108.763145,28.059391],[-108.490011,26.27498],[-106.639261,25.578666]]]}},{"type":"Feature","properties":{"hex_id":"82488ffffffffff","population":762345,"population_year":2025,"area_km2":101417.2,"population_density":7.5,"all_players":1,"players_per_million":1.31,"player_ids":["athletics:14656699"],"label":"Midland","country":"United States"},"geometry":{"type":"Polygon","coordinates":[[[-101.73684,28.725749],[-100.061215,29.721882],[-100.211784,31.489938],[-102.093235,32.268747],[-103.798377,31.258774],[-103.592769,29.48455],[-101.73684,28.725749]]]}},{"type":"Feature","properties":{"hex_id":"8248c7fffffffff","population":2668504,"population_year":2025,"area_km2":101417.2,"population_density":26.3,"all_players":1,"players_per_million":0.37,"player_ids":["athletics:14453864"],"label":"El Paso","country":"United States"},"geometry":{"type":"Polygon","coordinates":[[[-107.394937,30.925257],[-105.716219,31.987732],[-105.959856,33.74267],[-107.93785,34.432278],[-109.632511,33.353313],[-109.334035,31.601966],[-107.394937,30.925257]]]}},{"type":"Feature","properties":{"hex_id":"8248e7fffffffff","population":409851,"population_year":2025,"area_km2":103215.8,"population_density":4.0,"all_players":2,"players_per_million":4.88,"player_ids":["athletics:14213214","athletics:14593049"],"label":"Agua Prieta","country":"Mexico"},"geometry":{"type":"Polygon","coordinates":[[[-108.763145,28.059391],[-107.135557,29.151136],[-107.394937,30.925257],[-109.334035,31.601966],[-110.973266,30.491571],[-110.662618,28.72381],[-108.763145,28.059391]]]}},{"type":"Feature","properties":{"hex_id":"8248effffffffff","population":7170957,"population_year":2025,"area_km2":101417.2,"population_density":70.7,"all_players":2,"players_per_million":0.28,"player_ids":["athletics:14234882","athletics:14335825"],"label":"Phoenix","country":"United States"},"geometry":{"type":"Polygon","coordinates":[[[-110.973266,30.491571],[-109.334035,31.601966],[-109.632511,33.353313],[-111.622726,33.985325],[-113.268008,32.856905],[-112.918132,31.115173],[-110.973266,30.491571]]]}},{"type":"Feature","properties":{"hex_id":"8248f7fffffffff","population":287542,"population_year":2025,"area_km2":102761.2,"population_density":2.8,"all_players":1,"players_per_million":3.48,"player_ids":["athletics:14753734"],"label":"Ojinaga","country":"Mexico"},"geometry":{"type":"Polygon","coordinates":[[[-105.250678,28.43866],[-103.592769,29.48455],[-103.798377,31.258774],[-105.716219,31.987732],[-107.394937,30.925257],[-107.135557,29.151136],[-105.250678,28.43866]]]}},{"type":"Feature","properties":{"hex_id":"824987fffffffff","population":19671826,"population_year":2025,"area_km2":101417.2,"population_density":194.0,"all_players":2,"players_per_million":0.1,"player_ids":["athletics:14385600","athletics:14539114"],"label":"State of Mexico","country":"Mexico"},"geometry":{"type":"Polygon","coordinates":[[[-100.786028,18.036674],[-99.246183,19.050422],[-99.372387,20.819245],[-101.084901,21.581818],[-102.651462,20.548282],[-102.478889,18.772634],[-100.786028,18.036674]]]}},{"type":"Feature","properties":{"hex_id":"82498ffffffffff","population":4373052,"population_year":2025,"area_km2":103215.8,"population_density":42.4,"all_players":1,"players_per_million":0.23,"player_ids":["athletics:14365568"],"label":"Guadalupe","country":"Mexico"},"geometry":{"type":"Polygon","coordinates":[[[-102.651462,20.548282],[-101.084901,21.581818],[-101.240822,23.36631],[-103.011626,24.121727],[-104.602158,23.068533],[-104.398166,21.280266],[-102.651462,20.548282]]]}},{"type":"Feature","properties":{"hex_id":"824997fffffffff","population":36941748,"population_year":2025,"area_km2":99241.3,"population_density":372.2,"all_players":2,"players_per_million":0.05,"player_ids":["athletics:14291173","athletics:14635886"],"label":"Mexico City","country":"Mexico"},"geometry":{"type":"Polygon","coordinates":[[[-97.591937,18.289686],[-96.05021,19.269007],[-96.130285,21.025118],[-97.798077,21.815236],[-99.372387,20.819245],[-99.246183,19.050422],[-97.591937,18.289686]]]}},{"type":"Feature","properties":{"hex_id":"824a27fffffffff","population":1364362,"population_year":2025,"area_km2":80544.7,"population_density":16.9,"all_players":2,"players_per_million":1.47,"player_ids":["athletics:14714426","athletics:14893694"],"label":"Tomigusuku","country":"Japan"},"geometry":{"type":"Polygon","coordinates":[[[127.676926,27.407025],[127.394983,25.883021],[128.804146,24.984006],[130.512591,25.620271],[130.807164,27.155857],[129.381002,28.043997],[127.676926,27.407025]]]}},{"type":"Feature","properties":{"hex_id":"824b67fffffffff","population":7712336,"population_year":2025,"area_km2":70058.2,"population_density":110.1,"all_players":5,"players_per_million":0.65,"player_ids":["athletics:14679687","athletics:14747887","athletics:14766547","athletics:14841940","athletics:14950023"],"label":"Hyūga-shi","country":"Japan"},"geometry":{"type":"Polygon","coordinates":[[[130.557843,33.768644],[130.260732,32.389001],[131.702216,31.564914],[133.45368,32.12931],[133.762313,33.515468],[132.308377,34.331159],[130.557843,33.768644]]]}},{"type":"Feature","properties":{"hex_id":"824c8ffffffffff","population":6715398,"population_year":2025,"area_km2":63447.1,"population_density":105.8,"all_players":1,"players_per_million":0.15,"player_ids":["athletics:14756963"],"label":"Gonaïves","country":"Haiti"},"geometry":{"type":"Polygon","coordinates":[[[-72.083595,21.373772],[-73.3708,20.726751],[-73.199201,19.391406],[-71.730136,18.713931],[-70.45385,19.381759],[-70.635386,20.705847],[-72.083595,21.373772]]]}},{"type":"Feature","properties":{"hex_id":"824c9ffffffffff","population":1532148,"population_year":2025,"area_km2":65980.3,"population_density":23.2,"all_players":3,"players_per_million":1.96,"player_ids":["athletics:14412588","athletics:14571850","athletics:14742125"],"label":"Santiago de Cuba","country":"Cuba"},"geometry":{"type":"Polygon","coordinates":[[[-74.481444,21.584829],[-75.818705,20.905271],[-75.998548,19.358823],[-74.509206,18.697242],[-73.199201,19.391406],[-73.3708,20.726751],[-74.481444,21.584829]]]}},{"type":"Feature","properties":{"hex_id":"824cc7fffffffff","population":1936355,"population_year":2025,"area_km2":63447.1,"population_density":30.5,"all_players":1,"players_per_million":0.52,"player_ids":["athletics:14285523"],"label":"Puerto Rico","country":"United States"},"geometry":{"type":"Polygon","coordinates":[[[-67.77314,19.332593],[-69.011224,18.690619],[-68.822887,17.323396],[-67.38817,16.613425],[-66.166052,17.278605],[-66.362344,18.630224],[-67.77314,19.332593]]]}},{"type":"Feature","properties":{"hex_id":"824cd7fffffffff","population":7721610,"population_year":2025,"area_km2":65961.6,"population_density":117.1,"all_players":4,"players_per_million":0.52,"player_ids":["athletics:14749613","athletics:14829806","athletics:14912251","athletics:15040816"],"label":"San Juan de la Maguana","country":"Dominican Republic"},"geometry":{"type":"Polygon","coordinates":[[[-70.45385,19.381759],[-71.730136,18.713931],[-71.551099,17.332941],[-70.086138,16.633168],[-68.822887,17.323396],[-69.011224,18.690619],[-70.45385,19.381759]]]}},{"type":"Feature","properties":{"hex_id":"824ceffffffffff","population":1935865,"population_year":2025,"area_km2":63447.1,"population_density":30.5,"all_players":4,"players_per_million":2.07,"player_ids":["athletics:14371527","athletics:14414638","athletics:14437678","athletics:14532760"],"label":"San Juan","country":"United States"},"geometry":{"type":"Polygon","coordinates":[[[-64.800426,16.953431],[-63.616,18.007411],[-63.825825,19.371916],[-65.206534,19.669922],[-66.362344,18.630224],[-66.166052,17.278605],[-64.800426,16.953431]]]}},{"type":"Feature","properties":{"hex_id":"824d4ffffffffff","population":14674,"population_year":2025,"area_km2":65961.6,"population_density":0.2,"all_players":1,"players_per_million":68.15,"player_ids":["athletics:14414524"],"label":"Sandy Ground","country":"Anguilla"},"geometry":{"type":"Polygon","coordinates":[[[-62.198208,17.668849],[-60.976707,18.720572],[-61.200017,20.095984],[-62.631384,20.409175],[-63.825825,19.371916],[-63.616,18.007411],[-62.198208,17.668849]]]}},{"type":"Feature","properties":{"hex_id":"825287fffffffff","population":13909639,"population_year":2025,"area_km2":85294.5,"population_density":163.1,"all_players":4,"players_per_million":0.29,"player_ids":["athletics:14477352","athletics:14595214","athletics:14774179","athletics:14848753"],"label":"Atsbi Wenberta","country":"Ethiopia"},"geometry":{"type":"Polygon","coordinates":[[[37.678797,14.427836],[36.874987,12.935034],[37.766026,11.617957],[39.426262,11.77155],[40.237806,13.22692],[39.382578,14.565741],[37.678797,14.427836]]]}},{"type":"Feature","properties":{"hex_id":"825297fffffffff","population":7473014,"population_year":2025,"area_km2":85627.7,"population_density":87.3,"all_players":1,"players_per_million":0.13,"player_ids":["athletics:14526757"],"label":"Dangila","country":"Ethiopia"},"geometry":{"type":"Polygon","coordinates":[[[35.166455,12.769893],[34.393733,11.276322],[35.316548,9.983984],[36.981543,10.160203],[37.766026,11.617957],[36.874987,12.935034],[35.166455,12.769893]]]}},{"type":"Feature","properties":{"hex_id":"82529ffffffffff","population":18530066,"population_year":2025,"area_km2":81458.9,"population_density":227.5,"all_players":3,"players_per_million":0.16,"player_ids":["athletics:14388506","athletics:14513998","athletics:14577970"],"label":"Dessie","country":"Ethiopia"},"geometry":{"type":"Polygon","coordinates":[[[37.766026,11.617957],[36.981543,10.160203],[37.848935,8.893463],[39.467791,9.061222],[40.259524,10.481935],[39.426262,11.77155],[37.766026,11.617957]]]}},{"type":"Feature","properties":{"hex_id":"8252d7fffffffff","population":1520638,"population_year":2025,"area_km2":76219.8,"population_density":20.0,"all_players":1,"players_per_million":0.66,"player_ids":["athletics:14643405"],"label":"Djibouti","country":"Djibouti"},"geometry":{"type":"Polygon","coordinates":[[[42.682697,12.044356],[41.867809,10.627354],[42.64445,9.3692],[44.198266,9.509409],[45.012629,10.887602],[44.274602,12.163837],[42.682697,12.044356]]]}},{"type":"Feature","properties":{"hex_id":"8252f7fffffffff","population":16666358,"population_year":2025,"area_km2":79647.5,"population_density":209.3,"all_players":1,"players_per_million":0.06,"player_ids":["athletics:14572523"],"label":"Assab","country":"Eritrea"},"geometry":{"type":"Polygon","coordinates":[[[42.722899,14.799802],[41.887007,13.353825],[42.682697,12.044356],[44.274602,12.163837],[45.109847,13.570618],[44.354803,14.896546],[42.722899,14.799802]]]}},{"type":"Feature","properties":{"hex_id":"825367fffffffff","population":2097766,"population_year":2025,"area_km2":81458.9,"population_density":25.8,"all_players":1,"players_per_million":0.48,"player_ids":["athletics:14523471"],"label":"Jubail","country":"Saudi Arabia"},"geometry":{"type":"Polygon","coordinates":[[[48.442127,29.196465],[47.462705,27.790199],[48.240205,26.311253],[49.941227,26.239567],[50.908541,27.611946],[50.187904,29.089392],[48.442127,29.196465]]]}},{"type":"Feature","properties":{"hex_id":"8254affffffffff","population":8214252,"population_year":2025,"area_km2":84307.8,"population_density":97.4,"all_players":1,"players_per_million":0.12,"player_ids":["athletics:14894836"],"label":"Dakar","country":"Senegal"},"geometry":{"type":"Polygon","coordinates":[[[-17.910453,15.729652],[-19.403783,14.850204],[-19.352866,13.27566],[-17.860226,12.585841],[-16.398619,13.434493],[-16.398113,15.002856],[-17.910453,15.729652]]]}},{"type":"Feature","properties":{"hex_id":"8254c7fffffffff","population":1781048,"population_year":2025,"area_km2":74863.4,"population_density":23.8,"all_players":1,"players_per_million":0.56,"player_ids":["athletics:14623929"],"label":"Conakry","country":"Guinea"},"geometry":{"type":"Polygon","coordinates":[[[-14.970363,11.216545],[-16.399582,10.397267],[-16.40004,8.930403],[-15.017096,8.290872],[-13.620577,9.08223],[-13.574644,10.540215],[-14.970363,11.216545]]]}},{"type":"Feature","properties":{"hex_id":"82581ffffffffff","population":24750400,"population_year":2025,"area_km2":82705.0,"population_density":299.3,"all_players":2,"players_per_million":0.08,"player_ids":["athletics:14884267","athletics:14978353"],"label":"Kaduna","country":"Nigeria"},"geometry":{"type":"Polygon","coordinates":[[[5.980953,12.584546],[5.614833,11.06822],[6.801169,9.899743],[8.37387,10.215394],[8.784937,11.730952],[7.578742,12.932376],[5.980953,12.584546]]]}},{"type":"Feature","properties":{"hex_id":"825887fffffffff","population":37463786,"population_year":2025,"area_km2":73030.9,"population_density":513.0,"all_players":2,"players_per_million":0.05,"player_ids":["athletics:14484475","athletics:14579526"],"label":"Abeokuta","country":"Nigeria"},"geometry":{"type":"Polygon","coordinates":[[[2.276431,8.948133],[1.984396,7.529294],[3.125247,6.42502],[4.581792,6.708567],[4.915721,8.129175],[3.751338,9.265211],[2.276431,8.948133]]]}},{"type":"Feature","properties":{"hex_id":"82588ffffffffff","population":31056194,"population_year":2025,"area_km2":74863.4,"population_density":414.8,"all_players":1,"players_per_million":0.03,"player_ids":["athletics:14643442"],"label":"Onitsha","country":"Nigeria"},"geometry":{"type":"Polygon","coordinates":[[[4.915721,8.129175],[4.581792,6.708567],[5.720322,5.590237],[7.212915,5.860392],[7.588359,7.279048],[6.429971,8.430253],[4.915721,8.129175]]]}},{"type":"Feature","properties":{"hex_id":"825897fffffffff","population":16540710,"population_year":2025,"area_km2":68186.6,"population_density":242.6,"all_players":1,"players_per_million":0.06,"player_ids":["athletics:14576455"],"label":"Lomé","country":"Togo"},"geometry":{"type":"Polygon","coordinates":[[[0.568935,7.231941],[0.309804,5.864518],[1.425991,4.791199],[2.826003,5.055078],[3.125247,6.42502],[1.984396,7.529294],[0.568935,7.231941]]]}},{"type":"Feature","properties":{"hex_id":"82589ffffffffff","population":3121315,"population_year":2025,"area_km2":70058.2,"population_density":44.6,"all_players":1,"players_per_million":0.32,"player_ids":["athletics:14419510"],"label":"Lagos","country":"Nigeria"},"geometry":{"type":"Polygon","coordinates":[[[3.125247,6.42502],[2.826003,5.055078],[3.943036,3.968797],[5.380973,4.221154],[5.720322,5.590237],[4.581792,6.708567],[3.125247,6.42502]]]}},{"type":"Feature","properties":{"hex_id":"8258a7fffffffff","population":4459117,"population_year":2025,"area_km2":75672.4,"population_density":58.9,"all_players":1,"players_per_million":0.22,"player_ids":["athletics:14270067"],"label":"Natitingou","country":"Benin"},"geometry":{"type":"Polygon","coordinates":[[[1.39518,11.529027],[1.111258,10.06492],[2.276431,8.948133],[3.751338,9.265211],[4.079007,10.734015],[2.888108,11.881771],[1.39518,11.529027]]]}},{"type":"Feature","properties":{"hex_id":"8258cffffffffff","population":1473310,"population_year":2025,"area_km2":81458.9,"population_density":18.1,"all_players":1,"players_per_million":0.68,"player_ids":["athletics:14523980"],"label":"Ngaoundéré","country":"Cameroon"},"geometry":{"type":"Polygon","coordinates":[[[12.313098,8.132106],[11.857918,6.673406],[12.988442,5.505707],[14.58325,5.76286],[15.077694,7.210278],[13.938771,8.412496],[12.313098,8.132106]]]}},{"type":"Feature","properties":{"hex_id":"82598ffffffffff","population":5964032,"population_year":2025,"area_km2":77902.3,"population_density":76.6,"all_players":1,"players_per_million":0.17,"player_ids":["athletics:14913220"],"label":"Niamey","country":"Niger"},"geometry":{"type":"Polygon","coordinates":[[[0.480043,14.157028],[0.205211,12.652178],[1.39518,11.529027],[2.888108,11.881771],[3.208597,13.394482],[1.990538,14.547283],[0.480043,14.157028]]]}},{"type":"Feature","properties":{"hex_id":"825997fffffffff","population":8910897,"population_year":2025,"area_km2":70058.2,"population_density":127.2,"all_players":1,"players_per_million":0.11,"player_ids":["athletics:14523962"],"label":"Ouagadougou","country":"Burkina Faso"},"geometry":{"type":"Polygon","coordinates":[[[-3.815957,12.988678],[-4.013998,11.545296],[-2.861842,10.477113],[-1.480168,10.825815],[-1.239631,12.281369],[-2.423468,13.376663],[-3.815957,12.988678]]]}},{"type":"Feature","properties":{"hex_id":"825e47fffffffff","population":576184,"population_year":2025,"area_km2":73030.9,"population_density":7.9,"all_players":4,"players_per_million":6.94,"player_ids":["athletics:14416826","athletics:14646562","athletics:14887838","athletics:14893596"],"label":"Portsmouth","country":"Dominica"},"geometry":{"type":"Polygon","coordinates":[[[-61.536047,13.315163],[-60.296727,14.395691],[-60.525074,15.869734],[-61.979153,16.249349],[-63.191495,15.181722],[-62.976789,13.721947],[-61.536047,13.315163]]]}},{"type":"Feature","properties":{"hex_id":"825e5ffffffffff","population":281447,"population_year":2025,"area_km2":70782.3,"population_density":4.0,"all_players":1,"players_per_million":3.55,"player_ids":["athletics:14462837"],"label":"Les Abymes","country":"France"},"geometry":{"type":"Polygon","coordinates":[[[-60.525074,15.869734],[-59.277584,16.935419],[-59.510088,18.366344],[-60.976707,18.720572],[-62.198208,17.668849],[-61.979153,16.249349],[-60.525074,15.869734]]]}},{"type":"Feature","properties":{"hex_id":"825e67fffffffff","population":116772,"population_year":2025,"area_km2":74863.4,"population_density":1.6,"all_players":3,"players_per_million":25.69,"player_ids":["athletics:14195659","athletics:14520432","athletics:14631507"],"label":"Saint Andrew Parish","country":"Grenada"},"geometry":{"type":"Polygon","coordinates":[[[-62.542405,10.713529],[-61.31197,11.80248],[-61.536047,13.315163],[-62.976789,13.721947],[-64.179322,12.644368],[-63.969049,11.14894],[-62.542405,10.713529]]]}},{"type":"Feature","properties":{"hex_id":"825e77fffffffff","population":282559,"population_year":2025,"area_km2":77902.3,"population_density":3.6,"all_players":2,"players_per_million":7.08,"player_ids":["athletics:14469918","athletics:14592846"],"label":"Saint Philip","country":"Barbados"},"geometry":{"type":"Polygon","coordinates":[[[-59.834917,11.355368],[-58.569813,12.447942],[-58.807457,13.975216],[-60.296727,14.395691],[-61.536047,13.315163],[-61.31197,11.80248],[-59.834917,11.355368]]]}},{"type":"Feature","properties":{"hex_id":"825f17fffffffff","population":258013,"population_year":2025,"area_km2":95515.4,"population_density":2.7,"all_players":2,"players_per_million":7.75,"player_ids":["athletics:14638015","athletics:14738969"],"label":"Cayenne","country":"France"},"geometry":{"type":"Polygon","coordinates":[[[-52.603687,2.683173],[-51.252816,3.813395],[-51.526411,5.519499],[-53.138884,6.083512],[-54.471472,4.960947],[-54.210127,3.267081],[-52.603687,2.683173]]]}},{"type":"Feature","properties":{"hex_id":"825f5ffffffffff","population":1559237,"population_year":2025,"area_km2":79647.5,"population_density":19.6,"all_players":1,"players_per_million":0.64,"player_ids":["athletics:14376122"],"label":"Toco","country":"Trinidad and Tobago"},"geometry":{"type":"Polygon","coordinates":[[[-60.858711,8.692541],[-59.60143,9.791751],[-59.834917,11.355368],[-61.31197,11.80248],[-62.542405,10.713529],[-62.322702,9.16751],[-60.858711,8.692541]]]}},{"type":"Feature","properties":{"hex_id":"826007fffffffff","population":14080274,"population_year":2025,"area_km2":85294.5,"population_density":165.1,"all_players":1,"players_per_million":0.07,"player_ids":["athletics:14606734"],"label":"Kerala","country":"India"},"geometry":{"type":"Polygon","coordinates":[[[76.30569,9.906049],[76.326846,11.607008],[74.928421,12.455892],[73.542037,11.612728],[73.536661,9.942291],[74.902157,9.084513],[76.30569,9.906049]]]}},{"type":"Feature","properties":{"hex_id":"826037fffffffff","population":51759312,"population_year":2025,"area_km2":89801.2,"population_density":576.4,"all_players":2,"players_per_million":0.04,"player_ids":["athletics:14734673","athletics:14841034"],"label":"Tamil Nadu","country":"India"},"geometry":{"type":"Polygon","coordinates":[[[79.170565,9.844673],[79.208494,11.573007],[77.770981,12.450864],[76.326846,11.607008],[76.30569,9.906049],[77.712122,9.02148],[79.170565,9.844673]]]}},{"type":"Feature","properties":{"hex_id":"82611ffffffffff","population":12396637,"population_year":2025,"area_km2":91641.3,"population_density":135.3,"all_players":1,"players_per_million":0.08,"player_ids":["athletics:14671060"],"label":"Kegalle","country":"Sri Lanka"},"geometry":{"type":"Polygon","coordinates":[[[80.566973,7.196939],[80.612812,8.934],[79.170565,9.844673],[77.712122,9.02148],[77.683188,7.309851],[79.095988,6.395835],[80.566973,7.196939]]]}},{"type":"Feature","properties":{"hex_id":"826147fffffffff","population":338592,"population_year":2025,"area_km2":80847.5,"population_density":4.2,"all_players":1,"players_per_million":2.95,"player_ids":["athletics:14427032"],"label":"Gaafaru","country":"Maldives"},"geometry":{"type":"Polygon","coordinates":[[[74.851346,2.39939],[74.86384,4.056394],[73.520884,4.950736],[72.197691,4.190794],[72.199687,2.564067],[73.51065,1.667022],[74.851346,2.39939]]]}},{"type":"Feature","properties":{"hex_id":"826437fffffffff","population":3638031,"population_year":2025,"area_km2":104135.0,"population_density":34.9,"all_players":1,"players_per_million":0.27,"player_ids":["athletics:14424032"],"label":"Surat Thani","country":"Thailand"},"geometry":{"type":"Polygon","coordinates":[[[100.801361,8.618891],[100.963156,10.410684],[99.464714,11.444613],[97.805149,10.676224],[97.659557,8.87771],[99.157027,7.853854],[100.801361,8.618891]]]}},{"type":"Feature","properties":{"hex_id":"82659ffffffffff","population":10629164,"population_year":2025,"area_km2":101417.2,"population_density":104.8,"all_players":1,"players_per_million":0.09,"player_ids":["athletics:14992965"],"label":"Surin","country":"Thailand"},"geometry":{"type":"Polygon","coordinates":[[[104.446527,13.6677],[104.628684,15.431709],[103.137733,16.48245],[101.458892,15.760959],[101.291897,13.985209],[102.788194,12.942278],[104.446527,13.6677]]]}},{"type":"Feature","properties":{"hex_id":"826617fffffffff","population":733037,"population_year":2025,"area_km2":87326.6,"population_density":8.4,"all_players":1,"players_per_million":1.36,"player_ids":["athletics:14479637"],"label":"Apartadó","country":"Colombia"},"geometry":{"type":"Polygon","coordinates":[[[-77.92069,10.426959],[-79.317401,9.553624],[-79.165039,7.941424],[-77.602263,7.212914],[-76.209101,8.107689],[-76.374864,9.709052],[-77.92069,10.426959]]]}},{"type":"Feature","properties":{"hex_id":"82661ffffffffff","population":7780378,"population_year":2025,"area_km2":89801.2,"population_density":86.6,"all_players":1,"players_per_million":0.13,"player_ids":["athletics:14369345"],"label":"Chigorodó","country":"Colombia"},"geometry":{"type":"Polygon","coordinates":[[[-76.209101,8.107689],[-77.602263,7.212914],[-77.440699,5.563142],[-75.87276,4.821344],[-74.485771,5.737922],[-74.660215,7.374064],[-76.209101,8.107689]]]}},{"type":"Feature","properties":{"hex_id":"826627fffffffff","population":5316653,"population_year":2025,"area_km2":80544.7,"population_density":66.0,"all_players":2,"players_per_million":0.38,"player_ids":["athletics:14768739","athletics:14841613"],"label":"Ciénaga","country":"Colombia"},"geometry":{"type":"Polygon","coordinates":[[[-73.826225,12.921604],[-75.173818,12.112028],[-75.004219,10.562835],[-73.475279,9.837525],[-72.136993,10.670248],[-72.317998,12.204723],[-73.826225,12.921604]]]}},{"type":"Feature","properties":{"hex_id":"8266d7fffffffff","population":6196227,"population_year":2025,"area_km2":97556.0,"population_density":63.5,"all_players":5,"players_per_million":0.81,"player_ids":["athletics:14428732","athletics:14517841","athletics:14587338","athletics:14701514","athletics:14701543"],"label":"Quito","country":"Ecuador"},"geometry":{"type":"Polygon","coordinates":[[[-78.698736,2.938488],[-80.134859,1.975922],[-79.982821,0.245335],[-78.379976,-0.512277],[-76.946355,0.468955],[-77.112766,2.188684],[-78.698736,2.938488]]]}},{"type":"Feature","properties":{"hex_id":"8266e7fffffffff","population":16749351,"population_year":2025,"area_km2":91641.3,"population_density":182.8,"all_players":2,"players_per_million":0.12,"player_ids":["athletics:14328011","athletics:14652260"],"label":"Bogotá","country":"Colombia"},"geometry":{"type":"Polygon","coordinates":[[[-74.485771,5.737922],[-75.87276,4.821344],[-75.702142,3.140563],[-74.131897,2.392531],[-72.753723,3.330953],[-72.936618,4.995193],[-74.485771,5.737922]]]}},{"type":"Feature","properties":{"hex_id":"8266f7fffffffff","population":5409797,"population_year":2025,"area_km2":93933.6,"population_density":57.6,"all_players":1,"players_per_million":0.18,"player_ids":["athletics:14369335"],"label":"Pradera","country":"Colombia"},"geometry":{"type":"Polygon","coordinates":[[[-77.440699,5.563142],[-78.855727,4.631725],[-78.698736,2.938488],[-77.112766,2.188684],[-75.702142,3.140563],[-75.87276,4.821344],[-77.440699,5.563142]]]}},{"type":"Feature","properties":{"hex_id":"826727fffffffff","population":7393879,"population_year":2025,"area_km2":68186.6,"population_density":108.4,"all_players":2,"players_per_million":0.27,"player_ids":["athletics:14516275","athletics:14676383"],"label":"Mirebalais","country":"Haiti"},"geometry":{"type":"Polygon","coordinates":[[[-73.199201,19.391406],[-74.509206,18.697242],[-74.340779,17.3045],[-72.851414,16.617248],[-71.551099,17.332941],[-71.730136,18.713931],[-73.199201,19.391406]]]}},{"type":"Feature","properties":{"hex_id":"826737fffffffff","population":1800117,"population_year":2025,"area_km2":70058.2,"population_density":25.7,"all_players":14,"players_per_million":7.78,"player_ids":["athletics:14285680","athletics:14413464","athletics:14413487","athletics:14413641","athletics:14414603","athletics:14445000","athletics:14450995","athletics:14569308","athletics:14574022","athletics:14630564","athletics:14631861","athletics:14635736","athletics:14654737","athletics:14738009"],"label":"Kingston","country":"Jamaica"},"geometry":{"type":"Polygon","coordinates":[[[-75.998548,19.358823],[-77.336996,18.638235],[-77.180408,17.235914],[-75.673235,16.563292],[-74.340779,17.3045],[-74.509206,18.697242],[-75.998548,19.358823]]]}},{"type":"Feature","properties":{"hex_id":"826747fffffffff","population":3010977,"population_year":2025,"area_km2":74863.4,"population_density":40.2,"all_players":3,"players_per_million":1.0,"player_ids":["athletics:14180980","athletics:14427350","athletics:14530331"],"label":"Willemstad","country":"Curaçao"},"geometry":{"type":"Polygon","coordinates":[[[-68.248432,13.029699],[-69.522732,12.26693],[-69.331709,10.750023],[-67.857439,10.015726],[-66.599345,10.803502],[-66.798949,12.300298],[-68.248432,13.029699]]]}},{"type":"Feature","properties":{"hex_id":"82674ffffffffff","population":6540188,"population_year":2025,"area_km2":76219.8,"population_density":85.8,"all_players":1,"players_per_million":0.15,"player_ids":["athletics:14436431"],"label":"Caracas","country":"Venezuela"},"geometry":{"type":"Polygon","coordinates":[[[-66.599345,10.803502],[-67.857439,10.015726],[-67.659488,8.46691],[-66.195256,7.728775],[-64.955386,8.542069],[-65.161151,10.067792],[-66.599345,10.803502]]]}},{"type":"Feature","properties":{"hex_id":"82689ffffffffff","population":3298753,"population_year":2025,"area_km2":82416.4,"population_density":40.0,"all_players":1,"players_per_million":0.3,"player_ids":["athletics:14898569"],"label":"Central Hulu Sungai","country":"Indonesia"},"geometry":{"type":"Polygon","coordinates":[[[114.63287,-1.304089],[114.423308,-2.939513],[115.671728,-3.824532],[117.107206,-3.291883],[117.327529,-1.657865],[116.098125,-0.582735],[114.63287,-1.304089]]]}},{"type":"Feature","properties":{"hex_id":"826947fffffffff","population":24404068,"population_year":2025,"area_km2":85294.5,"population_density":286.1,"all_players":1,"players_per_million":0.04,"player_ids":["athletics:14522941"],"label":"Manila","country":"Philippines"},"geometry":{"type":"Polygon","coordinates":[[[118.334184,16.013184],[118.102539,14.37128],[119.389559,13.411731],[120.936616,14.106],[121.18304,15.773842],[119.867722,16.72154],[118.334184,16.013184]]]}},{"type":"Feature","properties":{"hex_id":"826a5ffffffffff","population":1555528,"population_year":2025,"area_km2":89440.6,"population_density":17.4,"all_players":1,"players_per_million":0.64,"player_ids":["athletics:14792211"],"label":"Chukudum","country":"South Sudan"},"geometry":{"type":"Polygon","coordinates":[[[35.512218,3.02271],[36.109962,4.536385],[35.031676,5.820413],[33.351292,5.61374],[32.733029,4.11003],[33.814945,2.80266],[35.512218,3.02271]]]}},{"type":"Feature","properties":{"hex_id":"826a6ffffffffff","population":15000535,"population_year":2025,"area_km2":82416.4,"population_density":182.0,"all_players":1,"players_per_million":0.07,"player_ids":["athletics:14774192"],"label":"Kamashi Zone","country":"Ethiopia"},"geometry":{"type":"Polygon","coordinates":[[[35.316548,9.983984],[34.561478,8.530929],[35.626613,7.284445],[37.278233,7.473155],[37.848935,8.893463],[36.981543,10.160203],[35.316548,9.983984]]]}},{"type":"Feature","properties":{"hex_id":"826adffffffffff","population":40098258,"population_year":2025,"area_km2":98815.5,"population_density":405.8,"all_players":3,"players_per_million":0.07,"player_ids":["athletics:14645754","athletics:14661449","athletics:14973644"],"label":"Kinama zone","country":"Rwanda"},"geometry":{"type":"Polygon","coordinates":[[[31.272445,-3.53636],[31.921816,-1.919557],[30.825041,-0.559499],[29.081378,-0.796995],[28.415031,-2.401486],[29.508441,-3.781048],[31.272445,-3.53636]]]}},{"type":"Feature","properties":{"hex_id":"826aeffffffffff","population":14637862,"population_year":2025,"area_km2":92775.6,"population_density":157.8,"all_players":1,"players_per_million":0.07,"player_ids":["athletics:14636764"],"label":"Arua","country":"Uganda"},"geometry":{"type":"Polygon","coordinates":[[[33.193025,1.252497],[33.814945,2.80266],[32.733029,4.11003],[31.028473,3.889145],[30.388097,2.35084],[31.469937,1.021249],[33.193025,1.252497]]]}},{"type":"Feature","properties":{"hex_id":"826b6ffffffffff","population":17525720,"population_year":2025,"area_km2":93159.0,"population_density":188.1,"all_players":2,"players_per_million":0.11,"player_ids":["athletics:14456885","athletics:14755875"],"label":"Khartoum","country":"Sudan"},"geometry":{"type":"Polygon","coordinates":[[[32.231551,16.848032],[31.458258,15.285505],[32.465267,13.929126],[34.217211,14.109518],[35.008409,15.638246],[34.03121,17.020239],[32.231551,16.848032]]]}},{"type":"Feature","properties":{"hex_id":"826d2ffffffffff","population":17272761,"population_year":2025,"area_km2":89440.6,"population_density":193.1,"all_players":2,"players_per_million":0.12,"player_ids":["athletics:14366343","athletics:14434925"],"label":"San Cristóbal Verapaz","country":"Guatemala"},"geometry":{"type":"Polygon","coordinates":[[[-91.322395,13.549694],[-89.864907,14.465456],[-89.857391,16.13933],[-91.346666,16.919442],[-92.842552,15.990116],[-92.810283,14.294686],[-91.322395,13.549694]]]}},{"type":"Feature","properties":{"hex_id":"826d6ffffffffff","population":4010405,"population_year":2025,"area_km2":85627.7,"population_density":46.8,"all_players":1,"players_per_million":0.25,"player_ids":["athletics:14414628"],"label":"San José","country":"Costa Rica"},"geometry":{"type":"Polygon","coordinates":[[[-85.512332,12.31272],[-86.931887,11.42468],[-86.819121,9.849743],[-85.271133,9.16342],[-83.843685,10.069625],[-83.971963,11.643423],[-85.512332,12.31272]]]}},{"type":"Feature","properties":{"hex_id":"82751ffffffffff","population":13058974,"population_year":2025,"area_km2":59429.4,"population_density":219.7,"all_players":1,"players_per_million":0.08,"player_ids":["athletics:14924908"],"label":"Treichville","country":"Ivory Coast"},"geometry":{"type":"Polygon","coordinates":[[[-4.572995,7.39511],[-5.908653,6.676867],[-6.064496,5.36274],[-4.918873,4.784299],[-3.662397,5.048182],[-3.471095,6.357653],[-4.572995,7.39511]]]}},{"type":"Feature","properties":{"hex_id":"82752ffffffffff","population":11380330,"population_year":2025,"area_km2":65961.6,"population_density":172.5,"all_players":1,"players_per_million":0.09,"player_ids":["athletics:14873268"],"label":"Akim Oda","country":"Ghana"},"geometry":{"type":"Polygon","coordinates":[[[-1.939563,8.007194],[-2.159048,6.64558],[-1.048007,5.588679],[0.309804,5.864518],[0.568935,7.231941],[-0.569486,8.31841],[-1.939563,8.007194]]]}},{"type":"Feature","properties":{"hex_id":"827537fffffffff","population":3955898,"population_year":2025,"area_km2":65980.3,"population_density":60.0,"all_players":1,"players_per_million":0.25,"player_ids":["athletics:14426462"],"label":"Bobo-Dioulasso","country":"Burkina Faso"},"geometry":{"type":"Polygon","coordinates":[[[-4.013998,11.545296],[-5.412035,10.811138],[-5.582643,9.401522],[-4.392258,8.747781],[-3.07108,9.072581],[-2.861842,10.477113],[-4.013998,11.545296]]]}},{"type":"Feature","properties":{"hex_id":"827577fffffffff","population":7460273,"population_year":2025,"area_km2":63447.1,"population_density":117.6,"all_players":2,"players_per_million":0.27,"player_ids":["athletics:14775357","athletics:14893979"],"label":"Accra","country":"Ghana"},"geometry":{"type":"Polygon","coordinates":[[[-1.048007,5.588679],[-1.27685,4.273266],[-0.186076,3.230001],[1.158904,3.472805],[1.425991,4.791199],[0.309804,5.864518],[-1.048007,5.588679]]]}},{"type":"Feature","properties":{"hex_id":"8275a7fffffffff","population":4668134,"population_year":2025,"area_km2":65961.6,"population_density":70.8,"all_players":2,"players_per_million":0.43,"player_ids":["athletics:14622202","athletics:14636900"],"label":"Man","country":"Ivory Coast"},"geometry":{"type":"Polygon","coordinates":[[[-8.201403,9.317264],[-9.589455,8.560616],[-9.695281,7.173126],[-8.452417,6.557695],[-7.101993,7.292743],[-6.957445,8.664197],[-8.201403,9.317264]]]}},{"type":"Feature","properties":{"hex_id":"8275affffffffff","population":5213402,"population_year":2025,"area_km2":61279.2,"population_density":85.1,"all_players":1,"players_per_million":0.19,"player_ids":["athletics:14823620"],"label":"Daloa","country":"Ivory Coast"},"geometry":{"type":"Polygon","coordinates":[[[-7.101993,7.292743],[-8.452417,6.557695],[-8.572302,5.228007],[-7.378353,4.648344],[-6.064496,5.36274],[-5.908653,6.676867],[-7.101993,7.292743]]]}},{"type":"Feature","properties":{"hex_id":"827a1ffffffffff","population":6836671,"population_year":2025,"area_km2":82705.0,"population_density":82.7,"all_players":1,"players_per_million":0.15,"player_ids":["athletics:14330105"],"label":"Mogadishu","country":"Somalia"},"geometry":{"type":"Polygon","coordinates":[[[45.869775,1.487837],[46.363449,2.965781],[45.302588,4.23272],[43.729192,4.045895],[43.207535,2.566518],[44.286894,1.274913],[45.869775,1.487837]]]}},{"type":"Feature","properties":{"hex_id":"827a4ffffffffff","population":21234964,"population_year":2025,"area_km2":93159.0,"population_density":227.9,"all_players":18,"players_per_million":0.85,"player_ids":["athletics:14208053","athletics:14330373","athletics:14373314","athletics:14376567","athletics:14464203","athletics:14482919","athletics:14530634","athletics:14593938","athletics:14657163","athletics:14657344","athletics:14677961","athletics:14707661","athletics:14760499","athletics:14808798","athletics:14913746","athletics:14940422","athletics:14974928","athletics:15090820"],"label":"Uasin Gishu County","country":"Kenya"},"geometry":{"type":"Polygon","coordinates":[[[36.003377,0.148098],[36.603821,1.70658],[35.512218,3.02271],[33.814945,2.80266],[33.193025,1.252497],[34.289117,-0.086304],[36.003377,0.148098]]]}},{"type":"Feature","properties":{"hex_id":"827a67fffffffff","population":5949976,"population_year":2025,"area_km2":95515.4,"population_density":62.3,"all_players":1,"players_per_million":0.17,"player_ids":["athletics:14692921"],"label":"Kajiado County","country":"Kenya"},"geometry":{"type":"Polygon","coordinates":[[[39.336558,-3.891569],[39.914382,-2.291975],[38.805671,-0.953601],[37.108462,-1.193647],[36.505436,-2.790972],[37.624159,-4.150913],[39.336558,-3.891569]]]}},{"type":"Feature","properties":{"hex_id":"827a6ffffffffff","population":24848097,"population_year":2025,"area_km2":96323.1,"population_density":258.0,"all_players":6,"players_per_million":0.24,"player_ids":["athletics:14413305","athletics:14479183","athletics:14643526","athletics:14749924","athletics:14798146","athletics:14989901"],"label":"Bomet","country":"Kenya"},"geometry":{"type":"Polygon","coordinates":[[[36.505436,-2.790972],[37.108462,-1.193647],[36.003377,0.148098],[34.289117,-0.086304],[33.663619,-1.677295],[34.774104,-3.04058],[36.505436,-2.790972]]]}},{"type":"Feature","properties":{"hex_id":"827acffffffffff","population":29696046,"population_year":2025,"area_km2":81458.9,"population_density":364.6,"all_players":2,"players_per_million":0.07,"player_ids":["athletics:14751317","athletics:14848765"],"label":"Assela","country":"Ethiopia"},"geometry":{"type":"Polygon","coordinates":[[[39.981763,6.398853],[40.528837,7.826038],[39.467791,9.061222],[37.848935,8.893463],[37.278233,7.473155],[38.349456,6.21328],[39.981763,6.398853]]]}},{"type":"Feature","properties":{"hex_id":"827ad7fffffffff","population":2117036,"population_year":2025,"area_km2":76219.8,"population_density":27.8,"all_players":1,"players_per_million":0.47,"player_ids":["athletics:14763375"],"label":"Jijiga","country":"Ethiopia"},"geometry":{"type":"Polygon","coordinates":[[[44.745473,6.90973],[45.240404,8.29213],[44.198266,9.509409],[42.64445,9.3692],[42.123268,7.989895],[43.181772,6.747201],[44.745473,6.90973]]]}},{"type":"Feature","properties":{"hex_id":"828187fffffffff","population":10223616,"population_year":2025,"area_km2":101417.2,"population_density":100.8,"all_players":2,"players_per_million":0.2,"player_ids":["athletics:14268877","athletics:14327283"],"label":"João Pessoa","country":"Brazil"},"geometry":{"type":"Polygon","coordinates":[[[-34.589059,-10.472717],[-33.228016,-9.306023],[-33.551706,-7.562377],[-35.233892,-6.974007],[-36.605565,-8.138603],[-36.284909,-9.893325],[-34.589059,-10.472717]]]}},{"type":"Feature","properties":{"hex_id":"82818ffffffffff","population":4145012,"population_year":2025,"area_km2":103215.8,"population_density":40.2,"all_players":1,"players_per_million":0.24,"player_ids":["athletics:14269216"],"label":"Taperoá","country":"Brazil"},"geometry":{"type":"Polygon","coordinates":[[[-36.605565,-8.138603],[-35.233892,-6.974007],[-35.55458,-5.212334],[-37.243135,-4.606029],[-38.62207,-5.766943],[-38.305671,-7.537486],[-36.605565,-8.138603]]]}},{"type":"Feature","properties":{"hex_id":"828237fffffffff","population":6650382,"population_year":2025,"area_km2":89801.2,"population_density":74.1,"all_players":1,"players_per_million":0.15,"player_ids":["athletics:14429097"],"label":"Pointe-Noire","country":"Republic of the Congo"},"geometry":{"type":"Polygon","coordinates":[[[13.101649,-7.336896],[13.830599,-5.767147],[12.891758,-4.398547],[11.252899,-4.592551],[10.529931,-6.133852],[11.439145,-7.509362],[13.101649,-7.336896]]]}},{"type":"Feature","properties":{"hex_id":"82828ffffffffff","population":5899558,"population_year":2025,"area_km2":80847.5,"population_density":73.0,"all_players":1,"players_per_million":0.17,"player_ids":["athletics:14852717"],"label":"Yaoundé","country":"Cameroon"},"geometry":{"type":"Polygon","coordinates":[[[12.488314,1.301614],[13.190831,2.802597],[12.294352,4.039836],[10.722778,3.789625],[10.026445,2.31899],[10.894897,1.068516],[12.488314,1.301614]]]}},{"type":"Feature","properties":{"hex_id":"8282dffffffffff","population":30257808,"population_year":2025,"area_km2":72289.7,"population_density":418.6,"all_players":1,"players_per_million":0.03,"player_ids":["athletics:14591118"],"label":"Ughelli","country":"Nigeria"},"geometry":{"type":"Polygon","coordinates":[[[7.656465,3.293009],[8.344199,4.732154],[7.212915,5.860392],[5.720322,5.590237],[5.380973,4.221154],[6.164724,3.047732],[7.656465,3.293009]]]}},{"type":"Feature","properties":{"hex_id":"82831ffffffffff","population":10721390,"population_year":2025,"area_km2":91641.3,"population_density":117.0,"all_players":1,"players_per_million":0.09,"player_ids":["athletics:15021775"],"label":"Luanda","country":"Angola"},"geometry":{"type":"Polygon","coordinates":[[[13.317277,-10.315468],[14.055441,-8.737647],[13.101649,-7.336896],[11.439145,-7.509362],[10.70687,-9.060308],[11.630481,-10.465471],[13.317277,-10.315468]]]}},{"type":"Feature","properties":{"hex_id":"82838ffffffffff","population":15649024,"population_year":2025,"area_km2":91641.3,"population_density":170.8,"all_players":4,"players_per_million":0.26,"player_ids":["athletics:14375638","athletics:14595067","athletics:14804999","athletics:14910752"],"label":"Kinshasa","country":"Democratic Republic of the Congo"},"geometry":{"type":"Polygon","coordinates":[[[15.516939,-5.572189],[16.239904,-3.990915],[15.274266,-2.632268],[13.611699,-2.844753],[12.891758,-4.398547],[13.830599,-5.767147],[15.516939,-5.572189]]]}},{"type":"Feature","properties":{"hex_id":"8285a7fffffffff","population":131334,"population_year":2025,"area_km2":76219.8,"population_density":1.7,"all_players":1,"players_per_million":7.61,"player_ids":["athletics:14642679"],"label":"Victoria","country":"Seychelles"},"geometry":{"type":"Polygon","coordinates":[[[54.542548,-2.853379],[54.140719,-4.339393],[55.256809,-5.304322],[56.792581,-4.751344],[57.173857,-3.237294],[56.040764,-2.304118],[54.542548,-2.853379]]]}},{"type":"Feature","properties":{"hex_id":"828937fffffffff","population":219084,"population_year":2025,"area_km2":96323.1,"population_density":2.3,"all_players":1,"players_per_million":4.56,"player_ids":["athletics:14385035"],"label":"Moorea-Maiao","country":"France"},"geometry":{"type":"Polygon","coordinates":[[[-148.806309,-18.242013],[-147.768449,-16.848032],[-148.541742,-15.285505],[-150.33093,-15.085955],[-151.394269,-16.452521],[-150.644478,-18.046053],[-148.806309,-18.242013]]]}},{"type":"Feature","properties":{"hex_id":"828b67fffffffff","population":1746290,"population_year":2025,"area_km2":96323.1,"population_density":18.1,"all_players":2,"players_per_million":1.15,"player_ids":["athletics:14591647","athletics:14746476"],"label":"Pallpata District","country":"Peru"},"geometry":{"type":"Polygon","coordinates":[[[-71.028555,-12.256485],[-72.453074,-13.315851],[-72.257376,-15.063301],[-70.624921,-15.730668],[-69.21564,-14.661051],[-69.423117,-12.934568],[-71.028555,-12.256485]]]}},{"type":"Feature","properties":{"hex_id":"828b9ffffffffff","population":258492,"population_year":2025,"area_km2":95515.4,"population_density":2.7,"all_players":1,"players_per_million":3.87,"player_ids":["athletics:14429487"],"label":"Matupá","country":"Brazil"},"geometry":{"type":"Polygon","coordinates":[[[-55.055968,-11.052556],[-53.69752,-9.989152],[-53.966092,-8.249606],[-55.579816,-7.593456],[-56.915978,-8.6621],[-56.660915,-10.381451],[-55.055968,-11.052556]]]}},{"type":"Feature","properties":{"hex_id":"828e67fffffffff","population":14012104,"population_year":2025,"area_km2":101417.2,"population_density":138.2,"all_players":2,"players_per_million":0.14,"player_ids":["athletics:14293276","athletics:14546586"],"label":"Huancayo","country":"Peru"},"geometry":{"type":"Polygon","coordinates":[[[-75.91228,-10.117015],[-77.383874,-11.159905],[-77.211806,-12.942278],[-75.553473,-13.6677],[-74.089299,-12.614189],[-74.275639,-10.846247],[-75.91228,-10.117015]]]}},{"type":"Feature","properties":{"hex_id":"828f2ffffffffff","population":10404469,"population_year":2025,"area_km2":100537.4,"population_density":103.5,"all_players":3,"players_per_million":0.29,"player_ids":["athletics:14262292","athletics:14262339","athletics:14501901"],"label":"Guayaquil","country":"Ecuador"},"geometry":{"type":"Polygon","coordinates":[[[-79.982821,0.245335],[-81.439141,-0.741795],[-81.292442,-2.502528],[-79.674015,-3.267721],[-78.218164,-2.264143],[-78.379976,-0.512277],[-79.982821,0.245335]]]}},{"type":"Feature","properties":{"hex_id":"828f77fffffffff","population":1851858,"population_year":2025,"area_km2":101417.2,"population_density":18.3,"all_players":1,"players_per_million":0.54,"player_ids":["athletics:14746400"],"label":"Cuenca","country":"Ecuador"},"geometry":{"type":"Polygon","coordinates":[[[-78.218164,-2.264143],[-79.674015,-3.267721],[-79.517201,-5.043918],[-77.889563,-5.805283],[-76.437083,-4.785999],[-76.608536,-3.021473],[-78.218164,-2.264143]]]}},{"type":"Feature","properties":{"hex_id":"82942ffffffffff","population":1689757,"population_year":2025,"area_km2":89801.2,"population_density":18.8,"all_players":1,"players_per_million":0.59,"player_ids":["athletics:14850871"],"label":"Dili","country":"Timor-Leste"},"geometry":{"type":"Polygon","coordinates":[[[125.01119,-8.285432],[124.755182,-9.911192],[126.071602,-11.014796],[127.663328,-10.503211],[127.931665,-8.866885],[126.596181,-7.752291],[125.01119,-8.285432]]]}},{"type":"Feature","properties":{"hex_id":"829627fffffffff","population":5815247,"population_year":2025,"area_km2":104135.0,"population_density":55.8,"all_players":1,"players_per_million":0.17,"player_ids":["athletics:14930603"],"label":"Lusaka","country":"Zambia"},"geometry":{"type":"Polygon","coordinates":[[[30.632357,-17.73753],[31.325347,-16.066011],[30.166394,-14.65381],[28.318506,-14.904351],[27.6074,-16.570104],[28.761238,-17.991301],[30.632357,-17.73753]]]}},{"type":"Feature","properties":{"hex_id":"829697fffffffff","population":6824463,"population_year":2025,"area_km2":98815.5,"population_density":69.1,"all_players":1,"players_per_million":0.15,"player_ids":["athletics:14487535"],"label":"Singida","country":"Tanzania"},"geometry":{"type":"Polygon","coordinates":[[[37.018681,-5.780085],[37.624159,-4.150913],[36.505436,-2.790972],[34.774104,-3.04058],[34.145116,-4.665677],[35.270208,-6.045591],[37.018681,-5.780085]]]}},{"type":"Feature","properties":{"hex_id":"8296b7fffffffff","population":6770071,"population_year":2025,"area_km2":100537.4,"population_density":67.3,"all_players":1,"players_per_million":0.15,"player_ids":["athletics:14840516"],"label":"Dodoma","country":"Tanzania"},"geometry":{"type":"Polygon","coordinates":[[[37.543405,-8.803195],[38.151196,-7.150038],[37.018681,-5.780085],[35.270208,-6.045591],[34.637827,-7.697114],[35.777738,-9.085096],[37.543405,-8.803195]]]}},{"type":"Feature","properties":{"hex_id":"82970ffffffffff","population":4593736,"population_year":2025,"area_km2":102761.2,"population_density":44.7,"all_players":1,"players_per_million":0.22,"player_ids":["athletics:14805965"],"label":"Gweru","country":"Zimbabwe"},"geometry":{"type":"Polygon","coordinates":[[[31.110325,-20.792947],[31.808529,-19.135021],[30.632357,-17.73753],[28.761238,-17.991301],[28.04381,-19.645632],[29.215631,-21.050014],[31.110325,-20.792947]]]}},{"type":"Feature","properties":{"hex_id":"829777fffffffff","population":1287549,"population_year":2025,"area_km2":101417.2,"population_density":12.7,"all_players":1,"players_per_million":0.78,"player_ids":["athletics:14847443"],"label":"Tutume","country":"Botswana"},"geometry":{"type":"Polygon","coordinates":[[[28.491882,-22.684204],[29.215631,-21.050014],[28.04381,-19.645632],[26.156656,-19.871128],[25.417111,-21.499615],[26.579358,-22.908516],[28.491882,-22.684204]]]}},{"type":"Feature","properties":{"hex_id":"829d0ffffffffff","population":281851,"population_year":2025,"area_km2":93933.6,"population_density":3.0,"all_players":1,"players_per_million":3.55,"player_ids":["athletics:14514560"],"label":"Thuringowa Central","country":"Australia"},"geometry":{"type":"Polygon","coordinates":[[[148.908355,-21.368239],[149.1751,-19.686219],[147.744098,-18.672653],[146.041409,-19.302203],[145.721377,-20.964646],[147.156222,-22.017841],[148.908355,-21.368239]]]}},{"type":"Feature","properties":{"hex_id":"829d27fffffffff","population":282045,"population_year":2025,"area_km2":98815.5,"population_density":2.9,"all_players":2,"players_per_million":7.09,"player_ids":["athletics:14272049","athletics:14517121"],"label":"Rockhampton","country":"Australia"},"geometry":{"type":"Polygon","coordinates":[[[153.49711,-24.457404],[153.68821,-22.724174],[152.147812,-21.714895],[150.400035,-22.402303],[150.147735,-24.124022],[151.703594,-25.170738],[153.49711,-24.457404]]]}},{"type":"Feature","properties":{"hex_id":"82a727fffffffff","population":1275914,"population_year":2025,"area_km2":68186.6,"population_density":18.7,"all_players":1,"players_per_million":0.78,"player_ids":["athletics:14745474"],"label":"Subiaco","country":"Australia"},"geometry":{"type":"Polygon","coordinates":[[[116.156806,-31.717896],[115.365356,-30.470522],[113.5891,-30.27389],[112.519247,-31.318696],[113.256895,-32.609931],[115.121218,-32.812717],[116.156806,-31.717896]]]}},{"type":"Feature","properties":{"hex_id":"82a80ffffffffff","population":2522447,"population_year":2025,"area_km2":87326.6,"population_density":28.9,"all_players":2,"players_per_million":0.79,"player_ids":["athletics:14175971","athletics:14460894"],"label":"Pacaembu","country":"Brazil"},"geometry":{"type":"Polygon","coordinates":[[[-51.481406,-23.408711],[-50.070903,-22.458019],[-50.359831,-20.834788],[-52.046783,-20.176039],[-53.439218,-21.137466],[-53.163082,-22.746553],[-51.481406,-23.408711]]]}},{"type":"Feature","properties":{"hex_id":"82a817fffffffff","population":35227396,"population_year":2025,"area_km2":87326.6,"population_density":403.4,"all_players":8,"players_per_million":0.23,"player_ids":["athletics:14488481","athletics:14545924","athletics:14546452","athletics:14579558","athletics:14657140","athletics:14697693","athletics:14718734","athletics:14813665"],"label":"Campinas","country":"Brazil"},"geometry":{"type":"Polygon","coordinates":[[[-46.329568,-25.285204],[-44.896021,-24.304788],[-45.204057,-22.710396],[-46.93561,-22.103817],[-48.35944,-23.093332],[-48.061859,-24.679886],[-46.329568,-25.285204]]]}},{"type":"Feature","properties":{"hex_id":"82a81ffffffffff","population":7721730,"population_year":2025,"area_km2":89801.2,"population_density":86.0,"all_players":2,"players_per_million":0.26,"player_ids":["athletics:14497005","athletics:14755064"],"label":"São Joaquim da Barra","country":"Brazil"},"geometry":{"type":"Polygon","coordinates":[[[-48.35944,-23.093332],[-46.93561,-22.103817],[-47.235943,-20.470042],[-48.949081,-19.835922],[-50.359831,-20.834788],[-50.070903,-22.458019],[-48.35944,-23.093332]]]}},{"type":"Feature","properties":{"hex_id":"82a837fffffffff","population":5166983,"population_year":2025,"area_km2":82705.0,"population_density":62.5,"all_players":1,"players_per_million":0.19,"player_ids":["athletics:14674309"],"label":"Blumenau","country":"Brazil"},"geometry":{"type":"Polygon","coordinates":[[[-47.461171,-27.760044],[-46.023861,-26.829336],[-46.329568,-25.285204],[-48.061859,-24.679886],[-49.487409,-25.620271],[-49.192836,-27.155857],[-47.461171,-27.760044]]]}},{"type":"Feature","properties":{"hex_id":"82a887fffffffff","population":6514988,"population_year":2025,"area_km2":92775.6,"population_density":70.2,"all_players":1,"players_per_million":0.15,"player_ids":["athletics:14723385"],"label":"Juiz de Fora","country":"Brazil"},"geometry":{"type":"Polygon","coordinates":[[[-42.034051,-22.260838],[-40.609178,-21.200843],[-40.927192,-19.557548],[-42.662641,-18.976573],[-44.08545,-20.043635],[-43.775354,-21.684143],[-42.034051,-22.260838]]]}},{"type":"Feature","properties":{"hex_id":"82a88ffffffffff","population":5538942,"population_year":2025,"area_km2":95515.4,"population_density":58.0,"all_players":1,"players_per_million":0.18,"player_ids":["athletics:14718731"],"label":"Contagem","country":"Brazil"},"geometry":{"type":"Polygon","coordinates":[[[-44.08545,-20.043635],[-42.662641,-18.976573],[-42.974527,-17.295269],[-44.70061,-16.685821],[-46.117749,-17.759599],[-45.814924,-19.435672],[-44.08545,-20.043635]]]}},{"type":"Feature","properties":{"hex_id":"82a8a7fffffffff","population":15397379,"population_year":2025,"area_km2":88726.5,"population_density":173.5,"all_players":1,"players_per_million":0.06,"player_ids":["athletics:14691803"],"label":"Araruama","country":"Brazil"},"geometry":{"type":"Polygon","coordinates":[[[-43.150153,-24.877664],[-41.71736,-23.859502],[-42.034051,-22.260838],[-43.775354,-21.684143],[-45.204057,-22.710396],[-44.896021,-24.304788],[-43.150153,-24.877664]]]}},{"type":"Feature","properties":{"hex_id":"82a8d7fffffffff","population":3105120,"population_year":2025,"area_km2":97556.0,"population_density":31.8,"all_players":2,"players_per_million":0.64,"player_ids":["athletics:14175843","athletics:14816432"],"label":"Sobradinho","country":"Brazil"},"geometry":{"type":"Polygon","coordinates":[[[-46.117749,-17.759599],[-44.70061,-16.685821],[-45.005667,-14.97354],[-46.718173,-14.342511],[-48.126183,-15.422507],[-47.831229,-17.126909],[-46.117749,-17.759599]]]}},{"type":"Feature","properties":{"hex_id":"82a947fffffffff","population":2043841,"population_year":2025,"area_km2":74863.4,"population_density":27.3,"all_players":1,"players_per_million":0.49,"player_ids":["athletics:14922045"],"label":"Tebicuary","country":"Paraguay"},"geometry":{"type":"Polygon","coordinates":[[[-56.776799,-28.386902],[-55.397042,-27.584842],[-55.665148,-26.075268],[-57.298468,-25.384508],[-58.652486,-26.200276],[-58.39911,-27.6928],[-56.776799,-28.386902]]]}},{"type":"Feature","properties":{"hex_id":"82ac87fffffffff","population":624042,"population_year":2025,"area_km2":95515.4,"population_density":6.5,"all_players":1,"players_per_million":1.6,"player_ids":["athletics:14572721"],"label":"Ondangwa","country":"Namibia"},"geometry":{"type":"Polygon","coordinates":[[[16.834289,-20.683769],[17.603059,-19.114486],[16.556016,-17.662176],[14.768061,-17.780737],[14.000962,-19.332615],[15.01918,-20.783372],[16.834289,-20.683769]]]}},{"type":"Feature","properties":{"hex_id":"82ad37fffffffff","population":5629844,"population_year":2025,"area_km2":82416.4,"population_density":68.3,"all_players":3,"players_per_million":0.53,"player_ids":["athletics:14220168","athletics:14417677","athletics:14462668"],"label":"Cape Town","country":"South Africa"},"geometry":{"type":"Polygon","coordinates":[[[18.352922,-34.994007],[19.172477,-33.623556],[18.03101,-32.281494],[16.099481,-32.315582],[15.366054,-33.828537],[16.499817,-35.187102],[18.352922,-34.994007]]]}},{"type":"Feature","properties":{"hex_id":"82ad97fffffffff","population":78611,"population_year":2025,"area_km2":96323.1,"population_density":0.8,"all_players":1,"players_per_million":12.72,"player_ids":["athletics:14935809"],"label":"Hukuntsi","country":"Botswana"},"geometry":{"type":"Polygon","coordinates":[[[23.142635,-26.259572],[23.910011,-24.696711],[22.762652,-23.285729],[20.866871,-23.438175],[20.091519,-24.992087],[21.218722,-26.40267],[23.142635,-26.259572]]]}},{"type":"Feature","properties":{"hex_id":"82b2c7fffffffff","population":11329671,"population_year":2025,"area_km2":74863.4,"population_density":151.3,"all_players":2,"players_per_million":0.18,"player_ids":["athletics:14718347","athletics:14748703"],"label":"Santiago","country":"Chile"},"geometry":{"type":"Polygon","coordinates":[[[-71.701009,-32.457423],[-73.23859,-33.44609],[-73.032279,-34.902991],[-71.273842,-35.361914],[-69.752658,-34.374792],[-69.972956,-32.927676],[-71.701009,-32.457423]]]}},{"type":"Feature","properties":{"hex_id":"82b2dffffffffff","population":2984044,"population_year":2025,"area_km2":72289.7,"population_density":41.3,"all_players":1,"players_per_million":0.34,"player_ids":["athletics:14407566"],"label":"Concepción","country":"Chile"},"geometry":{"type":"Polygon","coordinates":[[[-73.032279,-34.902991],[-74.602715,-35.852907],[-74.031951,-37.379975],[-72.21322,-37.830135],[-71.056935,-36.761184],[-71.273842,-35.361914],[-73.032279,-34.902991]]]}},{"type":"Feature","properties":{"hex_id":"82b917fffffffff","population":1613160,"population_year":2025,"area_km2":95515.4,"population_density":16.9,"all_players":2,"players_per_million":1.24,"player_ids":["athletics:14519260","athletics:14565327"],"label":"Adelaide","country":"Australia"},"geometry":{"type":"Polygon","coordinates":[[[138.617833,-35.797135],[139.129671,-34.088237],[137.662578,-32.868454],[135.707627,-33.326136],[135.142328,-34.999661],[136.582892,-36.251125],[138.617833,-35.797135]]]}},{"type":"Feature","properties":{"hex_id":"82bb0ffffffffff","population":580554,"population_year":2025,"area_km2":88726.5,"population_density":6.5,"all_players":1,"players_per_million":1.72,"player_ids":["athletics:14578186"],"label":"Hastings","country":"New Zealand"},"geometry":{"type":"Polygon","coordinates":[[[178.908854,-39.784657],[178.583766,-38.115997],[176.688659,-37.499409],[175.036544,-38.552712],[175.291773,-40.256026],[177.271382,-40.871785],[178.908854,-39.784657]]]}},{"type":"Feature","properties":{"hex_id":"82bb57fffffffff","population":2517968,"population_year":2025,"area_km2":91641.3,"population_density":27.5,"all_players":6,"players_per_million":2.38,"player_ids":["athletics:14464500","athletics:14465380","athletics:14610254","athletics:14668954","athletics:14728356","athletics:14785591"],"label":"Auckland","country":"New Zealand"},"geometry":{"type":"Polygon","coordinates":[[[176.688659,-37.499409],[176.415194,-35.801656],[174.557652,-35.124424],[172.898106,-36.141695],[173.101494,-37.871743],[175.036544,-38.552712],[176.688659,-37.499409]]]}},{"type":"Feature","properties":{"hex_id":"82bb77fffffffff","population":202389,"population_year":2025,"area_km2":92775.6,"population_density":2.2,"all_players":1,"players_per_million":4.94,"player_ids":["athletics:14499691"],"label":"Stratford","country":"New Zealand"},"geometry":{"type":"Polygon","coordinates":[[[175.291773,-40.256026],[175.036544,-38.552712],[173.101494,-37.871743],[171.342352,-38.889432],[171.519319,-40.6223],[173.535818,-41.30856],[175.291773,-40.256026]]]}},{"type":"Feature","properties":{"hex_id":"82bc1ffffffffff","population":2351912,"population_year":2025,"area_km2":89801.2,"population_density":26.2,"all_players":1,"players_per_million":0.43,"player_ids":["athletics:14544053"],"label":"Amanzimtoti","country":"South Africa"},"geometry":{"type":"Polygon","coordinates":[[[33.150456,-32.410756],[33.868758,-30.8833],[32.620327,-29.624454],[30.652925,-29.89183],[29.910322,-31.42137],[31.158191,-32.681712],[33.150456,-32.410756]]]}},{"type":"Feature","properties":{"hex_id":"82bc47fffffffff","population":993544,"population_year":2025,"area_km2":85294.5,"population_density":11.6,"all_players":2,"players_per_million":2.01,"player_ids":["athletics:14220053","athletics:14838299"],"label":"Pacaltsdorp","country":"South Africa"},"geometry":{"type":"Polygon","coordinates":[[[24.349756,-34.732415],[25.142967,-33.300837],[23.935738,-31.99438],[21.953505,-32.121567],[21.149655,-33.54865],[22.337303,-34.853247],[24.349756,-34.732415]]]}},{"type":"Feature","properties":{"hex_id":"82bc4ffffffffff","population":408589,"population_year":2025,"area_km2":85627.7,"population_density":4.8,"all_players":1,"players_per_million":2.45,"player_ids":["athletics:14741268"],"label":"Ceres","country":"South Africa"},"geometry":{"type":"Polygon","coordinates":[[[21.149655,-33.54865],[21.953505,-32.121567],[20.786599,-30.775833],[18.839987,-30.861032],[18.03101,-32.281494],[19.172477,-33.623556],[21.149655,-33.54865]]]}},{"type":"Feature","properties":{"hex_id":"82bc6ffffffffff","population":796825,"population_year":2025,"area_km2":81458.9,"population_density":9.8,"all_players":1,"players_per_million":1.25,"player_ids":["athletics:14558613"],"label":"Worcester","country":"South Africa"},"geometry":{"type":"Polygon","coordinates":[[[21.523639,-36.229202],[22.337303,-34.853247],[21.149655,-33.54865],[19.172477,-33.623556],[18.352922,-34.994007],[19.515077,-36.295234],[21.523639,-36.229202]]]}},{"type":"Feature","properties":{"hex_id":"82bc8ffffffffff","population":3211595,"population_year":2025,"area_km2":95515.4,"population_density":33.6,"all_players":1,"players_per_million":0.31,"player_ids":["athletics:14381280"],"label":"Maputo","country":"Mozambique"},"geometry":{"type":"Polygon","coordinates":[[[35.269223,-27.748682],[35.951584,-26.146441],[34.725619,-24.846356],[32.812319,-25.145186],[32.103888,-26.751237],[33.333745,-28.054901],[35.269223,-27.748682]]]}},{"type":"Feature","properties":{"hex_id":"82bcc7fffffffff","population":16401038,"population_year":2025,"area_km2":95515.4,"population_density":171.7,"all_players":8,"players_per_million":0.49,"player_ids":["athletics:14221197","athletics:14417763","athletics:14578589","athletics:14741320","athletics:14745817","athletics:14748228","athletics:14789586","athletics:14789653"],"label":"Welkom","country":"South Africa"},"geometry":{"type":"Polygon","coordinates":[[[29.424697,-28.585894],[30.161044,-27.015106],[28.952033,-25.669244],[27.013681,-25.892672],[26.259296,-27.461202],[27.460057,-28.808795],[29.424697,-28.585894]]]}},{"type":"Feature","properties":{"hex_id":"82bccffffffffff","population":2310472,"population_year":2025,"area_km2":96323.1,"population_density":24.0,"all_players":1,"players_per_million":0.43,"player_ids":["athletics:14883897"],"label":"Kanye","country":"Botswana"},"geometry":{"type":"Polygon","coordinates":[[[26.259296,-27.461202],[27.013681,-25.892672],[25.832416,-24.51073],[23.910011,-24.696711],[23.142635,-26.259572],[24.30941,-27.642326],[26.259296,-27.461202]]]}},{"type":"Feature","properties":{"hex_id":"82bcd7fffffffff","population":7346406,"population_year":2025,"area_km2":97556.0,"population_density":75.3,"all_players":1,"players_per_million":0.14,"player_ids":["athletics:14942761"],"label":"Mpumalanga","country":"South Africa"},"geometry":{"type":"Polygon","coordinates":[[[32.103888,-26.751237],[32.812319,-25.145186],[31.600697,-23.802778],[29.682092,-24.063211],[28.952033,-25.669244],[30.161044,-27.015106],[32.103888,-26.751237]]]}},{"type":"Feature","properties":{"hex_id":"82bcdffffffffff","population":7053790,"population_year":2025,"area_km2":98815.5,"population_density":71.4,"all_players":1,"players_per_million":0.14,"player_ids":["athletics:14932729"],"label":"Limpopo","country":"South Africa"},"geometry":{"type":"Polygon","coordinates":[[[28.952033,-25.669244],[29.682092,-24.063211],[28.491882,-22.684204],[26.579358,-22.908516],[25.832416,-24.51073],[27.013681,-25.892672],[28.952033,-25.669244]]]}},{"type":"Feature","properties":{"hex_id":"82bcf7fffffffff","population":8910757,"population_year":2025,"area_km2":93933.6,"population_density":94.9,"all_players":1,"players_per_million":0.11,"player_ids":["athletics:14696997"],"label":"Ladysmith","country":"South Africa"},"geometry":{"type":"Polygon","coordinates":[[[32.620327,-29.624454],[33.333745,-28.054901],[32.103888,-26.751237],[30.161044,-27.015106],[29.424697,-28.585894],[30.652925,-29.89183],[32.620327,-29.624454]]]}},{"type":"Feature","properties":{"hex_id":"82be0ffffffffff","population":6793674,"population_year":2025,"area_km2":104135.0,"population_density":65.2,"all_players":9,"players_per_million":1.32,"player_ids":["athletics:14387190","athletics:14406120","athletics:14455195","athletics:14455361","athletics:14464506","athletics:14572123","athletics:14575440","athletics:14608674","athletics:14743991"],"label":"Crows Nest","country":"Australia"},"geometry":{"type":"Polygon","coordinates":[[[152.177285,-35.125129],[152.420459,-33.332138],[150.704674,-32.253721],[148.729494,-32.935272],[148.409969,-34.714468],[150.140595,-35.826845],[152.177285,-35.125129]]]}},{"type":"Feature","properties":{"hex_id":"82be57fffffffff","population":140987,"population_year":2025,"area_km2":102761.2,"population_density":1.4,"all_players":1,"players_per_million":7.09,"player_ids":["athletics:14517594"],"label":"New South Wales","country":"Australia"},"geometry":{"type":"Polygon","coordinates":[[[148.409969,-34.714468],[148.729494,-32.935272],[147.080812,-31.813113],[145.107938,-32.435886],[144.717645,-34.194236],[146.369194,-35.351443],[148.409969,-34.714468]]]}},{"type":"Feature","properties":{"hex_id":"82be67fffffffff","population":5799918,"population_year":2025,"area_km2":101417.2,"population_density":57.2,"all_players":9,"players_per_million":1.55,"player_ids":["athletics:14272002","athletics:14336764","athletics:14411267","athletics:14552175","athletics:14636659","athletics:14671065","athletics:14690008","athletics:14922448","athletics:14940604"],"label":"East Melbourne","country":"Australia"},"geometry":{"type":"Polygon","coordinates":[[[147.365513,-40.022078],[147.728894,-38.261419],[145.990588,-37.115507],[143.887418,-37.698406],[143.445429,-39.437203],[145.182884,-40.615783],[147.365513,-40.022078]]]}},{"type":"Feature","properties":{"hex_id":"82be77fffffffff","population":912055,"population_year":2025,"area_km2":103215.8,"population_density":8.8,"all_players":1,"players_per_million":1.1,"player_ids":["athletics:14549778"],"label":"Canberra","country":"Australia"},"geometry":{"type":"Polygon","coordinates":[[[149.839959,-37.608844],[150.140595,-35.826845],[148.409969,-34.714468],[146.369194,-35.351443],[145.990588,-37.115507],[147.728894,-38.261419],[149.839959,-37.608844]]]}},{"type":"Feature","properties":{"hex_id":"82be8ffffffffff","population":3414014,"population_year":2025,"area_km2":101417.2,"population_density":33.7,"all_players":3,"players_per_million":0.88,"player_ids":["athletics:14865727","athletics:14874649","athletics:15006779"],"label":"Caboolture","country":"Australia"},"geometry":{"type":"Polygon","coordinates":[[[154.931553,-27.234921],[155.100683,-25.47207],[153.49711,-24.457404],[151.703594,-25.170738],[151.46847,-26.924893],[153.092109,-27.975349],[154.931553,-27.234921]]]}},{"type":"Feature","properties":{"hex_id":"82beaffffffffff","population":860278,"population_year":2025,"area_km2":103215.8,"population_density":8.3,"all_players":2,"players_per_million":2.32,"player_ids":["athletics:14684694","athletics:14768392"],"label":"Tugun","country":"Australia"},"geometry":{"type":"Polygon","coordinates":[[[156.457483,-30.029487],[156.601213,-28.245627],[154.931553,-27.234921],[153.092109,-27.975349],[152.877292,-29.753699],[154.572365,-30.798114],[156.457483,-30.029487]]]}},{"type":"Feature","properties":{"hex_id":"82bef7fffffffff","population":374361,"population_year":2025,"area_km2":102761.2,"population_density":3.6,"all_players":1,"players_per_million":2.67,"player_ids":["athletics:14436890"],"label":"Toowoomba","country":"Australia"},"geometry":{"type":"Polygon","coordinates":[[[152.877292,-29.753699],[153.092109,-27.975349],[151.46847,-26.924893],[149.613583,-27.617724],[149.330579,-29.383365],[150.969593,-30.469788],[152.877292,-29.753699]]]}},{"type":"Feature","properties":{"hex_id":"82c21ffffffffff","population":718809,"population_year":2025,"area_km2":56786.6,"population_density":12.7,"all_players":1,"players_per_million":1.39,"player_ids":["athletics:14545494"],"label":"Mar del Plata","country":"Argentina"},"geometry":{"type":"Polygon","coordinates":[[[-56.300463,-38.517762],[-54.888123,-37.903324],[-55.164004,-36.642936],[-56.837235,-36.005614],[-58.223405,-36.629598],[-57.962724,-37.880975],[-56.300463,-38.517762]]]}},{"type":"Feature","properties":{"hex_id":"82c2c7fffffffff","population":788902,"population_year":2025,"area_km2":63447.1,"population_density":12.4,"all_players":1,"players_per_million":1.27,"player_ids":["athletics:14496688"],"label":"Trinidad","country":"Uruguay"},"geometry":{"type":"Polygon","coordinates":[[[-57.102564,-34.700194],[-55.709654,-34.021808],[-55.979444,-32.661445],[-57.627165,-31.991695],[-58.993312,-32.682213],[-58.738685,-34.029993],[-57.102564,-34.700194]]]}},{"type":"Feature","properties":{"hex_id":"82c2e7fffffffff","population":16637306,"population_year":2025,"area_km2":59429.4,"population_density":280.0,"all_players":1,"players_per_million":0.06,"player_ids":["athletics:14444291"],"label":"Avellaneda","country":"Argentina"},"geometry":{"type":"Polygon","coordinates":[[[-58.223405,-36.629598],[-56.837235,-36.005614],[-57.102564,-34.700194],[-58.738685,-34.029993],[-60.04313,-35.087873],[-59.788176,-36.394827],[-58.223405,-36.629598]]]}},{"type":"Feature","properties":{"hex_id":"82c2effffffffff","population":3012497,"population_year":2025,"area_km2":63447.1,"population_density":47.5,"all_players":1,"players_per_million":0.33,"player_ids":["athletics:14805747"],"label":"Suipacha","country":"Argentina"},"geometry":{"type":"Polygon","coordinates":[[[-60.546841,-32.376319],[-61.882735,-33.439024],[-61.634178,-34.802491],[-60.04313,-35.087873],[-58.738685,-34.029993],[-58.993312,-32.682213],[-60.546841,-32.376319]]]}},{"type":"Feature","properties":{"hex_id":"82c2f7fffffffff","population":2188958,"population_year":2025,"area_km2":61279.2,"population_density":35.7,"all_players":3,"players_per_million":1.37,"player_ids":["athletics:14230856","athletics:14304406","athletics:14374159"],"label":"Montevideo","country":"Uruguay"},"geometry":{"type":"Polygon","coordinates":[[[-55.164004,-36.642936],[-53.746651,-35.974736],[-54.026733,-34.659415],[-55.709654,-34.021808],[-57.102564,-34.700194],[-56.837235,-36.005614],[-55.164004,-36.642936]]]}},{"type":"Feature","properties":{"hex_id":"82c997fffffffff","population":1133098,"population_year":2025,"area_km2":70058.2,"population_density":16.2,"all_players":1,"players_per_million":0.88,"player_ids":["athletics:14514549"],"label":"Greenmount","country":"Australia"},"geometry":{"type":"Polygon","coordinates":[[[118.852608,-33.133337],[117.977474,-31.877886],[116.156806,-31.717896],[115.121218,-32.812717],[115.946884,-34.116475],[117.86092,-34.27708],[118.852608,-33.133337]]]}},{"type":"Feature","properties":{"hex_id":"82ce8ffffffffff","population":1528074,"population_year":2025,"area_km2":74863.4,"population_density":20.4,"all_players":2,"players_per_million":1.31,"player_ids":["athletics:14536113","athletics:14543229"],"label":"Temuco","country":"Chile"},"geometry":{"type":"Polygon","coordinates":[[[-72.805854,-40.451791],[-71.573716,-39.340814],[-72.21322,-37.830135],[-74.031951,-37.379975],[-75.305643,-38.448645],[-74.722455,-40.010051],[-72.805854,-40.451791]]]}},{"type":"Feature","properties":{"hex_id":"82ceaffffffffff","population":889084,"population_year":2025,"area_km2":77902.3,"population_density":11.4,"all_players":1,"players_per_million":1.12,"player_ids":["athletics:14414721"],"label":"Osorno","country":"Chile"},"geometry":{"type":"Polygon","coordinates":[[[-73.464399,-43.139813],[-72.146547,-41.99109],[-72.805854,-40.451791],[-74.722455,-40.010051],[-76.084187,-41.116232],[-75.4894,-42.706894],[-73.464399,-43.139813]]]}},{"type":"Feature","properties":{"hex_id":"82da87fffffffff","population":347525,"population_year":2025,"area_km2":92775.6,"population_density":3.7,"all_players":2,"players_per_million":5.75,"player_ids":["athletics:14413007","athletics:14633982"],"label":"Dunedin","country":"New Zealand"},"geometry":{"type":"Polygon","coordinates":[[[172.101748,-45.74022],[171.898411,-44.050631],[169.796781,-43.356947],[167.812345,-44.343676],[167.917904,-46.055866],[170.107835,-46.759699],[172.101748,-45.74022]]]}},{"type":"Feature","properties":{"hex_id":"82da97fffffffff","population":716376,"population_year":2025,"area_km2":93159.0,"population_density":7.7,"all_players":1,"players_per_million":1.4,"player_ids":["athletics:14558985"],"label":"Christchurch","country":"New Zealand"},"geometry":{"type":"Polygon","coordinates":[[[173.768012,-43.009176],[173.535818,-41.30856],[171.519319,-40.6223],[169.652059,-41.63003],[169.796781,-43.356947],[171.898411,-44.050631],[173.768012,-43.009176]]]}}]}