{"type":"FeatureCollection","metadata":{"population_source":"WorldPop Global 2 R2025A","population_source_url":"https://hub.worldpop.org/project/categories?id=3","population_license":"CC BY 4.0","population_year":2025,"raster_resolution":"1km","h3_resolution":3,"population_method":"official_country_rasters","occupied_cells":565,"mapped_players":1033},"features":[{"type":"Feature","properties":{"hex_id":"83075dfffffffff","population":294528,"population_year":2025,"area_km2":11149.1,"population_density":26.4,"all_players":1,"players_per_million":3.4,"player_ids":["athletics:14433045"],"label":"Kópavogur","country":"Iceland"},"geometry":{"type":"Polygon","coordinates":[[[-21.60635,64.407745],[-22.864489,64.553188],[-23.803361,64.100076],[-23.475347,63.513245],[-22.257384,63.377933],[-21.32794,63.819532],[-21.60635,64.407745]]]}},{"type":"Feature","properties":{"hex_id":"830815fffffffff","population":329673,"population_year":2025,"area_km2":7890.8,"population_density":41.8,"all_players":1,"players_per_million":3.03,"player_ids":["athletics:14215417"],"label":"Trondheim","country":"Norway"},"geometry":{"type":"Polygon","coordinates":[[[9.693861,63.519707],[9.782461,63.071538],[10.856626,62.924851],[11.860961,63.22328],[11.792822,63.67262],[10.699671,63.822428],[9.693861,63.519707]]]}},{"type":"Feature","properties":{"hex_id":"83081bfffffffff","population":9577,"population_year":2025,"area_km2":8338.3,"population_density":1.1,"all_players":1,"players_per_million":104.42,"player_ids":["athletics:14718533"],"label":"Vilhelmina","country":"Sweden"},"geometry":{"type":"Polygon","coordinates":[[[16.293185,64.495252],[17.314933,64.346547],[18.126658,64.737316],[17.90901,65.283241],[16.849199,65.431088],[16.045914,65.033831],[16.293185,64.495252]]]}},{"type":"Feature","properties":{"hex_id":"830836fffffffff","population":119475,"population_year":2025,"area_km2":8338.3,"population_density":14.3,"all_players":1,"players_per_million":8.37,"player_ids":["athletics:14479487"],"label":"Ulsteinvik","country":"Norway"},"geometry":{"type":"Polygon","coordinates":[[[5.963467,63.245655],[5.050008,63.030321],[5.161766,62.508955],[6.159096,62.205005],[7.050817,62.418189],[6.966744,62.937386],[5.963467,63.245655]]]}},{"type":"Feature","properties":{"hex_id":"830886fffffffff","population":2640375,"population_year":2025,"area_km2":9267.4,"population_density":284.9,"all_players":2,"players_per_million":0.76,"player_ids":["athletics:14227638","athletics:14774822"],"label":"Eskilstuna Municipality","country":"Sweden"},"geometry":{"type":"Polygon","coordinates":[[[16.278958,59.64339],[16.300028,59.146064],[17.2862,58.926343],[18.263528,59.200793],[18.261053,59.698623],[17.262594,59.921571],[16.278958,59.64339]]]}},{"type":"Feature","properties":{"hex_id":"830888fffffffff","population":135099,"population_year":2025,"area_km2":9064.9,"population_density":14.9,"all_players":1,"players_per_million":7.4,"player_ids":["athletics:14502580"],"label":"Kauhajoki","country":"Finland"},"geometry":{"type":"Polygon","coordinates":[[[21.005483,61.59765],[21.952715,61.396097],[22.781062,61.75929],[22.66083,62.331088],[21.682735,62.533116],[20.856291,62.162817],[21.005483,61.59765]]]}},{"type":"Feature","properties":{"hex_id":"830889fffffffff","population":232535,"population_year":2025,"area_km2":9127.4,"population_density":25.5,"all_players":1,"players_per_million":4.3,"player_ids":["athletics:14717314"],"label":"Nurmo","country":"Finland"},"geometry":{"type":"Polygon","coordinates":[[[21.682735,62.533116],[22.66083,62.331088],[23.528711,62.694208],[23.417935,63.266537],[22.407229,63.469342],[21.540506,63.098977],[21.682735,62.533116]]]}},{"type":"Feature","properties":{"hex_id":"83088afffffffff","population":301530,"population_year":2025,"area_km2":9241.7,"population_density":32.6,"all_players":2,"players_per_million":6.63,"player_ids":["athletics:14571674","athletics:14572038"],"label":"Ylöjärvi","country":"Finland"},"geometry":{"type":"Polygon","coordinates":[[[22.080946,60.825166],[23.009481,60.610921],[23.838471,60.96689],[23.738785,61.54427],[22.781062,61.75929],[21.952715,61.396097],[22.080946,60.825166]]]}},{"type":"Feature","properties":{"hex_id":"830899fffffffff","population":659304,"population_year":2025,"area_km2":9415.5,"population_density":70.0,"all_players":4,"players_per_million":6.07,"player_ids":["athletics:14463193","athletics:14486887","athletics:14488071","athletics:14503964"],"label":"Koski Tl","country":"Finland"},"geometry":{"type":"Polygon","coordinates":[[[23.118061,60.034583],[24.02802,59.807888],[24.856526,60.156524],[24.776007,60.739129],[23.838471,60.96689],[23.009481,60.610921],[23.118061,60.034583]]]}},{"type":"Feature","properties":{"hex_id":"83089bfffffffff","population":658923,"population_year":2025,"area_km2":9585.7,"population_density":68.7,"all_players":1,"players_per_million":1.52,"player_ids":["athletics:14754546"],"label":"Tallinn","country":"Estonia"},"geometry":{"type":"Polygon","coordinates":[[[24.118198,59.226503],[25.00976,58.98761],[25.836775,59.328818],[25.77412,59.916287],[24.856526,60.156524],[24.02802,59.807888],[24.118198,59.226503]]]}},{"type":"Feature","properties":{"hex_id":"83089dfffffffff","population":385080,"population_year":2025,"area_km2":9177.2,"population_density":42.0,"all_players":2,"players_per_million":5.19,"player_ids":["athletics:14763144","athletics:14802582"],"label":"Naantali","country":"Finland"},"geometry":{"type":"Polygon","coordinates":[[[21.262732,59.972327],[22.247654,59.719041],[22.58675,59.797765],[23.118061,60.034583],[23.009481,60.610921],[22.080946,60.825166],[21.289182,60.46251],[21.262732,59.972327]]]}},{"type":"Feature","properties":{"hex_id":"8308b3fffffffff","population":468401,"population_year":2025,"area_km2":9468.7,"population_density":49.5,"all_players":1,"players_per_million":2.13,"player_ids":["athletics:14550993"],"label":"Stora Malm church parish","country":"Sweden"},"geometry":{"type":"Polygon","coordinates":[[[15.337944,58.85726],[15.367369,58.352457],[16.341003,58.135723],[17.297675,58.420875],[17.2862,58.926343],[16.300028,59.146064],[15.337944,58.85726]]]}},{"type":"Feature","properties":{"hex_id":"8308b6fffffffff","population":456401,"population_year":2025,"area_km2":9617.6,"population_density":47.5,"all_players":1,"players_per_million":2.19,"player_ids":["athletics:14680446"],"label":"Hok","country":"Sweden"},"geometry":{"type":"Polygon","coordinates":[[[12.52887,57.942851],[12.583033,57.431753],[13.543636,57.232114],[14.463717,57.541165],[14.42648,58.053358],[13.452122,58.255469],[12.52887,57.942851]]]}},{"type":"Feature","properties":{"hex_id":"830981fffffffff","population":464108,"population_year":2025,"area_km2":8833.8,"population_density":52.5,"all_players":2,"players_per_million":4.31,"player_ids":["athletics:14481209","athletics:14481276"],"label":"Bergen","country":"Norway"},"geometry":{"type":"Polygon","coordinates":[[[5.479069,60.921986],[4.617141,60.68665],[4.728491,60.147218],[5.676795,59.845508],[6.519601,60.078952],[6.433065,60.615921],[5.479069,60.921986]]]}},{"type":"Feature","properties":{"hex_id":"830982fffffffff","population":391428,"population_year":2025,"area_km2":9089.8,"population_density":43.1,"all_players":2,"players_per_million":5.11,"player_ids":["athletics:14653717","athletics:14705412"],"label":"Sandnes Municipality","country":"Norway"},"geometry":{"type":"Polygon","coordinates":[[[5.771834,59.301905],[4.942609,59.057498],[5.045595,58.507349],[5.954743,58.204311],[6.766113,58.447096],[6.686042,58.994472],[5.771834,59.301905]]]}},{"type":"Feature","properties":{"hex_id":"83098cfffffffff","population":56508,"population_year":2025,"area_km2":8604.7,"population_density":6.6,"all_players":1,"players_per_million":17.7,"player_ids":["athletics:14593954"],"label":"Voss Municipality","country":"Norway"},"geometry":{"type":"Polygon","coordinates":[[[6.25291,61.679006],[5.376175,61.454733],[5.479069,60.921986],[6.433065,60.615921],[7.289601,60.83837],[7.212155,61.368628],[6.25291,61.679006]]]}},{"type":"Feature","properties":{"hex_id":"830998fffffffff","population":314973,"population_year":2025,"area_km2":9064.9,"population_density":34.7,"all_players":1,"players_per_million":3.17,"player_ids":["athletics:14644249"],"label":"Skien","country":"Norway"},"geometry":{"type":"Polygon","coordinates":[[[8.530744,59.133732],[8.621993,58.641064],[9.60198,58.479613],[10.506961,58.80883],[10.432407,59.303039],[9.435996,59.466549],[8.530744,59.133732]]]}},{"type":"Feature","properties":{"hex_id":"830999fffffffff","population":1719569,"population_year":2025,"area_km2":8885.6,"population_density":193.5,"all_players":3,"players_per_million":1.74,"player_ids":["athletics:14215311","athletics:14834505","athletics:14855967"],"label":"Oslo","country":"Norway"},"geometry":{"type":"Polygon","coordinates":[[[9.350687,59.952276],[9.435996,59.466549],[10.432407,59.303039],[11.359873,59.622978],[11.292042,60.110099],[10.279089,60.275949],[9.350687,59.952276]]]}},{"type":"Feature","properties":{"hex_id":"83099bfffffffff","population":300161,"population_year":2025,"area_km2":9127.4,"population_density":32.9,"all_players":1,"players_per_million":3.33,"player_ids":["athletics:14780807"],"label":"Aremark Municipality","country":"Norway"},"geometry":{"type":"Polygon","coordinates":[[[10.432407,59.303039],[10.506961,58.80883],[11.491807,58.6332],[12.417538,58.949451],[12.360313,59.444957],[11.359873,59.622978],[10.432407,59.303039]]]}},{"type":"Feature","properties":{"hex_id":"83110efffffffff","population":252909,"population_year":2025,"area_km2":10757.4,"population_density":23.5,"all_players":1,"players_per_million":3.95,"player_ids":["athletics:14627075"],"label":"Petrozavodsk","country":"Russia"},"geometry":{"type":"Polygon","coordinates":[[[33.27694,61.326901],[34.230386,61.023294],[35.275252,61.318481],[35.380168,61.925063],[34.402703,62.233092],[33.344528,61.929991],[33.27694,61.326901]]]}},{"type":"Feature","properties":{"hex_id":"831122fffffffff","population":146955,"population_year":2025,"area_km2":9922.7,"population_density":14.8,"all_players":1,"players_per_million":6.8,"player_ids":["athletics:14592895"],"label":"Kotka","country":"Finland"},"geometry":{"type":"Polygon","coordinates":[[[26.638012,60.257092],[27.561568,60.00276],[28.460566,60.334788],[28.440893,60.928748],[27.49066,61.185297],[26.587158,60.845587],[26.638012,60.257092]]]}},{"type":"Feature","properties":{"hex_id":"831123fffffffff","population":158170,"population_year":2025,"area_km2":9995.4,"population_density":15.8,"all_players":3,"players_per_million":18.97,"player_ids":["athletics:14182365","athletics:14461736","athletics:14504791"],"label":"Lappeenranta","country":"Finland"},"geometry":{"type":"Polygon","coordinates":[[[27.49066,61.185297],[28.440893,60.928748],[29.381147,61.258839],[29.377404,61.853155],[28.399416,62.112282],[27.453314,61.774421],[27.49066,61.185297]]]}},{"type":"Feature","properties":{"hex_id":"831124fffffffff","population":384155,"population_year":2025,"area_km2":9491.0,"population_density":40.5,"all_players":2,"players_per_million":5.21,"player_ids":["athletics:14762841","athletics:14914640"],"label":"Hämeenlinna","country":"Finland"},"geometry":{"type":"Polygon","coordinates":[[[23.838471,60.96689],[24.776007,60.739129],[25.642328,61.087458],[25.572963,61.67092],[24.606482,61.900041],[23.738785,61.54427],[23.838471,60.96689]]]}},{"type":"Feature","properties":{"hex_id":"831126fffffffff","population":1368524,"population_year":2025,"area_km2":9668.2,"population_density":141.5,"all_players":4,"players_per_million":2.92,"player_ids":["athletics:14454573","athletics:14461739","athletics:14503895","athletics:14544648"],"label":"Vantaa","country":"Finland"},"geometry":{"type":"Polygon","coordinates":[[[24.856526,60.156524],[25.77412,59.916287],[26.638012,60.257092],[26.587158,60.845587],[25.642328,61.087458],[24.776007,60.739129],[24.856526,60.156524]]]}},{"type":"Feature","properties":{"hex_id":"83112cfffffffff","population":117140,"population_year":2025,"area_km2":9865.2,"population_density":11.9,"all_players":2,"players_per_million":17.07,"player_ids":["athletics:14504754","athletics:14515181"],"label":"Kuopio","country":"Finland"},"geometry":{"type":"Polygon","coordinates":[[[27.374489,62.947785],[28.377533,62.701616],[29.369499,63.036808],[29.365321,63.625907],[28.33126,63.874829],[27.332855,63.531791],[27.374489,62.947785]]]}},{"type":"Feature","properties":{"hex_id":"831135fffffffff","population":79503,"population_year":2025,"area_km2":9841.4,"population_density":8.1,"all_players":1,"players_per_million":12.58,"player_ids":["athletics:14430316"],"label":"Rakvere","country":"Estonia"},"geometry":{"type":"Polygon","coordinates":[[[25.836775,59.328818],[26.734724,59.076383],[27.595255,59.409591],[27.561568,60.00276],[26.638012,60.257092],[25.77412,59.916287],[25.836775,59.328818]]]}},{"type":"Feature","properties":{"hex_id":"831136fffffffff","population":252250,"population_year":2025,"area_km2":9914.9,"population_density":25.4,"all_players":3,"players_per_million":11.89,"player_ids":["athletics:14604068","athletics:14665173","athletics:14740515"],"label":"Tartu","country":"Estonia"},"geometry":{"type":"Polygon","coordinates":[[[25.950722,57.598497],[26.868471,57.29788],[27.689922,57.623979],[27.659381,58.220074],[26.780743,58.484415],[25.956114,58.150723],[25.984773,57.855633],[25.950722,57.598497]]]}},{"type":"Feature","properties":{"hex_id":"831196fffffffff","population":2285765,"population_year":2025,"area_km2":11481.1,"population_density":199.1,"all_players":2,"players_per_million":0.87,"player_ids":["athletics:14426901","athletics:14455242"],"label":"Kharkiv","country":"Ukraine"},"geometry":{"type":"Polygon","coordinates":[[[35.368851,50.173554],[36.116724,49.779343],[36.931433,50.025114],[37.034158,50.647341],[36.300322,51.020528],[35.476624,50.766895],[35.435884,50.45735],[35.368851,50.173554]]]}},{"type":"Feature","properties":{"hex_id":"8311aafffffffff","population":17642956,"population_year":2025,"area_km2":11534.2,"population_density":1529.6,"all_players":1,"players_per_million":0.06,"player_ids":["athletics:14807288"],"label":"Odintsovo","country":"Russia"},"geometry":{"type":"Polygon","coordinates":[[[36.214968,55.732318],[37.032624,55.377596],[37.971643,55.638414],[38.10557,56.261621],[37.271969,56.621119],[36.320428,56.352535],[36.214968,55.732318]]]}},{"type":"Feature","properties":{"hex_id":"8311b5fffffffff","population":133178,"population_year":2025,"area_km2":10906.9,"population_density":12.2,"all_players":1,"players_per_million":7.51,"player_ids":["athletics:14571586"],"label":"Klimavičy","country":"Belarus"},"geometry":{"type":"Polygon","coordinates":[[[31.6839,53.168466],[32.497504,52.807789],[32.805758,52.870218],[33.353926,53.055625],[33.409438,53.670977],[32.621793,54.003368],[31.795225,53.716817],[31.6839,53.168466]]]}},{"type":"Feature","properties":{"hex_id":"8311b6fffffffff","population":200496,"population_year":2025,"area_km2":11261.2,"population_density":17.8,"all_players":1,"players_per_million":4.99,"player_ids":["athletics:14849032"],"label":"Korop","country":"Ukraine"},"geometry":{"type":"Polygon","coordinates":[[[31.466667,52.056301],[31.360673,51.492566],[32.156918,51.126789],[33.059894,51.321677],[33.178986,51.883646],[32.382137,52.252548],[31.466667,52.056301]]]}},{"type":"Feature","properties":{"hex_id":"831259fffffffff","population":358211,"population_year":2025,"area_km2":12870.5,"population_density":27.8,"all_players":1,"players_per_million":2.79,"player_ids":["athletics:14771436"],"label":"Saskatoon","country":"Canada"},"geometry":{"type":"Polygon","coordinates":[[[-107.00771,52.823752],[-107.50678,52.282268],[-106.980678,51.723088],[-105.966273,51.69502],[-105.449038,52.229056],[-105.963791,52.798658],[-107.00771,52.823752]]]}},{"type":"Feature","properties":{"hex_id":"8312a3fffffffff","population":3749,"population_year":2025,"area_km2":10757.4,"population_density":0.3,"all_players":1,"players_per_million":266.74,"player_ids":["athletics:14501254"],"label":"South Hazelton","country":"Canada"},"geometry":{"type":"Polygon","coordinates":[[[-128.331107,56.133187],[-128.476633,55.55816],[-127.704133,55.143603],[-126.775563,55.29498],[-126.599314,55.870348],[-127.382185,56.294145],[-128.331107,56.133187]]]}},{"type":"Feature","properties":{"hex_id":"8312b0fffffffff","population":17699,"population_year":2025,"area_km2":10113.5,"population_density":1.8,"all_players":1,"players_per_million":56.5,"player_ids":["athletics:14470536"],"label":"Ketchikan","country":"United States"},"geometry":{"type":"Polygon","coordinates":[[[-132.759712,55.816065],[-132.823947,55.250228],[-132.036531,54.871171],[-131.170921,55.050008],[-131.077152,55.617832],[-131.878502,56.004967],[-132.759712,55.816065]]]}},{"type":"Feature","properties":{"hex_id":"8312c8fffffffff","population":158158,"population_year":2025,"area_km2":11640.2,"population_density":13.6,"all_players":1,"players_per_million":6.32,"player_ids":["athletics:14423557"],"label":"Lethbridge","country":"Canada"},"geometry":{"type":"Polygon","coordinates":[[[-114.07578,50.077443],[-114.427783,49.538953],[-113.869337,49.031654],[-112.962149,49.052709],[-112.590685,49.586208],[-113.145489,50.103732],[-114.07578,50.077443]]]}},{"type":"Feature","properties":{"hex_id":"8312ccfffffffff","population":1434940,"population_year":2025,"area_km2":11792.7,"population_density":121.7,"all_players":1,"players_per_million":0.7,"player_ids":["athletics:14591210"],"label":"Calgary","country":"Canada"},"geometry":{"type":"Polygon","coordinates":[[[-114.293343,51.131925],[-114.651332,50.586397],[-114.07578,50.077443],[-113.145489,50.103732],[-112.766876,50.644307],[-113.338768,51.163639],[-114.293343,51.131925]]]}},{"type":"Feature","properties":{"hex_id":"83159cfffffffff","population":390783,"population_year":2025,"area_km2":10456.0,"population_density":37.4,"all_players":1,"players_per_million":2.56,"player_ids":["athletics:14691893"],"label":"Hulunbuir","country":"People's Republic of China"},"geometry":{"type":"Polygon","coordinates":[[[118.785479,49.545216],[119.430606,49.140013],[120.321487,49.237916],[120.589137,49.746691],[119.94424,50.162861],[119.031123,50.059174],[118.785479,49.545216]]]}},{"type":"Feature","properties":{"hex_id":"831825fffffffff","population":616884,"population_year":2025,"area_km2":11308.9,"population_density":54.5,"all_players":1,"players_per_million":1.62,"player_ids":["athletics:14377494"],"label":"Letterkenny","country":"Ireland"},"geometry":{"type":"Polygon","coordinates":[[[-7.446442,55.596185],[-8.206991,55.227804],[-7.94931,54.644476],[-6.952147,54.429814],[-6.199841,54.79442],[-6.436337,55.37739],[-7.446442,55.596185]]]}},{"type":"Feature","properties":{"hex_id":"831828fffffffff","population":441777,"population_year":2025,"area_km2":11818.4,"population_density":37.4,"all_players":1,"players_per_million":2.26,"player_ids":["athletics:14594406"],"label":"Wexford","country":"Ireland"},"geometry":{"type":"Polygon","coordinates":[[[-7.210985,52.872185],[-7.935083,52.487974],[-7.692979,51.888231],[-6.745876,51.673333],[-6.029382,52.053954],[-6.252288,52.652997],[-7.210985,52.872185]]]}},{"type":"Feature","properties":{"hex_id":"83182cfffffffff","population":2322217,"population_year":2025,"area_km2":11583.9,"population_density":200.5,"all_players":1,"players_per_million":0.43,"player_ids":["athletics:14283143"],"label":"Dublin","country":"Ireland"},"geometry":{"type":"Polygon","coordinates":[[[-6.713499,53.841054],[-7.451495,53.466543],[-7.210985,52.872185],[-6.252288,52.652997],[-5.522484,53.023946],[-5.743092,53.617578],[-6.713499,53.841054]]]}},{"type":"Feature","properties":{"hex_id":"831845fffffffff","population":1574554,"population_year":2025,"area_km2":11948.5,"population_density":131.8,"all_players":1,"players_per_million":0.64,"player_ids":["athletics:14576456"],"label":"Nantes","country":"France"},"geometry":{"type":"Polygon","coordinates":[[[-2.226613,47.68955],[-2.897787,47.312264],[-2.730177,46.691785],[-1.907502,46.450836],[-1.245119,46.825327],[-1.396608,47.443512],[-2.226613,47.68955]]]}},{"type":"Feature","properties":{"hex_id":"831846fffffffff","population":298968,"population_year":2025,"area_km2":12229.6,"population_density":24.4,"all_players":1,"players_per_million":3.34,"player_ids":["athletics:14685757"],"label":"Pont-l'Abbé","country":"France"},"geometry":{"type":"Polygon","coordinates":[[[-4.78997,48.398043],[-5.466445,48.005645],[-5.268602,47.385521],[-4.410844,47.159373],[-3.742166,47.548576],[-3.923403,48.167068],[-4.78997,48.398043]]]}},{"type":"Feature","properties":{"hex_id":"83184dfffffffff","population":1318484,"population_year":2025,"area_km2":11988.0,"population_density":110.0,"all_players":1,"players_per_million":0.76,"player_ids":["athletics:14770113"],"label":"Bordeaux","country":"France"},"geometry":{"type":"Polygon","coordinates":[[[-0.808824,44.961184],[-1.452621,44.580726],[-1.30697,43.954767],[-0.532232,43.711967],[0.102941,44.089763],[-0.028005,44.712978],[-0.808824,44.961184]]]}},{"type":"Feature","properties":{"hex_id":"831860fffffffff","population":881207,"population_year":2025,"area_km2":11552.8,"population_density":76.3,"all_players":1,"players_per_million":1.13,"player_ids":["athletics:14753918"],"label":"Caen","country":"France"},"geometry":{"type":"Polygon","coordinates":[[[-1.177569,49.64515],[-1.870585,49.286392],[-1.70924,48.674191],[-0.871944,48.423111],[-0.188757,48.779293],[-0.333038,49.389078],[-1.177569,49.64515]]]}},{"type":"Feature","properties":{"hex_id":"831861fffffffff","population":893054,"population_year":2025,"area_km2":11509.5,"population_density":77.6,"all_players":1,"players_per_million":1.12,"player_ids":["athletics:14632699"],"label":"Laval","country":"France"},"geometry":{"type":"Polygon","coordinates":[[[-0.188757,48.779293],[-0.871944,48.423111],[-0.723924,47.808976],[0.090797,47.553677],[0.764026,47.90745],[0.632478,48.518882],[-0.188757,48.779293]]]}},{"type":"Feature","properties":{"hex_id":"831862fffffffff","population":494147,"population_year":2025,"area_km2":11792.7,"population_density":41.9,"all_players":1,"players_per_million":2.02,"player_ids":["athletics:14720465"],"label":"Guernsey","country":"Guernsey"},"geometry":{"type":"Polygon","coordinates":[[[-2.731064,49.532558],[-3.422137,49.161561],[-3.243656,48.547301],[-2.39122,48.306043],[-1.70924,48.674191],[-1.870585,49.286392],[-2.731064,49.532558]]]}},{"type":"Feature","properties":{"hex_id":"831865fffffffff","population":1601186,"population_year":2025,"area_km2":11308.9,"population_density":141.6,"all_players":2,"players_per_million":1.25,"player_ids":["athletics:14389358","athletics:14707040"],"label":"Louviers","country":"France"},"geometry":{"type":"Polygon","coordinates":[[[0.360856,49.735742],[-0.333038,49.389078],[-0.188757,48.779293],[0.632478,48.518882],[1.315872,48.863254],[1.18851,49.470279],[0.360856,49.735742]]]}},{"type":"Feature","properties":{"hex_id":"83186afffffffff","population":958526,"population_year":2025,"area_km2":11889.7,"population_density":80.6,"all_players":1,"players_per_million":1.04,"player_ids":["athletics:14701817"],"label":"La Roche-sur-Yon","country":"France"},"geometry":{"type":"Polygon","coordinates":[[[-1.245119,46.825327],[-1.907502,46.450836],[-1.752798,45.828917],[-0.951317,45.584011],[-0.297888,45.955847],[-0.436987,46.575197],[-1.245119,46.825327]]]}},{"type":"Feature","properties":{"hex_id":"83186bfffffffff","population":967168,"population_year":2025,"area_km2":11818.4,"population_density":81.8,"all_players":1,"players_per_million":1.03,"player_ids":["athletics:14185853"],"label":"Barbezieux-Saint-Hilaire","country":"France"},"geometry":{"type":"Polygon","coordinates":[[[-0.297888,45.955847],[-0.951317,45.584011],[-0.808824,44.961184],[-0.028005,44.712978],[0.61635,45.082293],[0.488948,45.702291],[-0.297888,45.955847]]]}},{"type":"Feature","properties":{"hex_id":"83186cfffffffff","population":913316,"population_year":2025,"area_km2":11454.2,"population_density":79.7,"all_players":1,"players_per_million":1.09,"player_ids":["athletics:14523787"],"label":"Vendôme","country":"France"},"geometry":{"type":"Polygon","coordinates":[[[0.764026,47.90745],[0.090797,47.553677],[0.226253,46.938132],[1.019027,46.679286],[1.682214,47.030807],[1.562644,47.64338],[0.764026,47.90745]]]}},{"type":"Feature","properties":{"hex_id":"83186efffffffff","population":1186155,"population_year":2025,"area_km2":11703.3,"population_density":101.4,"all_players":2,"players_per_million":1.69,"player_ids":["athletics:14678934","athletics:14750701"],"label":"Cholet","country":"France"},"geometry":{"type":"Polygon","coordinates":[[[-0.723924,47.808976],[-1.396608,47.443512],[-1.245119,46.825327],[-0.436987,46.575197],[0.226253,46.938132],[0.090797,47.553677],[-0.723924,47.808976]]]}},{"type":"Feature","properties":{"hex_id":"831909fffffffff","population":1893258,"population_year":2025,"area_km2":10857.3,"population_density":174.4,"all_players":3,"players_per_million":1.58,"player_ids":["athletics:14452345","athletics:14513077","athletics:14533469"],"label":"Glasgow","country":"United Kingdom"},"geometry":{"type":"Polygon","coordinates":[[[-5.121114,56.653173],[-5.903325,56.308916],[-5.669297,55.731906],[-4.675173,55.499857],[-3.903181,55.840606],[-4.115017,56.416836],[-5.121114,56.653173]]]}},{"type":"Feature","properties":{"hex_id":"83192bfffffffff","population":170189,"population_year":2025,"area_km2":10362.1,"population_density":16.4,"all_players":2,"players_per_million":11.75,"player_ids":["athletics:14422111","athletics:14918707"],"label":"Inverness","country":"United Kingdom"},"geometry":{"type":"Polygon","coordinates":[[[-3.968639,58.445873],[-4.782542,58.12257],[-4.554504,57.557917],[-3.536381,57.317288],[-2.7343,57.637095],[-2.938461,58.200945],[-3.968639,58.445873]]]}},{"type":"Feature","properties":{"hex_id":"831942fffffffff","population":7293042,"population_year":2025,"area_km2":10924.8,"population_density":667.6,"all_players":4,"players_per_million":0.55,"player_ids":["athletics:14644747","athletics:14693884","athletics:14843498","athletics:14950130"],"label":"Sheffield","country":"United Kingdom"},"geometry":{"type":"Polygon","coordinates":[[[-1.609057,54.177066],[-2.359345,53.842543],[-2.178886,53.251551],[-1.268165,52.996914],[-0.529171,53.3287],[-0.689598,53.917795],[-1.609057,54.177066]]]}},{"type":"Feature","properties":{"hex_id":"831943fffffffff","population":3138363,"population_year":2025,"area_km2":10924.8,"population_density":287.3,"all_players":4,"players_per_million":1.27,"player_ids":["athletics:14522654","athletics:14685108","athletics:14770049","athletics:14778459"],"label":"Nottingham","country":"United Kingdom"},"geometry":{"type":"Polygon","coordinates":[[[-0.529171,53.3287],[-1.268165,52.996914],[-1.103494,52.402317],[-0.219137,52.141681],[0.508374,52.470966],[0.362999,53.063327],[-0.529171,53.3287]]]}},{"type":"Feature","properties":{"hex_id":"831946fffffffff","population":1540753,"population_year":2025,"area_km2":10691.6,"population_density":144.1,"all_players":1,"players_per_million":0.65,"player_ids":["athletics:14443881"],"label":"Northallerton","country":"United Kingdom"},"geometry":{"type":"Polygon","coordinates":[[[-1.021902,55.086581],[-1.785543,54.762388],[-1.609057,54.177066],[-0.689598,53.917795],[0.062038,54.239312],[-0.093784,54.822708],[-1.021902,55.086581]]]}},{"type":"Feature","properties":{"hex_id":"831948fffffffff","population":1353290,"population_year":2025,"area_km2":10891.0,"population_density":124.3,"all_players":1,"players_per_million":0.74,"player_ids":["athletics:14694062"],"label":"Boulogne-sur-Mer","country":"France"},"geometry":{"type":"Polygon","coordinates":[[[1.505381,51.605101],[0.789471,51.278095],[0.925401,50.677831],[1.759362,50.407376],[2.463609,50.732311],[2.345517,51.329719],[1.505381,51.605101]]]}},{"type":"Feature","properties":{"hex_id":"831949fffffffff","population":2002678,"population_year":2025,"area_km2":10857.3,"population_density":184.5,"all_players":2,"players_per_million":1.0,"player_ids":["athletics:14757334","athletics:14898142"],"label":"Amiens","country":"France"},"geometry":{"type":"Polygon","coordinates":[[[2.463609,50.732311],[1.759362,50.407376],[1.882244,49.805032],[2.692197,49.530714],[3.384772,49.85377],[3.279015,50.452975],[2.463609,50.732311]]]}},{"type":"Feature","properties":{"hex_id":"83194afffffffff","population":6871941,"population_year":2025,"area_km2":11131.6,"population_density":617.3,"all_players":12,"players_per_million":1.75,"player_ids":["athletics:14359991","athletics:14360349","athletics:14378282","athletics:14425340","athletics:14476603","athletics:14577176","athletics:14594317","athletics:14632781","athletics:14655247","athletics:14720966","athletics:14900662","athletics:14928278"],"label":"London","country":"United Kingdom"},"geometry":{"type":"Polygon","coordinates":[[[-0.069294,51.543996],[-0.785076,51.204689],[-0.631095,50.601911],[0.220599,50.340898],[0.925401,50.677831],[0.789471,51.278095],[-0.069294,51.543996]]]}},{"type":"Feature","properties":{"hex_id":"83194dfffffffff","population":3875640,"population_year":2025,"area_km2":10650.2,"population_density":363.9,"all_players":5,"players_per_million":1.29,"player_ids":["athletics:14270101","athletics:14329163","athletics:14363849","athletics:14548983","athletics:14634367"],"label":"Roeselare","country":"Belgium"},"geometry":{"type":"Polygon","coordinates":[[[3.060444,51.644656],[2.345517,51.329719],[2.463609,50.732311],[3.279015,50.452975],[3.630009,50.610463],[3.996418,50.807584],[3.881134,51.360376],[3.060444,51.644656]]]}},{"type":"Feature","properties":{"hex_id":"83194efffffffff","population":5747074,"population_year":2025,"area_km2":10913.5,"population_density":526.6,"all_players":2,"players_per_million":0.35,"player_ids":["athletics:14762871","athletics:14876047"],"label":"Colchester","country":"United Kingdom"},"geometry":{"type":"Polygon","coordinates":[[[0.508374,52.470966],[-0.219137,52.141681],[-0.069294,51.543996],[0.789471,51.278095],[1.505381,51.605101],[1.3741,52.20023],[0.508374,52.470966]]]}},{"type":"Feature","properties":{"hex_id":"831951fffffffff","population":5457858,"population_year":2025,"area_km2":11149.1,"population_density":489.5,"all_players":2,"players_per_million":0.37,"player_ids":["athletics:14276543","athletics:14642894"],"label":"Liverpool","country":"United Kingdom"},"geometry":{"type":"Polygon","coordinates":[[[-3.297175,54.090428],[-4.044754,53.742706],[-3.844199,53.150199],[-2.916127,52.906861],[-2.178886,53.251551],[-2.359345,53.842543],[-3.297175,54.090428]]]}},{"type":"Feature","properties":{"hex_id":"831952fffffffff","population":1386449,"population_year":2025,"area_km2":11344.9,"population_density":122.2,"all_players":1,"players_per_million":0.72,"player_ids":["athletics:14759587"],"label":"Newry","country":"United Kingdom"},"geometry":{"type":"Polygon","coordinates":[[[-6.199841,54.79442],[-6.952147,54.429814],[-6.713499,53.841054],[-5.743092,53.617578],[-4.999608,53.978646],[-5.21762,54.566658],[-6.199841,54.79442]]]}},{"type":"Feature","properties":{"hex_id":"831958fffffffff","population":4033735,"population_year":2025,"area_km2":11381.2,"population_density":354.4,"all_players":1,"players_per_million":0.25,"player_ids":["athletics:14771648"],"label":"Rumney","country":"United Kingdom"},"geometry":{"type":"Polygon","coordinates":[[[-2.732038,52.310399],[-3.456535,51.955725],[-3.269136,51.354012],[-2.376039,51.108741],[-1.661533,51.460545],[-1.830112,52.060429],[-2.732038,52.310399]]]}},{"type":"Feature","properties":{"hex_id":"831959fffffffff","population":2822038,"population_year":2025,"area_km2":11369.1,"population_density":248.2,"all_players":1,"players_per_million":0.35,"player_ids":["athletics:14274781"],"label":"Poole","country":"United Kingdom"},"geometry":{"type":"Polygon","coordinates":[[[-1.661533,51.460545],[-2.376039,51.108741],[-2.20387,50.503806],[-1.335378,50.252773],[-0.631095,50.601911],[-0.785076,51.204689],[-1.661533,51.460545]]]}},{"type":"Feature","properties":{"hex_id":"83195afffffffff","population":1195403,"population_year":2025,"area_km2":11608.9,"population_density":103.0,"all_players":1,"players_per_million":0.84,"player_ids":["athletics:14506023"],"label":"Bridgend","country":"United Kingdom"},"geometry":{"type":"Polygon","coordinates":[[[-4.374849,52.194492],[-5.095975,51.826891],[-4.88976,51.223728],[-3.981187,50.989554],[-3.269136,51.354012],[-3.456535,51.955725],[-4.374849,52.194492]]]}},{"type":"Feature","properties":{"hex_id":"83195cfffffffff","population":7086124,"population_year":2025,"area_km2":11155.0,"population_density":635.2,"all_players":3,"players_per_million":0.42,"player_ids":["athletics:14372810","athletics:14407278","athletics:14457638"],"label":"Birmingham","country":"United Kingdom"},"geometry":{"type":"Polygon","coordinates":[[[-2.178886,53.251551],[-2.916127,52.906861],[-2.732038,52.310399],[-1.830112,52.060429],[-1.103494,52.402317],[-1.268165,52.996914],[-2.178886,53.251551]]]}},{"type":"Feature","properties":{"hex_id":"83195dfffffffff","population":9049238,"population_year":2025,"area_km2":11149.1,"population_density":811.7,"all_players":5,"players_per_million":0.55,"player_ids":["athletics:14409457","athletics:14471539","athletics:14602072","athletics:14637207","athletics:14706169"],"label":"Frimley","country":"United Kingdom"},"geometry":{"type":"Polygon","coordinates":[[[-1.103494,52.402317],[-1.830112,52.060429],[-1.661533,51.460545],[-0.785076,51.204689],[-0.069294,51.543996],[-0.219137,52.141681],[-1.103494,52.402317]]]}},{"type":"Feature","properties":{"hex_id":"831968fffffffff","population":1217337,"population_year":2025,"area_km2":10260.8,"population_density":118.6,"all_players":3,"players_per_million":2.46,"player_ids":["athletics:14451249","athletics:14560483","athletics:14740867"],"label":"Velsen","country":"Netherlands"},"geometry":{"type":"Polygon","coordinates":[[[4.302502,53.422988],[3.565733,53.128505],[3.67324,52.541669],[4.225481,52.349359],[4.515848,52.296999],[5.280448,52.68056],[5.171662,53.221433],[4.58117,53.325469],[4.302502,53.422988]]]}},{"type":"Feature","properties":{"hex_id":"831969fffffffff","population":7268023,"population_year":2025,"area_km2":10482.3,"population_density":693.4,"all_players":12,"players_per_million":1.65,"player_ids":["athletics:14372338","athletics:14451250","athletics:14482223","athletics:14482227","athletics:14513285","athletics:14536023","athletics:14561420","athletics:14631296","athletics:14688805","athletics:14707010","athletics:14823767","athletics:14865892"],"label":"Amersfoort","country":"Netherlands"},"geometry":{"type":"Polygon","coordinates":[[[4.515848,52.296999],[4.628032,51.750066],[5.492877,51.584097],[6.259687,51.96477],[6.159603,52.514255],[5.280448,52.68056],[4.515848,52.296999]]]}},{"type":"Feature","properties":{"hex_id":"83196bfffffffff","population":3269727,"population_year":2025,"area_km2":10449.9,"population_density":312.9,"all_players":8,"players_per_million":2.45,"player_ids":["athletics:14361462","athletics:14420260","athletics:14538249","athletics:14625026","athletics:14709423","athletics:14735462","athletics:14833321","athletics:14878135"],"label":"Rotterdam","country":"Netherlands"},"geometry":{"type":"Polygon","coordinates":[[[3.67324,52.541669],[2.947471,52.236888],[3.060444,51.644656],[3.881134,51.360376],[4.628032,51.750066],[4.515848,52.296999],[4.225481,52.349359],[3.67324,52.541669]]]}},{"type":"Feature","properties":{"hex_id":"83196dfffffffff","population":1707984,"population_year":2025,"area_km2":10331.1,"population_density":165.3,"all_players":4,"players_per_million":2.34,"player_ids":["athletics:14676577","athletics:14742575","athletics:14825097","athletics:14829644"],"label":"Assen","country":"Netherlands"},"geometry":{"type":"Polygon","coordinates":[[[5.171662,53.221433],[5.280448,52.68056],[6.159603,52.514255],[6.944351,52.888298],[6.848229,53.43156],[5.954532,53.598437],[5.171662,53.221433]]]}},{"type":"Feature","properties":{"hex_id":"831972fffffffff","population":1944595,"population_year":2025,"area_km2":10648.1,"population_density":182.6,"all_players":1,"players_per_million":0.51,"player_ids":["athletics:14533464"],"label":"Edinburgh","country":"United Kingdom"},"geometry":{"type":"Polygon","coordinates":[[[-3.328181,56.747182],[-4.115017,56.416836],[-3.903181,55.840606],[-2.926718,55.595835],[-2.151313,55.922966],[-2.340901,56.498009],[-3.328181,56.747182]]]}},{"type":"Feature","properties":{"hex_id":"831e00fffffffff","population":1460894,"population_year":2025,"area_km2":12188.8,"population_density":119.9,"all_players":2,"players_per_million":1.37,"player_ids":["athletics:14647721","athletics:14662815"],"label":"Nitra","country":"Slovakia"},"geometry":{"type":"Polygon","coordinates":[[[17.464633,49.038043],[17.473049,48.4415],[18.304795,48.159109],[19.136367,48.471139],[19.141281,49.068365],[18.301266,49.352938],[17.464633,49.038043]]]}},{"type":"Feature","properties":{"hex_id":"831e01fffffffff","population":915763,"population_year":2025,"area_km2":12229.6,"population_density":74.9,"all_players":2,"players_per_million":2.18,"player_ids":["athletics:14593394","athletics:14786982"],"label":"Liptovský Mikuláš","country":"Slovakia"},"geometry":{"type":"Polygon","coordinates":[[[19.141281,49.068365],[19.136367,48.471139],[19.964297,48.176504],[20.804571,48.476776],[20.822886,49.074367],[19.987519,49.371383],[19.141281,49.068365]]]}},{"type":"Feature","properties":{"hex_id":"831e02fffffffff","population":1856223,"population_year":2025,"area_km2":12374.3,"population_density":150.0,"all_players":2,"players_per_million":1.08,"player_ids":["athletics:14446694","athletics:14602703"],"label":"Mosonmagyaróvár","country":"Hungary"},"geometry":{"type":"Polygon","coordinates":[[[16.651518,48.117989],[16.6662,47.515042],[17.489488,47.234679],[18.306518,47.555293],[18.304795,48.159109],[17.473049,48.4415],[16.651518,48.117989]]]}},{"type":"Feature","properties":{"hex_id":"831e03fffffffff","population":3409653,"population_year":2025,"area_km2":12423.2,"population_density":274.5,"all_players":1,"players_per_million":0.29,"player_ids":["athletics:14281995"],"label":"Budapest","country":"Hungary"},"geometry":{"type":"Polygon","coordinates":[[[18.304795,48.159109],[18.306518,47.555293],[19.12677,47.262899],[19.952961,47.57214],[19.964297,48.176504],[19.136367,48.471139],[18.304795,48.159109]]]}},{"type":"Feature","properties":{"hex_id":"831e04fffffffff","population":1817549,"population_year":2025,"area_km2":11948.5,"population_density":152.1,"all_players":3,"players_per_million":1.65,"player_ids":["athletics:14474319","athletics:14761148","athletics:14857218"],"label":"Uherské Hradiště","country":"Czech Republic"},"geometry":{"type":"Polygon","coordinates":[[[16.606047,49.899182],[16.621447,49.310134],[17.464633,49.038043],[18.301266,49.352938],[18.299459,49.942801],[17.447388,50.217015],[16.606047,49.899182]]]}},{"type":"Feature","properties":{"hex_id":"831e05fffffffff","population":3013854,"population_year":2025,"area_km2":11994.6,"population_density":251.3,"all_players":2,"players_per_million":0.66,"player_ids":["athletics:14375343","athletics:14451085"],"label":"Havířov","country":"Czech Republic"},"geometry":{"type":"Polygon","coordinates":[[[18.299459,49.942801],[18.301266,49.352938],[19.141281,49.068365],[19.987519,49.371383],[19.999412,49.961747],[19.15135,50.248654],[18.299459,49.942801]]]}},{"type":"Feature","properties":{"hex_id":"831e06fffffffff","population":2442016,"population_year":2025,"area_km2":12134.7,"population_density":201.2,"all_players":1,"players_per_million":0.41,"player_ids":["athletics:14403432"],"label":"Hustopeče","country":"Czech Republic"},"geometry":{"type":"Polygon","coordinates":[[[15.795773,48.983666],[15.817384,48.388123],[16.651518,48.117989],[17.473049,48.4415],[17.464633,49.038043],[16.621447,49.310134],[15.795773,48.983666]]]}},{"type":"Feature","properties":{"hex_id":"831e0afffffffff","population":1008795,"population_year":2025,"area_km2":12679.7,"population_density":79.6,"all_players":1,"players_per_million":0.99,"player_ids":["athletics:14397893"],"label":"Debrecen","country":"Hungary"},"geometry":{"type":"Polygon","coordinates":[[[20.768802,47.267764],[20.751334,46.65651],[21.555106,46.342738],[22.382649,46.637799],[22.4129,47.24913],[21.602834,47.565383],[20.768802,47.267764]]]}},{"type":"Feature","properties":{"hex_id":"831e0bfffffffff","population":936138,"population_year":2025,"area_km2":12694.2,"population_density":73.7,"all_players":1,"players_per_million":1.07,"player_ids":["athletics:14573639"],"label":"Cluj-Napoca","country":"Romania"},"geometry":{"type":"Polygon","coordinates":[[[22.4129,47.24913],[22.382649,46.637799],[23.180153,46.312464],[24.013384,46.595885],[24.056361,47.206963],[23.253408,47.534933],[22.4129,47.24913]]]}},{"type":"Feature","properties":{"hex_id":"831e0efffffffff","population":973384,"population_year":2025,"area_km2":12458.3,"population_density":78.1,"all_players":1,"players_per_million":1.03,"player_ids":["athletics:14701207"],"label":"Kazincbarcika","country":"Hungary"},"geometry":{"type":"Polygon","coordinates":[[[19.964297,48.176504],[19.952961,47.57214],[20.768802,47.267764],[21.602834,47.565383],[21.627265,48.169971],[20.804571,48.476776],[19.964297,48.176504]]]}},{"type":"Feature","properties":{"hex_id":"831e10fffffffff","population":1516552,"population_year":2025,"area_km2":12479.4,"population_density":121.5,"all_players":1,"players_per_million":0.66,"player_ids":["athletics:14505427"],"label":"Wagna","country":"Austria"},"geometry":{"type":"Polygon","coordinates":[[[14.239654,47.109297],[14.272671,46.501617],[15.088333,46.234909],[15.880209,46.574304],[15.859594,47.183359],[15.034644,47.451699],[14.239654,47.109297]]]}},{"type":"Feature","properties":{"hex_id":"831e12fffffffff","population":1600283,"population_year":2025,"area_km2":12636.3,"population_density":126.6,"all_players":4,"players_per_million":2.5,"player_ids":["athletics:14300261","athletics:14472475","athletics:14474496","athletics:14740139"],"label":"Ljubljana","country":"Slovenia"},"geometry":{"type":"Polygon","coordinates":[[[13.492667,46.151948],[13.53091,45.538666],[14.337206,45.273432],[15.114564,45.62006],[15.088333,46.234909],[14.272671,46.501617],[13.492667,46.151948]]]}},{"type":"Feature","properties":{"hex_id":"831e13fffffffff","population":1925428,"population_year":2025,"area_km2":12716.0,"population_density":151.4,"all_players":6,"players_per_million":3.12,"player_ids":["athletics:14263753","athletics:14380461","athletics:14507104","athletics:14605811","athletics:14666860","athletics:14874438"],"label":"Ptuj","country":"Slovenia"},"geometry":{"type":"Polygon","coordinates":[[[15.088333,46.234909],[15.114564,45.62006],[15.920499,45.343301],[16.708897,45.679719],[16.694884,46.295817],[15.880209,46.574304],[15.088333,46.234909]]]}},{"type":"Feature","properties":{"hex_id":"831e15fffffffff","population":2436530,"population_year":2025,"area_km2":12312.0,"population_density":197.9,"all_players":3,"players_per_million":1.23,"player_ids":["athletics:14178277","athletics:14630471","athletics:14797371"],"label":"Wiener Neustadt","country":"Austria"},"geometry":{"type":"Polygon","coordinates":[[[15.007166,48.053459],[15.034644,47.451699],[15.859594,47.183359],[16.6662,47.515042],[16.651518,48.117989],[15.817384,48.388123],[15.007166,48.053459]]]}},{"type":"Feature","properties":{"hex_id":"831e18fffffffff","population":736616,"population_year":2025,"area_km2":12833.4,"population_density":57.4,"all_players":1,"players_per_million":1.36,"player_ids":["athletics:14424480"],"label":"Kiskunhalas","country":"Hungary"},"geometry":{"type":"Polygon","coordinates":[[[18.309883,46.334273],[18.311527,45.717251],[19.112925,45.417356],[19.919997,45.732363],[19.930814,46.349978],[19.122083,46.652051],[18.309883,46.334273]]]}},{"type":"Feature","properties":{"hex_id":"831e19fffffffff","population":1241784,"population_year":2025,"area_km2":12870.5,"population_density":96.5,"all_players":1,"players_per_million":0.81,"player_ids":["athletics:14462623"],"label":"Timișoara","country":"Romania"},"geometry":{"type":"Polygon","coordinates":[[[19.930814,46.349978],[19.919997,45.732363],[20.717203,45.42096],[21.531792,45.724863],[21.555106,46.342738],[20.751334,46.65651],[19.930814,46.349978]]]}},{"type":"Feature","properties":{"hex_id":"831e1bfffffffff","population":2841412,"population_year":2025,"area_km2":13050.9,"population_density":217.7,"all_players":5,"players_per_million":1.76,"player_ids":["athletics:14300421","athletics:14372662","athletics:14535413","athletics:14791117","athletics:14841858"],"label":"Vrbas","country":"Serbia"},"geometry":{"type":"Polygon","coordinates":[[[19.112925,45.417356],[19.10845,44.793707],[19.898853,44.48456],[20.700526,44.796864],[20.717203,45.42096],[19.919997,45.732363],[19.112925,45.417356]]]}},{"type":"Feature","properties":{"hex_id":"831e1cfffffffff","population":972881,"population_year":2025,"area_km2":12607.6,"population_density":77.2,"all_players":2,"players_per_million":2.06,"player_ids":["athletics:14390519","athletics:14706915"],"label":"Székesfehérvár","country":"Hungary"},"geometry":{"type":"Polygon","coordinates":[[[17.489488,47.234679],[17.497516,46.624566],[18.309883,46.334273],[19.122083,46.652051],[19.12677,47.262899],[18.306518,47.555293],[17.489488,47.234679]]]}},{"type":"Feature","properties":{"hex_id":"831e20fffffffff","population":1862322,"population_year":2025,"area_km2":11509.5,"population_density":161.8,"all_players":1,"players_per_million":0.54,"player_ids":["athletics:14294652"],"label":"Q52898","country":"Poland"},"geometry":{"type":"Polygon","coordinates":[[[16.558313,51.637437],[16.574486,51.062894],[17.438554,50.79931],[18.295755,51.108086],[18.293856,51.683389],[17.420443,51.949219],[16.558313,51.637437]]]}},{"type":"Feature","properties":{"hex_id":"831e21fffffffff","population":1933723,"population_year":2025,"area_km2":11552.8,"population_density":167.4,"all_players":3,"players_per_million":1.55,"player_ids":["athletics:14645504","athletics:14701702","athletics:14945080"],"label":"Łódź","country":"Poland"},"geometry":{"type":"Polygon","coordinates":[[[18.293856,51.683389],[18.295755,51.108086],[19.156508,50.831582],[20.023789,51.127987],[20.036282,51.703743],[19.167084,51.982705],[18.293856,51.683389]]]}},{"type":"Feature","properties":{"hex_id":"831e22fffffffff","population":1379775,"population_year":2025,"area_km2":11703.3,"population_density":117.9,"all_players":2,"players_per_million":1.45,"player_ids":["athletics:14329266","athletics:14942779"],"label":"Ústí nad Orlicí","country":"Czech Republic"},"geometry":{"type":"Polygon","coordinates":[[[15.728823,50.742054],[15.751501,50.160699],[16.606047,49.899182],[17.447388,50.217015],[17.438554,50.79931],[16.574486,51.062894],[15.728823,50.742054]]]}},{"type":"Feature","properties":{"hex_id":"831e23fffffffff","population":3151478,"population_year":2025,"area_km2":11754.3,"population_density":268.1,"all_players":4,"players_per_million":1.27,"player_ids":["athletics:14361154","athletics:14526253","athletics:14797452","athletics:14866229"],"label":"Opole","country":"Poland"},"geometry":{"type":"Polygon","coordinates":[[[17.438554,50.79931],[17.447388,50.217015],[18.299459,49.942801],[19.15135,50.248654],[19.156508,50.831582],[18.295755,51.108086],[17.438554,50.79931]]]}},{"type":"Feature","properties":{"hex_id":"831e24fffffffff","population":1792401,"population_year":2025,"area_km2":11261.2,"population_density":159.2,"all_players":3,"players_per_million":1.67,"player_ids":["athletics:14424786","athletics:14426447","athletics:14793061"],"label":"Duszniki","country":"Poland"},"geometry":{"type":"Polygon","coordinates":[[[15.658506,52.45677],[15.682335,51.890142],[16.558313,51.637437],[17.420443,51.949219],[17.411159,52.516728],[16.525149,52.771637],[15.658506,52.45677]]]}},{"type":"Feature","properties":{"hex_id":"831e26fffffffff","population":1220355,"population_year":2025,"area_km2":11454.2,"population_density":106.5,"all_players":1,"players_per_million":0.82,"player_ids":["athletics:14739745"],"label":"Görlitz","country":"Germany"},"geometry":{"type":"Polygon","coordinates":[[[14.832771,51.566231],[14.863027,50.992748],[15.728823,50.742054],[16.574486,51.062894],[16.558313,51.637437],[15.682335,51.890142],[14.832771,51.566231]]]}},{"type":"Feature","properties":{"hex_id":"831e28fffffffff","population":1291852,"population_year":2025,"area_km2":11818.4,"population_density":109.3,"all_players":3,"players_per_million":2.32,"player_ids":["athletics:14388995","athletics:14473908","athletics:14628042"],"label":"Stalowa Wola","country":"Poland"},"geometry":{"type":"Polygon","coordinates":[[[20.879639,50.838592],[20.860413,50.255342],[21.702941,49.955806],[22.571551,50.236925],[22.604845,50.820183],[21.755473,51.122377],[20.879639,50.838592]]]}},{"type":"Feature","properties":{"hex_id":"831e29fffffffff","population":762836,"population_year":2025,"area_km2":11831.3,"population_density":64.5,"all_players":1,"players_per_million":1.31,"player_ids":["athletics:14543976"],"label":"Łuszczacz","country":"Poland"},"geometry":{"type":"Polygon","coordinates":[[[22.604845,50.820183],[22.571551,50.236925],[23.407039,49.924886],[24.281716,50.193368],[24.329,50.776322],[23.48765,51.091161],[22.604845,50.820183]]]}},{"type":"Feature","properties":{"hex_id":"831e2bfffffffff","population":1229552,"population_year":2025,"area_km2":12047.7,"population_density":102.1,"all_players":1,"players_per_million":0.81,"player_ids":["athletics:14796722"],"label":"Rzeszów","country":"Poland"},"geometry":{"type":"Polygon","coordinates":[[[21.702941,49.955806],[21.677309,49.365257],[22.506565,49.055897],[23.367705,49.334469],[23.407039,49.924886],[22.571551,50.236925],[21.702941,49.955806]]]}},{"type":"Feature","properties":{"hex_id":"831e30fffffffff","population":1145888,"population_year":2025,"area_km2":11818.4,"population_density":97.0,"all_players":3,"players_per_million":2.62,"player_ids":["athletics:14683914","athletics:14742698","athletics:14859880"],"label":"Plzeň","country":"Czech Republic"},"geometry":{"type":"Polygon","coordinates":[[[13.250346,49.739353],[13.292336,49.152852],[14.137456,48.90561],[14.950892,49.243294],[14.922075,49.831219],[14.066577,50.080093],[13.250346,49.739353]]]}},{"type":"Feature","properties":{"hex_id":"831e31fffffffff","population":1076104,"population_year":2025,"area_km2":11889.7,"population_density":90.5,"all_players":3,"players_per_million":2.79,"player_ids":["athletics:14525768","athletics:14665548","athletics:14684777"],"label":"Chrudim","country":"Czech Republic"},"geometry":{"type":"Polygon","coordinates":[[[14.922075,49.831219],[14.950892,49.243294],[15.795773,48.983666],[16.621447,49.310134],[16.606047,49.899182],[15.751501,50.160699],[14.922075,49.831219]]]}},{"type":"Feature","properties":{"hex_id":"831e32fffffffff","population":1239611,"population_year":2025,"area_km2":11988.0,"population_density":103.4,"all_players":1,"players_per_million":0.81,"player_ids":["athletics:14363774"],"label":"Schärding","country":"Austria"},"geometry":{"type":"Polygon","coordinates":[[[12.492328,48.804358],[12.53966,48.211734],[13.374348,47.965938],[14.172058,48.311376],[14.137456,48.90561],[13.292336,49.152852],[12.492328,48.804358]]]}},{"type":"Feature","properties":{"hex_id":"831e33fffffffff","population":1014912,"population_year":2025,"area_km2":12067.7,"population_density":84.1,"all_players":2,"players_per_million":1.97,"player_ids":["athletics:14446721","athletics:14830504"],"label":"Linz","country":"Austria"},"geometry":{"type":"Polygon","coordinates":[[[14.137456,48.90561],[14.172058,48.311376],[15.007166,48.053459],[15.817384,48.388123],[15.795773,48.983666],[14.950892,49.243294],[14.137456,48.90561]]]}},{"type":"Feature","properties":{"hex_id":"831e34fffffffff","population":1255753,"population_year":2025,"area_km2":11565.2,"population_density":108.6,"all_players":3,"players_per_million":2.39,"player_ids":["athletics:14360165","athletics:14605824","athletics:14695933"],"label":"Karlovy Vary","country":"Czech Republic"},"geometry":{"type":"Polygon","coordinates":[[[12.345747,50.554275],[12.39539,49.975696],[13.250346,49.739353],[14.066577,50.080093],[14.030273,50.660207],[13.164316,50.898103],[12.345747,50.554275]]]}},{"type":"Feature","properties":{"hex_id":"831e35fffffffff","population":2996250,"population_year":2025,"area_km2":11640.2,"population_density":257.4,"all_players":6,"players_per_million":2.0,"player_ids":["athletics:14168152","athletics:14379859","athletics:14475570","athletics:14589388","athletics:14644015","athletics:14681991"],"label":"Prague","country":"Czech Republic"},"geometry":{"type":"Polygon","coordinates":[[[14.030273,50.660207],[14.066577,50.080093],[14.922075,49.831219],[15.751501,50.160699],[15.728823,50.742054],[14.863027,50.992748],[14.030273,50.660207]]]}},{"type":"Feature","properties":{"hex_id":"831e41fffffffff","population":462865,"population_year":2025,"area_km2":12134.7,"population_density":38.1,"all_players":2,"players_per_million":4.32,"player_ids":["athletics:14424732","athletics:14803002"],"label":"Kropyvnytskyi","country":"Ukraine"},"geometry":{"type":"Polygon","coordinates":[[[30.855332,48.599376],[30.758928,48.006265],[31.522421,47.631115],[32.383339,47.846115],[32.491778,48.437419],[31.727373,48.815581],[30.855332,48.599376]]]}},{"type":"Feature","properties":{"hex_id":"831e42fffffffff","population":1129115,"population_year":2025,"area_km2":12423.2,"population_density":90.9,"all_players":2,"players_per_million":1.77,"player_ids":["athletics:14421950","athletics:14632011"],"label":"Chișinău","country":"Moldova"},"geometry":{"type":"Polygon","coordinates":[[[28.257962,47.904438],[28.182097,47.302194],[28.956125,46.940583],[29.808444,47.178299],[29.896618,47.779169],[29.120247,48.143752],[28.257962,47.904438]]]}},{"type":"Feature","properties":{"hex_id":"831e44fffffffff","population":713443,"population_year":2025,"area_km2":11994.6,"population_density":59.5,"all_players":1,"players_per_million":1.4,"player_ids":["athletics:14363463"],"label":"Vinnytsia","country":"Ukraine"},"geometry":{"type":"Polygon","coordinates":[[[28.492806,49.683116],[28.413288,49.094974],[29.204237,48.738382],[30.077108,48.966966],[30.169488,49.553741],[29.376228,49.913355],[28.492806,49.683116]]]}},{"type":"Feature","properties":{"hex_id":"831e4dfffffffff","population":1233486,"population_year":2025,"area_km2":11988.0,"population_density":102.9,"all_players":1,"players_per_million":0.81,"player_ids":["athletics:14686964"],"label":"Zaporizhzhia","country":"Ukraine"},"geometry":{"type":"Polygon","coordinates":[[[34.111141,48.253134],[33.991092,47.663919],[34.725876,47.268992],[35.579952,47.460378],[35.711144,48.04724],[34.97725,48.445115],[34.111141,48.253134]]]}},{"type":"Feature","properties":{"hex_id":"831e50fffffffff","population":1066632,"population_year":2025,"area_km2":12679.7,"population_density":84.1,"all_players":1,"players_per_million":0.94,"player_ids":["athletics:14295835"],"label":"Roman","country":"Romania"},"geometry":{"type":"Polygon","coordinates":[[[25.696485,47.14134],[25.640904,46.530843],[26.422087,46.183002],[27.262604,46.442855],[27.330609,47.052448],[26.545732,47.403148],[25.696485,47.14134]]]}},{"type":"Feature","properties":{"hex_id":"831e53fffffffff","population":870186,"population_year":2025,"area_km2":12870.5,"population_density":67.6,"all_players":1,"players_per_million":1.15,"player_ids":["athletics:14739638"],"label":"Tecuci","country":"Romania"},"geometry":{"type":"Polygon","coordinates":[[[26.422087,46.183002],[26.361675,45.566347],[27.129673,45.210555],[27.961374,45.468587],[28.033829,46.084177],[27.262604,46.442855],[26.422087,46.183002]]]}},{"type":"Feature","properties":{"hex_id":"831e5cfffffffff","population":881306,"population_year":2025,"area_km2":12607.6,"population_density":69.9,"all_players":1,"players_per_million":1.13,"player_ids":["athletics:14908884"],"label":"Chetrosu","country":"Moldova"},"geometry":{"type":"Polygon","coordinates":[[[28.956125,46.940583],[28.875935,46.332214],[29.636086,45.96304],[30.478426,46.199311],[30.570508,46.806148],[29.808444,47.178299],[28.956125,46.940583]]]}},{"type":"Feature","properties":{"hex_id":"831e62fffffffff","population":589825,"population_year":2025,"area_km2":11792.7,"population_density":50.0,"all_players":1,"players_per_million":1.7,"player_ids":["athletics:14606579"],"label":"Berdychiv","country":"Ukraine"},"geometry":{"type":"Polygon","coordinates":[[[27.761754,50.612737],[27.687013,50.031314],[28.492806,49.683116],[29.376228,49.913355],[29.464293,50.49356],[28.655699,50.844802],[27.761754,50.612737]]]}},{"type":"Feature","properties":{"hex_id":"831e63fffffffff","population":3667328,"population_year":2025,"area_km2":11754.3,"population_density":312.0,"all_players":1,"players_per_million":0.27,"player_ids":["athletics:14594836"],"label":"Kyiv","country":"Ukraine"},"geometry":{"type":"Polygon","coordinates":[[[29.464293,50.49356],[29.376228,49.913355],[30.169488,49.553741],[31.052695,49.771325],[31.153726,50.350024],[30.358689,50.712701],[29.464293,50.49356]]]}},{"type":"Feature","properties":{"hex_id":"831e6cfffffffff","population":350127,"population_year":2025,"area_km2":11454.2,"population_density":30.6,"all_players":1,"players_per_million":2.86,"player_ids":["athletics:14830537"],"label":"Konotop","country":"Ukraine"},"geometry":{"type":"Polygon","coordinates":[[[32.156918,51.126789],[32.046981,50.556366],[32.827305,50.182686],[33.717878,50.376412],[33.840397,50.944927],[33.059894,51.321677],[32.156918,51.126789]]]}},{"type":"Feature","properties":{"hex_id":"831e72fffffffff","population":1193965,"population_year":2025,"area_km2":12270.7,"population_density":97.3,"all_players":1,"players_per_million":0.84,"player_ids":["athletics:14524329"],"label":"Deliatyn","country":"Ukraine"},"geometry":{"type":"Polygon","coordinates":[[[24.189413,49.012922],[24.144359,48.415565],[24.952412,48.084867],[25.81028,48.348764],[25.868535,48.945524],[25.055768,49.279044],[24.189413,49.012922]]]}},{"type":"Feature","properties":{"hex_id":"831e73fffffffff","population":838851,"population_year":2025,"area_km2":12257.0,"population_density":68.4,"all_players":1,"players_per_million":1.19,"player_ids":["athletics:14388489"],"label":"Solobkivtsi","country":"Ukraine"},"geometry":{"type":"Polygon","coordinates":[[[25.868535,48.945524],[25.81028,48.348764],[26.609008,48.006457],[27.469819,48.258057],[27.541073,48.853906],[26.738582,49.199125],[25.868535,48.945524]]]}},{"type":"Feature","properties":{"hex_id":"831e80fffffffff","population":4856406,"population_year":2025,"area_km2":13258.9,"population_density":366.3,"all_players":4,"players_per_million":0.82,"player_ids":["athletics:14400947","athletics:14699224","athletics:14723644","athletics:14905216"],"label":"Rome","country":"Italy"},"geometry":{"type":"Polygon","coordinates":[[[12.199341,42.319259],[12.245097,41.684753],[13.015322,41.413495],[13.748722,41.775618],[13.713746,42.412148],[12.934527,42.684579],[12.199341,42.319259]]]}},{"type":"Feature","properties":{"hex_id":"831e83fffffffff","population":4036054,"population_year":2025,"area_km2":13472.5,"population_density":299.6,"all_players":1,"players_per_million":0.25,"player_ids":["athletics:14699358"],"label":"Naples","country":"Italy"},"geometry":{"type":"Polygon","coordinates":[[[13.015322,41.413495],[13.054853,40.772822],[13.817173,40.492332],[14.548451,40.851244],[14.519585,41.49381],[13.748722,41.775618],[13.015322,41.413495]]]}},{"type":"Feature","properties":{"hex_id":"831e85fffffffff","population":1157314,"population_year":2025,"area_km2":13142.7,"population_density":88.1,"all_players":3,"players_per_million":2.59,"player_ids":["athletics:14375750","athletics:14682711","athletics:14739812"],"label":"Civitanova Marche","country":"Italy"},"geometry":{"type":"Polygon","coordinates":[[[12.893237,43.314735],[12.934527,42.684579],[13.713746,42.412148],[14.460581,42.768618],[14.430423,43.400602],[13.642239,43.674337],[12.893237,43.314735]]]}},{"type":"Feature","properties":{"hex_id":"831e88fffffffff","population":1564566,"population_year":2025,"area_km2":13650.9,"population_density":114.6,"all_players":1,"players_per_million":0.64,"player_ids":["athletics:14411785"],"label":"Andria","country":"Italy"},"geometry":{"type":"Polygon","coordinates":[[[16.034326,41.554723],[16.052337,40.910596],[16.813716,40.609369],[17.564526,40.950502],[17.557516,41.595849],[16.788662,41.898895],[16.034326,41.554723]]]}},{"type":"Feature","properties":{"hex_id":"831e8bfffffffff","population":1468642,"population_year":2025,"area_km2":13841.6,"population_density":106.1,"all_players":1,"players_per_million":0.68,"player_ids":["athletics:14284942"],"label":"Mottola","country":"Italy"},"geometry":{"type":"Polygon","coordinates":[[[16.813716,40.609369],[16.825973,39.959711],[17.578247,39.650065],[18.32526,39.988178],[18.323823,40.638905],[17.564526,40.950502],[16.813716,40.609369]]]}},{"type":"Feature","properties":{"hex_id":"831e8efffffffff","population":1356542,"population_year":2025,"area_km2":13569.3,"population_density":100.0,"all_players":1,"players_per_million":0.74,"player_ids":["athletics:14199823"],"label":"Benevento","country":"Italy"},"geometry":{"type":"Polygon","coordinates":[[[14.519585,41.49381],[14.548451,40.851244],[15.310833,40.5604],[16.052337,40.910596],[16.034326,41.554723],[15.263913,41.847143],[14.519585,41.49381]]]}},{"type":"Feature","properties":{"hex_id":"831e92fffffffff","population":413947,"population_year":2025,"area_km2":13376.9,"population_density":30.9,"all_players":1,"players_per_million":2.42,"player_ids":["athletics:14775977"],"label":"Cagliari","country":"Italy"},"geometry":{"type":"Polygon","coordinates":[[[8.791439,39.152477],[8.858598,38.510286],[9.598985,38.251433],[10.281466,38.63427],[10.223799,39.279363],[9.474082,39.538754],[8.791439,39.152477]]]}},{"type":"Feature","properties":{"hex_id":"831e96fffffffff","population":473582,"population_year":2025,"area_km2":13165.8,"population_density":36.0,"all_players":1,"players_per_million":2.11,"player_ids":["athletics:14753080"],"label":"Oristano","country":"Italy"},"geometry":{"type":"Polygon","coordinates":[[[7.971856,40.038397],[8.045142,39.402136],[8.791439,39.152477],[9.474082,39.538754],[9.410321,40.178027],[8.654309,40.428048],[7.971856,40.038397]]]}},{"type":"Feature","properties":{"hex_id":"831ea2fffffffff","population":2390766,"population_year":2025,"area_km2":12803.9,"population_density":186.7,"all_players":3,"players_per_million":1.25,"player_ids":["athletics:14567432","athletics:14780703","athletics:14827877"],"label":"Florence","country":"Italy"},"geometry":{"type":"Polygon","coordinates":[[[10.524864,44.082048],[10.583646,43.46084],[11.369193,43.208977],[12.105806,43.577473],[12.057997,44.200939],[11.262523,44.453696],[10.524864,44.082048]]]}},{"type":"Feature","properties":{"hex_id":"831ea3fffffffff","population":1273055,"population_year":2025,"area_km2":12915.2,"population_density":98.6,"all_players":1,"players_per_million":0.79,"player_ids":["athletics:14929174"],"label":"Borgo Maggiore","country":"San Marino"},"geometry":{"type":"Polygon","coordinates":[[[12.057997,44.200939],[12.105806,43.577473],[12.893237,43.314735],[13.642239,43.674337],[13.605684,44.299755],[12.808805,44.563667],[12.057997,44.200939]]]}},{"type":"Feature","properties":{"hex_id":"831ea4fffffffff","population":3171424,"population_year":2025,"area_km2":12437.2,"population_density":255.0,"all_players":9,"players_per_million":2.84,"player_ids":["athletics:14381808","athletics:14480247","athletics:14488967","athletics:14533436","athletics:14538311","athletics:14567410","athletics:14699307","athletics:14736174","athletics:14737204"],"label":"Vicenza","country":"Italy"},"geometry":{"type":"Polygon","coordinates":[[[10.343213,45.921928],[10.404667,45.312696],[11.207993,45.07018],[11.960221,45.436022],[11.910221,46.047428],[11.096453,46.290866],[10.343213,45.921928]]]}},{"type":"Feature","properties":{"hex_id":"831ea5fffffffff","population":2508313,"population_year":2025,"area_km2":12543.2,"population_density":200.0,"all_players":2,"players_per_million":0.8,"player_ids":["athletics:14435687","athletics:14905172"],"label":"Treviso","country":"Italy"},"geometry":{"type":"Polygon","coordinates":[[[11.910221,46.047428],[11.960221,45.436022],[12.765636,45.182217],[13.53091,45.538666],[13.492667,46.151948],[12.677318,46.406957],[11.910221,46.047428]]]}},{"type":"Feature","properties":{"hex_id":"831ea6fffffffff","population":2293027,"population_year":2025,"area_km2":12564.6,"population_density":182.5,"all_players":3,"players_per_million":1.31,"player_ids":["athletics:14403082","athletics:14593885","athletics:14665531"],"label":"Casalmaggiore","country":"Italy"},"geometry":{"type":"Polygon","coordinates":[[[9.666362,44.937924],[9.731941,44.323805],[10.524864,44.082048],[11.262523,44.453696],[11.207993,45.07018],[10.404667,45.312696],[9.666362,44.937924]]]}},{"type":"Feature","properties":{"hex_id":"831ea8fffffffff","population":270806,"population_year":2025,"area_km2":13096.6,"population_density":20.7,"all_players":1,"players_per_million":3.69,"player_ids":["athletics:14300447"],"label":"Knin","country":"Croatia"},"geometry":{"type":"Polygon","coordinates":[[[15.165843,44.377946],[15.190908,43.750895],[15.978683,43.466084],[16.749675,43.806687],[16.736287,44.435047],[15.940187,44.721551],[15.165843,44.377946]]]}},{"type":"Feature","properties":{"hex_id":"831ea9fffffffff","population":761063,"population_year":2025,"area_km2":13165.8,"population_density":57.8,"all_players":1,"players_per_million":1.31,"player_ids":["athletics:14409892"],"label":"Zenica","country":"Bosnia and Herzegovina"},"geometry":{"type":"Polygon","coordinates":[[[16.736287,44.435047],[16.749675,43.806687],[17.535856,43.510771],[18.316311,43.841343],[18.31474,44.47068],[17.520869,44.768523],[16.736287,44.435047]]]}},{"type":"Feature","properties":{"hex_id":"831eabfffffffff","population":507434,"population_year":2025,"area_km2":13313.8,"population_density":38.1,"all_players":1,"players_per_million":1.97,"player_ids":["athletics:14682378"],"label":"Orebić","country":"Croatia"},"geometry":{"type":"Polygon","coordinates":[[[15.978683,43.466084],[15.997505,42.832597],[16.775858,42.538488],[17.543183,42.876114],[17.535856,43.510771],[16.749675,43.806687],[15.978683,43.466084]]]}},{"type":"Feature","properties":{"hex_id":"831eb5fffffffff","population":1045035,"population_year":2025,"area_km2":12679.7,"population_density":82.4,"all_players":1,"players_per_million":0.96,"player_ids":["athletics:14514016"],"label":"Pisa","country":"Italy"},"geometry":{"type":"Polygon","coordinates":[[[9.008239,43.943707],[9.077677,43.325053],[9.86025,43.0839],[10.583646,43.46084],[10.524864,44.082048],[9.731941,44.323805],[9.008239,43.943707]]]}},{"type":"Feature","properties":{"hex_id":"831ec0fffffffff","population":1107165,"population_year":2025,"area_km2":13650.9,"population_density":81.1,"all_players":1,"players_per_million":0.9,"player_ids":["athletics:14428121"],"label":"Gotse Delchev","country":"Bulgaria"},"geometry":{"type":"Polygon","coordinates":[[[22.973375,42.544131],[22.940681,41.902528],[23.692137,41.557755],[24.480935,41.85197],[24.524959,42.4932],[23.768882,42.840643],[22.973375,42.544131]]]}},{"type":"Feature","properties":{"hex_id":"831ec1fffffffff","population":1152464,"population_year":2025,"area_km2":13642.7,"population_density":84.5,"all_players":3,"players_per_million":2.6,"player_ids":["athletics:14268585","athletics:14875939","athletics:14927349"],"label":"Harmanli","country":"Bulgaria"},"geometry":{"type":"Polygon","coordinates":[[[24.524959,42.4932],[24.480935,41.85197],[25.225319,41.497196],[26.017648,41.780904],[26.072885,42.421413],[25.324619,42.778989],[24.524959,42.4932]]]}},{"type":"Feature","properties":{"hex_id":"831ec2fffffffff","population":974766,"population_year":2025,"area_km2":13816.5,"population_density":70.6,"all_players":2,"players_per_million":2.05,"player_ids":["athletics:14669734","athletics:14838227"],"label":"Thessaloniki","country":"Greece"},"geometry":{"type":"Polygon","coordinates":[[[22.156565,41.597915],[22.130152,40.951006],[22.87671,40.608844],[23.654599,40.911034],[23.692137,41.557755],[22.940681,41.902528],[22.156565,41.597915]]]}},{"type":"Feature","properties":{"hex_id":"831ec5fffffffff","population":561909,"population_year":2025,"area_km2":13472.5,"population_density":41.7,"all_players":1,"players_per_million":1.78,"player_ids":["athletics:14476183"],"label":"Pleven","country":"Bulgaria"},"geometry":{"type":"Polygon","coordinates":[[[23.808112,43.476547],[23.768882,42.840643],[24.524959,42.4932],[25.324619,42.778989],[25.375376,43.414339],[24.614981,43.76451],[23.808112,43.476547]]]}},{"type":"Feature","properties":{"hex_id":"831ec6fffffffff","population":1055383,"population_year":2025,"area_km2":13642.7,"population_density":77.4,"all_players":1,"players_per_million":0.95,"player_ids":["athletics:14743213"],"label":"Skopje","country":"North Macedonia"},"geometry":{"type":"Polygon","coordinates":[[[21.420399,42.574093],[21.399102,41.932468],[22.156565,41.597915],[22.940681,41.902528],[22.973375,42.544131],[22.210569,42.881199],[21.420399,42.574093]]]}},{"type":"Feature","properties":{"hex_id":"831ecbfffffffff","population":1194676,"population_year":2025,"area_km2":13900.5,"population_density":85.9,"all_players":1,"players_per_million":0.84,"player_ids":["athletics:14627594"],"label":"Balıkesir","country":"Turkey"},"geometry":{"type":"Polygon","coordinates":[[[27.418892,40.400141],[27.355402,39.750472],[28.068171,39.37356],[28.846869,39.643311],[28.920766,40.29157],[28.205616,40.671538],[27.418892,40.400141]]]}},{"type":"Feature","properties":{"hex_id":"831ed3fffffffff","population":472807,"population_year":2025,"area_km2":14105.7,"population_density":33.5,"all_players":3,"players_per_million":6.35,"player_ids":["athletics:14195399","athletics:14280590","athletics:14280966"],"label":"Kardítsa","country":"Greece"},"geometry":{"type":"Polygon","coordinates":[[[20.575714,39.667573],[20.561111,39.011306],[21.297146,38.67418],[22.053163,38.990886],[22.078459,39.647346],[21.337049,39.98696],[20.575714,39.667573]]]}},{"type":"Feature","properties":{"hex_id":"831edcfffffffff","population":605463,"population_year":2025,"area_km2":13976.9,"population_density":43.3,"all_players":1,"players_per_million":1.65,"player_ids":["athletics:14756709"],"label":"Nea Kallikratia","country":"Greece"},"geometry":{"type":"Polygon","coordinates":[[[22.87671,40.608844],[22.845414,39.957039],[23.581131,39.60773],[24.352642,39.907568],[24.394791,40.559015],[23.654599,40.911034],[22.87671,40.608844]]]}},{"type":"Feature","properties":{"hex_id":"831ee1fffffffff","population":1138042,"population_year":2025,"area_km2":13096.6,"population_density":86.9,"all_players":2,"players_per_million":1.76,"player_ids":["athletics:14408349","athletics:14516137"],"label":"Râmnicu Vâlcea","country":"Romania"},"geometry":{"type":"Polygon","coordinates":[[[23.929396,45.360633],[23.888356,44.736657],[24.661009,44.394342],[25.479185,44.673329],[25.532273,45.296738],[24.755175,45.641782],[23.929396,45.360633]]]}},{"type":"Feature","properties":{"hex_id":"831eecfffffffff","population":3103366,"population_year":2025,"area_km2":13081.4,"population_density":237.2,"all_players":2,"players_per_million":0.64,"player_ids":["athletics:14364637","athletics:14629838"],"label":"Bucharest","country":"Romania"},"geometry":{"type":"Polygon","coordinates":[[[25.532273,45.296738],[25.479185,44.673329],[26.243563,44.320374],[27.064702,44.588046],[27.129673,45.210555],[26.361675,45.566347],[25.532273,45.296738]]]}},{"type":"Feature","properties":{"hex_id":"831ef0fffffffff","population":477585,"population_year":2025,"area_km2":13424.6,"population_density":35.6,"all_players":1,"players_per_million":2.09,"player_ids":["athletics:14709517"],"label":"Prijepolje","country":"Serbia"},"geometry":{"type":"Polygon","coordinates":[[[19.099702,43.53434],[19.095425,42.898853],[19.86831,42.58307],[20.651982,42.900591],[20.667921,43.536564],[19.888519,43.854586],[19.099702,43.53434]]]}},{"type":"Feature","properties":{"hex_id":"831f02fffffffff","population":1173526,"population_year":2025,"area_km2":10615.7,"population_density":110.5,"all_players":1,"players_per_million":0.85,"player_ids":["athletics:14984693"],"label":"Wittenburg","country":"Germany"},"geometry":{"type":"Polygon","coordinates":[[[10.280052,53.783253],[10.349128,53.235917],[11.24517,53.03204],[12.085015,53.37401],[12.030217,53.923003],[11.121177,54.128426],[10.280052,53.783253]]]}},{"type":"Feature","properties":{"hex_id":"831f09fffffffff","population":1353146,"population_year":2025,"area_km2":10857.3,"population_density":124.6,"all_players":1,"players_per_million":0.74,"player_ids":["athletics:14650587"],"label":"Kościerzyna","country":"Poland"},"geometry":{"type":"Polygon","coordinates":[[[17.382346,54.188943],[17.392114,53.636628],[18.287967,53.379322],[19.183628,53.671807],[19.189333,54.224652],[18.283871,54.484548],[17.382346,54.188943]]]}},{"type":"Feature","properties":{"hex_id":"831f0afffffffff","population":615713,"population_year":2025,"area_km2":11010.2,"population_density":55.9,"all_players":1,"players_per_million":1.62,"player_ids":["athletics:14642563"],"label":"Drezdenko","country":"Poland"},"geometry":{"type":"Polygon","coordinates":[[[14.738933,53.256941],[14.770737,52.698373],[15.658506,52.45677],[16.525149,52.771637],[16.508143,53.331202],[15.609631,53.574966],[14.738933,53.256941]]]}},{"type":"Feature","properties":{"hex_id":"831f0bfffffffff","population":1111967,"population_year":2025,"area_km2":11061.9,"population_density":100.5,"all_players":2,"players_per_million":1.8,"player_ids":["athletics:14604425","athletics:14753334"],"label":"Bydgoszcz","country":"Poland"},"geometry":{"type":"Polygon","coordinates":[[[16.508143,53.331202],[16.525149,52.771637],[17.411159,52.516728],[18.289963,52.819052],[18.287967,53.379322],[17.392114,53.636628],[16.508143,53.331202]]]}},{"type":"Feature","properties":{"hex_id":"831f10fffffffff","population":2433093,"population_year":2025,"area_km2":10697.0,"population_density":227.5,"all_players":2,"players_per_million":0.82,"player_ids":["athletics:14361447","athletics:14597875"],"label":"Herford","country":"Germany"},"geometry":{"type":"Polygon","coordinates":[[[7.8306,52.709811],[7.918,52.158001],[8.796415,51.967973],[9.600787,52.328809],[9.526612,52.882702],[8.634702,53.073729],[7.8306,52.709811]]]}},{"type":"Feature","properties":{"hex_id":"831f11fffffffff","population":2278320,"population_year":2025,"area_km2":10790.5,"population_density":211.1,"all_players":1,"players_per_million":0.44,"player_ids":["athletics:14401199"],"label":"Langenhagen","country":"Germany"},"geometry":{"type":"Polygon","coordinates":[[[9.526612,52.882702],[9.600787,52.328809],[10.483886,52.126246],[11.305631,52.476318],[11.24517,53.03204],[10.349128,53.235917],[9.526612,52.882702]]]}},{"type":"Feature","properties":{"hex_id":"831f12fffffffff","population":4974727,"population_year":2025,"area_km2":10857.3,"population_density":458.2,"all_players":2,"players_per_million":0.4,"player_ids":["athletics:14450088","athletics:14704769"],"label":"Dülmen","country":"Germany"},"geometry":{"type":"Polygon","coordinates":[[[7.131986,51.786954],[7.223571,51.228954],[8.088631,51.039696],[8.875324,51.407718],[8.796415,51.967973],[7.918,52.158001],[7.131986,51.786954]]]}},{"type":"Feature","properties":{"hex_id":"831f13fffffffff","population":1933075,"population_year":2025,"area_km2":10958.8,"population_density":176.4,"all_players":1,"players_per_million":0.52,"player_ids":["athletics:14497556"],"label":"Hann. Münden","country":"Germany"},"geometry":{"type":"Polygon","coordinates":[[[8.796415,51.967973],[8.875324,51.407718],[9.745557,51.206245],[10.549623,51.56399],[10.483886,52.126246],[9.600787,52.328809],[8.796415,51.967973]]]}},{"type":"Feature","properties":{"hex_id":"831f14fffffffff","population":1611302,"population_year":2025,"area_km2":10435.0,"population_density":154.4,"all_players":1,"players_per_million":0.62,"player_ids":["athletics:14509240"],"label":"Löningen","country":"Germany"},"geometry":{"type":"Polygon","coordinates":[[[6.848229,53.43156],[6.944351,52.888298],[7.8306,52.709811],[8.634702,53.073729],[8.551833,53.61915],[7.651457,53.798545],[6.848229,53.43156]]]}},{"type":"Feature","properties":{"hex_id":"831f15fffffffff","population":4282236,"population_year":2025,"area_km2":10530.0,"population_density":406.7,"all_players":3,"players_per_million":0.7,"player_ids":["athletics:14812323","athletics:14878245","athletics:14930161"],"label":"Hamburg","country":"Germany"},"geometry":{"type":"Polygon","coordinates":[[[8.551833,53.61915],[8.634702,53.073729],[9.526612,52.882702],[10.349128,53.235917],[10.280052,53.783253],[9.374531,53.975514],[8.551833,53.61915]]]}},{"type":"Feature","properties":{"hex_id":"831f18fffffffff","population":3075422,"population_year":2025,"area_km2":11131.6,"population_density":276.3,"all_players":3,"players_per_million":0.98,"player_ids":["athletics:14193195","athletics:14705532","athletics:14771929"],"label":"Potsdam","country":"Germany"},"geometry":{"type":"Polygon","coordinates":[[[12.191895,52.260945],[12.24402,51.696953],[13.120243,51.470233],[13.955866,51.805879],[13.917733,52.371333],[13.029893,52.599737],[12.191895,52.260945]]]}},{"type":"Feature","properties":{"hex_id":"831f1afffffffff","population":2852514,"population_year":2025,"area_km2":11308.9,"population_density":252.2,"all_players":3,"players_per_million":1.05,"player_ids":["athletics:14511112","athletics:14597052","athletics:14695941"],"label":"Halle (Saale)","country":"Germany"},"geometry":{"type":"Polygon","coordinates":[[[11.423602,51.350013],[11.48116,50.779522],[12.345747,50.554275],[13.164316,50.898103],[13.120243,51.470233],[12.24402,51.696953],[11.423602,51.350013]]]}},{"type":"Feature","properties":{"hex_id":"831f1bfffffffff","population":1866083,"population_year":2025,"area_km2":11387.2,"population_density":163.9,"all_players":1,"players_per_million":0.54,"player_ids":["athletics:14597064"],"label":"Dresden","country":"Germany"},"geometry":{"type":"Polygon","coordinates":[[[13.120243,51.470233],[13.164316,50.898103],[14.030273,50.660207],[14.863027,50.992748],[14.832771,51.566231],[13.955866,51.805879],[13.120243,51.470233]]]}},{"type":"Feature","properties":{"hex_id":"831f1dfffffffff","population":2731825,"population_year":2025,"area_km2":10947.5,"population_density":249.5,"all_players":4,"players_per_million":1.46,"player_ids":["athletics:14526544","athletics:14625525","athletics:14679384","athletics:14736473"],"label":"Berlin","country":"Germany"},"geometry":{"type":"Polygon","coordinates":[[[12.983579,53.157021],[13.029893,52.599737],[13.917733,52.371333],[14.770737,52.698373],[14.738933,53.256941],[13.839529,53.487245],[12.983579,53.157021]]]}},{"type":"Feature","properties":{"hex_id":"831f1efffffffff","population":1236434,"population_year":2025,"area_km2":11050.4,"population_density":111.9,"all_players":1,"players_per_million":0.81,"player_ids":["athletics:14777637"],"label":"Magdeburg","country":"Germany"},"geometry":{"type":"Polygon","coordinates":[[[10.483886,52.126246],[10.549623,51.56399],[11.423602,51.350013],[12.24402,51.696953],[12.191895,52.260945],[11.305631,52.476318],[10.483886,52.126246]]]}},{"type":"Feature","properties":{"hex_id":"831f21fffffffff","population":258303,"population_year":2025,"area_km2":9808.2,"population_density":26.3,"all_players":1,"players_per_million":3.87,"player_ids":["athletics:14535353"],"label":"Halmstad","country":"Sweden"},"geometry":{"type":"Polygon","coordinates":[[[11.680885,57.109629],[11.741681,56.591404],[12.688484,56.393983],[13.588169,56.712632],[13.543636,57.232114],[12.583033,57.431753],[11.680885,57.109629]]]}},{"type":"Feature","properties":{"hex_id":"831f23fffffffff","population":869269,"population_year":2025,"area_km2":9995.4,"population_density":87.0,"all_players":1,"players_per_million":1.15,"player_ids":["athletics:14377776"],"label":"Helsingborg","country":"Sweden"},"geometry":{"type":"Polygon","coordinates":[[[10.860149,56.260141],[10.927107,55.734903],[11.860105,55.539449],[12.739823,55.867327],[12.688484,56.393983],[11.741681,56.591404],[10.860149,56.260141]]]}},{"type":"Feature","properties":{"hex_id":"831f24fffffffff","population":372307,"population_year":2025,"area_km2":9491.0,"population_density":39.2,"all_players":1,"players_per_million":2.69,"player_ids":["athletics:14481392"],"label":"Aalborg","country":"Denmark"},"geometry":{"type":"Polygon","coordinates":[[[8.799628,57.640256],[8.8861,57.132116],[9.839975,56.960452],[10.722652,57.295139],[10.652048,57.804881],[9.682736,57.978393],[8.799628,57.640256]]]}},{"type":"Feature","properties":{"hex_id":"831f2cfffffffff","population":227590,"population_year":2025,"area_km2":9865.2,"population_density":23.1,"all_players":1,"players_per_million":4.39,"player_ids":["athletics:14429853"],"label":"Q10658310","country":"Sweden"},"geometry":{"type":"Polygon","coordinates":[[[13.543636,57.232114],[13.588169,56.712632],[14.5362,56.501146],[15.452474,56.806705],[15.42462,57.327177],[14.463717,57.541165],[13.543636,57.232114]]]}},{"type":"Feature","properties":{"hex_id":"831f2efffffffff","population":588838,"population_year":2025,"area_km2":10059.1,"population_density":58.5,"all_players":2,"players_per_million":3.4,"player_ids":["athletics:14403185","athletics:14654845"],"label":"Bjuv","country":"Sweden"},"geometry":{"type":"Polygon","coordinates":[[[12.688484,56.393983],[12.739823,55.867327],[13.674893,55.658102],[14.571482,55.973336],[14.5362,56.501146],[13.588169,56.712632],[12.688484,56.393983]]]}},{"type":"Feature","properties":{"hex_id":"831f32fffffffff","population":33876,"population_year":2025,"area_km2":10173.5,"population_density":3.3,"all_players":1,"players_per_million":29.52,"player_ids":["athletics:14626440"],"label":"Norden","country":"Germany"},"geometry":{"type":"Polygon","coordinates":[[[5.849467,54.133065],[5.954532,53.598437],[6.848229,53.43156],[7.651457,53.798545],[7.559644,54.335402],[6.651186,54.503095],[5.849467,54.133065]]]}},{"type":"Feature","properties":{"hex_id":"831f40fffffffff","population":1292992,"population_year":2025,"area_km2":10697.0,"population_density":120.9,"all_players":4,"players_per_million":3.09,"player_ids":["athletics:14329304","athletics:14625015","athletics:14675493","athletics:14841124"],"label":"Vilnius","country":"Lithuania"},"geometry":{"type":"Polygon","coordinates":[[[23.791969,55.01473],[23.746236,54.469641],[24.629798,54.168802],[25.564981,54.409905],[25.626478,54.954474],[24.737085,55.258527],[23.791969,55.01473]]]}},{"type":"Feature","properties":{"hex_id":"831f42fffffffff","population":650813,"population_year":2025,"area_km2":10924.8,"population_density":59.6,"all_players":2,"players_per_million":3.07,"player_ids":["athletics:14500245","athletics:14703758"],"label":"Hrodna","country":"Belarus"},"geometry":{"type":"Polygon","coordinates":[[[22.816683,54.214679],[22.779866,53.661662],[23.657106,53.363901],[24.577526,53.616146],[24.629798,54.168802],[23.746236,54.469641],[22.816683,54.214679]]]}},{"type":"Feature","properties":{"hex_id":"831f44fffffffff","population":374447,"population_year":2025,"area_km2":10466.5,"population_density":35.8,"all_players":1,"players_per_million":2.67,"player_ids":["athletics:14363902"],"label":"Šiauliai","country":"Lithuania"},"geometry":{"type":"Polygon","coordinates":[[[22.931053,55.842561],[22.89226,55.305153],[23.791969,55.01473],[24.737085,55.258527],[24.792149,55.795544],[23.885873,56.089223],[22.931053,55.842561]]]}},{"type":"Feature","properties":{"hex_id":"831f45fffffffff","population":194648,"population_year":2025,"area_km2":10466.5,"population_density":18.6,"all_players":2,"players_per_million":10.27,"player_ids":["athletics:14408107","athletics:14417641"],"label":"Utena","country":"Lithuania"},"geometry":{"type":"Polygon","coordinates":[[[24.792149,55.795544],[24.737085,55.258527],[25.626478,54.954474],[26.576301,55.184161],[26.647422,55.720503],[25.752737,56.027899],[24.792149,55.795544]]]}},{"type":"Feature","properties":{"hex_id":"831f50fffffffff","population":595005,"population_year":2025,"area_km2":11131.6,"population_density":53.5,"all_players":1,"players_per_million":1.68,"player_ids":["athletics:14500229"],"label":"Szczytno","country":"Poland"},"geometry":{"type":"Polygon","coordinates":[[[20.075041,53.400943],[20.061903,52.840266],[20.939264,52.558682],[21.837606,52.835053],[21.865918,53.395835],[20.980718,53.680206],[20.075041,53.400943]]]}},{"type":"Feature","properties":{"hex_id":"831f51fffffffff","population":832047,"population_year":2025,"area_km2":11149.1,"population_density":74.6,"all_players":2,"players_per_million":2.4,"player_ids":["athletics:14434325","athletics:14524564"],"label":"Białystok","country":"Poland"},"geometry":{"type":"Polygon","coordinates":[[[21.865918,53.395835],[21.837606,52.835053],[22.708089,52.540228],[23.613669,52.803315],[23.657106,53.363901],[22.779866,53.661662],[21.865918,53.395835]]]}},{"type":"Feature","properties":{"hex_id":"831f53fffffffff","population":3001674,"population_year":2025,"area_km2":11369.1,"population_density":264.0,"all_players":3,"players_per_million":1.0,"player_ids":["athletics:14336191","athletics:14736349","athletics:14799803"],"label":"Warsaw","country":"Poland"},"geometry":{"type":"Polygon","coordinates":[[[20.939264,52.558682],[20.919057,51.990314],[21.782395,51.698278],[22.6731,51.971887],[22.708089,52.540228],[21.837606,52.835053],[20.939264,52.558682]]]}},{"type":"Feature","properties":{"hex_id":"831f56fffffffff","population":1167426,"population_year":2025,"area_km2":11102.5,"population_density":105.2,"all_players":2,"players_per_million":1.71,"player_ids":["athletics:14704467","athletics:14875227"],"label":"Toruń","country":"Poland"},"geometry":{"type":"Polygon","coordinates":[[[18.287967,53.379322],[18.289963,52.819052],[19.172506,52.550795],[20.061903,52.840266],[20.075041,53.400943],[19.183628,53.671807],[18.287967,53.379322]]]}},{"type":"Feature","properties":{"hex_id":"831f5afffffffff","population":420342,"population_year":2025,"area_km2":11608.9,"population_density":36.2,"all_players":1,"players_per_million":2.38,"player_ids":["athletics:14388144"],"label":"Voiehoshcha","country":"Ukraine"},"geometry":{"type":"Polygon","coordinates":[[[23.528959,51.666899],[23.48765,51.091161],[24.329,50.776322],[25.217158,51.034369],[25.272733,51.609637],[24.42593,51.927392],[23.528959,51.666899]]]}},{"type":"Feature","properties":{"hex_id":"831f5bfffffffff","population":429456,"population_year":2025,"area_km2":11602.6,"population_density":37.0,"all_players":1,"players_per_million":2.33,"player_ids":["athletics:14408893"],"label":"Chetvertnia","country":"Ukraine"},"geometry":{"type":"Polygon","coordinates":[[[25.272733,51.609637],[25.217158,51.034369],[26.048993,50.707102],[26.940864,50.952157],[27.010507,51.526651],[26.174277,51.856927],[25.272733,51.609637]]]}},{"type":"Feature","properties":{"hex_id":"831f5dfffffffff","population":359145,"population_year":2025,"area_km2":11149.1,"population_density":32.2,"all_players":1,"players_per_million":2.78,"player_ids":["athletics:14620985"],"label":"Baranavichy","country":"Belarus"},"geometry":{"type":"Polygon","coordinates":[[[25.445111,53.30518],[25.386686,52.745088],[26.238487,52.424304],[27.153283,52.66054],[27.226473,53.219843],[26.370175,53.543763],[25.445111,53.30518]]]}},{"type":"Feature","properties":{"hex_id":"831f60fffffffff","population":947486,"population_year":2025,"area_km2":10010.0,"population_density":94.7,"all_players":1,"players_per_million":1.06,"player_ids":["athletics:14935635"],"label":"Riga","country":"Latvia"},"geometry":{"type":"Polygon","coordinates":[[[23.051671,57.423255],[23.010739,56.901625],[23.934088,56.618589],[24.905246,56.853796],[24.963332,57.375003],[24.033159,57.661496],[23.051671,57.423255]]]}},{"type":"Feature","properties":{"hex_id":"831f61fffffffff","population":115996,"population_year":2025,"area_km2":10010.0,"population_density":11.6,"all_players":1,"players_per_million":8.62,"player_ids":["athletics:14334855"],"label":"Smiltene","country":"Latvia"},"geometry":{"type":"Polygon","coordinates":[[[24.963332,57.375003],[24.905246,56.853796],[25.817555,56.556717],[26.793473,56.777375],[26.868471,57.29788],[25.950722,57.598497],[24.963332,57.375003]]]}},{"type":"Feature","properties":{"hex_id":"831f64fffffffff","population":22087,"population_year":2025,"area_km2":9779.9,"population_density":2.3,"all_players":1,"players_per_million":45.28,"player_ids":["athletics:14181111"],"label":"Kuressaare","country":"Estonia"},"geometry":{"type":"Polygon","coordinates":[[[22.144282,58.209221],[22.111087,57.695397],[23.051671,57.423255],[24.033159,57.661496],[24.084063,58.175021],[23.135811,58.450675],[22.144282,58.209221]]]}},{"type":"Feature","properties":{"hex_id":"831f65fffffffff","population":92497,"population_year":2025,"area_km2":9786.4,"population_density":9.5,"all_players":1,"players_per_million":10.81,"player_ids":["athletics:14475585"],"label":"Limbaži","country":"Latvia"},"geometry":{"type":"Polygon","coordinates":[[[24.084063,58.175021],[24.033159,57.661496],[24.963332,57.375003],[25.950722,57.598497],[25.984773,57.855633],[25.956114,58.150723],[25.082722,58.401545],[24.084063,58.175021]]]}},{"type":"Feature","properties":{"hex_id":"831f72fffffffff","population":637733,"population_year":2025,"area_km2":10648.1,"population_density":59.9,"all_players":1,"players_per_million":1.57,"player_ids":["athletics:14844866"],"label":"Gdynia","country":"Poland"},"geometry":{"type":"Polygon","coordinates":[[[18.281769,55.029441],[18.283871,54.484548],[19.189333,54.224652],[20.102003,54.506935],[20.115839,55.052187],[19.201046,55.314865],[18.281769,55.029441]]]}},{"type":"Feature","properties":{"hex_id":"831f80fffffffff","population":1678454,"population_year":2025,"area_km2":11552.8,"population_density":145.3,"all_players":1,"players_per_million":0.6,"player_ids":["athletics:14714656"],"label":"Remiremont","country":"France"},"geometry":{"type":"Polygon","coordinates":[[[6.091769,48.180305],[6.186355,47.596926],[7.006321,47.39767],[7.743929,47.781588],[7.660516,48.367674],[6.828196,48.567179],[6.091769,48.180305]]]}},{"type":"Feature","properties":{"hex_id":"831f81fffffffff","population":2649958,"population_year":2025,"area_km2":11678.0,"population_density":226.9,"all_players":3,"players_per_million":1.13,"player_ids":["athletics:14407894","athletics:14420240","athletics:14853060"],"label":"Schaffhausen","country":"Germany"},"geometry":{"type":"Polygon","coordinates":[[[7.660516,48.367674],[7.743929,47.781588],[8.569415,47.571079],[9.323357,47.94614],[9.251571,48.534678],[8.414101,48.74575],[7.660516,48.367674]]]}},{"type":"Feature","properties":{"hex_id":"831f83fffffffff","population":4695898,"population_year":2025,"area_km2":11812.0,"population_density":397.6,"all_players":7,"players_per_million":1.49,"player_ids":["athletics:14487580","athletics:14510629","athletics:14573919","athletics:14680682","athletics:14739461","athletics:14794967","athletics:14856078"],"label":"Basel","country":"Switzerland"},"geometry":{"type":"Polygon","coordinates":[[[7.006321,47.39767],[7.093391,46.806293],[7.907014,46.596156],[8.645314,46.977068],[8.569415,47.571079],[7.743929,47.781588],[7.006321,47.39767]]]}},{"type":"Feature","properties":{"hex_id":"831f85fffffffff","population":2967770,"population_year":2025,"area_km2":11417.6,"population_density":259.9,"all_players":4,"players_per_million":1.35,"player_ids":["athletics:14401271","athletics:14457538","athletics:14850216","athletics:14909605"],"label":"Strasbourg","country":"France"},"geometry":{"type":"Polygon","coordinates":[[[6.737081,49.14516],[6.828196,48.567179],[7.660516,48.367674],[8.414101,48.74575],[8.334632,49.326261],[7.489806,49.526212],[6.737081,49.14516]]]}},{"type":"Feature","properties":{"hex_id":"831f8afffffffff","population":338414,"population_year":2025,"area_km2":12188.8,"population_density":27.8,"all_players":2,"players_per_million":5.91,"player_ids":["athletics:14700830","athletics:14899530"],"label":"Niardo","country":"Italy"},"geometry":{"type":"Polygon","coordinates":[[[9.463672,46.755704],[9.53225,46.153971],[10.343213,45.921928],[11.096453,46.290866],[11.039404,46.894874],[10.217491,47.127717],[9.463672,46.755704]]]}},{"type":"Feature","properties":{"hex_id":"831f8cfffffffff","population":2480992,"population_year":2025,"area_km2":11792.7,"population_density":210.4,"all_players":1,"players_per_million":0.4,"player_ids":["athletics:14508777"],"label":"Bad Urach","country":"Germany"},"geometry":{"type":"Polygon","coordinates":[[[9.251571,48.534678],[9.323357,47.94614],[10.15318,47.724095],[10.922654,48.089769],[10.86291,48.68049],[10.021547,48.903405],[9.251571,48.534678]]]}},{"type":"Feature","properties":{"hex_id":"831f8dfffffffff","population":4306262,"population_year":2025,"area_km2":11896.2,"population_density":362.0,"all_players":3,"players_per_million":0.7,"player_ids":["athletics:14481078","athletics:14845074","athletics:15169563"],"label":"Munich","country":"Germany"},"geometry":{"type":"Polygon","coordinates":[[[10.86291,48.68049],[10.922654,48.089769],[11.755564,47.855947],[12.53966,48.211734],[12.492328,48.804358],[11.648396,49.039345],[10.86291,48.68049]]]}},{"type":"Feature","properties":{"hex_id":"831f8efffffffff","population":2930596,"population_year":2025,"area_km2":11935.4,"population_density":245.5,"all_players":5,"players_per_million":1.71,"player_ids":["athletics:14193865","athletics:14473492","athletics:14509523","athletics:14702376","athletics:14740317"],"label":"Constance","country":"Germany"},"geometry":{"type":"Polygon","coordinates":[[[8.569415,47.571079],[8.645314,46.977068],[9.463672,46.755704],[10.217491,47.127717],[10.15318,47.724095],[9.323357,47.94614],[8.569415,47.571079]]]}},{"type":"Feature","properties":{"hex_id":"831f90fffffffff","population":2771086,"population_year":2025,"area_km2":11640.2,"population_density":238.1,"all_players":2,"players_per_million":0.72,"player_ids":["athletics:14183680","athletics:14652395"],"label":"Vénissieux","country":"France"},"geometry":{"type":"Polygon","coordinates":[[[3.369712,46.003392],[3.480263,45.413387],[4.268915,45.224369],[4.959125,45.625827],[4.858384,46.21913],[4.057494,46.407711],[3.369712,46.003392]]]}},{"type":"Feature","properties":{"hex_id":"831f91fffffffff","population":2475194,"population_year":2025,"area_km2":11792.7,"population_density":209.9,"all_players":1,"players_per_million":0.4,"player_ids":["athletics:14778502"],"label":"Geneva","country":"Switzerland"},"geometry":{"type":"Polygon","coordinates":[[[4.858384,46.21913],[4.959125,45.625827],[5.754884,45.426507],[6.461796,45.82065],[6.371339,46.417017],[5.563563,46.616214],[4.858384,46.21913]]]}},{"type":"Feature","properties":{"hex_id":"831f93fffffffff","population":1564726,"population_year":2025,"area_km2":11896.2,"population_density":131.5,"all_players":2,"players_per_million":1.28,"player_ids":["athletics:14273725","athletics:14733137"],"label":"La Tronche","country":"France"},"geometry":{"type":"Polygon","coordinates":[[[4.268915,45.224369],[4.372371,44.626573],[5.156296,44.426959],[5.848477,44.82547],[5.754884,45.426507],[4.959125,45.625827],[4.268915,45.224369]]]}},{"type":"Feature","properties":{"hex_id":"831f96fffffffff","population":692470,"population_year":2025,"area_km2":11481.1,"population_density":60.3,"all_players":1,"players_per_million":1.44,"player_ids":["athletics:14632689"],"label":"Clermont-Ferrand","country":"France"},"geometry":{"type":"Polygon","coordinates":[[[1.914105,45.801097],[2.026569,45.184249],[2.807218,45.005182],[3.480263,45.413387],[3.369712,46.003392],[2.576666,46.181707],[2.240322,45.976639],[1.914105,45.801097]]]}},{"type":"Feature","properties":{"hex_id":"831f98fffffffff","population":3290090,"population_year":2025,"area_km2":12188.8,"population_density":269.9,"all_players":5,"players_per_million":1.52,"player_ids":["athletics:14514026","athletics:14595370","athletics:14701882","athletics:14736254","athletics:14918450"],"label":"Turin","country":"Italy"},"geometry":{"type":"Polygon","coordinates":[[[7.263691,45.610704],[7.346976,45.00667],[8.142693,44.786129],[8.866286,45.169339],[8.793725,45.776109],[7.98674,45.996975],[7.263691,45.610704]]]}},{"type":"Feature","properties":{"hex_id":"831f99fffffffff","population":8499702,"population_year":2025,"area_km2":12318.9,"population_density":690.0,"all_players":16,"players_per_million":1.88,"player_ids":["athletics:14200480","athletics:14284455","athletics:14335205","athletics:14428757","athletics:14514022","athletics:14625668","athletics:14629026","athletics:14632353","athletics:14679517","athletics:14680524","athletics:14697662","athletics:14736176","athletics:14741773","athletics:14775971","athletics:14953777","athletics:15010318"],"label":"Milan","country":"Italy"},"geometry":{"type":"Polygon","coordinates":[[[8.793725,45.776109],[8.866286,45.169339],[9.666362,44.937924],[10.404667,45.312696],[10.343213,45.921928],[9.53225,46.153971],[8.793725,45.776109]]]}},{"type":"Feature","properties":{"hex_id":"831f9afffffffff","population":818838,"population_year":2025,"area_km2":12298.2,"population_density":66.6,"all_players":1,"players_per_million":1.22,"player_ids":["athletics:14701876"],"label":"Pinerolo","country":"Italy"},"geometry":{"type":"Polygon","coordinates":[[[6.638788,44.61554],[6.725378,44.00699],[7.509948,43.786609],[8.21897,44.174659],[8.142693,44.786129],[7.346976,45.00667],[6.638788,44.61554]]]}},{"type":"Feature","properties":{"hex_id":"831f9bfffffffff","population":1573619,"population_year":2025,"area_km2":12437.2,"population_density":126.5,"all_players":1,"players_per_million":0.64,"player_ids":["athletics:14752217"],"label":"Genoa","country":"Italy"},"geometry":{"type":"Polygon","coordinates":[[[8.142693,44.786129],[8.21897,44.174659],[9.008239,43.943707],[9.731941,44.323805],[9.666362,44.937924],[8.866286,45.169339],[8.142693,44.786129]]]}},{"type":"Feature","properties":{"hex_id":"831f9cfffffffff","population":1272633,"population_year":2025,"area_km2":11935.4,"population_density":106.6,"all_players":1,"players_per_million":0.79,"player_ids":["athletics:14683945"],"label":"Sierre","country":"Switzerland"},"geometry":{"type":"Polygon","coordinates":[[[6.371339,46.417017],[6.461796,45.82065],[7.263691,45.610704],[7.98674,45.996975],[7.907014,46.596156],[7.093391,46.806293],[6.371339,46.417017]]]}},{"type":"Feature","properties":{"hex_id":"831f9dfffffffff","population":953379,"population_year":2025,"area_km2":12067.7,"population_density":79.0,"all_players":1,"players_per_million":1.05,"player_ids":["athletics:14487463"],"label":"Locarno","country":"Switzerland"},"geometry":{"type":"Polygon","coordinates":[[[7.907014,46.596156],[7.98674,45.996975],[8.793725,45.776109],[9.53225,46.153971],[9.463672,46.755704],[8.645314,46.977068],[7.907014,46.596156]]]}},{"type":"Feature","properties":{"hex_id":"831fa0fffffffff","population":2952753,"population_year":2025,"area_km2":10891.0,"population_density":271.1,"all_players":2,"players_per_million":0.68,"player_ids":["athletics:14627121","athletics:14738788"],"label":"Aachen","country":"Germany"},"geometry":{"type":"Polygon","coordinates":[[[4.847197,50.641723],[4.954255,50.080409],[5.79925,49.903255],[6.550588,50.287239],[6.455143,50.851215],[5.5966,51.028589],[4.847197,50.641723]]]}},{"type":"Feature","properties":{"hex_id":"831fa1fffffffff","population":5025928,"population_year":2025,"area_km2":11010.2,"population_density":456.5,"all_players":3,"players_per_million":0.6,"player_ids":["athletics:14373479","athletics:14483212","athletics:14593204"],"label":"Siegen","country":"Germany"},"geometry":{"type":"Polygon","coordinates":[[[6.455143,50.851215],[6.550588,50.287239],[7.402448,50.098529],[8.171926,50.473294],[8.088631,51.039696],[7.223571,51.228954],[6.455143,50.851215]]]}},{"type":"Feature","properties":{"hex_id":"831fa3fffffffff","population":2213474,"population_year":2025,"area_km2":11155.0,"population_density":198.4,"all_players":4,"players_per_million":1.81,"player_ids":["athletics:14360841","athletics:14528844","athletics:14593203","athletics:14621598"],"label":"Tuntange","country":"Luxembourg"},"geometry":{"type":"Polygon","coordinates":[[[5.79925,49.903255],[5.898249,49.333537],[6.737081,49.14516],[7.489806,49.526212],[7.402448,50.098529],[6.550588,50.287239],[5.79925,49.903255]]]}},{"type":"Feature","properties":{"hex_id":"831fa4fffffffff","population":7133777,"population_year":2025,"area_km2":10626.5,"population_density":671.3,"all_players":6,"players_per_million":0.84,"player_ids":["athletics:14419938","athletics:14428253","athletics:14474566","athletics:14508434","athletics:14681333","athletics:14910035"],"label":"Leuven","country":"Belgium"},"geometry":{"type":"Polygon","coordinates":[[[3.881134,51.360376],[3.996418,50.807584],[4.847197,50.641723],[5.5966,51.028589],[5.492877,51.584097],[4.628032,51.750066],[3.881134,51.360376]]]}},{"type":"Feature","properties":{"hex_id":"831fa5fffffffff","population":7783236,"population_year":2025,"area_km2":10746.4,"population_density":724.3,"all_players":6,"players_per_million":0.77,"player_ids":["athletics:14450062","athletics:14497298","athletics:14536209","athletics:14649117","athletics:14753471","athletics:14858133"],"label":"Düsseldorf","country":"Germany"},"geometry":{"type":"Polygon","coordinates":[[[5.492877,51.584097],[5.5966,51.028589],[6.455143,50.851215],[7.223571,51.228954],[7.131986,51.786954],[6.259687,51.96477],[5.492877,51.584097]]]}},{"type":"Feature","properties":{"hex_id":"831fa6fffffffff","population":2653610,"population_year":2025,"area_km2":10765.0,"population_density":246.5,"all_players":5,"players_per_million":1.88,"player_ids":["athletics:14526691","athletics:14634371","athletics:14676801","athletics:14709531","athletics:14779993"],"label":"Namur","country":"Belgium"},"geometry":{"type":"Polygon","coordinates":[[[3.279015,50.452975],[3.384772,49.85377],[4.221736,49.687797],[4.954255,50.080409],[4.847197,50.641723],[3.996418,50.807584],[3.630009,50.610463],[3.279015,50.452975]]]}},{"type":"Feature","properties":{"hex_id":"831fa9fffffffff","population":1406142,"population_year":2025,"area_km2":11478.7,"population_density":122.5,"all_players":1,"players_per_million":0.71,"player_ids":["athletics:14753981"],"label":"Kronach","country":"Germany"},"geometry":{"type":"Polygon","coordinates":[[[10.677944,50.424867],[10.740578,49.848107],[11.593536,49.624128],[12.39539,49.975696],[12.345747,50.554275],[11.48116,50.779522],[10.677944,50.424867]]]}},{"type":"Feature","properties":{"hex_id":"831faafffffffff","population":5382251,"population_year":2025,"area_km2":11534.2,"population_density":466.6,"all_players":5,"players_per_million":0.93,"player_ids":["athletics:14377384","athletics:14565871","athletics:14586894","athletics:14771269","athletics:14840255"],"label":"Calw","country":"Germany"},"geometry":{"type":"Polygon","coordinates":[[[8.334632,49.326261],[8.414101,48.74575],[9.251571,48.534678],[10.021547,48.903405],[9.954177,49.486187],[9.104617,49.69802],[8.334632,49.326261]]]}},{"type":"Feature","properties":{"hex_id":"831facfffffffff","population":1703247,"population_year":2025,"area_km2":11119.9,"population_density":153.2,"all_players":2,"players_per_million":1.17,"player_ids":["athletics:14329341","athletics:14448966"],"label":"Ehringshausen","country":"Germany"},"geometry":{"type":"Polygon","coordinates":[[[8.088631,51.039696],[8.171926,50.473294],[9.029395,50.272688],[9.816208,50.637667],[9.745557,51.206245],[8.875324,51.407718],[8.088631,51.039696]]]}},{"type":"Feature","properties":{"hex_id":"831fadfffffffff","population":1370400,"population_year":2025,"area_km2":11219.7,"population_density":122.1,"all_players":1,"players_per_million":0.73,"player_ids":["athletics:14510348"],"label":"Mühlhausen/Thuringia","country":"Germany"},"geometry":{"type":"Polygon","coordinates":[[[9.745557,51.206245],[9.816208,50.637667],[10.677944,50.424867],[11.48116,50.779522],[11.423602,51.350013],[10.549623,51.56399],[9.745557,51.206245]]]}},{"type":"Feature","properties":{"hex_id":"831faefffffffff","population":5917556,"population_year":2025,"area_km2":11273.1,"population_density":524.9,"all_players":7,"players_per_million":1.18,"player_ids":["athletics:14361931","athletics:14420076","athletics:14507608","athletics:14584926","athletics:14603864","athletics:14702578","athletics:14804796"],"label":"Mannheim","country":"Germany"},"geometry":{"type":"Polygon","coordinates":[[[7.402448,50.098529],[7.489806,49.526212],[8.334632,49.326261],[9.104617,49.69802],[9.029395,50.272688],[8.171926,50.473294],[7.402448,50.098529]]]}},{"type":"Feature","properties":{"hex_id":"831fb0fffffffff","population":2519655,"population_year":2025,"area_km2":11057.7,"population_density":227.9,"all_players":6,"players_per_million":2.38,"player_ids":["athletics:14377046","athletics:14424718","athletics:14652627","athletics:14683883","athletics:14685406","athletics:14734248"],"label":"Montargis","country":"France"},"geometry":{"type":"Polygon","coordinates":[[[2.120222,48.594025],[2.235478,47.985628],[2.758126,47.804469],[3.028335,47.748075],[3.728605,48.150804],[3.615703,48.72301],[3.06661,48.834678],[2.802853,48.926779],[2.120222,48.594025]]]}},{"type":"Feature","properties":{"hex_id":"831fb4fffffffff","population":10916515,"population_year":2025,"area_km2":11061.9,"population_density":986.9,"all_players":10,"players_per_million":0.92,"player_ids":["athletics:14329797","athletics:14404859","athletics:14645336","athletics:14679916","athletics:14734289","athletics:14752018","athletics:14755665","athletics:14799335","athletics:14839284","athletics:14880182"],"label":"Paris","country":"France"},"geometry":{"type":"Polygon","coordinates":[[[1.882244,49.805032],[1.18851,49.470279],[1.315872,48.863254],[2.120222,48.594025],[2.802853,48.926779],[2.692197,49.530714],[1.882244,49.805032]]]}},{"type":"Feature","properties":{"hex_id":"8320a6fffffffff","population":2735660,"population_year":2025,"area_km2":14604.7,"population_density":187.3,"all_players":1,"players_per_million":0.37,"player_ids":["athletics:14956284"],"label":"Samarkand","country":"Uzbekistan"},"geometry":{"type":"Polygon","coordinates":[[[66.272298,39.646926],[66.718397,39.067301],[67.58799,39.065933],[68.028032,39.644962],[67.589464,40.231276],[66.703059,40.231862],[66.272298,39.646926]]]}},{"type":"Feature","properties":{"hex_id":"8320e6fffffffff","population":3515217,"population_year":2025,"area_km2":14799.5,"population_density":237.5,"all_players":1,"players_per_million":0.28,"player_ids":["athletics:14401268"],"label":"Almaty","country":"Kazakhstan"},"geometry":{"type":"Polygon","coordinates":[[[76.047163,43.421928],[76.421286,42.800878],[77.33861,42.723718],[77.899726,43.265048],[77.539602,43.890716],[76.604075,43.970479],[76.047163,43.421928]]]}},{"type":"Feature","properties":{"hex_id":"8324c5fffffffff","population":704162,"population_year":2025,"area_km2":10691.6,"population_density":65.9,"all_players":1,"players_per_million":1.42,"player_ids":["athletics:14521585"],"label":"Wuhai","country":"People's Republic of China"},"geometry":{"type":"Polygon","coordinates":[[[106.558061,40.108801],[106.562259,39.509953],[107.188749,39.258255],[107.814119,39.597654],[107.82363,40.192298],[107.194146,40.451791],[106.558061,40.108801]]]}},{"type":"Feature","properties":{"hex_id":"832515fffffffff","population":47362,"population_year":2025,"area_km2":13569.3,"population_density":3.5,"all_players":1,"players_per_million":21.11,"player_ids":["athletics:14382710"],"label":"Ulaangom","country":"Mongolia"},"geometry":{"type":"Polygon","coordinates":[[[91.516247,50.134937],[91.729428,49.487329],[92.665525,49.278236],[93.403652,49.710121],[93.213523,50.357469],[92.262082,50.573287],[91.516247,50.134937]]]}},{"type":"Feature","properties":{"hex_id":"83255afffffffff","population":1646153,"population_year":2025,"area_km2":11478.7,"population_density":143.4,"all_players":1,"players_per_million":0.61,"player_ids":["athletics:14867157"],"label":"Ulaanbaatar","country":"Mongolia"},"geometry":{"type":"Polygon","coordinates":[[[105.740393,48.379346],[105.755791,47.753759],[106.499377,47.463169],[107.232288,47.790355],[107.235998,48.411374],[106.487816,48.709834],[105.740393,48.379346]]]}},{"type":"Feature","properties":{"hex_id":"832601fffffffff","population":225621,"population_year":2025,"area_km2":12248.9,"population_density":18.4,"all_players":1,"players_per_million":4.43,"player_ids":["athletics:14368938"],"label":"Sioux City","country":"United States"},"geometry":{"type":"Polygon","coordinates":[[[-95.941133,42.146667],[-95.412903,42.599409],[-95.714152,43.176229],[-96.568679,43.302853],[-96.747903,43.152203],[-97.100674,42.848265],[-96.781095,42.269946],[-95.941133,42.146667]]]}},{"type":"Feature","properties":{"hex_id":"83262cfffffffff","population":1631636,"population_year":2025,"area_km2":12716.0,"population_density":128.3,"all_players":2,"players_per_million":1.23,"player_ids":["athletics:14674710","athletics:14803230"],"label":"Hopkins","country":"United States"},"geometry":{"type":"Polygon","coordinates":[[[-93.418118,44.972526],[-94.011543,44.523028],[-93.721547,43.931759],[-92.8541,43.783029],[-92.256593,44.223095],[-92.530293,44.821273],[-93.418118,44.972526]]]}},{"type":"Feature","properties":{"hex_id":"83262dfffffffff","population":257436,"population_year":2025,"area_km2":12636.3,"population_density":20.4,"all_players":1,"players_per_million":3.88,"player_ids":["athletics:14464527"],"label":"Rochester","country":"United States"},"geometry":{"type":"Polygon","coordinates":[[[-92.256593,44.223095],[-92.8541,43.783029],[-92.582687,43.192163],[-91.729823,43.034792],[-91.129179,43.465409],[-91.384239,44.06279],[-92.256593,44.223095]]]}},{"type":"Feature","properties":{"hex_id":"832644fffffffff","population":355604,"population_year":2025,"area_km2":11997.1,"population_density":29.6,"all_players":1,"players_per_million":2.81,"player_ids":["athletics:14533525"],"label":"Springfield","country":"United States"},"geometry":{"type":"Polygon","coordinates":[[[-89.224131,38.752112],[-88.708531,39.184826],[-88.831151,39.483485],[-88.934067,39.771437],[-89.726216,39.947222],[-90.245817,39.512589],[-89.989901,38.914254],[-89.224131,38.752112]]]}},{"type":"Feature","properties":{"hex_id":"832646fffffffff","population":1485906,"population_year":2025,"area_km2":12229.6,"population_density":121.5,"all_players":1,"players_per_million":0.67,"player_ids":["athletics:14491584"],"label":"St. Charles","country":"United States"},"geometry":{"type":"Polygon","coordinates":[[[-90.504095,38.471958],[-89.989901,38.914254],[-90.245817,39.512589],[-91.025623,39.669988],[-91.54335,39.225656],[-91.2778,38.625984],[-90.504095,38.471958]]]}},{"type":"Feature","properties":{"hex_id":"832649fffffffff","population":797342,"population_year":2025,"area_km2":12148.2,"population_density":65.6,"all_players":1,"players_per_million":1.25,"player_ids":["athletics:14785286"],"label":"Huntsville","country":"United States"},"geometry":{"type":"Polygon","coordinates":[[[-86.859373,34.345217],[-86.366648,34.786557],[-86.583669,35.394798],[-87.302554,35.563844],[-87.79966,35.120426],[-87.573533,34.510058],[-86.859373,34.345217]]]}},{"type":"Feature","properties":{"hex_id":"832661fffffffff","population":1613533,"population_year":2025,"area_km2":12047.7,"population_density":133.9,"all_players":1,"players_per_million":0.62,"player_ids":["athletics:14905834"],"label":"Indianapolis","country":"United States"},"geometry":{"type":"Polygon","coordinates":[[[-86.946899,40.37707],[-87.551983,39.983909],[-87.362609,39.403972],[-86.583815,39.212519],[-85.979328,39.596509],[-86.152851,40.181046],[-86.946899,40.37707]]]}},{"type":"Feature","properties":{"hex_id":"832664fffffffff","population":5785032,"population_year":2025,"area_km2":12437.2,"population_density":465.1,"all_players":2,"players_per_million":0.35,"player_ids":["athletics:14373498","athletics:14486888"],"label":"Merrillville","country":"United States"},"geometry":{"type":"Polygon","coordinates":[[[-87.526255,42.152917],[-88.148719,41.746709],[-87.944865,41.155384],[-87.135218,40.965255],[-86.513012,41.36205],[-86.699978,41.958309],[-87.526255,42.152917]]]}},{"type":"Feature","properties":{"hex_id":"832668fffffffff","population":1167466,"population_year":2025,"area_km2":11692.4,"population_density":99.8,"all_players":1,"players_per_million":0.86,"player_ids":["athletics:14498578"],"label":"Louisville","country":"United States"},"geometry":{"type":"Polygon","coordinates":[[[-86.408736,38.636347],[-86.802174,38.382944],[-86.972575,38.241852],[-86.746297,37.641022],[-86.017894,37.463794],[-85.680143,37.744189],[-85.483182,37.867893],[-85.644636,38.439846],[-86.408736,38.636347]]]}},{"type":"Feature","properties":{"hex_id":"832675fffffffff","population":505442,"population_year":2025,"area_km2":12188.8,"population_density":41.5,"all_players":1,"players_per_million":1.98,"player_ids":["athletics:14845926"],"label":"Rock Island","country":"United States"},"geometry":{"type":"Polygon","coordinates":[[[-90.401697,41.691368],[-90.987644,41.274622],[-90.752158,40.694374],[-89.945935,40.52508],[-89.358359,40.932577],[-89.578398,41.518555],[-90.401697,41.691368]]]}},{"type":"Feature","properties":{"hex_id":"83268cfffffffff","population":2583743,"population_year":2025,"area_km2":13448.5,"population_density":192.1,"all_players":1,"players_per_million":0.39,"player_ids":["athletics:14713272"],"label":"Denver","country":"United States"},"geometry":{"type":"Polygon","coordinates":[[[-104.205999,38.721189],[-103.71972,39.237206],[-104.077647,39.818276],[-104.928668,39.882147],[-105.412875,39.363927],[-105.048267,38.784053],[-104.205999,38.721189]]]}},{"type":"Feature","properties":{"hex_id":"8326c8fffffffff","population":4676776,"population_year":2025,"area_km2":13766.4,"population_density":339.7,"all_players":2,"players_per_million":0.43,"player_ids":["athletics:14450465","athletics:14596561"],"label":"Plano","country":"United States"},"geometry":{"type":"Polygon","coordinates":[[[-96.471973,32.747056],[-95.990106,33.251328],[-96.277437,33.86704],[-97.054564,33.978612],[-97.53754,33.471612],[-97.242365,32.855789],[-96.471973,32.747056]]]}},{"type":"Feature","properties":{"hex_id":"8326cbfffffffff","population":2915642,"population_year":2025,"area_km2":13900.5,"population_density":209.8,"all_players":3,"players_per_million":1.03,"player_ids":["athletics:14503660","athletics:14715853","athletics:14717691"],"label":"Irving","country":"United States"},"geometry":{"type":"Polygon","coordinates":[[[-96.66289,31.619531],[-96.186106,32.128956],[-96.471973,32.747056],[-97.242365,32.855789],[-97.720168,32.343534],[-97.426644,31.725397],[-96.66289,31.619531]]]}},{"type":"Feature","properties":{"hex_id":"832748fffffffff","population":1699972,"population_year":2025,"area_km2":12781.8,"population_density":133.0,"all_players":1,"players_per_million":0.59,"player_ids":["athletics:14603138"],"label":"Grand Rapids","country":"United States"},"geometry":{"type":"Polygon","coordinates":[[[-85.585947,43.365399],[-86.245058,42.962497],[-86.059782,42.358364],[-85.233677,42.152627],[-84.57622,42.545951],[-84.743005,43.154499],[-85.585947,43.365399]]]}},{"type":"Feature","properties":{"hex_id":"83274dfffffffff","population":2049602,"population_year":2025,"area_km2":12870.5,"population_density":159.2,"all_players":2,"players_per_million":0.98,"player_ids":["athletics:14536919","athletics:14716925"],"label":"Lansing","country":"United States"},"geometry":{"type":"Polygon","coordinates":[[[-84.066088,43.550097],[-84.743005,43.154499],[-84.57622,42.545951],[-83.75145,42.328986],[-83.07729,42.715021],[-83.224953,43.327485],[-84.066088,43.550097]]]}},{"type":"Feature","properties":{"hex_id":"832750fffffffff","population":100462,"population_year":2025,"area_km2":13096.6,"population_density":7.7,"all_players":1,"players_per_million":9.95,"player_ids":["athletics:14715244"],"label":"Rice Lake","country":"United States"},"geometry":{"type":"Polygon","coordinates":[[[-91.555688,46.319475],[-92.190515,45.870995],[-91.914646,45.265738],[-91.021958,45.102357],[-90.384245,45.541069],[-90.641771,46.152864],[-91.555688,46.319475]]]}},{"type":"Feature","properties":{"hex_id":"832752fffffffff","population":2195252,"population_year":2025,"area_km2":12945.1,"population_density":169.6,"all_players":1,"players_per_million":0.46,"player_ids":["athletics:14426023"],"label":"St. Francis","country":"United States"},"geometry":{"type":"Polygon","coordinates":[[[-93.099638,46.0249],[-93.711252,45.570842],[-93.418118,44.972526],[-92.530293,44.821273],[-91.914646,45.265738],[-92.190515,45.870995],[-93.099638,46.0249]]]}},{"type":"Feature","properties":{"hex_id":"83276afffffffff","population":129250,"population_year":2025,"area_km2":13235.5,"population_density":9.8,"all_players":1,"players_per_million":7.74,"player_ids":["athletics:14389747"],"label":"West Branch","country":"United States"},"geometry":{"type":"Polygon","coordinates":[[[-84.570871,45.408877],[-85.270853,45.001664],[-85.090138,44.382483],[-84.229798,44.166202],[-83.532419,44.563592],[-83.692555,45.186984],[-84.570871,45.408877]]]}},{"type":"Feature","properties":{"hex_id":"832830fffffffff","population":5390523,"population_year":2025,"area_km2":12833.4,"population_density":420.0,"all_players":3,"players_per_million":0.56,"player_ids":["athletics:14486939","athletics:14681630","athletics:14695265"],"label":"Davis","country":"United States"},"geometry":{"type":"Polygon","coordinates":[[[-121.764466,37.675694],[-121.389711,38.251087],[-121.822972,38.767388],[-122.631058,38.705571],[-122.997641,38.130127],[-122.564417,37.616538],[-121.764466,37.675694]]]}},{"type":"Feature","properties":{"hex_id":"83288afffffffff","population":91371,"population_year":2025,"area_km2":11509.5,"population_density":7.9,"all_players":1,"players_per_million":10.94,"player_ids":["athletics:14481824"],"label":"Moscow","country":"United States"},"geometry":{"type":"Polygon","coordinates":[[[-116.936982,46.419557],[-116.487234,46.939974],[-116.945809,47.422734],[-117.856498,47.382752],[-118.298011,46.861279],[-117.837237,46.380837],[-116.936982,46.419557]]]}},{"type":"Feature","properties":{"hex_id":"8328d5fffffffff","population":3750504,"population_year":2025,"area_km2":10913.5,"population_density":343.7,"all_players":2,"players_per_million":0.53,"player_ids":["athletics:14409929","athletics:14941414"],"label":"Seattle","country":"United States"},"geometry":{"type":"Polygon","coordinates":[[[-122.338989,47.079205],[-121.9298,47.609046],[-122.410175,48.058569],[-123.299549,47.975934],[-123.698586,47.445812],[-123.218544,46.998589],[-122.338989,47.079205]]]}},{"type":"Feature","properties":{"hex_id":"8328d9fffffffff","population":50446,"population_year":2025,"area_km2":10082.9,"population_density":5.0,"all_players":1,"players_per_million":19.82,"player_ids":["athletics:14326707"],"label":"Campbell River","country":"Canada"},"geometry":{"type":"Polygon","coordinates":[[[-126.50033,50.538665],[-126.653646,49.99834],[-126.152399,49.588595],[-125.265012,49.694654],[-125.133766,49.867764],[-125.016026,50.228034],[-125.67343,50.657707],[-126.50033,50.538665]]]}},{"type":"Feature","properties":{"hex_id":"8328dcfffffffff","population":261959,"population_year":2025,"area_km2":10456.0,"population_density":25.1,"all_players":1,"players_per_million":3.82,"player_ids":["athletics:14809348"],"label":"Nanaimo","country":"Canada"},"geometry":{"type":"Polygon","coordinates":[[[-123.785414,48.414997],[-123.38243,48.938973],[-123.874258,49.369796],[-124.768177,49.274379],[-125.160281,48.750244],[-124.669485,48.321667],[-123.785414,48.414997]]]}},{"type":"Feature","properties":{"hex_id":"8328defffffffff","population":2910777,"population_year":2025,"area_km2":10449.9,"population_density":278.5,"all_players":4,"players_per_million":1.37,"player_ids":["athletics:14174336","athletics:14266948","athletics:14426684","athletics:14607142"],"label":"Richmond","country":"Canada"},"geometry":{"type":"Polygon","coordinates":[[[-122.483019,49.023551],[-122.065326,49.540804],[-122.693479,49.991247],[-123.537049,49.895381],[-123.603627,49.715402],[-123.874258,49.369796],[-123.38243,48.938973],[-122.483019,49.023551]]]}},{"type":"Feature","properties":{"hex_id":"8328f0fffffffff","population":2758698,"population_year":2025,"area_km2":11381.2,"population_density":242.4,"all_players":2,"players_per_million":0.72,"player_ids":["athletics:14369211","athletics:14877563"],"label":"Portland","country":"United States"},"geometry":{"type":"Polygon","coordinates":[[[-122.201369,45.078438],[-121.800354,45.620169],[-122.269405,46.085726],[-123.139352,46.007203],[-123.530712,45.465305],[-123.061914,45.002083],[-122.201369,45.078438]]]}},{"type":"Feature","properties":{"hex_id":"832912fffffffff","population":619156,"population_year":2025,"area_km2":13716.7,"population_density":45.1,"all_players":1,"players_per_million":1.62,"player_ids":["athletics:14476943"],"label":"Santa Barbara","country":"United States"},"geometry":{"type":"Polygon","coordinates":[[[-119.209803,33.334481],[-118.831067,33.918266],[-119.240554,34.468622],[-120.029767,34.432185],[-120.401565,33.847783],[-119.991193,33.300425],[-119.209803,33.334481]]]}},{"type":"Feature","properties":{"hex_id":"832986fffffffff","population":2767859,"population_year":2025,"area_km2":13816.5,"population_density":200.3,"all_players":1,"players_per_million":0.36,"player_ids":["athletics:14486785"],"label":"Las Vegas","country":"United States"},"geometry":{"type":"Polygon","coordinates":[[[-114.419356,35.717353],[-113.999549,36.284189],[-114.400936,36.845397],[-115.225,36.837239],[-115.638998,36.269115],[-115.234869,35.710433],[-114.419356,35.717353]]]}},{"type":"Feature","properties":{"hex_id":"8329a0fffffffff","population":7767902,"population_year":2025,"area_km2":13942.8,"population_density":557.1,"all_players":1,"players_per_million":0.13,"player_ids":["athletics:14437218"],"label":"Fontana","country":"United States"},"geometry":{"type":"Polygon","coordinates":[[[-116.844972,33.407616],[-116.449556,33.986961],[-116.851778,34.547853],[-117.651276,34.526528],[-118.040386,33.946172],[-117.636417,33.388145],[-116.844972,33.407616]]]}},{"type":"Feature","properties":{"hex_id":"8329a1fffffffff","population":7894449,"population_year":2025,"area_km2":13766.4,"population_density":573.5,"all_players":1,"players_per_million":0.13,"player_ids":["athletics:14423522"],"label":"Santa Monica","country":"United States"},"geometry":{"type":"Polygon","coordinates":[[[-118.040386,33.946172],[-117.651276,34.526528],[-118.059439,35.079776],[-118.858147,35.049768],[-119.240554,34.468622],[-118.831067,33.918266],[-118.040386,33.946172]]]}},{"type":"Feature","properties":{"hex_id":"8329a4fffffffff","population":5801541,"population_year":2025,"area_km2":14071.2,"population_density":412.3,"all_players":4,"players_per_million":0.69,"player_ids":["athletics:14440868","athletics:14521979","athletics:14577492","athletics:14647494"],"label":"San Diego","country":"United States"},"geometry":{"type":"Polygon","coordinates":[[[-116.838302,32.260383],[-116.446827,32.842254],[-116.844972,33.407616],[-117.636417,33.388145],[-118.021715,32.805205],[-117.621854,32.242798],[-116.838302,32.260383]]]}},{"type":"Feature","properties":{"hex_id":"8329abfffffffff","population":1134352,"population_year":2025,"area_km2":13258.9,"population_density":85.6,"all_players":1,"players_per_million":0.88,"player_ids":["athletics:14465104"],"label":"California","country":"United States"},"geometry":{"type":"Polygon","coordinates":[[[-119.303964,36.712984],[-118.914,37.287613],[-119.336664,37.821673],[-120.150308,37.778361],[-120.532864,37.20324],[-120.109299,36.671914],[-119.303964,36.712984]]]}},{"type":"Feature","properties":{"hex_id":"8329b6fffffffff","population":3258765,"population_year":2025,"area_km2":14254.2,"population_density":228.6,"all_players":2,"players_per_million":0.61,"player_ids":["athletics:14234882","athletics:14335825"],"label":"Phoenix","country":"United States"},"geometry":{"type":"Polygon","coordinates":[[[-112.048129,33.41802],[-111.622726,33.985325],[-112.005683,34.565481],[-112.817654,34.575887],[-113.238272,34.006867],[-112.851827,33.429156],[-112.048129,33.41802]]]}},{"type":"Feature","properties":{"hex_id":"832a10fffffffff","population":17834994,"population_year":2025,"area_km2":12479.4,"population_density":1429.2,"all_players":8,"players_per_million":0.45,"player_ids":["athletics:14316952","athletics:14317560","athletics:14416979","athletics:14463876","athletics:14574865","athletics:14574966","athletics:14628218","athletics:14877777"],"label":"New York City","country":"United States"},"geometry":{"type":"Polygon","coordinates":[[[-73.803296,41.465407],[-74.532183,41.140409],[-74.501617,40.535843],[-73.761104,40.255982],[-73.041153,40.572801],[-73.052763,41.177546],[-73.803296,41.465407]]]}},{"type":"Feature","properties":{"hex_id":"832a13fffffffff","population":5451326,"population_year":2025,"area_km2":12270.7,"population_density":444.3,"all_players":2,"players_per_million":0.37,"player_ids":["athletics:14624749","athletics:14716563"],"label":"Philadelphia","country":"United States"},"geometry":{"type":"Polygon","coordinates":[[[-74.501617,40.535843],[-75.211791,40.210041],[-75.173274,39.612676],[-74.442775,39.340569],[-73.740804,39.658184],[-73.761104,40.255982],[-74.501617,40.535843]]]}},{"type":"Feature","properties":{"hex_id":"832a14fffffffff","population":2991602,"population_year":2025,"area_km2":12679.7,"population_density":235.9,"all_players":1,"players_per_million":0.33,"player_ids":["athletics:14761424"],"label":"Hamden","country":"United States"},"geometry":{"type":"Polygon","coordinates":[[[-73.076912,42.400493],[-73.82523,42.076868],[-73.803296,41.465407],[-73.052763,41.177546],[-72.314174,41.493018],[-72.316385,42.104387],[-73.076912,42.400493]]]}},{"type":"Feature","properties":{"hex_id":"832a84fffffffff","population":2219553,"population_year":2025,"area_km2":12423.2,"population_density":178.7,"all_players":1,"players_per_million":0.45,"player_ids":["athletics:14715503"],"label":"Pittsburgh","country":"United States"},"geometry":{"type":"Polygon","coordinates":[[[-79.734069,41.163834],[-80.415022,40.804113],[-80.310147,40.205584],[-79.54242,39.964379],[-78.866722,40.315147],[-78.953391,40.915968],[-79.734069,41.163834]]]}},{"type":"Feature","properties":{"hex_id":"832a8dfffffffff","population":1115622,"population_year":2025,"area_km2":11583.9,"population_density":96.3,"all_players":1,"players_per_million":0.9,"player_ids":["athletics:14716862"],"label":"Richmond","country":"United States"},"geometry":{"type":"Polygon","coordinates":[[[-77.81678,37.712364],[-78.46438,37.380082],[-78.389602,36.80737],[-77.683164,36.565314],[-77.041145,36.889321],[-77.099922,37.463561],[-77.81678,37.712364]]]}},{"type":"Feature","properties":{"hex_id":"832a95fffffffff","population":2195772,"population_year":2025,"area_km2":12312.0,"population_density":178.3,"all_players":1,"players_per_million":0.46,"player_ids":["athletics:14313263"],"label":"Ohio","country":"United States"},"geometry":{"type":"Polygon","coordinates":[[[-82.656756,40.901362],[-83.309073,40.526783],[-83.168923,39.934324],[-82.393741,39.713071],[-81.74478,40.078511],[-81.867503,40.674246],[-82.656756,40.901362]]]}},{"type":"Feature","properties":{"hex_id":"832aa6fffffffff","population":864087,"population_year":2025,"area_km2":12870.5,"population_density":67.1,"all_players":1,"players_per_million":1.16,"player_ids":["athletics:14478094"],"label":"Buffalo","country":"United States"},"geometry":{"type":"Polygon","coordinates":[[[-78.507232,43.105571],[-79.227281,42.744533],[-79.133579,42.130756],[-78.339703,41.875984],[-77.626195,42.227949],[-77.699924,42.843644],[-78.507232,43.105571]]]}},{"type":"Feature","properties":{"hex_id":"832aa8fffffffff","population":6574928,"population_year":2025,"area_km2":12047.7,"population_density":545.7,"all_players":3,"players_per_million":0.46,"player_ids":["athletics:14522818","athletics:14659011","athletics:14745764"],"label":"Lanham","country":"United States"},"geometry":{"type":"Polygon","coordinates":[[[-76.603499,39.549602],[-77.285017,39.215387],[-77.221804,38.626656],[-76.494397,38.370874],[-75.819591,38.696714],[-75.865429,39.286605],[-76.603499,39.549602]]]}},{"type":"Feature","properties":{"hex_id":"832aacfffffffff","population":3961424,"population_year":2025,"area_km2":12270.7,"population_density":322.8,"all_players":1,"players_per_million":0.25,"player_ids":["athletics:14479216"],"label":"Newark","country":"United States"},"geometry":{"type":"Polygon","coordinates":[[[-75.960619,40.480497],[-76.660126,40.14602],[-76.603499,39.549602],[-75.865429,39.286605],[-75.173274,39.612676],[-75.211791,40.210041],[-75.960619,40.480497]]]}},{"type":"Feature","properties":{"hex_id":"832ab2fffffffff","population":4198661,"population_year":2025,"area_km2":12716.0,"population_density":330.2,"all_players":1,"players_per_million":0.24,"player_ids":["athletics:14715397"],"label":"Inkster","country":"United States"},"geometry":{"type":"Polygon","coordinates":[[[-83.07729,42.715021],[-83.75145,42.328986],[-83.600197,41.724215],[-82.793334,41.501851],[-82.122513,41.878477],[-82.255049,42.486775],[-83.07729,42.715021]]]}},{"type":"Feature","properties":{"hex_id":"832ab3fffffffff","population":2732492,"population_year":2025,"area_km2":12550.3,"population_density":217.7,"all_players":2,"players_per_million":0.73,"player_ids":["athletics:14373744","athletics:14530244"],"label":"Cleveland","country":"United States"},"geometry":{"type":"Polygon","coordinates":[[[-82.122513,41.878477],[-82.793334,41.501851],[-82.656756,40.901362],[-81.867503,40.674246],[-81.200534,41.04163],[-81.318822,41.64527],[-82.122513,41.878477]]]}},{"type":"Feature","properties":{"hex_id":"832ab4fffffffff","population":1849860,"population_year":2025,"area_km2":13005.4,"population_density":142.2,"all_players":2,"players_per_million":1.08,"player_ids":["athletics:14464956","athletics:14501531"],"label":"London","country":"Canada"},"geometry":{"type":"Polygon","coordinates":[[[-80.982253,43.86012],[-81.692808,43.480838],[-81.564833,42.86498],[-80.746338,42.625447],[-80.040798,42.99531],[-80.148592,43.614015],[-80.982253,43.86012]]]}},{"type":"Feature","properties":{"hex_id":"832ad2fffffffff","population":367079,"population_year":2025,"area_km2":10857.3,"population_density":33.8,"all_players":1,"players_per_million":2.72,"player_ids":["athletics:14509544"],"label":"Dillon","country":"United States"},"geometry":{"type":"Polygon","coordinates":[[[-79.473144,35.027553],[-80.0746,34.701197],[-79.985888,34.15372],[-79.309816,33.930555],[-78.71256,34.248876],[-78.787108,34.798309],[-79.473144,35.027553]]]}},{"type":"Feature","properties":{"hex_id":"832af6fffffffff","population":1767668,"population_year":2025,"area_km2":11602.6,"population_density":152.4,"all_players":1,"players_per_million":0.57,"player_ids":["athletics:14516985"],"label":"Chesapeake","country":"United States"},"geometry":{"type":"Polygon","coordinates":[[[-76.441821,37.788702],[-77.099922,37.463561],[-77.041145,36.889321],[-76.340387,36.639045],[-75.68861,36.956068],[-75.731221,37.531385],[-76.441821,37.788702]]]}},{"type":"Feature","properties":{"hex_id":"832b0efffffffff","population":209909,"population_year":2025,"area_km2":12915.2,"population_density":16.3,"all_players":1,"players_per_million":4.76,"player_ids":["athletics:14607093"],"label":"Brooklyn","country":"Canada"},"geometry":{"type":"Polygon","coordinates":[[[-64.324354,45.022293],[-65.162942,44.754772],[-65.258754,44.132551],[-64.536973,43.781142],[-63.714306,44.042415],[-63.597659,44.661235],[-64.324354,45.022293]]]}},{"type":"Feature","properties":{"hex_id":"832b1cfffffffff","population":291438,"population_year":2025,"area_km2":13235.5,"population_density":22.0,"all_players":1,"players_per_million":3.43,"player_ids":["athletics:14571874"],"label":"Q2138","country":"Canada"},"geometry":{"type":"Polygon","coordinates":[[[-66.585251,46.088503],[-67.434527,45.801787],[-67.500961,45.169865],[-66.740662,44.827175],[-65.906887,45.106915],[-65.818037,45.7362],[-66.585251,46.088503]]]}},{"type":"Feature","properties":{"hex_id":"832b83fffffffff","population":1373619,"population_year":2025,"area_km2":13472.5,"population_density":102.0,"all_players":1,"players_per_million":0.73,"player_ids":["athletics:14579721"],"label":"Gatineau","country":"Canada"},"geometry":{"type":"Polygon","coordinates":[[[-76.457016,46.068577],[-77.2427,45.709849],[-77.170666,45.075432],[-76.33587,44.798413],[-75.55918,45.147991],[-75.608214,45.783608],[-76.457016,46.068577]]]}},{"type":"Feature","properties":{"hex_id":"832b89fffffffff","population":1128028,"population_year":2025,"area_km2":12892.8,"population_density":87.5,"all_players":1,"players_per_million":0.89,"player_ids":["athletics:14436941"],"label":"Albany","country":"United States"},"geometry":{"type":"Polygon","coordinates":[[[-73.870888,43.31283],[-74.628834,42.980804],[-74.595759,42.362982],[-73.82523,42.076868],[-73.076912,42.400493],[-73.089476,43.018511],[-73.870888,43.31283]]]}},{"type":"Feature","properties":{"hex_id":"832b98fffffffff","population":1058880,"population_year":2025,"area_km2":13258.9,"population_density":79.9,"all_players":1,"players_per_million":0.94,"player_ids":["athletics:14541853"],"label":"Whitby","country":"Canada"},"geometry":{"type":"Polygon","coordinates":[[[-78.776161,44.980359],[-79.524011,44.610144],[-79.42239,43.984339],[-78.594427,43.726557],[-77.853479,44.087435],[-77.933476,44.715311],[-78.776161,44.980359]]]}},{"type":"Feature","properties":{"hex_id":"832b99fffffffff","population":876793,"population_year":2025,"area_km2":13081.4,"population_density":67.0,"all_players":1,"players_per_million":1.14,"player_ids":["athletics:14330302"],"label":"Rochester","country":"United States"},"geometry":{"type":"Polygon","coordinates":[[[-77.853479,44.087435],[-78.594427,43.726557],[-78.507232,43.105571],[-77.699924,42.843644],[-76.966258,43.195408],[-77.032525,43.818094],[-77.853479,44.087435]]]}},{"type":"Feature","properties":{"hex_id":"832b9bfffffffff","population":7907887,"population_year":2025,"area_km2":13050.9,"population_density":605.9,"all_players":7,"players_per_million":0.89,"player_ids":["athletics:14366482","athletics:14400932","athletics:14405301","athletics:14535607","athletics:14551247","athletics:14631553","athletics:14876627"],"label":"Toronto","country":"Canada"},"geometry":{"type":"Polygon","coordinates":[[[-79.42239,43.984339],[-80.148592,43.614015],[-80.040798,42.99531],[-79.227281,42.744533],[-78.507232,43.105571],[-78.594427,43.726557],[-79.42239,43.984339]]]}},{"type":"Feature","properties":{"hex_id":"832bacfffffffff","population":1030542,"population_year":2025,"area_km2":13577.5,"population_density":75.9,"all_players":2,"players_per_million":1.94,"player_ids":["athletics:14421456","athletics:14687513"],"label":"Quebec City","country":"Canada"},"geometry":{"type":"Polygon","coordinates":[[[-70.65056,47.146099],[-71.497894,46.826226],[-71.507302,46.184921],[-70.693587,45.864457],[-69.859939,46.176207],[-69.82637,46.816408],[-70.65056,47.146099]]]}},{"type":"Feature","properties":{"hex_id":"832c30fffffffff","population":1034886,"population_year":2025,"area_km2":12833.4,"population_density":80.6,"all_players":1,"players_per_million":0.97,"player_ids":["athletics:14828209"],"label":"Batman","country":"Turkey"},"geometry":{"type":"Polygon","coordinates":[[[40.447029,38.786066],[40.30082,38.160294],[40.903938,37.72196],[41.650108,37.906417],[41.80363,38.528181],[41.203783,38.969516],[40.447029,38.786066]]]}},{"type":"Feature","properties":{"hex_id":"832c31fffffffff","population":463329,"population_year":2025,"area_km2":12607.6,"population_density":36.8,"all_players":1,"players_per_million":2.16,"player_ids":["athletics:14735409"],"label":"Varto","country":"Turkey"},"geometry":{"type":"Polygon","coordinates":[[[41.356576,39.588559],[41.203783,38.969516],[41.80363,38.528181],[42.552713,38.703042],[42.712686,39.318012],[42.116516,39.762213],[41.356576,39.588559]]]}},{"type":"Feature","properties":{"hex_id":"832c36fffffffff","population":2199521,"population_year":2025,"area_km2":13050.9,"population_density":168.5,"all_players":1,"players_per_million":0.45,"player_ids":["athletics:14698109"],"label":"Diyarbakır","country":"Turkey"},"geometry":{"type":"Polygon","coordinates":[[[39.547603,37.96724],[39.407915,37.335071],[40.013904,36.899865],[40.75682,37.093722],[40.903938,37.72196],[40.30082,38.160294],[39.547603,37.96724]]]}},{"type":"Feature","properties":{"hex_id":"832ccbfffffffff","population":1758872,"population_year":2025,"area_km2":13841.6,"population_density":127.1,"all_players":1,"players_per_million":0.57,"player_ids":["athletics:14302761"],"label":"Ashgabat","country":"Turkmenistan"},"geometry":{"type":"Polygon","coordinates":[[[57.504448,37.537011],[58.000588,37.004361],[58.816434,37.062292],[59.150327,37.656443],[58.656386,38.196549],[57.826156,38.135],[57.504448,37.537011]]]}},{"type":"Feature","properties":{"hex_id":"832d34fffffffff","population":3182122,"population_year":2025,"area_km2":13841.6,"population_density":229.9,"all_players":1,"players_per_million":0.31,"player_ids":["athletics:14797505"],"label":"Bursa","country":"Turkey"},"geometry":{"type":"Polygon","coordinates":[[[28.920766,40.29157],[28.846869,39.643311],[29.550166,39.257827],[30.329107,39.517523],[30.413179,40.164034],[29.708204,40.552644],[28.920766,40.29157]]]}},{"type":"Feature","properties":{"hex_id":"832d64fffffffff","population":993442,"population_year":2025,"area_km2":11735.1,"population_density":84.7,"all_players":1,"players_per_million":1.01,"player_ids":["athletics:14739628"],"label":"Dnipro","country":"Ukraine"},"geometry":{"type":"Polygon","coordinates":[[[35.105802,49.026097],[34.97725,48.445115],[35.711144,48.04724],[36.572269,48.227474],[36.711917,48.806],[35.979486,49.206792],[35.105802,49.026097]]]}},{"type":"Feature","properties":{"hex_id":"832da4fffffffff","population":750908,"population_year":2025,"area_km2":14071.2,"population_density":53.4,"all_players":2,"players_per_million":2.66,"player_ids":["athletics:14595151","athletics:14595920"],"label":"Nicosia","country":"Cyprus"},"geometry":{"type":"Polygon","coordinates":[[[32.761061,35.95822],[32.6655,35.299894],[33.312804,34.891282],[34.055675,35.137545],[34.159893,35.79311],[33.512662,36.20521],[32.761061,35.95822]]]}},{"type":"Feature","properties":{"hex_id":"832da5fffffffff","population":1337728,"population_year":2025,"area_km2":13900.5,"population_density":96.2,"all_players":1,"players_per_million":0.75,"player_ids":["athletics:14737427"],"label":"Mersin","country":"Turkey"},"geometry":{"type":"Polygon","coordinates":[[[33.614584,36.858664],[33.512662,36.20521],[34.159893,35.79311],[34.908696,36.03108],[35.019269,36.681632],[34.372474,37.097152],[33.614584,36.858664]]]}},{"type":"Feature","properties":{"hex_id":"832db0fffffffff","population":9235127,"population_year":2025,"area_km2":14123.1,"population_density":653.9,"all_players":2,"players_per_million":0.22,"player_ids":["athletics:14283592","athletics:14897470"],"label":"Tel Aviv","country":"Israel"},"geometry":{"type":"Polygon","coordinates":[[[34.376792,32.745873],[34.274424,32.083538],[34.889794,31.669446],[35.606927,31.913957],[35.717109,32.573048],[35.102423,32.990903],[34.376792,32.745873]]]}},{"type":"Feature","properties":{"hex_id":"832db2fffffffff","population":2744624,"population_year":2025,"area_km2":14105.7,"population_density":194.6,"all_players":2,"players_per_million":0.73,"player_ids":["athletics:14699069","athletics:15063908"],"label":"Jericho","country":"Palestine"},"geometry":{"type":"Polygon","coordinates":[[[34.889794,31.669446],[34.785457,31.006734],[35.390623,30.591899],[36.099347,30.835944],[36.211236,31.495261],[35.606927,31.913957],[34.889794,31.669446]]]}},{"type":"Feature","properties":{"hex_id":"832e0cfffffffff","population":1170009,"population_year":2025,"area_km2":11703.3,"population_density":100.0,"all_players":1,"players_per_million":0.85,"player_ids":["athletics:14714601"],"label":"Rikuzentakata","country":"Japan"},"geometry":{"type":"Polygon","coordinates":[[[141.809657,38.825701],[141.618334,39.434592],[140.891365,39.591299],[140.368409,39.141206],[140.566653,38.538289],[141.281081,38.379495],[141.809657,38.825701]]]}},{"type":"Feature","properties":{"hex_id":"832e1afffffffff","population":476498,"population_year":2025,"area_km2":11831.3,"population_density":40.3,"all_players":1,"players_per_million":2.1,"player_ids":["athletics:14649131"],"label":"Asahikawa","country":"Japan"},"geometry":{"type":"Polygon","coordinates":[[[143.280234,43.060817],[143.087087,43.667188],[142.305844,43.816095],[141.732147,43.360464],[141.93372,42.75965],[142.700744,42.608903],[143.280234,43.060817]]]}},{"type":"Feature","properties":{"hex_id":"832e1bfffffffff","population":2931596,"population_year":2025,"area_km2":11602.6,"population_density":252.7,"all_players":1,"players_per_million":0.34,"player_ids":["athletics:14547883"],"label":"Otaru","country":"Japan"},"geometry":{"type":"Polygon","coordinates":[[[141.93372,42.75965],[141.732147,43.360464],[140.962382,43.500645],[140.4084,43.04217],[140.61775,42.447067],[141.373482,42.304726],[141.93372,42.75965]]]}},{"type":"Feature","properties":{"hex_id":"832e60fffffffff","population":10118954,"population_year":2025,"area_km2":10697.0,"population_density":946.0,"all_players":5,"players_per_million":0.49,"player_ids":["athletics:14419637","athletics:14547456","athletics:14649141","athletics:14855118","athletics:14883987"],"label":"Nagoya","country":"Japan"},"geometry":{"type":"Polygon","coordinates":[[[137.382008,34.835332],[137.176248,35.42312],[136.516951,35.566991],[136.074341,35.125905],[136.284758,34.544565],[136.933247,34.397885],[137.382008,34.835332]]]}},{"type":"Feature","properties":{"hex_id":"832e61fffffffff","population":16062419,"population_year":2025,"area_km2":10435.0,"population_density":1539.3,"all_players":7,"players_per_million":0.44,"player_ids":["athletics:14370411","athletics:14421697","athletics:14444487","athletics:14573292","athletics:14649145","athletics:14686838","athletics:14998155"],"label":"Osaka Prefecture","country":"Japan"},"geometry":{"type":"Polygon","coordinates":[[[136.284758,34.544565],[136.074341,35.125905],[135.425844,35.264059],[134.998437,34.823901],[135.213088,34.249062],[135.851025,34.107905],[136.284758,34.544565]]]}},{"type":"Feature","properties":{"hex_id":"832e64fffffffff","population":1111799,"population_year":2025,"area_km2":10857.3,"population_density":102.4,"all_players":1,"players_per_million":0.9,"player_ids":["athletics:14806962"],"label":"Toyohashi","country":"Japan"},"geometry":{"type":"Polygon","coordinates":[[[138.240188,34.090249],[138.040892,34.682811],[137.382008,34.835332],[136.933247,34.397885],[137.137408,33.811747],[137.785583,33.656652],[138.240188,34.090249]]]}},{"type":"Feature","properties":{"hex_id":"832e69fffffffff","population":1965751,"population_year":2025,"area_km2":9751.8,"population_density":201.6,"all_players":1,"players_per_million":0.51,"player_ids":["athletics:14671473"],"label":"Hiroshima","country":"Japan"},"geometry":{"type":"Polygon","coordinates":[[[133.321804,34.645482],[133.097527,35.208672],[132.471986,35.328043],[132.080882,34.887802],[132.308377,34.331159],[132.923863,34.208239],[133.321804,34.645482]]]}},{"type":"Feature","properties":{"hex_id":"832e6cfffffffff","population":3158903,"population_year":2025,"area_km2":10173.5,"population_density":310.5,"all_players":1,"players_per_million":0.32,"player_ids":["athletics:14286162"],"label":"Himeji","country":"Japan"},"geometry":{"type":"Polygon","coordinates":[[[135.213088,34.249062],[134.998437,34.823901],[134.360868,34.956664],[133.948357,34.517795],[134.166838,33.949493],[134.794108,33.81355],[135.213088,34.249062]]]}},{"type":"Feature","properties":{"hex_id":"832e6efffffffff","population":988472,"population_year":2025,"area_km2":10269.6,"population_density":96.3,"all_players":1,"players_per_million":1.01,"player_ids":["athletics:14632538"],"label":"Ono","country":"Japan"},"geometry":{"type":"Polygon","coordinates":[[[135.425844,35.264059],[135.209181,35.840284],[134.560986,35.969822],[134.140195,35.526385],[134.360868,34.956664],[134.998437,34.823901],[135.425844,35.264059]]]}},{"type":"Feature","properties":{"hex_id":"832e74fffffffff","population":3906773,"population_year":2025,"area_km2":11308.9,"population_density":345.5,"all_players":2,"players_per_million":0.51,"player_ids":["athletics:14860572","athletics:15044337"],"label":"Tatebayashi","country":"Japan"},"geometry":{"type":"Polygon","coordinates":[[[139.948213,36.441778],[139.752005,37.04344],[139.06007,37.197366],[138.576078,36.752025],[138.778095,36.156603],[139.458427,36.000295],[139.948213,36.441778]]]}},{"type":"Feature","properties":{"hex_id":"832f59fffffffff","population":1169967,"population_year":2025,"area_km2":11119.9,"population_density":105.2,"all_players":3,"players_per_million":2.56,"player_ids":["athletics:14327811","athletics:14423325","athletics:14931241"],"label":"Omaezaki","country":"Japan"},"geometry":{"type":"Polygon","coordinates":[[[139.368009,34.363069],[139.174011,34.961977],[138.504933,35.120661],[138.040892,34.682811],[138.240188,34.090249],[138.898348,33.929207],[139.368009,34.363069]]]}},{"type":"Feature","properties":{"hex_id":"832f5afffffffff","population":24486504,"population_year":2025,"area_km2":11478.7,"population_density":2133.2,"all_players":6,"players_per_million":0.25,"player_ids":["athletics:14326241","athletics:14719623","athletics:14766515","athletics:14815041","athletics:14840153","athletics:14895907"],"label":"Kanagawa Prefecture","country":"Japan"},"geometry":{"type":"Polygon","coordinates":[[[140.827794,35.672072],[140.638685,36.278739],[139.948213,36.441778],[139.458427,36.000295],[139.653549,35.399825],[140.332575,35.234652],[140.827794,35.672072]]]}},{"type":"Feature","properties":{"hex_id":"832f5bfffffffff","population":13410110,"population_year":2025,"area_km2":11219.7,"population_density":1195.2,"all_players":1,"players_per_million":0.07,"player_ids":["athletics:14740573"],"label":"Hidaka","country":"Japan"},"geometry":{"type":"Polygon","coordinates":[[[139.653549,35.399825],[139.458427,36.000295],[138.778095,36.156603],[138.304265,35.714832],[138.504933,35.120661],[139.174011,34.961977],[139.653549,35.399825]]]}},{"type":"Feature","properties":{"hex_id":"833010fffffffff","population":2011686,"population_year":2025,"area_km2":8112.8,"population_density":248.0,"all_players":1,"players_per_million":0.5,"player_ids":["athletics:14430151"],"label":"Penglai District","country":"People's Republic of China"},"geometry":{"type":"Polygon","coordinates":[[[121.070824,37.405122],[120.957272,37.9106],[120.352788,38.173767],[119.860393,37.930569],[119.978273,37.422501],[120.584211,37.160209],[121.070824,37.405122]]]}},{"type":"Feature","properties":{"hex_id":"833098fffffffff","population":19529984,"population_year":2025,"area_km2":9368.3,"population_density":2084.7,"all_players":1,"players_per_million":0.05,"player_ids":["athletics:14889043"],"label":"Kunshan","country":"People's Republic of China"},"geometry":{"type":"Polygon","coordinates":[[[120.164987,31.56496],[120.278479,31.010788],[120.67028,30.836383],[120.875267,30.802368],[121.371273,31.201552],[121.249826,31.700195],[120.838044,31.766196],[120.642264,31.853859],[120.164987,31.56496]]]}},{"type":"Feature","properties":{"hex_id":"83309afffffffff","population":17092842,"population_year":2025,"area_km2":9571.3,"population_density":1785.8,"all_players":1,"players_per_million":0.06,"player_ids":["athletics:14376449"],"label":"Shaoxing","country":"People's Republic of China"},"geometry":{"type":"Polygon","coordinates":[[[120.996404,30.296676],[120.875267,30.802368],[120.67028,30.836383],[120.278479,31.010788],[119.800866,30.71374],[119.91536,30.153085],[120.503394,29.892985],[120.996404,30.296676]]]}},{"type":"Feature","properties":{"hex_id":"8330c9fffffffff","population":15568,"population_year":2025,"area_km2":9585.7,"population_density":1.6,"all_players":1,"players_per_million":64.23,"player_ids":["athletics:14860379"],"label":"Hamada","country":"Japan"},"geometry":{"type":"Polygon","coordinates":[[[132.471986,35.328043],[132.241949,35.885847],[131.617719,35.996859],[131.2337,35.553845],[131.466722,35.002562],[132.080882,34.887802],[132.471986,35.328043]]]}},{"type":"Feature","properties":{"hex_id":"8330d9fffffffff","population":4231402,"population_year":2025,"area_km2":9765.8,"population_density":433.3,"all_players":3,"players_per_million":0.71,"player_ids":["athletics:14460527","athletics:14766546","athletics:14841940"],"label":"Ōnojō-shi","country":"Japan"},"geometry":{"type":"Polygon","coordinates":[[[129.359518,33.546094],[129.481047,33.042329],[130.139649,32.900871],[130.678947,33.26453],[130.557843,33.768644],[129.896988,33.908774],[129.359518,33.546094]]]}},{"type":"Feature","properties":{"hex_id":"8330dbfffffffff","population":752563,"population_year":2025,"area_km2":9980.8,"population_density":75.4,"all_players":1,"players_per_million":1.33,"player_ids":["athletics:14766617"],"label":"Nagasaki","country":"Japan"},"geometry":{"type":"Polygon","coordinates":[[[128.945863,32.673327],[129.067329,32.161873],[129.723624,32.018981],[130.260732,32.389001],[130.139649,32.900871],[129.481047,33.042329],[128.945863,32.673327]]]}},{"type":"Feature","properties":{"hex_id":"8330e3fffffffff","population":5008630,"population_year":2025,"area_km2":8646.0,"population_density":579.3,"all_players":1,"players_per_million":0.2,"player_ids":["athletics:14532326"],"label":"Daejeon","country":"South Korea"},"geometry":{"type":"Polygon","coordinates":[[[126.658592,36.797418],[126.78159,36.333598],[127.435291,36.221993],[127.968639,36.57549],[127.717502,37.10294],[127.123933,37.181378],[127.012201,37.032929],[126.658592,36.797418]]]}},{"type":"Feature","properties":{"hex_id":"833182fffffffff","population":5280209,"population_year":2025,"area_km2":9089.8,"population_density":580.9,"all_players":1,"players_per_million":0.19,"player_ids":["athletics:14266426"],"label":"Luquan District","country":"People's Republic of China"},"geometry":{"type":"Polygon","coordinates":[[[113.684329,38.697206],[113.616316,38.13463],[114.139901,37.869616],[114.731308,38.159874],[114.809979,38.717103],[114.286699,38.989439],[113.684329,38.697206]]]}},{"type":"Feature","properties":{"hex_id":"833466fffffffff","population":247581,"population_year":2025,"area_km2":14604.7,"population_density":17.0,"all_players":1,"players_per_million":4.04,"player_ids":["athletics:14780010"],"label":"Funchal","country":"Portugal"},"geometry":{"type":"Polygon","coordinates":[[[-17.708241,33.462368],[-18.225634,32.94225],[-17.951388,32.307043],[-17.169418,32.190123],[-16.652122,32.705179],[-16.916582,33.34218],[-17.708241,33.462368]]]}},{"type":"Feature","properties":{"hex_id":"83346bfffffffff","population":667753,"population_year":2025,"area_km2":14123.1,"population_density":47.3,"all_players":2,"players_per_million":3.0,"player_ids":["athletics:14427311","athletics:14757952"],"label":"Las Palmas de Gran Canaria","country":"Spain"},"geometry":{"type":"Polygon","coordinates":[[[-15.150893,28.902643],[-15.651483,28.396006],[-15.411983,27.76893],[-14.681053,27.647052],[-14.181546,28.148352],[-14.4118,28.776827],[-15.150893,28.902643]]]}},{"type":"Feature","properties":{"hex_id":"833824fffffffff","population":710009,"population_year":2025,"area_km2":12636.3,"population_density":56.2,"all_players":1,"players_per_million":1.41,"player_ids":["athletics:14470735"],"label":"Orce","country":"Spain"},"geometry":{"type":"Polygon","coordinates":[[[-2.72793,37.921041],[-3.311341,37.499409],[-3.161409,36.864345],[-2.440294,36.653153],[-1.863369,37.071291],[-2.001062,37.704074],[-2.72793,37.921041]]]}},{"type":"Feature","properties":{"hex_id":"833825fffffffff","population":1247478,"population_year":2025,"area_km2":12395.2,"population_density":100.6,"all_players":2,"players_per_million":1.6,"player_ids":["athletics:14165989","athletics:14656737"],"label":"Fuente Álamo de Murcia","country":"Spain"},"geometry":{"type":"Polygon","coordinates":[[[-1.416234,38.115997],[-2.001062,37.704074],[-1.863369,37.071291],[-1.153048,36.852999],[-0.575154,37.26165],[-0.700647,37.891827],[-1.416234,38.115997]]]}},{"type":"Feature","properties":{"hex_id":"83382afffffffff","population":925703,"population_year":2025,"area_km2":12458.3,"population_density":74.3,"all_players":1,"players_per_million":1.08,"player_ids":["athletics:14976579"],"label":"Tiaret","country":"Algeria"},"geometry":{"type":"Polygon","coordinates":[[[0.474439,35.167537],[0.588462,34.540218],[1.272418,34.323247],[1.852065,34.734732],[1.744934,35.366697],[1.051168,35.582544],[0.474439,35.167537]]]}},{"type":"Feature","properties":{"hex_id":"833836fffffffff","population":2876243,"population_year":2025,"area_km2":13050.9,"population_density":220.4,"all_players":1,"players_per_million":0.35,"player_ids":["athletics:14590424"],"label":"Fez","country":"Morocco"},"geometry":{"type":"Polygon","coordinates":[[[-5.27694,34.488085],[-5.834096,34.041041],[-5.667272,33.405709],[-4.954575,33.218879],[-4.402553,33.66177],[-4.558064,34.295601],[-5.27694,34.488085]]]}},{"type":"Feature","properties":{"hex_id":"833862fffffffff","population":3502930,"population_year":2025,"area_km2":13282.4,"population_density":263.7,"all_players":1,"players_per_million":0.29,"player_ids":["athletics:14597364"],"label":"Constantine","country":"Algeria"},"geometry":{"type":"Polygon","coordinates":[[[6.230313,36.936047],[6.312194,36.292881],[7.029881,36.043675],[7.675042,36.437609],[7.601711,37.084318],[6.874585,37.333579],[6.230313,36.936047]]]}},{"type":"Feature","properties":{"hex_id":"83386efffffffff","population":3981998,"population_year":2025,"area_km2":13618.2,"population_density":292.4,"all_players":2,"players_per_million":0.5,"player_ids":["athletics:14488117","athletics:14678299"],"label":"Radès","country":"Tunisia"},"geometry":{"type":"Polygon","coordinates":[[[8.9902,37.217822],[9.054678,36.567851],[9.780055,36.300731],[10.449786,36.682996],[10.394443,37.335934],[9.660162,37.603676],[8.9902,37.217822]]]}},{"type":"Feature","properties":{"hex_id":"833870fffffffff","population":1657722,"population_year":2025,"area_km2":13096.6,"population_density":126.6,"all_players":1,"players_per_million":0.6,"player_ids":["athletics:14648912"],"label":"Barika","country":"Algeria"},"geometry":{"type":"Polygon","coordinates":[[[4.348604,35.730542],[4.4409,35.089928],[5.144095,34.849096],[5.764416,35.24921],[5.680045,35.893794],[4.967341,36.134318],[4.348604,35.730542]]]}},{"type":"Feature","properties":{"hex_id":"833873fffffffff","population":782178,"population_year":2025,"area_km2":13282.4,"population_density":58.9,"all_players":1,"players_per_million":1.28,"player_ids":["athletics:14844189"],"label":"Biskra","country":"Algeria"},"geometry":{"type":"Polygon","coordinates":[[[5.144095,34.849096],[5.230786,34.203544],[5.929929,33.954211],[6.551514,34.350554],[6.472774,34.999977],[5.764416,35.24921],[5.144095,34.849096]]]}},{"type":"Feature","properties":{"hex_id":"833902fffffffff","population":431572,"population_year":2025,"area_km2":13361.1,"population_density":32.3,"all_players":1,"players_per_million":2.32,"player_ids":["athletics:14849411"],"label":"Zafra","country":"Spain"},"geometry":{"type":"Polygon","coordinates":[[[-7.279403,39.151542],[-7.868285,38.702677],[-7.6715,38.062225],[-6.898506,37.871743],[-6.31462,38.316599],[-6.498678,38.9559],[-7.279403,39.151542]]]}},{"type":"Feature","properties":{"hex_id":"833908fffffffff","population":366924,"population_year":2025,"area_km2":12679.7,"population_density":28.9,"all_players":1,"players_per_million":2.73,"player_ids":["athletics:14595639"],"label":"La Solana","country":"Spain"},"geometry":{"type":"Polygon","coordinates":[[[-3.179494,39.825314],[-3.777805,39.406656],[-3.619465,38.770735],[-2.875699,38.555641],[-2.284055,38.970898],[-2.429494,39.604608],[-3.179494,39.825314]]]}},{"type":"Feature","properties":{"hex_id":"83390cfffffffff","population":6740566,"population_year":2025,"area_km2":12803.9,"population_density":526.4,"all_players":5,"players_per_million":0.74,"player_ids":["athletics:14515916","athletics:14758919","athletics:14785105","athletics:14805421","athletics:14812711"],"label":"Madrid","country":"Spain"},"geometry":{"type":"Polygon","coordinates":[[[-4.103433,40.678157],[-4.708227,40.256026],[-4.538804,39.619302],[-3.777805,39.406656],[-3.179494,39.825314],[-3.335672,40.460048],[-4.103433,40.678157]]]}},{"type":"Feature","properties":{"hex_id":"833910fffffffff","population":269145,"population_year":2025,"area_km2":13650.9,"population_density":19.7,"all_players":1,"players_per_million":3.72,"player_ids":["athletics:14218673"],"label":"Portimão","country":"Portugal"},"geometry":{"type":"Polygon","coordinates":[[[-9.032603,37.789487],[-9.607904,37.325447],[-9.397992,36.683969],[-8.624918,36.507139],[-8.053726,36.966874],[-8.251432,37.607698],[-9.032603,37.789487]]]}},{"type":"Feature","properties":{"hex_id":"833911fffffffff","population":631279,"population_year":2025,"area_km2":13448.5,"population_density":46.9,"all_players":1,"players_per_million":1.58,"player_ids":["athletics:14756630"],"label":"Faro","country":"Portugal"},"geometry":{"type":"Polygon","coordinates":[[[-7.6715,38.062225],[-8.251432,37.607698],[-8.053726,36.966874],[-7.288392,36.781553],[-6.713159,37.231941],[-6.898506,37.871743],[-7.6715,38.062225]]]}},{"type":"Feature","properties":{"hex_id":"83391afffffffff","population":1417320,"population_year":2025,"area_km2":13165.8,"population_density":107.7,"all_players":1,"players_per_million":0.71,"player_ids":["athletics:14971542"],"label":"Los Barrios","country":"Spain"},"geometry":{"type":"Polygon","coordinates":[[[-5.78198,36.399721],[-6.352241,35.953427],[-6.176507,35.315072],[-5.442348,35.124424],[-4.877295,35.566667],[-5.041156,36.203564],[-5.78198,36.399721]]]}},{"type":"Feature","properties":{"hex_id":"83391cfffffffff","population":1819644,"population_year":2025,"area_km2":13235.5,"population_density":137.5,"all_players":1,"players_per_million":0.55,"player_ids":["athletics:14260762"],"label":"Seville","country":"Spain"},"geometry":{"type":"Polygon","coordinates":[[[-6.31462,38.316599],[-6.898506,37.871743],[-6.713159,37.231941],[-5.956355,37.038332],[-5.377737,37.479229],[-5.550612,38.117649],[-6.31462,38.316599]]]}},{"type":"Feature","properties":{"hex_id":"833920fffffffff","population":1541450,"population_year":2025,"area_km2":13313.8,"population_density":115.8,"all_players":2,"players_per_million":1.3,"player_ids":["athletics:14526967","athletics:14575235"],"label":"Pontevedra","country":"Spain"},"geometry":{"type":"Polygon","coordinates":[[[-8.510499,42.979425],[-9.128239,42.535464],[-8.908305,41.898766],[-8.084602,41.706837],[-7.471834,42.1469],[-7.67772,42.782741],[-8.510499,42.979425]]]}},{"type":"Feature","properties":{"hex_id":"833922fffffffff","population":3258630,"population_year":2025,"area_km2":13448.5,"population_density":242.3,"all_players":1,"players_per_million":0.31,"player_ids":["athletics:14737874"],"label":"Braga","country":"Portugal"},"geometry":{"type":"Polygon","coordinates":[[[-8.908305,41.898766],[-9.515993,41.448057],[-9.295415,40.80947],[-8.480681,40.6223],[-7.877634,41.069006],[-8.084602,41.706837],[-8.908305,41.898766]]]}},{"type":"Feature","properties":{"hex_id":"833925fffffffff","population":909878,"population_year":2025,"area_km2":13165.8,"population_density":69.1,"all_players":1,"players_per_million":1.1,"player_ids":["athletics:14645137"],"label":"Viveiro","country":"Spain"},"geometry":{"type":"Polygon","coordinates":[[[-8.101589,44.050631],[-8.729648,43.61382],[-8.510499,42.979425],[-7.67772,42.782741],[-7.054985,43.215758],[-7.25963,43.849202],[-8.101589,44.050631]]]}},{"type":"Feature","properties":{"hex_id":"833928fffffffff","population":604363,"population_year":2025,"area_km2":12781.8,"population_density":47.3,"all_players":1,"players_per_million":1.65,"player_ids":["athletics:14821865"],"label":"Valladolid","country":"Spain"},"geometry":{"type":"Polygon","coordinates":[[[-4.615502,42.581981],[-5.236029,42.163499],[-5.056751,41.528299],[-4.270886,41.313394],[-3.656987,41.728461],[-3.822291,42.361801],[-4.615502,42.581981]]]}},{"type":"Feature","properties":{"hex_id":"833929fffffffff","population":528990,"population_year":2025,"area_km2":12543.2,"population_density":42.2,"all_players":2,"players_per_million":3.78,"player_ids":["athletics:14420300","athletics:14645110"],"label":"Burgos","country":"Spain"},"geometry":{"type":"Polygon","coordinates":[[[-3.199092,42.769427],[-3.822291,42.361801],[-3.656987,41.728461],[-2.882457,41.504916],[-2.266484,41.909354],[-2.417796,42.54048],[-3.199092,42.769427]]]}},{"type":"Feature","properties":{"hex_id":"83392bfffffffff","population":1038811,"population_year":2025,"area_km2":12679.7,"population_density":81.9,"all_players":2,"players_per_million":1.93,"player_ids":["athletics:14592926","athletics:14691558"],"label":"Segovia","country":"Spain"},"geometry":{"type":"Polygon","coordinates":[[[-3.656987,41.728461],[-4.270886,41.313394],[-4.103433,40.678157],[-3.335672,40.460048],[-2.728618,40.871785],[-2.882457,41.504916],[-3.656987,41.728461]]]}},{"type":"Feature","properties":{"hex_id":"83392cfffffffff","population":433768,"population_year":2025,"area_km2":12870.5,"population_density":33.7,"all_players":1,"players_per_million":2.31,"player_ids":["athletics:14635475"],"label":"León","country":"Spain"},"geometry":{"type":"Polygon","coordinates":[[[-5.605093,43.431163],[-6.231988,43.009176],[-6.040316,42.374568],[-5.236029,42.163499],[-4.615502,42.581981],[-4.792849,43.214988],[-5.605093,43.431163]]]}},{"type":"Feature","properties":{"hex_id":"833931fffffffff","population":825946,"population_year":2025,"area_km2":13569.3,"population_density":60.9,"all_players":2,"players_per_million":2.42,"player_ids":["athletics:14295066","athletics:14751896"],"label":"Oliveira do Bairro","country":"Portugal"},"geometry":{"type":"Polygon","coordinates":[[[-9.295415,40.80947],[-9.893311,40.352431],[-9.672222,39.712382],[-8.866346,39.529972],[-8.272779,39.982898],[-8.480681,40.6223],[-9.295415,40.80947]]]}},{"type":"Feature","properties":{"hex_id":"833933fffffffff","population":3081923,"population_year":2025,"area_km2":13675.5,"population_density":225.4,"all_players":5,"players_per_million":1.62,"player_ids":["athletics:14294819","athletics:14435170","athletics:14476604","athletics:14594593","athletics:14822316"],"label":"Lisbon","country":"Portugal"},"geometry":{"type":"Polygon","coordinates":[[[-9.672222,39.712382],[-10.260578,39.249447],[-10.0391,38.608375],[-9.241968,38.430723],[-8.657648,38.889432],[-8.866346,39.529972],[-9.672222,39.712382]]]}},{"type":"Feature","properties":{"hex_id":"833943fffffffff","population":178309,"population_year":2025,"area_km2":12423.2,"population_density":14.4,"all_players":1,"players_per_million":5.61,"player_ids":["athletics:14812578"],"label":"Muro","country":"Spain"},"geometry":{"type":"Polygon","coordinates":[[[2.928119,40.355416],[3.0341,39.73632],[3.768973,39.524231],[4.408495,39.931959],[4.310937,40.554931],[3.565326,40.766324],[2.928119,40.355416]]]}},{"type":"Feature","properties":{"hex_id":"833944fffffffff","population":5820367,"population_year":2025,"area_km2":11948.5,"population_density":487.1,"all_players":7,"players_per_million":1.2,"player_ids":["athletics:14261420","athletics:14410257","athletics:14648428","athletics:14648429","athletics:14734117","athletics:14783906","athletics:14937005"],"label":"Sant Boi de Llobregat","country":"Spain"},"geometry":{"type":"Polygon","coordinates":[[[1.216871,41.967575],[1.335479,41.362336],[2.07735,41.170004],[2.711858,41.583975],[2.601521,42.193196],[1.848287,42.384487],[1.216871,41.967575]]]}},{"type":"Feature","properties":{"hex_id":"833945fffffffff","population":709742,"population_year":2025,"area_km2":12134.7,"population_density":58.5,"all_players":1,"players_per_million":1.41,"player_ids":["athletics:14261358"],"label":"Banyoles","country":"Spain"},"geometry":{"type":"Polygon","coordinates":[[[2.601521,42.193196],[2.711858,41.583975],[3.46143,41.382558],[4.111804,41.791133],[4.010176,42.404119],[3.24935,42.604792],[2.601521,42.193196]]]}},{"type":"Feature","properties":{"hex_id":"833950fffffffff","population":394276,"population_year":2025,"area_km2":12102.9,"population_density":32.6,"all_players":1,"players_per_million":2.54,"player_ids":["athletics:14711683"],"label":"Bellreguard","country":"Spain"},"geometry":{"type":"Polygon","coordinates":[[[-0.237765,38.923477],[-0.115046,38.294034],[0.355185,38.140278],[0.591769,38.074249],[1.188594,38.492342],[1.073008,39.109644],[0.592929,39.240155],[0.35567,39.31886],[-0.237765,38.923477]]]}},{"type":"Feature","properties":{"hex_id":"833956fffffffff","population":2107084,"population_year":2025,"area_km2":12298.2,"population_density":171.3,"all_players":1,"players_per_million":0.47,"player_ids":["athletics:14481710"],"label":"Q1014709","country":"Spain"},"geometry":{"type":"Polygon","coordinates":[[[-0.95858,39.153492],[-1.551451,38.74818],[-1.416234,38.115997],[-0.700647,37.891827],[-0.115046,38.294034],[-0.237765,38.923477],[-0.95858,39.153492]]]}},{"type":"Feature","properties":{"hex_id":"833960fffffffff","population":1981057,"population_year":2025,"area_km2":11692.4,"population_density":169.4,"all_players":1,"players_per_million":0.5,"player_ids":["athletics:14423830"],"label":"Toulouse","country":"France"},"geometry":{"type":"Polygon","coordinates":[[[0.863645,43.838891],[0.983681,43.215794],[1.479021,43.047512],[1.731415,42.986442],[2.376288,43.400946],[2.261329,43.999258],[1.748812,44.119982],[1.498849,44.205806],[0.863645,43.838891]]]}},{"type":"Feature","properties":{"hex_id":"833964fffffffff","population":647801,"population_year":2025,"area_km2":11735.1,"population_density":55.2,"all_players":1,"players_per_million":1.54,"player_ids":["athletics:14646018"],"label":"Villeneuve-sur-Lot","country":"France"},"geometry":{"type":"Polygon","coordinates":[[[0.61635,45.082293],[-0.028005,44.712978],[0.102941,44.089763],[0.863645,43.838891],[1.498849,44.205806],[1.382481,44.825952],[0.61635,45.082293]]]}},{"type":"Feature","properties":{"hex_id":"833969fffffffff","population":1583636,"population_year":2025,"area_km2":12395.2,"population_density":127.8,"all_players":2,"players_per_million":1.26,"player_ids":["athletics:14627382","athletics:14709654"],"label":"Nice","country":"France"},"geometry":{"type":"Polygon","coordinates":[[[6.03167,43.611509],[6.121326,42.998792],[6.894879,42.778417],[7.589687,43.17079],[7.509948,43.786609],[6.725378,44.00699],[6.03167,43.611509]]]}},{"type":"Feature","properties":{"hex_id":"83396cfffffffff","population":2034996,"population_year":2025,"area_km2":11988.0,"population_density":169.8,"all_players":2,"players_per_million":0.98,"player_ids":["athletics:14572111","athletics:14589314"],"label":"Montpellier","country":"France"},"geometry":{"type":"Polygon","coordinates":[[[3.696702,44.221235],[3.802654,43.619279],[4.574932,43.41921],[5.252785,43.821585],[5.156296,44.426959],[4.372371,44.626573],[3.696702,44.221235]]]}},{"type":"Feature","properties":{"hex_id":"833971fffffffff","population":504409,"population_year":2025,"area_km2":11937.9,"population_density":42.3,"all_players":2,"players_per_million":3.97,"player_ids":["athletics:14798791","athletics:14800408"],"label":"Albelda","country":"Spain"},"geometry":{"type":"Polygon","coordinates":[[[0.480702,42.214859],[-0.137149,41.831588],[-0.010441,41.203682],[0.720675,40.962104],[1.025085,41.153182],[1.335479,41.362336],[1.216871,41.967575],[0.480702,42.214859]]]}},{"type":"Feature","properties":{"hex_id":"833974fffffffff","population":757726,"population_year":2025,"area_km2":12298.2,"population_density":61.6,"all_players":1,"players_per_million":1.32,"player_ids":["athletics:14734118"],"label":"Zizur Mayor/Zizur Nagusia","country":"Spain"},"geometry":{"type":"Polygon","coordinates":[[[-1.792726,42.937258],[-2.417796,42.54048],[-2.266484,41.909354],[-1.504055,41.677517],[-0.886769,42.071344],[-1.024123,42.699916],[-1.792726,42.937258]]]}},{"type":"Feature","properties":{"hex_id":"833976fffffffff","population":101356,"population_year":2025,"area_km2":12437.2,"population_density":8.1,"all_players":1,"players_per_million":9.87,"player_ids":["athletics:14452646"],"label":"Soria","country":"Spain"},"geometry":{"type":"Polygon","coordinates":[[[-2.266484,41.909354],[-2.882457,41.504916],[-2.728618,40.871785],[-1.972394,40.645495],[-1.363813,41.046833],[-1.504055,41.677517],[-2.266484,41.909354]]]}},{"type":"Feature","properties":{"hex_id":"833980fffffffff","population":982784,"population_year":2025,"area_km2":13650.9,"population_density":72.0,"all_players":1,"players_per_million":1.02,"player_ids":["athletics:14442050"],"label":"Safi","country":"Morocco"},"geometry":{"type":"Polygon","coordinates":[[[-9.490424,32.543485],[-10.028664,32.06766],[-9.828065,31.431841],[-9.099867,31.272097],[-8.565064,31.743155],[-8.754964,32.378678],[-9.490424,32.543485]]]}},{"type":"Feature","properties":{"hex_id":"833981fffffffff","population":1640771,"population_year":2025,"area_km2":13472.5,"population_density":121.8,"all_players":1,"players_per_million":0.61,"player_ids":["athletics:14652586"],"label":"Marrakech","country":"Morocco"},"geometry":{"type":"Polygon","coordinates":[[[-8.212439,32.846562],[-8.754964,32.378678],[-8.565064,31.743155],[-7.843428,31.576121],[-7.304833,32.039381],[-7.483894,32.674254],[-8.212439,32.846562]]]}},{"type":"Feature","properties":{"hex_id":"83398cfffffffff","population":2527454,"population_year":2025,"area_km2":13282.4,"population_density":190.3,"all_players":4,"players_per_million":1.58,"player_ids":["athletics:14585136","athletics:14640588","athletics:14773269","athletics:14929058"],"label":"Oulad Nacer","country":"Morocco"},"geometry":{"type":"Polygon","coordinates":[[[-6.93764,33.133982],[-7.483894,32.674254],[-7.304833,32.039381],[-6.590423,31.865189],[-6.048578,32.320449],[-6.216693,32.954324],[-6.93764,33.133982]]]}},{"type":"Feature","properties":{"hex_id":"8339abfffffffff","population":2469588,"population_year":2025,"area_km2":13258.9,"population_density":186.3,"all_players":2,"players_per_million":0.81,"player_ids":["athletics:14442147","athletics:14790858"],"label":"Khemisset","country":"Morocco"},"geometry":{"type":"Polygon","coordinates":[[[-6.561627,34.226187],[-7.11571,33.770469],[-6.93764,33.133982],[-6.216693,32.954324],[-5.667272,33.405709],[-5.834096,34.041041],[-6.561627,34.226187]]]}},{"type":"Feature","properties":{"hex_id":"833d12fffffffff","population":13032404,"population_year":2025,"area_km2":13050.9,"population_density":998.6,"all_players":2,"players_per_million":0.15,"player_ids":["athletics:14477764","athletics:14549089"],"label":"Panipat district","country":"India"},"geometry":{"type":"Polygon","coordinates":[[[76.613997,29.604657],[76.90945,29.036687],[77.645527,28.973819],[78.097651,29.476465],[77.811311,30.049046],[77.063587,30.114406],[76.613997,29.604657]]]}},{"type":"Feature","properties":{"hex_id":"833d8dfffffffff","population":17383142,"population_year":2025,"area_km2":12270.7,"population_density":1416.6,"all_players":1,"players_per_million":0.06,"player_ids":["athletics:14740932"],"label":"Uttar Pradesh","country":"India"},"geometry":{"type":"Polygon","coordinates":[[[80.609023,27.073634],[80.857496,26.518284],[81.553593,26.44047],[82.011189,26.914593],[81.772082,27.473598],[81.065899,27.554873],[80.609023,27.073634]]]}},{"type":"Feature","properties":{"hex_id":"833da0fffffffff","population":7608570,"population_year":2025,"area_km2":12781.8,"population_density":595.3,"all_players":1,"players_per_million":0.13,"player_ids":["athletics:14381862"],"label":"Mahendragarh","country":"India"},"geometry":{"type":"Polygon","coordinates":[[[75.303752,28.080633],[75.604148,27.524695],[76.326771,27.470802],[76.760165,27.970817],[76.4681,28.531645],[75.734167,28.587597],[75.303752,28.080633]]]}},{"type":"Feature","properties":{"hex_id":"833dacfffffffff","population":13852435,"population_year":2025,"area_km2":12870.5,"population_density":1076.3,"all_players":1,"players_per_million":0.07,"player_ids":["athletics:14422692"],"label":"Meerut","country":"India"},"geometry":{"type":"Polygon","coordinates":[[[77.645527,28.973819],[77.928813,28.408353],[78.655144,28.341127],[79.10931,28.836643],[78.835242,29.406476],[78.097651,29.476465],[77.645527,28.973819]]]}},{"type":"Feature","properties":{"hex_id":"833daefffffffff","population":11493675,"population_year":2025,"area_km2":12650.8,"population_density":908.5,"all_players":1,"players_per_million":0.09,"player_ids":["athletics:15023839"],"label":"Aligarh district","country":"India"},"geometry":{"type":"Polygon","coordinates":[[[77.484942,27.910359],[77.765218,27.352248],[78.480615,27.287694],[78.926536,27.778616],[78.655144,28.341127],[77.928813,28.408353],[77.484942,27.910359]]]}},{"type":"Feature","properties":{"hex_id":"833e62fffffffff","population":32479140,"population_year":2025,"area_km2":14586.4,"population_density":2226.7,"all_players":2,"players_per_million":0.06,"player_ids":["athletics:14167545","athletics:14579484"],"label":"Cairo","country":"Egypt"},"geometry":{"type":"Polygon","coordinates":[[[30.608926,30.098179],[30.531842,29.424459],[31.156426,29.02702],[31.858904,29.299406],[31.944037,29.970681],[31.3187,30.372052],[30.608926,30.098179]]]}},{"type":"Feature","properties":{"hex_id":"833f34fffffffff","population":939392,"population_year":2025,"area_km2":14019.6,"population_density":67.0,"all_players":1,"players_per_million":1.06,"player_ids":["athletics:14594823"],"label":"Niscemi","country":"Italy"},"geometry":{"type":"Polygon","coordinates":[[[13.244313,37.523712],[13.280646,36.865782],[14.01126,36.570847],[14.713278,36.93245],[14.686761,37.592381],[13.948364,37.888752],[13.244313,37.523712]]]}},{"type":"Feature","properties":{"hex_id":"833f35fffffffff","population":1334139,"population_year":2025,"area_km2":14123.1,"population_density":94.5,"all_players":1,"players_per_million":0.75,"player_ids":["athletics:14811238"],"label":"Syracuse","country":"Italy"},"geometry":{"type":"Polygon","coordinates":[[[14.686761,37.592381],[14.713278,36.93245],[15.443833,36.628123],[16.155161,36.982086],[16.138622,37.643674],[15.400739,37.949689],[14.686761,37.592381]]]}},{"type":"Feature","properties":{"hex_id":"833f4dfffffffff","population":398596,"population_year":2025,"area_km2":14227.8,"population_density":28.0,"all_players":1,"players_per_million":2.51,"player_ids":["athletics:14840400"],"label":"Limassol","country":"Cyprus"},"geometry":{"type":"Polygon","coordinates":[[[31.920412,35.044778],[31.831073,34.382029],[32.478101,33.976968],[33.214816,34.231143],[33.312804,34.891282],[32.6655,35.299894],[31.920412,35.044778]]]}},{"type":"Feature","properties":{"hex_id":"833f64fffffffff","population":1975265,"population_year":2025,"area_km2":14071.2,"population_density":140.4,"all_players":1,"players_per_million":0.51,"player_ids":["athletics:14759195"],"label":"Mytilene","country":"Greece"},"geometry":{"type":"Polygon","coordinates":[[[26.578016,39.470649],[26.521028,38.815775],[27.23108,38.441913],[28.000888,38.719925],[28.068171,39.37356],[27.355402,39.750472],[26.578016,39.470649]]]}},{"type":"Feature","properties":{"hex_id":"833f65fffffffff","population":628356,"population_year":2025,"area_km2":14019.6,"population_density":44.8,"all_players":1,"players_per_million":1.59,"player_ids":["athletics:14776186"],"label":"Uşak","country":"Turkey"},"geometry":{"type":"Polygon","coordinates":[[[28.068171,39.37356],[28.000888,38.719925],[28.70215,38.337579],[29.472791,38.605778],[29.550166,39.257827],[28.846869,39.643311],[28.068171,39.37356]]]}},{"type":"Feature","properties":{"hex_id":"833f66fffffffff","population":2932775,"population_year":2025,"area_km2":14227.8,"population_density":206.1,"all_players":2,"players_per_million":0.68,"player_ids":["athletics:14421225","athletics:14928872"],"label":"İzmir","country":"Turkey"},"geometry":{"type":"Polygon","coordinates":[[[25.753097,38.527963],[25.702401,37.868316],[26.409422,37.497495],[27.170213,37.78333],[27.23108,38.441913],[26.521028,38.815775],[25.753097,38.527963]]]}},{"type":"Feature","properties":{"hex_id":"833f6efffffffff","population":1378280,"population_year":2025,"area_km2":14210.2,"population_density":97.0,"all_players":1,"players_per_million":0.73,"player_ids":["athletics:14590157"],"label":"Antalya","country":"Turkey"},"geometry":{"type":"Polygon","coordinates":[[[29.321214,37.293158],[29.24697,36.632905],[29.925744,36.241281],[30.680234,36.50664],[30.763964,37.164957],[30.083781,37.559895],[29.321214,37.293158]]]}},{"type":"Feature","properties":{"hex_id":"833f72fffffffff","population":233441,"population_year":2025,"area_km2":14604.7,"population_density":16.0,"all_players":2,"players_per_million":8.57,"player_ids":["athletics:14669731","athletics:14751824"],"label":"Chania","country":"Greece"},"geometry":{"type":"Polygon","coordinates":[[[23.372801,35.629835],[23.339733,34.958641],[24.035998,34.596858],[24.769195,34.903321],[24.812005,35.574008],[24.1119,35.938786],[23.372801,35.629835]]]}},{"type":"Feature","properties":{"hex_id":"834040fffffffff","population":2320200,"population_year":2025,"area_km2":13258.9,"population_density":175.0,"all_players":2,"players_per_million":0.86,"player_ids":["athletics:14523268","athletics:14693572"],"label":"Dali Bai Autonomous Prefecture","country":"People's Republic of China"},"geometry":{"type":"Polygon","coordinates":[[[101.458302,25.207623],[101.284573,25.823394],[100.588393,26.010902],[100.067646,25.582026],[100.244372,24.965337],[100.938886,24.778421],[101.458302,25.207623]]]}},{"type":"Feature","properties":{"hex_id":"834119fffffffff","population":4084786,"population_year":2025,"area_km2":12270.7,"population_density":332.9,"all_players":2,"players_per_million":0.49,"player_ids":["athletics:14583567","athletics:14744957"],"label":"Zhaoqing","country":"People's Republic of China"},"geometry":{"type":"Polygon","coordinates":[[[112.983522,23.223058],[112.846744,23.838321],[112.210302,24.070031],[111.71044,23.684289],[111.851065,23.06606],[112.487716,22.83653],[112.983522,23.223058]]]}},{"type":"Feature","properties":{"hex_id":"83411cfffffffff","population":32618370,"population_year":2025,"area_km2":12027.7,"population_density":2711.9,"all_players":2,"players_per_million":0.06,"player_ids":["athletics:14427057","athletics:14637831"],"label":"Dongguan","country":"People's Republic of China"},"geometry":{"type":"Polygon","coordinates":[[[114.855932,22.520124],[114.726111,23.133955],[114.10474,23.370163],[113.612713,22.990107],[113.74641,22.372984],[114.368265,22.139203],[114.855932,22.520124]]]}},{"type":"Feature","properties":{"hex_id":"834180fffffffff","population":1383369,"population_year":2025,"area_km2":10697.0,"population_density":129.3,"all_players":1,"players_per_million":0.72,"player_ids":["athletics:14534938"],"label":"Shaowu","country":"People's Republic of China"},"geometry":{"type":"Polygon","coordinates":[[[117.75065,27.415466],[117.629199,27.998335],[117.020007,28.248622],[116.531352,27.914038],[116.656839,27.327759],[117.266947,27.079469],[117.75065,27.415466]]]}},{"type":"Feature","properties":{"hex_id":"834241fffffffff","population":10540593,"population_year":2025,"area_km2":13361.1,"population_density":788.9,"all_players":1,"players_per_million":0.09,"player_ids":["athletics:14698105"],"label":"Khanewal","country":"Pakistan"},"geometry":{"type":"Polygon","coordinates":[[[71.0086,30.485117],[71.35756,29.923964],[72.112539,29.891007],[72.530957,30.418411],[72.189483,30.985372],[71.421934,31.019133],[71.0086,30.485117]]]}},{"type":"Feature","properties":{"hex_id":"83441afffffffff","population":4188119,"population_year":2025,"area_km2":11565.2,"population_density":362.1,"all_players":1,"players_per_million":0.24,"player_ids":["athletics:14519911"],"label":"St. Petersburg","country":"United States"},"geometry":{"type":"Polygon","coordinates":[[[-82.253729,27.587841],[-81.797694,28.027952],[-81.966494,28.631807],[-82.599304,28.798396],[-83.060213,28.355873],[-82.883444,27.749188],[-82.253729,27.587841]]]}},{"type":"Feature","properties":{"hex_id":"834430fffffffff","population":356145,"population_year":2025,"area_km2":11818.4,"population_density":30.1,"all_players":1,"players_per_million":2.81,"player_ids":["athletics:14828679"],"label":"Pinar del Río","country":"Cuba"},"geometry":{"type":"Polygon","coordinates":[[[-83.628175,22.307101],[-83.189751,22.769068],[-83.361261,23.368803],[-83.978532,23.508775],[-84.421162,23.043592],[-84.242326,22.441675],[-83.628175,22.307101]]]}},{"type":"Feature","properties":{"hex_id":"834432fffffffff","population":2539158,"population_year":2025,"area_km2":11583.9,"population_density":219.2,"all_players":3,"players_per_million":1.18,"player_ids":["athletics:14587743","athletics:14630191","athletics:14709120"],"label":"Havana","country":"Cuba"},"geometry":{"type":"Polygon","coordinates":[[[-82.583678,22.630062],[-82.146214,23.085326],[-82.310403,23.682659],[-82.919384,23.827151],[-83.361261,23.368803],[-83.189751,22.769068],[-82.583678,22.630062]]]}},{"type":"Feature","properties":{"hex_id":"834434fffffffff","population":156788,"population_year":2025,"area_km2":11831.3,"population_density":13.3,"all_players":1,"players_per_million":6.38,"player_ids":["athletics:14574170"],"label":"San Juan y Martínez","country":"Cuba"},"geometry":{"type":"Polygon","coordinates":[[[-83.891248,21.244199],[-83.456243,21.709391],[-83.628175,22.307101],[-84.242326,22.441675],[-84.681415,21.973115],[-84.50228,21.373373],[-83.891248,21.244199]]]}},{"type":"Feature","properties":{"hex_id":"834445fffffffff","population":545933,"population_year":2025,"area_km2":13472.5,"population_density":40.5,"all_players":1,"players_per_million":1.83,"player_ids":["athletics:14679502"],"label":"Lafayette","country":"United States"},"geometry":{"type":"Polygon","coordinates":[[[-92.408822,29.788257],[-91.934789,30.281145],[-92.185406,30.901967],[-92.918138,31.030789],[-93.394592,30.534991],[-93.135951,29.913303],[-92.408822,29.788257]]]}},{"type":"Feature","properties":{"hex_id":"834446fffffffff","population":1714125,"population_year":2025,"area_km2":13142.7,"population_density":130.4,"all_players":1,"players_per_million":0.58,"player_ids":["athletics:14490237"],"label":"New Orleans","country":"United States"},"geometry":{"type":"Polygon","coordinates":[[[-90.262055,29.393937],[-89.789168,29.876068],[-90.022833,30.495543],[-90.737597,30.634218],[-91.213549,30.149237],[-90.971719,29.528453],[-90.262055,29.393937]]]}},{"type":"Feature","properties":{"hex_id":"83445bfffffffff","population":275147,"population_year":2025,"area_km2":12636.3,"population_density":21.8,"all_players":1,"players_per_million":3.63,"player_ids":["athletics:14708434"],"label":"Abbeville","country":"United States"},"geometry":{"type":"Polygon","coordinates":[[[-89.27994,33.758738],[-88.788416,34.217794],[-89.023559,34.830045],[-89.759172,34.984893],[-90.254317,34.523507],[-90.010275,33.909624],[-89.27994,33.758738]]]}},{"type":"Feature","properties":{"hex_id":"83446cfffffffff","population":6104544,"population_year":2025,"area_km2":13866.8,"population_density":440.2,"all_players":3,"players_per_million":0.49,"player_ids":["athletics:14486620","athletics:14563272","athletics:14596460"],"label":"Missouri City","country":"United States"},"geometry":{"type":"Polygon","coordinates":[[[-94.808948,29.022702],[-94.340041,29.530809],[-94.606515,30.15309],[-95.34958,30.267602],[-95.820095,29.756435],[-95.546005,29.133838],[-94.808948,29.022702]]]}},{"type":"Feature","properties":{"hex_id":"8344a1fffffffff","population":5763886,"population_year":2025,"area_km2":11010.2,"population_density":523.5,"all_players":3,"players_per_million":0.52,"player_ids":["athletics:14477940","athletics:14553598","athletics:14715880"],"label":"Miami","country":"United States"},"geometry":{"type":"Polygon","coordinates":[[[-79.949065,25.306967],[-79.508022,25.739732],[-79.655984,26.333663],[-80.252477,26.497928],[-80.698565,26.062694],[-80.543111,25.465679],[-79.949065,25.306967]]]}},{"type":"Feature","properties":{"hex_id":"8344a3fffffffff","population":40650,"population_year":2025,"area_km2":10757.4,"population_density":3.8,"all_players":2,"players_per_million":49.2,"player_ids":["athletics:14177939","athletics:14835094"],"label":"Freeport","country":"The Bahamas"},"geometry":{"type":"Polygon","coordinates":[[[-78.923249,25.57689],[-78.484205,26.0024],[-78.624734,26.593059],[-79.211732,26.761492],[-79.655984,26.333663],[-79.508022,25.739732],[-78.923249,25.57689]]]}},{"type":"Feature","properties":{"hex_id":"8344aefffffffff","population":1495063,"population_year":2025,"area_km2":10947.5,"population_density":136.6,"all_players":1,"players_per_million":0.67,"player_ids":["athletics:14439750"],"label":"Boynton Beach","country":"United States"},"geometry":{"type":"Polygon","coordinates":[[[-79.655984,26.333663],[-79.211732,26.761492],[-79.358798,27.355871],[-79.957715,27.52564],[-80.407147,27.095513],[-80.252477,26.497928],[-79.655984,26.333663]]]}},{"type":"Feature","properties":{"hex_id":"8344b5fffffffff","population":309404,"population_year":2025,"area_km2":10362.1,"population_density":29.9,"all_players":3,"players_per_million":9.7,"player_ids":["athletics:14368117","athletics:14387755","athletics:14414505"],"label":"Nassau","country":"The Bahamas"},"geometry":{"type":"Polygon","coordinates":[[[-77.511305,24.08095],[-77.082712,24.501758],[-77.210862,25.084077],[-77.774681,25.248969],[-78.208503,24.825799],[-78.073265,24.24011],[-77.511305,24.08095]]]}},{"type":"Feature","properties":{"hex_id":"8344c1fffffffff","population":5328708,"population_year":2025,"area_km2":11678.0,"population_density":456.3,"all_players":3,"players_per_million":0.56,"player_ids":["athletics:14541956","athletics:14576396","athletics:14850487"],"label":"Atlanta","country":"United States"},"geometry":{"type":"Polygon","coordinates":[[[-83.883855,33.049852],[-83.401132,33.478441],[-83.591669,34.083947],[-84.273825,34.263584],[-84.761579,33.833075],[-84.562163,33.224865],[-83.883855,33.049852]]]}},{"type":"Feature","properties":{"hex_id":"8344d3fffffffff","population":208032,"population_year":2025,"area_km2":10765.0,"population_density":19.3,"all_players":1,"players_per_million":4.81,"player_ids":["athletics:14756997"],"label":"Georgetown","country":"United States"},"geometry":{"type":"Polygon","coordinates":[[[-79.664643,32.960547],[-79.192218,33.362011],[-79.270109,33.659462],[-79.309816,33.930555],[-79.985888,34.15372],[-80.464172,33.750806],[-80.299243,33.152497],[-79.664643,32.960547]]]}},{"type":"Feature","properties":{"hex_id":"8344e1fffffffff","population":327205,"population_year":2025,"area_km2":12188.8,"population_density":26.8,"all_players":1,"players_per_million":3.06,"player_ids":["athletics:14490255"],"label":"Ozark","country":"United States"},"geometry":{"type":"Polygon","coordinates":[[[-85.599956,30.672594],[-85.12502,31.122264],[-85.325018,31.733936],[-86.008497,31.898279],[-86.487848,31.44625],[-86.279328,30.832256],[-85.599956,30.672594]]]}},{"type":"Feature","properties":{"hex_id":"8344f4fffffffff","population":1249840,"population_year":2025,"area_km2":11478.7,"population_density":108.9,"all_players":1,"players_per_million":0.8,"player_ids":["athletics:14536762"],"label":"Gainesville","country":"United States"},"geometry":{"type":"Polygon","coordinates":[[[-81.966494,28.631807],[-81.506834,29.066476],[-81.67496,29.669969],[-82.310853,29.841742],[-82.775533,29.404825],[-82.599304,28.798396],[-81.966494,28.631807]]]}},{"type":"Feature","properties":{"hex_id":"83458efffffffff","population":872486,"population_year":2025,"area_km2":10913.5,"population_density":79.9,"all_players":1,"players_per_million":1.15,"player_ids":["athletics:14637147"],"label":"Cienfuegos","country":"Cuba"},"geometry":{"type":"Polygon","coordinates":[[[-80.077621,21.478702],[-79.650763,21.921223],[-79.794851,22.506839],[-80.372807,22.652678],[-80.804364,22.207171],[-80.653263,21.618829],[-80.077621,21.478702]]]}},{"type":"Feature","properties":{"hex_id":"834591fffffffff","population":550956,"population_year":2025,"area_km2":10234.0,"population_density":53.8,"all_players":2,"players_per_million":3.63,"player_ids":["athletics:14263462","athletics:14709137"],"label":"Camagüey","country":"Cuba"},"geometry":{"type":"Polygon","coordinates":[[[-77.711798,20.339966],[-77.296511,20.77016],[-77.421988,21.342651],[-77.969393,21.487933],[-78.389552,21.054853],[-78.257424,20.479393],[-77.711798,20.339966]]]}},{"type":"Feature","properties":{"hex_id":"8345b2fffffffff","population":1078880,"population_year":2025,"area_km2":10082.9,"population_density":107.0,"all_players":3,"players_per_million":2.78,"player_ids":["athletics:14285696","athletics:14325599","athletics:14468667"],"label":"Mandeville","country":"Jamaica"},"geometry":{"type":"Polygon","coordinates":[[[-77.870577,18.769231],[-78.28054,18.332882],[-78.237608,18.144504],[-78.064877,17.815084],[-77.440592,17.734561],[-77.077591,18.147356],[-77.336996,18.638235],[-77.870577,18.769231]]]}},{"type":"Feature","properties":{"hex_id":"834812fffffffff","population":1591070,"population_year":2025,"area_km2":14827.6,"population_density":107.3,"all_players":1,"players_per_million":0.63,"player_ids":["athletics:14593015"],"label":"Torreón","country":"Mexico"},"geometry":{"type":"Polygon","coordinates":[[[-103.32137,24.740057],[-102.887695,25.293764],[-103.199651,25.912525],[-103.950841,25.975893],[-104.383204,25.418923],[-104.06578,24.801862],[-103.32137,24.740057]]]}},{"type":"Feature","properties":{"hex_id":"83488bfffffffff","population":325388,"population_year":2025,"area_km2":14387.3,"population_density":22.6,"all_players":1,"players_per_million":3.07,"player_ids":["athletics:14656699"],"label":"Midland","country":"United States"},"geometry":{"type":"Polygon","coordinates":[[[-101.452866,31.040562],[-100.989885,31.57502],[-101.306745,32.189578],[-102.093235,32.268747],[-102.555455,31.731491],[-102.232046,31.11788],[-101.452866,31.040562]]]}},{"type":"Feature","properties":{"hex_id":"8348c6fffffffff","population":2655399,"population_year":2025,"area_km2":14549.9,"population_density":182.5,"all_players":1,"players_per_million":0.38,"player_ids":["athletics:14453864"],"label":"El Paso","country":"United States"},"geometry":{"type":"Polygon","coordinates":[[[-106.163551,31.434856],[-105.716219,31.987732],[-106.062719,32.592167],[-106.86195,32.641976],[-107.306744,32.086626],[-106.954958,31.483952],[-106.163551,31.434856]]]}},{"type":"Feature","properties":{"hex_id":"8348e2fffffffff","population":107191,"population_year":2025,"area_km2":14715.5,"population_density":7.3,"all_players":1,"players_per_million":9.33,"player_ids":["athletics:14593049"],"label":"Nuevo Casas Grandes","country":"Mexico"},"geometry":{"type":"Polygon","coordinates":[[[-107.481407,29.758453],[-107.046143,30.320029],[-107.394937,30.925257],[-108.183851,30.966843],[-108.616179,30.402786],[-108.26264,29.799632],[-107.481407,29.758453]]]}},{"type":"Feature","properties":{"hex_id":"8348eefffffffff","population":186404,"population_year":2025,"area_km2":14586.4,"population_density":12.8,"all_players":1,"players_per_million":5.36,"player_ids":["athletics:14213214"],"label":"Agua Prieta","country":"Mexico"},"geometry":{"type":"Polygon","coordinates":[[[-109.76299,31.035593],[-109.334035,31.601966],[-109.698405,32.197614],[-110.49596,32.224572],[-110.921102,31.656058],[-110.552617,31.062731],[-109.76299,31.035593]]]}},{"type":"Feature","properties":{"hex_id":"8348f4fffffffff","population":795713,"population_year":2025,"area_km2":14771.4,"population_density":53.9,"all_players":2,"players_per_million":2.51,"player_ids":["athletics:14365572","athletics:14690230"],"label":"Chihuahua City","country":"Mexico"},"geometry":{"type":"Polygon","coordinates":[[[-105.250678,28.43866],[-104.81082,28.99481],[-105.143581,29.607564],[-105.921591,29.662386],[-106.359363,29.103448],[-106.021314,28.492487],[-105.250678,28.43866]]]}},{"type":"Feature","properties":{"hex_id":"8348f6fffffffff","population":28341,"population_year":2025,"area_km2":14696.9,"population_density":1.9,"all_players":1,"players_per_million":35.28,"player_ids":["athletics:14753734"],"label":"Ojinaga","country":"Mexico"},"geometry":{"type":"Polygon","coordinates":[[[-104.039029,28.933941],[-103.592769,29.48455],[-103.919866,30.098849],[-104.698989,30.161008],[-105.143581,29.607564],[-104.81082,28.99481],[-104.039029,28.933941]]]}},{"type":"Feature","properties":{"hex_id":"834986fffffffff","population":4395652,"population_year":2025,"area_km2":14360.5,"population_density":306.1,"all_players":2,"players_per_million":0.45,"player_ids":["athletics:14385600","athletics:14539114"],"label":"State of Mexico","country":"Mexico"},"geometry":{"type":"Polygon","coordinates":[[[-99.668935,18.51063],[-99.246183,19.050422],[-99.521944,19.663326],[-100.226219,19.735003],[-100.648904,19.19118],[-100.367451,18.579733],[-99.668935,18.51063]]]}},{"type":"Feature","properties":{"hex_id":"834988fffffffff","population":953258,"population_year":2025,"area_km2":14752.7,"population_density":64.6,"all_players":1,"players_per_million":1.05,"player_ids":["athletics:14365568"],"label":"Guadalupe","country":"Mexico"},"geometry":{"type":"Polygon","coordinates":[[[-102.527823,21.715825],[-102.101944,22.267477],[-102.401948,22.88524],[-103.133306,22.949592],[-103.558194,22.394343],[-103.252796,21.778355],[-102.527823,21.715825]]]}},{"type":"Feature","properties":{"hex_id":"834995fffffffff","population":24440832,"population_year":2025,"area_km2":14280.6,"population_density":1711.5,"all_players":2,"players_per_million":0.08,"player_ids":["athletics:14291173","athletics:14635886"],"label":"Mexico City","country":"Mexico"},"geometry":{"type":"Polygon","coordinates":[[[-98.549393,18.976465],[-98.122773,19.512595],[-98.392604,20.126692],[-99.095052,20.20349],[-99.521944,19.663326],[-99.246183,19.050422],[-98.549393,18.976465]]]}},{"type":"Feature","properties":{"hex_id":"834a26fffffffff","population":1322682,"population_year":2025,"area_km2":11454.2,"population_density":115.5,"all_players":2,"players_per_million":1.51,"player_ids":["athletics:14714426","athletics:14893694"],"label":"Tomigusuku","country":"Japan"},"geometry":{"type":"Polygon","coordinates":[[[127.274433,26.446523],[127.394983,25.883021],[128.038499,25.722512],[128.563929,26.127538],[128.443599,26.691973],[127.797591,26.850475],[127.274433,26.446523]]]}},{"type":"Feature","properties":{"hex_id":"834b62fffffffff","population":822235,"population_year":2025,"area_km2":10234.0,"population_density":80.3,"all_players":2,"players_per_million":2.43,"player_ids":["athletics:14679687","athletics:14766547"],"label":"Hyūga-shi","country":"Japan"},"geometry":{"type":"Polygon","coordinates":[[[130.920644,32.240453],[131.041236,31.720504],[131.702216,31.564914],[132.244576,31.930572],[132.124554,32.450789],[131.461574,32.605104],[130.920644,32.240453]]]}},{"type":"Feature","properties":{"hex_id":"834b64fffffffff","population":2490100,"population_year":2025,"area_km2":9779.9,"population_density":254.6,"all_players":1,"players_per_million":0.4,"player_ids":["athletics:14671546"],"label":"Kitakyūshū","country":"Japan"},"geometry":{"type":"Polygon","coordinates":[[[130.557843,33.768644],[130.678947,33.26453],[131.340987,33.117287],[131.883964,33.475385],[131.763398,33.979751],[131.099289,34.125791],[130.557843,33.768644]]]}},{"type":"Feature","properties":{"hex_id":"834b66fffffffff","population":1830583,"population_year":2025,"area_km2":10000.2,"population_density":183.1,"all_players":2,"players_per_million":1.09,"player_ids":["athletics:14747887","athletics:14950023"],"label":"Shimabara","country":"Japan"},"geometry":{"type":"Polygon","coordinates":[[[130.139649,32.900871],[130.260732,32.389001],[130.920644,32.240453],[131.461574,32.605104],[131.340987,33.117287],[130.678947,33.26453],[130.139649,32.900871]]]}},{"type":"Feature","properties":{"hex_id":"834c8afffffffff","population":1954800,"population_year":2025,"area_km2":9241.7,"population_density":211.5,"all_players":1,"players_per_million":0.51,"player_ids":["athletics:14756963"],"label":"Gonaïves","country":"Haiti"},"geometry":{"type":"Polygon","coordinates":[[[-73.11215,20.254022],[-73.458688,19.871668],[-73.199201,19.391406],[-72.593505,19.296272],[-72.249626,19.680899],[-72.50875,20.158388],[-73.11215,20.254022]]]}},{"type":"Feature","properties":{"hex_id":"834c8bfffffffff","population":2136726,"population_year":2025,"area_km2":9310.6,"population_density":229.5,"all_players":1,"players_per_million":0.47,"player_ids":["athletics:14676383"],"label":"Mirebalais","country":"Haiti"},"geometry":{"type":"Polygon","coordinates":[[[-72.249626,19.680899],[-72.593505,19.296272],[-72.333528,18.811341],[-71.730136,18.713931],[-71.38906,19.10083],[-71.64854,19.582869],[-72.249626,19.680899]]]}},{"type":"Feature","properties":{"hex_id":"834c9afffffffff","population":883694,"population_year":2025,"area_km2":9571.3,"population_density":92.3,"all_players":3,"players_per_million":3.39,"player_ids":["athletics:14412588","athletics:14571850","athletics:14742125"],"label":"Santiago de Cuba","country":"Cuba"},"geometry":{"type":"Polygon","coordinates":[[[-75.383035,19.272201],[-75.028702,19.665906],[-75.115078,19.825711],[-75.187475,20.198213],[-75.705163,20.341354],[-76.113182,19.92026],[-75.998548,19.358823],[-75.383035,19.272201]]]}},{"type":"Feature","properties":{"hex_id":"834cc5fffffffff","population":1546158,"population_year":2025,"area_km2":8863.2,"population_density":174.4,"all_players":1,"players_per_million":0.65,"player_ids":["athletics:14285523"],"label":"Puerto Rico","country":"United States"},"geometry":{"type":"Polygon","coordinates":[[[-66.937477,18.741701],[-67.258425,18.367667],[-67.000754,17.879967],[-66.423369,17.769666],[-66.26439,17.958346],[-66.113969,18.204195],[-66.362344,18.630224],[-66.937477,18.741701]]]}},{"type":"Feature","properties":{"hex_id":"834cd0fffffffff","population":743369,"population_year":2025,"area_km2":9424.3,"population_density":78.9,"all_players":1,"players_per_million":1.35,"player_ids":["athletics:14749613"],"label":"Nizao","country":"Dominican Republic"},"geometry":{"type":"Polygon","coordinates":[[[-70.530834,18.514249],[-70.868966,18.125085],[-70.608371,17.631491],[-70.010374,17.530196],[-69.67532,17.921613],[-69.935154,18.412077],[-70.530834,18.514249]]]}},{"type":"Feature","properties":{"hex_id":"834cd4fffffffff","population":4361222,"population_year":2025,"area_km2":9182.1,"population_density":475.0,"all_players":1,"players_per_million":0.23,"player_ids":["athletics:15040816"],"label":"La Vega","country":"Dominican Republic"},"geometry":{"type":"Polygon","coordinates":[[[-70.45385,19.381759],[-70.79055,19.000618],[-70.530834,18.514249],[-69.935154,18.412077],[-69.601523,18.795461],[-69.860471,19.278779],[-70.45385,19.381759]]]}},{"type":"Feature","properties":{"hex_id":"834cd6fffffffff","population":833987,"population_year":2025,"area_km2":9371.5,"population_density":89.0,"all_players":2,"players_per_million":2.4,"player_ids":["athletics:14829806","athletics:14912251"],"label":"San Juan de la Maguana","country":"Dominican Republic"},"geometry":{"type":"Polygon","coordinates":[[[-71.38906,19.10083],[-71.730136,18.713931],[-71.46979,18.224552],[-70.868966,18.125085],[-70.530834,18.514249],[-70.79055,19.000618],[-71.38906,19.10083]]]}},{"type":"Feature","properties":{"hex_id":"834ce8fffffffff","population":33769,"population_year":2025,"area_km2":9064.9,"population_density":3.7,"all_players":1,"players_per_million":29.61,"player_ids":["athletics:14532760"],"label":"Road Town","country":"British Virgin Islands"},"geometry":{"type":"Polygon","coordinates":[[[-64.74939,17.892736],[-64.442412,18.38774],[-64.698477,18.819962],[-65.257783,18.757869],[-65.561469,18.266513],[-65.309154,17.833622],[-64.74939,17.892736]]]}},{"type":"Feature","properties":{"hex_id":"834ceefffffffff","population":1268363,"population_year":2025,"area_km2":8821.9,"population_density":143.8,"all_players":3,"players_per_million":2.37,"player_ids":["athletics:14371527","athletics:14414638","athletics:14437678"],"label":"San Juan","country":"United States"},"geometry":{"type":"Polygon","coordinates":[[[-65.561469,18.266513],[-65.257783,18.757869],[-65.509937,19.183216],[-66.062008,19.117909],[-66.362344,18.630224],[-66.113969,18.204195],[-65.561469,18.266513]]]}},{"type":"Feature","properties":{"hex_id":"834d4bfffffffff","population":14674,"population_year":2025,"area_km2":9371.5,"population_density":1.6,"all_players":1,"players_per_million":68.15,"player_ids":["athletics:14414524"],"label":"Sandy Ground","country":"Anguilla"},"geometry":{"type":"Polygon","coordinates":[[[-63.042484,18.062875],[-62.729453,18.560314],[-62.993061,18.998718],[-63.566061,18.940438],[-63.875954,18.44655],[-63.616,18.007411],[-63.042484,18.062875]]]}},{"type":"Feature","properties":{"hex_id":"835285fffffffff","population":3464438,"population_year":2025,"area_km2":12229.6,"population_density":283.3,"all_players":4,"players_per_million":1.15,"player_ids":["athletics:14477352","athletics:14595214","athletics:14774179","athletics:14848753"],"label":"Atsbi Wenberta","country":"Ethiopia"},"geometry":{"type":"Polygon","coordinates":[[[38.780757,14.315501],[38.672991,13.699929],[39.16212,13.338657],[39.757466,13.587848],[39.870103,14.199346],[39.382578,14.565741],[38.780757,14.315501]]]}},{"type":"Feature","properties":{"hex_id":"835291fffffffff","population":3695326,"population_year":2025,"area_km2":12067.7,"population_density":306.2,"all_players":1,"players_per_million":0.27,"player_ids":["athletics:14526757"],"label":"Dangila","country":"Ethiopia"},"geometry":{"type":"Polygon","coordinates":[[[36.680921,11.711713],[36.585368,11.105258],[37.078136,10.759496],[37.665485,11.015029],[37.766026,11.617957],[37.274279,11.968901],[36.680921,11.711713]]]}},{"type":"Feature","properties":{"hex_id":"83529bfffffffff","population":6412850,"population_year":2025,"area_km2":11389.5,"population_density":563.0,"all_players":1,"players_per_million":0.16,"player_ids":["athletics:14577970"],"label":"Addis Ababa","country":"Ethiopia"},"geometry":{"type":"Polygon","coordinates":[[[38.526735,9.734105],[38.424468,9.145694],[38.660683,8.978483],[38.92781,8.814668],[39.467791,9.061222],[39.574585,9.645929],[39.104789,9.984968],[38.526735,9.734105]]]}},{"type":"Feature","properties":{"hex_id":"83529dfffffffff","population":2711907,"population_year":2025,"area_km2":11703.3,"population_density":231.7,"all_players":1,"players_per_million":0.37,"player_ids":["athletics:14513998"],"label":"Dessie","country":"Ethiopia"},"geometry":{"type":"Polygon","coordinates":[[[38.839671,11.521136],[38.734322,10.921927],[39.21089,10.577012],[39.791322,10.826148],[39.901293,11.42146],[39.426262,11.77155],[38.839671,11.521136]]]}},{"type":"Feature","properties":{"hex_id":"8352d4fffffffff","population":883486,"population_year":2025,"area_km2":11131.6,"population_density":79.4,"all_players":1,"players_per_million":1.13,"player_ids":["athletics:14643405"],"label":"Djibouti","country":"Djibouti"},"geometry":{"type":"Polygon","coordinates":[[[42.682697,12.044356],[42.560264,11.454784],[43.009103,11.107403],[43.578032,11.34453],[43.704446,11.929572],[43.258005,12.282023],[42.682697,12.044356]]]}},{"type":"Feature","properties":{"hex_id":"8352f2fffffffff","population":85292,"population_year":2025,"area_km2":11369.1,"population_density":7.5,"all_players":1,"players_per_million":11.72,"player_ids":["athletics:14572523"],"label":"Assab","country":"Eritrea"},"geometry":{"type":"Polygon","coordinates":[[[42.34932,12.994223],[42.227197,12.397927],[42.682697,12.044356],[43.258005,12.282023],[43.384242,12.873759],[42.931113,13.232394],[42.34932,12.994223]]]}},{"type":"Feature","properties":{"hex_id":"835363fffffffff","population":1117893,"population_year":2025,"area_km2":11534.2,"population_density":96.9,"all_players":1,"players_per_million":0.89,"player_ids":["athletics:14523471"],"label":"Jubail","country":"Saudi Arabia"},"geometry":{"type":"Polygon","coordinates":[[[49.036207,27.102058],[48.867557,26.492674],[49.322367,26.063165],[49.941227,26.239567],[50.113548,26.843202],[49.663418,27.27617],[49.036207,27.102058]]]}},{"type":"Feature","properties":{"hex_id":"8354acfffffffff","population":2715397,"population_year":2025,"area_km2":12270.7,"population_density":221.3,"all_players":1,"players_per_million":0.37,"player_ids":["athletics:14894836"],"label":"Dakar","country":"Senegal"},"geometry":{"type":"Polygon","coordinates":[[[-17.910453,15.729652],[-18.33442,15.250645],[-18.108203,14.694007],[-17.464517,14.61364],[-17.04054,15.086958],[-17.260194,15.646296],[-17.910453,15.729652]]]}},{"type":"Feature","properties":{"hex_id":"8354eafffffffff","population":3316502,"population_year":2025,"area_km2":10456.0,"population_density":317.2,"all_players":1,"players_per_million":0.3,"player_ids":["athletics:14623929"],"label":"Conakry","country":"Guinea"},"geometry":{"type":"Polygon","coordinates":[[[-13.392147,10.025022],[-13.802726,9.589165],[-13.620577,9.08223],[-13.034049,9.009117],[-12.624614,9.439542],[-12.800522,9.948472],[-13.392147,10.025022]]]}},{"type":"Feature","properties":{"hex_id":"83581bfffffffff","population":4842032,"population_year":2025,"area_km2":11735.1,"population_density":412.6,"all_players":2,"players_per_million":0.41,"player_ids":["athletics:14884267","athletics:14978353"],"label":"Kaduna","country":"Nigeria"},"geometry":{"type":"Polygon","coordinates":[[[7.243497,10.800169],[7.302458,10.203266],[7.86484,9.911996],[8.37387,10.215394],[8.320221,10.815346],[7.752193,11.108879],[7.243497,10.800169]]]}},{"type":"Feature","properties":{"hex_id":"835882fffffffff","population":15025412,"population_year":2025,"area_km2":10178.5,"population_density":1476.2,"all_players":1,"players_per_million":0.07,"player_ids":["athletics:14484475"],"label":"Abeokuta","country":"Nigeria"},"geometry":{"type":"Polygon","coordinates":[[[2.516483,7.255822],[2.594972,6.699542],[3.125247,6.42502],[3.582639,6.705027],[3.508461,7.264799],[2.972539,7.541091],[2.516483,7.255822]]]}},{"type":"Feature","properties":{"hex_id":"835883fffffffff","population":7770258,"population_year":2025,"area_km2":10356.9,"population_density":750.2,"all_players":1,"players_per_million":0.13,"player_ids":["athletics:14579526"],"label":"Ijebu Ode","country":"Nigeria"},"geometry":{"type":"Polygon","coordinates":[[[3.508461,7.264799],[3.582639,6.705027],[4.116527,6.427858],[4.581792,6.708567],[4.512076,7.271688],[3.972592,7.550772],[3.508461,7.264799]]]}},{"type":"Feature","properties":{"hex_id":"83588bfffffffff","population":9746264,"population_year":2025,"area_km2":10594.2,"population_density":920.0,"all_players":1,"players_per_million":0.1,"player_ids":["athletics:14643442"],"label":"Onitsha","country":"Nigeria"},"geometry":{"type":"Polygon","coordinates":[[[6.132279,6.427746],[6.194103,5.866324],[6.731779,5.583806],[7.212915,5.860392],[7.15585,6.424669],[6.612855,6.709532],[6.132279,6.427746]]]}},{"type":"Feature","properties":{"hex_id":"835896fffffffff","population":2917896,"population_year":2025,"area_km2":9558.5,"population_density":305.3,"all_players":1,"players_per_million":0.34,"player_ids":["athletics:14576455"],"label":"Lomé","country":"Togo"},"geometry":{"type":"Polygon","coordinates":[[[0.222443,6.405743],[0.309804,5.864518],[0.826462,5.596881],[1.261345,5.868978],[1.177864,6.413891],[0.655579,6.683032],[0.222443,6.405743]]]}},{"type":"Feature","properties":{"hex_id":"83589cfffffffff","population":5739412,"population_year":2025,"area_km2":10098.6,"population_density":568.3,"all_players":1,"players_per_million":0.17,"player_ids":["athletics:14419510"],"label":"Lagos","country":"Nigeria"},"geometry":{"type":"Polygon","coordinates":[[[3.125247,6.42502],[3.20051,5.87309],[3.728868,5.597837],[4.187454,5.872618],[4.116527,6.427858],[3.582639,6.705027],[3.125247,6.42502]]]}},{"type":"Feature","properties":{"hex_id":"8358a6fffffffff","population":730665,"population_year":2025,"area_km2":10610.3,"population_density":68.9,"all_players":1,"players_per_million":1.37,"player_ids":["athletics:14270067"],"label":"Natitingou","country":"Benin"},"geometry":{"type":"Polygon","coordinates":[[[1.023717,10.639759],[1.111258,10.06492],[1.652618,9.79324],[2.112467,10.095154],[2.029272,10.674064],[1.481835,10.947001],[1.023717,10.639759]]]}},{"type":"Feature","properties":{"hex_id":"8358c8fffffffff","population":449346,"population_year":2025,"area_km2":11640.2,"population_density":38.6,"all_players":1,"players_per_million":2.23,"player_ids":["athletics:14523980"],"label":"Ngaoundéré","country":"Cameroon"},"geometry":{"type":"Polygon","coordinates":[[[12.901749,7.242896],[12.930946,6.659173],[13.483044,6.360597],[14.010446,6.642517],[13.986804,7.227921],[13.430183,7.529763],[12.901749,7.242896]]]}},{"type":"Feature","properties":{"hex_id":"83598dfffffffff","population":2370340,"population_year":2025,"area_km2":11369.1,"population_density":208.5,"all_players":1,"players_per_million":0.42,"player_ids":["athletics:14913220"],"label":"Niamey","country":"Niger"},"geometry":{"type":"Polygon","coordinates":[[[1.512375,14.217226],[1.600697,13.61891],[2.162495,13.346309],[2.642397,13.67105],[2.558813,14.273696],[1.990538,14.547283],[1.512375,14.217226]]]}},{"type":"Feature","properties":{"hex_id":"835991fffffffff","population":3520931,"population_year":2025,"area_km2":10234.0,"population_density":344.0,"all_players":1,"players_per_million":0.28,"player_ids":["athletics:14523962"],"label":"Ouagadougou","country":"Burkina Faso"},"geometry":{"type":"Polygon","coordinates":[[[-2.21577,12.225688],[-2.113391,11.654518],[-1.579203,11.394727],[-1.141143,11.705543],[-1.239631,12.281369],[-1.780119,12.541725],[-2.21577,12.225688]]]}},{"type":"Feature","properties":{"hex_id":"835e42fffffffff","population":3715,"population_year":2025,"area_km2":10503.5,"population_density":0.4,"all_players":1,"players_per_million":269.18,"player_ids":["athletics:14416826"],"label":"Roseau","country":"Dominica"},"geometry":{"type":"Polygon","coordinates":[[[-60.572362,14.877728],[-60.249688,15.395155],[-60.525074,15.869734],[-61.119647,15.827447],[-61.439419,15.31352],[-61.167541,14.838397],[-60.572362,14.877728]]]}},{"type":"Feature","properties":{"hex_id":"835e43fffffffff","population":276243,"population_year":2025,"area_km2":10249.3,"population_density":27.0,"all_players":2,"players_per_million":7.24,"player_ids":["athletics:14462837","athletics:14893596"],"label":"Portsmouth","country":"Dominica"},"geometry":{"type":"Polygon","coordinates":[[[-61.439419,15.31352],[-61.119647,15.827447],[-61.391292,16.29508],[-61.979153,16.249349],[-62.295927,15.738968],[-62.027856,15.270791],[-61.439419,15.31352]]]}},{"type":"Feature","properties":{"hex_id":"835e46fffffffff","population":463991,"population_year":2025,"area_km2":10691.6,"population_density":43.4,"all_players":2,"players_per_million":4.31,"player_ids":["athletics:14646562","athletics:14887838"],"label":"La Trinité","country":"France"},"geometry":{"type":"Polygon","coordinates":[[[-60.619774,13.873863],[-60.296727,14.395691],[-60.572362,14.877728],[-61.167541,14.838397],[-61.48767,14.320083],[-61.215559,13.837604],[-60.619774,13.873863]]]}},{"type":"Feature","properties":{"hex_id":"835e66fffffffff","population":110875,"population_year":2025,"area_km2":10958.8,"population_density":10.1,"all_players":3,"players_per_million":27.06,"player_ids":["athletics:14195659","athletics:14520432","athletics:14631507"],"label":"Saint Andrew Parish","country":"Grenada"},"geometry":{"type":"Polygon","coordinates":[[[-61.633175,11.272633],[-61.31197,11.80248],[-61.584548,12.299191],[-62.174713,12.266173],[-62.492858,11.739888],[-62.223917,11.243079],[-61.633175,11.272633]]]}},{"type":"Feature","properties":{"hex_id":"835e72fffffffff","population":138848,"population_year":2025,"area_km2":11202.0,"population_density":12.4,"all_players":2,"players_per_million":14.4,"player_ids":["athletics:14469918","athletics:14592846"],"label":"Saint Philip","country":"Barbados"},"geometry":{"type":"Polygon","coordinates":[[[-58.853053,12.950828],[-58.524498,13.479511],[-58.807457,13.975216],[-59.415633,13.942707],[-59.741491,13.417422],[-59.461896,12.921265],[-58.853053,12.950828]]]}},{"type":"Feature","properties":{"hex_id":"835f12fffffffff","population":159275,"population_year":2025,"area_km2":13716.7,"population_density":11.6,"all_players":1,"players_per_million":6.28,"player_ids":["athletics:14638015"],"label":"Cayenne","country":"France"},"geometry":{"type":"Polygon","coordinates":[[[-51.563372,4.385668],[-51.216261,4.951856],[-51.526411,5.519499],[-52.181262,5.521167],[-52.526829,4.957431],[-52.219129,4.389583],[-51.563372,4.385668]]]}},{"type":"Feature","properties":{"hex_id":"835f13fffffffff","population":34788,"population_year":2025,"area_km2":13520.8,"population_density":2.6,"all_players":1,"players_per_million":28.75,"player_ids":["athletics:14738969"],"label":"Kourou","country":"France"},"geometry":{"type":"Polygon","coordinates":[[[-52.526829,4.957431],[-52.181262,5.521167],[-52.488572,6.084123],[-53.138884,6.083512],[-53.482728,5.522356],[-53.178021,4.959241],[-52.526829,4.957431]]]}},{"type":"Feature","properties":{"hex_id":"835f5bfffffffff","population":74739,"population_year":2025,"area_km2":11219.7,"population_density":6.7,"all_players":1,"players_per_million":13.38,"player_ids":["athletics:14376122"],"label":"Toco","country":"Trinidad and Tobago"},"geometry":{"type":"Polygon","coordinates":[[[-60.762759,10.795466],[-60.438592,11.32881],[-60.714972,11.83226],[-61.31197,11.80248],[-61.633175,11.272633],[-61.360364,10.769087],[-60.762759,10.795466]]]}},{"type":"Feature","properties":{"hex_id":"836031fffffffff","population":11231316,"population_year":2025,"area_km2":12607.6,"population_density":890.8,"all_players":2,"players_per_million":0.18,"player_ids":["athletics:14606734","athletics:14734673"],"label":"Kerala","country":"India"},"geometry":{"type":"Polygon","coordinates":[[[77.324091,10.25377],[77.129573,10.867824],[76.521571,10.997343],[76.111736,10.516171],[76.30569,9.906049],[76.910074,9.773171],[77.324091,10.25377]]]}},{"type":"Feature","properties":{"hex_id":"836036fffffffff","population":6796014,"population_year":2025,"area_km2":13050.9,"population_density":520.7,"all_players":1,"players_per_million":0.15,"player_ids":["athletics:14841034"],"label":"Tamil Nadu","country":"India"},"geometry":{"type":"Polygon","coordinates":[[[79.403742,10.951533],[79.208494,11.573007],[78.585778,11.705839],[78.161949,11.220243],[78.3569,10.602402],[78.976011,10.466524],[79.403742,10.951533]]]}},{"type":"Feature","properties":{"hex_id":"83611cfffffffff","population":8088999,"population_year":2025,"area_km2":13235.5,"population_density":611.2,"all_players":1,"players_per_million":0.12,"player_ids":["athletics:14671060"],"label":"Kegalle","country":"Sri Lanka"},"geometry":{"type":"Polygon","coordinates":[[[80.566973,7.196939],[80.3741,7.824931],[79.751941,7.972321],[79.32618,7.494321],[79.518918,6.870084],[80.137586,6.720092],[80.566973,7.196939]]]}},{"type":"Feature","properties":{"hex_id":"836142fffffffff","population":257821,"population_year":2025,"area_km2":11678.0,"population_density":22.1,"all_players":1,"players_per_million":3.88,"player_ids":["athletics:14427032"],"label":"Gaafaru","country":"Maldives"},"geometry":{"type":"Polygon","coordinates":[[[74.284848,4.204743],[74.095517,4.806348],[73.520884,4.950736],[73.139071,4.496872],[73.327516,3.899882],[73.898684,3.752155],[74.284848,4.204743]]]}},{"type":"Feature","properties":{"hex_id":"836430fffffffff","population":676792,"population_year":2025,"area_km2":14884.3,"population_density":45.5,"all_players":1,"players_per_million":1.48,"player_ids":["athletics:14424032"],"label":"Surat Thani","country":"Thailand"},"geometry":{"type":"Polygon","coordinates":[[[99.973391,9.464272],[99.804577,10.12435],[99.139576,10.309489],[98.645138,9.833226],[98.8165,9.173078],[99.479787,8.989243],[99.973391,9.464272]]]}},{"type":"Feature","properties":{"hex_id":"836598fffffffff","population":1414018,"population_year":2025,"area_km2":14495.3,"population_density":97.5,"all_players":1,"players_per_million":0.71,"player_ids":["athletics:14992965"],"label":"Surin","country":"Thailand"},"geometry":{"type":"Polygon","coordinates":[[[103.626031,14.521046],[103.464048,15.17593],[102.798155,15.372577],[102.295498,14.912642],[102.460504,14.256636],[103.125176,14.061667],[103.626031,14.521046]]]}},{"type":"Feature","properties":{"hex_id":"836611fffffffff","population":511778,"population_year":2025,"area_km2":12550.3,"population_density":40.8,"all_players":2,"players_per_million":3.91,"player_ids":["athletics:14369345","athletics:14479637"],"label":"Apartadó","country":"Colombia"},"geometry":{"type":"Polygon","coordinates":[[[-77.119422,8.753973],[-77.494342,8.270587],[-77.225743,7.703111],[-76.581882,7.621988],[-76.209101,8.107689],[-76.477999,8.672198],[-77.119422,8.753973]]]}},{"type":"Feature","properties":{"hex_id":"836622fffffffff","population":3470471,"population_year":2025,"area_km2":11703.3,"population_density":296.5,"all_players":1,"players_per_million":0.29,"player_ids":["athletics:14768739"],"label":"Ciénaga","country":"Colombia"},"geometry":{"type":"Polygon","coordinates":[[[-74.907387,11.570347],[-75.271509,11.111298],[-75.004219,10.562835],[-74.372853,10.476595],[-74.011247,10.937957],[-74.278451,11.483247],[-74.907387,11.570347]]]}},{"type":"Feature","properties":{"hex_id":"836623fffffffff","population":870754,"population_year":2025,"area_km2":11754.3,"population_density":74.1,"all_players":1,"players_per_million":1.15,"player_ids":["athletics:14841613"],"label":"Valledupar","country":"Colombia"},"geometry":{"type":"Polygon","coordinates":[[[-74.011247,10.937957],[-74.372853,10.476595],[-74.10477,9.924733],[-73.475279,9.837525],[-73.116359,10.301131],[-73.384205,10.849705],[-74.011247,10.937957]]]}},{"type":"Feature","properties":{"hex_id":"8366d0fffffffff","population":318396,"population_year":2025,"area_km2":13942.8,"population_density":22.8,"all_players":2,"players_per_million":6.28,"player_ids":["athletics:14428732","athletics:14587338"],"label":"San Lorenzo","country":"Ecuador"},"geometry":{"type":"Polygon","coordinates":[[[-78.81312,1.822685],[-79.201345,1.299401],[-78.928337,0.697354],[-78.266433,0.621159],[-77.880085,1.146383],[-78.153717,1.745859],[-78.81312,1.822685]]]}},{"type":"Feature","properties":{"hex_id":"8366d1fffffffff","population":755951,"population_year":2025,"area_km2":13968.4,"population_density":54.1,"all_players":1,"players_per_million":1.32,"player_ids":["athletics:14701514"],"label":"Ibarra","country":"Ecuador"},"geometry":{"type":"Polygon","coordinates":[[[-77.880085,1.146383],[-78.266433,0.621159],[-77.991951,0.017593],[-77.330619,-0.058077],[-76.946355,0.468955],[-77.221292,1.069848],[-77.880085,1.146383]]]}},{"type":"Feature","properties":{"hex_id":"8366d3fffffffff","population":3614254,"population_year":2025,"area_km2":14105.7,"population_density":256.2,"all_players":2,"players_per_million":0.55,"player_ids":["athletics:14517841","athletics:14701543"],"label":"Quito","country":"Ecuador"},"geometry":{"type":"Polygon","coordinates":[[[-78.928337,0.697354],[-79.318227,0.16933],[-79.044395,-0.436733],[-78.379976,-0.512277],[-77.991951,0.017593],[-78.266433,0.621159],[-78.928337,0.697354]]]}},{"type":"Feature","properties":{"hex_id":"8366e4fffffffff","population":7884102,"population_year":2025,"area_km2":12892.8,"population_density":611.5,"all_players":2,"players_per_million":0.25,"player_ids":["athletics:14328011","athletics:14652260"],"label":"Bogotá","country":"Colombia"},"geometry":{"type":"Polygon","coordinates":[[[-74.485771,5.737922],[-74.855325,5.241221],[-74.582784,4.660074],[-73.94081,4.578907],[-73.573948,5.077568],[-73.846326,5.65544],[-74.485771,5.737922]]]}},{"type":"Feature","properties":{"hex_id":"8366f1fffffffff","population":3771497,"population_year":2025,"area_km2":13456.5,"population_density":280.3,"all_players":1,"players_per_million":0.27,"player_ids":["athletics:14369335"],"label":"Pradera","country":"Colombia"},"geometry":{"type":"Polygon","coordinates":[[[-76.625759,3.808861],[-77.005034,3.297686],[-76.73184,2.705493],[-76.079108,2.627435],[-75.702142,3.140563],[-75.975555,3.729798],[-76.625759,3.808861]]]}},{"type":"Feature","properties":{"hex_id":"836725fffffffff","population":4242774,"population_year":2025,"area_km2":9558.5,"population_density":443.9,"all_players":1,"players_per_million":0.24,"player_ids":["athletics:14516275"],"label":"Croix-des-Bouquets","country":"Haiti"},"geometry":{"type":"Polygon","coordinates":[[[-72.333528,18.811341],[-72.678863,18.418699],[-72.41803,17.926354],[-71.812316,17.82962],[-71.46979,18.224552],[-71.730136,18.713931],[-72.333528,18.811341]]]}},{"type":"Feature","properties":{"hex_id":"836732fffffffff","population":1350242,"population_year":2025,"area_km2":10173.5,"population_density":132.7,"all_players":13,"players_per_million":9.63,"player_ids":["athletics:14285680","athletics:14413464","athletics:14413487","athletics:14413641","athletics:14414603","athletics:14445000","athletics:14450995","athletics:14569308","athletics:14574022","athletics:14630564","athletics:14631861","athletics:14635736","athletics:14738009"],"label":"Kingston","country":"Jamaica"},"geometry":{"type":"Polygon","coordinates":[[[-77.077591,18.147356],[-77.440592,17.734561],[-77.180408,17.235914],[-76.556909,17.152691],[-76.195921,17.567912],[-76.45638,18.063927],[-77.077591,18.147356]]]}},{"type":"Feature","properties":{"hex_id":"836736fffffffff","population":324980,"population_year":2025,"area_km2":9914.9,"population_density":32.8,"all_players":1,"players_per_million":3.08,"player_ids":["athletics:14654737"],"label":"Buff Bay","country":"Jamaica"},"geometry":{"type":"Polygon","coordinates":[[[-76.92914,19.06862],[-77.336996,18.638235],[-77.077591,18.147356],[-76.45638,18.063927],[-76.096889,18.4712],[-76.356552,18.959503],[-76.665843,19.001551],[-76.92914,19.06862]]]}},{"type":"Feature","properties":{"hex_id":"836741fffffffff","population":2077998,"population_year":2025,"area_km2":10691.6,"population_density":194.4,"all_players":1,"players_per_million":0.48,"player_ids":["athletics:14436431"],"label":"Caracas","country":"Venezuela"},"geometry":{"type":"Polygon","coordinates":[[[-67.456769,11.438356],[-67.788916,11.00055],[-67.523842,10.46129],[-66.92785,10.363738],[-66.599345,10.803502],[-66.863162,11.338874],[-67.456769,11.438356]]]}},{"type":"Feature","properties":{"hex_id":"836746fffffffff","population":185503,"population_year":2025,"area_km2":10691.6,"population_density":17.4,"all_players":3,"players_per_million":16.17,"player_ids":["athletics:14180980","athletics:14427350","athletics:14530331"],"label":"Willemstad","country":"Curaçao"},"geometry":{"type":"Polygon","coordinates":[[[-69.183667,12.700606],[-69.522732,12.26693],[-69.257416,11.732355],[-68.653999,11.635144],[-68.31833,12.070918],[-68.582649,12.601815],[-69.183667,12.700606]]]}},{"type":"Feature","properties":{"hex_id":"83689efffffffff","population":1005422,"population_year":2025,"area_km2":11818.4,"population_density":85.1,"all_players":1,"players_per_million":0.99,"player_ids":["athletics:14898569"],"label":"Central Hulu Sungai","country":"Indonesia"},"geometry":{"type":"Polygon","coordinates":[[[115.438403,-2.6507],[115.32081,-2.05818],[114.75306,-1.903094],[114.30242,-2.344876],[114.423308,-2.939513],[114.991545,-3.09027],[115.438403,-2.6507]]]}},{"type":"Feature","properties":{"hex_id":"83694efffffffff","population":27756486,"population_year":2025,"area_km2":12607.6,"population_density":2201.6,"all_players":1,"players_per_million":0.04,"player_ids":["athletics:14522941"],"label":"Manila","country":"Philippines"},"geometry":{"type":"Polygon","coordinates":[[[120.818686,14.722923],[120.936616,14.106],[121.537485,13.923581],[122.023502,14.361208],[121.905235,14.980976],[121.301266,15.160283],[120.818686,14.722923]]]}},{"type":"Feature","properties":{"hex_id":"836a5efffffffff","population":418842,"population_year":2025,"area_km2":12833.4,"population_density":32.6,"all_players":1,"players_per_million":2.39,"player_ids":["athletics:14792211"],"label":"Chukudum","country":"South Sudan"},"geometry":{"type":"Polygon","coordinates":[[[33.857155,4.048521],[33.878094,4.665191],[33.329039,5.003285],[32.756949,4.72723],[32.733029,4.11003],[33.284179,3.769385],[33.857155,4.048521]]]}},{"type":"Feature","properties":{"hex_id":"836a6cfffffffff","population":958785,"population_year":2025,"area_km2":11896.2,"population_density":80.6,"all_players":1,"players_per_million":1.04,"player_ids":["athletics:14774192"],"label":"Kamashi Zone","country":"Ethiopia"},"geometry":{"type":"Polygon","coordinates":[[[35.316548,9.983984],[35.228891,9.385536],[35.723151,9.050122],[36.304456,9.308014],[36.397149,9.903306],[35.903544,10.243887],[35.316548,9.983984]]]}},{"type":"Feature","properties":{"hex_id":"836ad8fffffffff","population":9566520,"population_year":2025,"area_km2":14123.1,"population_density":677.4,"all_players":1,"players_per_million":0.1,"player_ids":["athletics:14645754"],"label":"Ngoma District","country":"Rwanda"},"geometry":{"type":"Polygon","coordinates":[[[30.735507,-2.518464],[30.765512,-1.862397],[30.202695,-1.506593],[29.608339,-1.804433],[29.575218,-2.460479],[30.139563,-2.818736],[30.735507,-2.518464]]]}},{"type":"Feature","properties":{"hex_id":"836adafffffffff","population":9356337,"population_year":2025,"area_km2":14263.0,"population_density":656.0,"all_players":1,"players_per_million":0.11,"player_ids":["athletics:14661449"],"label":"Kinama zone","country":"Burundi"},"geometry":{"type":"Polygon","coordinates":[[[30.107741,-3.479085],[30.139563,-2.818736],[29.575218,-2.460479],[28.977649,-2.76016],[28.9427,-3.42035],[29.508441,-3.781048],[30.107741,-3.479085]]]}},{"type":"Feature","properties":{"hex_id":"836adefffffffff","population":7631966,"population_year":2025,"area_km2":14123.1,"population_density":540.4,"all_players":1,"players_per_million":0.13,"player_ids":["athletics:14973644"],"label":"Nyamasheke District","country":"Rwanda"},"geometry":{"type":"Polygon","coordinates":[[[29.575218,-2.460479],[29.608339,-1.804433],[29.046986,-1.448329],[28.45124,-1.745732],[28.415031,-2.401486],[28.977649,-2.76016],[29.575218,-2.460479]]]}},{"type":"Feature","properties":{"hex_id":"836aeefffffffff","population":3844221,"population_year":2025,"area_km2":13282.4,"population_density":289.4,"all_players":1,"players_per_million":0.26,"player_ids":["athletics:14636764"],"label":"Arua","country":"Uganda"},"geometry":{"type":"Polygon","coordinates":[[[31.52502,2.292594],[31.552344,2.922475],[30.99987,3.265259],[30.418428,2.980812],[30.388097,2.35084],[30.94221,2.005376],[31.52502,2.292594]]]}},{"type":"Feature","properties":{"hex_id":"836b6efffffffff","population":9319784,"population_year":2025,"area_km2":13448.5,"population_density":693.0,"all_players":2,"players_per_million":0.21,"player_ids":["athletics:14456885","athletics:14755875"],"label":"Khartoum","country":"Sudan"},"geometry":{"type":"Polygon","coordinates":[[[31.531007,15.926959],[31.458258,15.285505],[32.002795,14.923199],[32.620458,15.197405],[32.699331,15.836218],[32.154457,16.203498],[31.531007,15.926959]]]}},{"type":"Feature","properties":{"hex_id":"836d29fffffffff","population":6600554,"population_year":2025,"area_km2":12543.2,"population_density":526.2,"all_players":1,"players_per_million":0.15,"player_ids":["athletics:14366343"],"label":"Guatemala City","country":"Guatemala"},"geometry":{"type":"Polygon","coordinates":[[[-90.2816,13.967746],[-89.864907,14.465456],[-90.071098,15.050969],[-90.700349,15.138837],[-91.119422,14.636681],[-90.906896,14.051136],[-90.2816,13.967746]]]}},{"type":"Feature","properties":{"hex_id":"836d2dfffffffff","population":1569114,"population_year":2025,"area_km2":12636.3,"population_density":124.2,"all_players":1,"players_per_million":0.64,"player_ids":["athletics:14434925"],"label":"San Cristóbal Verapaz","country":"Guatemala"},"geometry":{"type":"Polygon","coordinates":[[[-90.071098,15.050969],[-89.650869,15.549053],[-89.857391,16.13933],[-90.490629,16.231741],[-90.913327,15.7293],[-90.700349,15.138837],[-90.071098,15.050969]]]}},{"type":"Feature","properties":{"hex_id":"836d69fffffffff","population":3083253,"population_year":2025,"area_km2":12395.2,"population_density":248.7,"all_players":1,"players_per_million":0.32,"player_ids":["athletics:14414628"],"label":"San José","country":"Costa Rica"},"geometry":{"type":"Polygon","coordinates":[[[-84.747363,10.688303],[-85.13678,10.205583],[-84.880231,9.652478],[-84.232607,9.584107],[-83.843685,10.069625],[-84.101849,10.620705],[-84.747363,10.688303]]]}},{"type":"Feature","properties":{"hex_id":"837513fffffffff","population":1350760,"population_year":2025,"area_km2":8885.6,"population_density":152.0,"all_players":1,"players_per_million":0.74,"player_ids":["athletics:14823620"],"label":"Daloa","country":"Ivory Coast"},"geometry":{"type":"Polygon","coordinates":[[[-6.157591,7.621057],[-6.565108,7.219661],[-6.437602,6.748037],[-5.908653,6.676867],[-5.503727,7.073272],[-5.625144,7.545796],[-6.157591,7.621057]]]}},{"type":"Feature","properties":{"hex_id":"837519fffffffff","population":7493098,"population_year":2025,"area_km2":8378.1,"population_density":894.4,"all_players":1,"players_per_million":0.13,"player_ids":["athletics:14924908"],"label":"Treichville","country":"Ivory Coast"},"geometry":{"type":"Polygon","coordinates":[[[-4.643005,5.55633],[-4.538451,5.04231],[-4.050861,4.788697],[-3.662397,5.048182],[-3.763949,5.566254],[-4.257009,5.820792],[-4.643005,5.55633]]]}},{"type":"Feature","properties":{"hex_id":"83752bfffffffff","population":1544239,"population_year":2025,"area_km2":9182.1,"population_density":168.2,"all_players":1,"players_per_million":0.65,"player_ids":["athletics:14873268"],"label":"Akim Oda","country":"Ghana"},"geometry":{"type":"Polygon","coordinates":[[[-1.650411,6.384648],[-1.55576,5.851114],[-1.048007,5.588679],[-0.629315,5.858542],[-0.720399,6.395971],[-1.233785,6.659651],[-1.650411,6.384648]]]}},{"type":"Feature","properties":{"hex_id":"837534fffffffff","population":1540402,"population_year":2025,"area_km2":9571.3,"population_density":160.9,"all_players":1,"players_per_million":0.65,"player_ids":["athletics:14426462"],"label":"Bobo-Dioulasso","country":"Burkina Faso"},"geometry":{"type":"Polygon","coordinates":[[[-4.440424,11.132862],[-4.322448,10.629687],[-4.142659,10.599362],[-3.797774,10.430837],[-3.384446,10.732906],[-3.490832,11.292526],[-4.013998,11.545296],[-4.440424,11.132862]]]}},{"type":"Feature","properties":{"hex_id":"837576fffffffff","population":4725916,"population_year":2025,"area_km2":9127.4,"population_density":517.8,"all_players":2,"players_per_million":0.42,"player_ids":["athletics:14775357","athletics:14893979"],"label":"Accra","country":"Ghana"},"geometry":{"type":"Polygon","coordinates":[[[-1.048007,5.588679],[-0.956372,5.058902],[-0.449615,4.795252],[-0.028986,5.059994],[-0.11701,5.593496],[-0.629315,5.858542],[-1.048007,5.588679]]]}},{"type":"Feature","properties":{"hex_id":"8375a1fffffffff","population":1323122,"population_year":2025,"area_km2":9182.1,"population_density":144.1,"all_players":2,"players_per_million":1.51,"player_ids":["athletics:14622202","athletics:14636900"],"label":"Man","country":"Ivory Coast"},"geometry":{"type":"Polygon","coordinates":[[[-7.779907,7.846174],[-8.187914,7.438547],[-8.048753,6.961155],[-7.5077,6.890207],[-7.101993,7.292743],[-7.23502,7.771275],[-7.779907,7.846174]]]}},{"type":"Feature","properties":{"hex_id":"837a1cfffffffff","population":4007819,"population_year":2025,"area_km2":11889.7,"population_density":337.1,"all_players":1,"players_per_million":0.25,"player_ids":["athletics:14330105"],"label":"Mogadishu","country":"Somalia"},"geometry":{"type":"Polygon","coordinates":[[[45.869775,1.487837],[45.859217,2.0958],[45.329925,2.432146],[44.807123,2.161731],[44.815009,1.550847],[45.348385,1.213282],[45.869775,1.487837]]]}},{"type":"Feature","properties":{"hex_id":"837a48fffffffff","population":2483269,"population_year":2025,"area_km2":13313.8,"population_density":186.5,"all_players":7,"players_per_million":2.82,"player_ids":["athletics:14464203","athletics:14677961","athletics:14707661","athletics:14760499","athletics:14913746","athletics:14940422","athletics:14974928"],"label":"Kapchorwa District","country":"Uganda"},"geometry":{"type":"Polygon","coordinates":[[[35.461882,1.133973],[35.47875,1.767384],[34.923637,2.113165],[34.34919,1.827742],[34.329272,1.193375],[34.886853,0.845356],[35.461882,1.133973]]]}},{"type":"Feature","properties":{"hex_id":"837a4cfffffffff","population":3696278,"population_year":2025,"area_km2":13448.5,"population_density":274.8,"all_players":11,"players_per_million":2.98,"player_ids":["athletics:14208053","athletics:14330373","athletics:14373314","athletics:14376567","athletics:14482919","athletics:14530634","athletics:14593938","athletics:14657163","athletics:14657344","athletics:14808798","athletics:15090820"],"label":"Uasin Gishu County","country":"Kenya"},"geometry":{"type":"Polygon","coordinates":[[[36.003377,0.148098],[36.018848,0.786387],[35.461882,1.133973],[34.886853,0.845356],[34.868314,0.205961],[35.427874,-0.14374],[36.003377,0.148098]]]}},{"type":"Feature","properties":{"hex_id":"837a61fffffffff","population":435725,"population_year":2025,"area_km2":13766.4,"population_density":31.7,"all_players":1,"players_per_million":2.3,"player_ids":["athletics:14692921"],"label":"Kajiado County","country":"Kenya"},"geometry":{"type":"Polygon","coordinates":[[[37.646669,-2.841595],[37.657833,-2.191056],[37.095844,-1.840516],[36.519719,-2.138854],[36.505436,-2.790972],[37.070402,-3.143199],[37.646669,-2.841595]]]}},{"type":"Feature","properties":{"hex_id":"837a6bfffffffff","population":7269355,"population_year":2025,"area_km2":13650.9,"population_density":532.5,"all_players":6,"players_per_million":0.83,"player_ids":["athletics:14413305","athletics:14479183","athletics:14643526","athletics:14749924","athletics:14798146","athletics:14989901"],"label":"Bomet","country":"Kenya"},"geometry":{"type":"Polygon","coordinates":[[[35.410733,-0.787781],[35.427874,-0.14374],[34.868314,0.205961],[34.289117,-0.086304],[34.268878,-0.731355],[34.830934,-1.083161],[35.410733,-0.787781]]]}},{"type":"Feature","properties":{"hex_id":"837ac8fffffffff","population":3196774,"population_year":2025,"area_km2":11640.2,"population_density":274.6,"all_players":1,"players_per_million":0.31,"player_ids":["athletics:14848765"],"label":"Assela","country":"Ethiopia"},"geometry":{"type":"Polygon","coordinates":[[[39.449917,7.321988],[39.455906,7.9064],[38.920472,8.236558],[38.376021,7.984489],[38.367212,7.39868],[38.905681,7.066308],[39.449917,7.321988]]]}},{"type":"Feature","properties":{"hex_id":"837acbfffffffff","population":3802756,"population_year":2025,"area_km2":11481.1,"population_density":331.2,"all_players":2,"players_per_million":0.53,"player_ids":["athletics:14388506","athletics:14751317"],"label":"Gurage Zone","country":"Ethiopia"},"geometry":{"type":"Polygon","coordinates":[[[38.920472,8.236558],[38.92781,8.814668],[38.660683,8.978483],[38.424468,9.145694],[37.848935,8.893463],[37.838785,8.314101],[38.376021,7.984489],[38.920472,8.236558]]]}},{"type":"Feature","properties":{"hex_id":"837ad3fffffffff","population":1026423,"population_year":2025,"area_km2":10765.0,"population_density":95.3,"all_players":1,"players_per_million":0.97,"player_ids":["athletics:14763375"],"label":"Jijiga","country":"Ethiopia"},"geometry":{"type":"Polygon","coordinates":[[[43.68952,8.713354],[43.684674,9.276874],[43.424424,9.440448],[43.205822,9.608082],[42.64445,9.3692],[42.646675,8.80375],[43.171012,8.474835],[43.68952,8.713354]]]}},{"type":"Feature","properties":{"hex_id":"838183fffffffff","population":5247099,"population_year":2025,"area_km2":14549.9,"population_density":360.6,"all_players":2,"players_per_million":0.38,"player_ids":["athletics:14268877","athletics:14327283"],"label":"João Pessoa","country":"Brazil"},"geometry":{"type":"Polygon","coordinates":[[[-34.568125,-8.145351],[-34.225299,-7.561978],[-34.55771,-6.976818],[-35.233892,-6.974007],[-35.57876,-7.558052],[-35.24545,-8.144235],[-34.568125,-8.145351]]]}},{"type":"Feature","properties":{"hex_id":"83818cfffffffff","population":463618,"population_year":2025,"area_km2":14715.5,"population_density":31.5,"all_players":1,"players_per_million":2.16,"player_ids":["athletics:14269216"],"label":"Taperoá","country":"Brazil"},"geometry":{"type":"Polygon","coordinates":[[[-36.605565,-8.138603],[-36.258266,-7.554509],[-36.591714,-6.96546],[-37.272986,-6.959711],[-37.621911,-7.544231],[-37.287986,-8.134073],[-36.605565,-8.138603]]]}},{"type":"Feature","properties":{"hex_id":"838233fffffffff","population":1605944,"population_year":2025,"area_km2":12650.8,"population_density":126.9,"all_players":1,"players_per_million":0.62,"player_ids":["athletics:14429097"],"label":"Pointe-Noire","country":"Republic of the Congo"},"geometry":{"type":"Polygon","coordinates":[[[12.242809,-5.314565],[12.317762,-4.676325],[11.82158,-4.317031],[11.252899,-4.592551],[11.175959,-5.226804],[11.66966,-5.589529],[12.242809,-5.314565]]]}},{"type":"Feature","properties":{"hex_id":"83828bfffffffff","population":4392972,"population_year":2025,"area_km2":11308.9,"population_density":388.5,"all_players":1,"players_per_million":0.23,"player_ids":["athletics:14852717"],"label":"Yaoundé","country":"Cameroon"},"geometry":{"type":"Polygon","coordinates":[[[11.670106,3.160647],[11.743442,3.757996],[11.268593,4.070517],[10.722778,3.789625],[10.647644,3.195865],[11.120099,2.879399],[11.670106,3.160647]]]}},{"type":"Feature","properties":{"hex_id":"8382dbfffffffff","population":7407867,"population_year":2025,"area_km2":10331.1,"population_density":717.0,"all_players":1,"players_per_million":0.13,"player_ids":["athletics:14591118"],"label":"Ughelli","country":"Nigeria"},"geometry":{"type":"Polygon","coordinates":[[[5.720322,5.590237],[5.783541,5.03682],[6.315945,4.75663],[6.790367,5.027556],[6.731779,5.583806],[6.194103,5.866324],[5.720322,5.590237]]]}},{"type":"Feature","properties":{"hex_id":"83831efffffffff","population":10664916,"population_year":2025,"area_km2":13313.8,"population_density":801.0,"all_players":1,"players_per_million":0.09,"player_ids":["athletics:15021775"],"label":"Luanda","country":"Angola"},"geometry":{"type":"Polygon","coordinates":[[[13.982713,-9.390913],[14.055441,-8.737647],[13.539375,-8.360313],[12.952801,-8.633275],[12.877846,-9.282796],[13.391665,-9.663109],[13.982713,-9.390913]]]}},{"type":"Feature","properties":{"hex_id":"83838efffffffff","population":12029902,"population_year":2025,"area_km2":13290.2,"population_density":905.2,"all_players":4,"players_per_million":0.33,"player_ids":["athletics:14375638","athletics:14595067","athletics:14804999","athletics:14910752"],"label":"Kinshasa","country":"Democratic Republic of the Congo"},"geometry":{"type":"Polygon","coordinates":[[[16.173217,-4.638744],[16.239904,-3.990915],[15.72104,-3.630703],[15.137201,-3.914967],[15.068175,-4.559528],[15.585302,-4.923107],[16.173217,-4.638744]]]}},{"type":"Feature","properties":{"hex_id":"8385a2fffffffff","population":116257,"population_year":2025,"area_km2":11027.4,"population_density":10.5,"all_players":1,"players_per_million":8.6,"player_ids":["athletics:14642679"],"label":"Victoria","country":"Seychelles"},"geometry":{"type":"Polygon","coordinates":[[[54.6729,-4.534887],[54.717189,-5.104577],[55.256809,-5.304322],[55.751167,-4.929445],[55.701734,-4.358249],[55.163096,-4.163403],[54.6729,-4.534887]]]}},{"type":"Feature","properties":{"hex_id":"838934fffffffff","population":206612,"population_year":2025,"area_km2":13900.5,"population_density":14.9,"all_players":1,"players_per_million":4.84,"player_ids":["athletics:14385035"],"label":"Moorea-Maiao","country":"France"},"geometry":{"type":"Polygon","coordinates":[[[-148.806309,-18.242013],[-148.618153,-17.616393],[-149.099698,-17.137796],[-149.770724,-17.280226],[-149.965601,-17.904664],[-149.482784,-18.38789],[-148.806309,-18.242013]]]}},{"type":"Feature","properties":{"hex_id":"838b64fffffffff","population":111944,"population_year":2025,"area_km2":13716.7,"population_density":8.2,"all_players":1,"players_per_million":8.93,"player_ids":["athletics:14591647"],"label":"Pallpata District","country":"Peru"},"geometry":{"type":"Polygon","coordinates":[[[-71.205015,-14.551147],[-71.584739,-15.103876],[-71.294303,-15.694733],[-70.624921,-15.730668],[-70.2489,-15.17852],[-70.538512,-14.589858],[-71.205015,-14.551147]]]}},{"type":"Feature","properties":{"hex_id":"838b65fffffffff","population":241650,"population_year":2025,"area_km2":13900.5,"population_density":17.4,"all_players":1,"players_per_million":4.14,"player_ids":["athletics:14746476"],"label":"Espinar Province","country":"Peru"},"geometry":{"type":"Polygon","coordinates":[[[-72.164138,-13.914277],[-72.547372,-14.46742],[-72.257376,-15.063301],[-71.584739,-15.103876],[-71.205015,-14.551147],[-71.494371,-13.957432],[-72.164138,-13.914277]]]}},{"type":"Feature","properties":{"hex_id":"838b9efffffffff","population":41461,"population_year":2025,"area_km2":13766.4,"population_density":3.0,"all_players":1,"players_per_million":24.12,"player_ids":["athletics:14429487"],"label":"Matupá","country":"Brazil"},"geometry":{"type":"Polygon","coordinates":[[[-54.048341,-10.542593],[-53.69752,-9.989152],[-54.007155,-9.398187],[-54.664685,-9.362368],[-55.013416,-9.914746],[-54.706745,-10.504006],[-54.048341,-10.542593]]]}},{"type":"Feature","properties":{"hex_id":"838e60fffffffff","population":933383,"population_year":2025,"area_km2":14495.3,"population_density":64.4,"all_players":2,"players_per_million":2.14,"player_ids":["athletics:14293276","athletics:14546586"],"label":"Huancayo","country":"Peru"},"geometry":{"type":"Polygon","coordinates":[[[-76.020086,-11.282927],[-76.415289,-11.836039],[-76.128726,-12.448314],[-75.446794,-12.505513],[-75.054261,-11.95214],[-75.34094,-11.341834],[-76.020086,-11.282927]]]}},{"type":"Feature","properties":{"hex_id":"838f29fffffffff","population":973048,"population_year":2025,"area_km2":14387.3,"population_density":67.6,"all_players":1,"players_per_million":1.03,"player_ids":["athletics:14501901"],"label":"Riobamba","country":"Ecuador"},"geometry":{"type":"Polygon","coordinates":[[[-79.161302,-1.578767],[-79.554553,-2.115079],[-79.279066,-2.727902],[-78.609576,-2.802093],[-78.218164,-2.264143],[-78.494355,-1.653643],[-79.161302,-1.578767]]]}},{"type":"Feature","properties":{"hex_id":"838f2bfffffffff","population":3664852,"population_year":2025,"area_km2":14495.3,"population_density":252.8,"all_players":1,"players_per_million":0.27,"player_ids":["athletics:14262292"],"label":"Guayaquil","country":"Ecuador"},"geometry":{"type":"Polygon","coordinates":[[[-80.22413,-2.039944],[-80.620682,-2.578089],[-80.346102,-3.193039],[-79.674015,-3.267721],[-79.279066,-2.727902],[-79.554553,-2.115079],[-80.22413,-2.039944]]]}},{"type":"Feature","properties":{"hex_id":"838f2dfffffffff","population":1364116,"population_year":2025,"area_km2":14254.2,"population_density":95.7,"all_players":1,"players_per_million":0.73,"player_ids":["athletics:14262339"],"label":"Ambato","country":"Ecuador"},"geometry":{"type":"Polygon","coordinates":[[[-79.044395,-0.436733],[-79.43596,-0.969107],[-79.161302,-1.578767],[-78.494355,-1.653643],[-78.104641,-1.119524],[-78.379976,-0.512277],[-79.044395,-0.436733]]]}},{"type":"Feature","properties":{"hex_id":"838f76fffffffff","population":960379,"population_year":2025,"area_km2":14504.4,"population_density":66.2,"all_players":1,"players_per_million":1.04,"player_ids":["athletics:14746400"],"label":"Cuenca","country":"Ecuador"},"geometry":{"type":"Polygon","coordinates":[[[-79.279066,-2.727902],[-79.674015,-3.267721],[-79.397697,-3.883255],[-78.72565,-3.956749],[-78.332527,-3.415403],[-78.609576,-2.802093],[-79.279066,-2.727902]]]}},{"type":"Feature","properties":{"hex_id":"83942cfffffffff","population":835654,"population_year":2025,"area_km2":12870.5,"population_density":64.9,"all_players":1,"players_per_million":1.2,"player_ids":["athletics:14850871"],"label":"Dili","country":"Timor-Leste"},"geometry":{"type":"Polygon","coordinates":[[[125.01119,-8.285432],[125.125902,-8.911295],[125.728274,-9.154233],[126.218423,-8.77071],[126.103721,-8.141849],[125.498838,-7.899498],[125.01119,-8.285432]]]}},{"type":"Feature","properties":{"hex_id":"83962efffffffff","population":2047919,"population_year":2025,"area_km2":14912.7,"population_density":137.3,"all_players":1,"players_per_million":0.49,"player_ids":["athletics:14930603"],"label":"Lusaka","country":"Zambia"},"geometry":{"type":"Polygon","coordinates":[[[28.279926,-15.584664],[28.318506,-14.904351],[27.728587,-14.530908],[27.099006,-14.836372],[27.057034,-15.516208],[27.648023,-15.891084],[28.279926,-15.584664]]]}},{"type":"Feature","properties":{"hex_id":"839691fffffffff","population":1604695,"population_year":2025,"area_km2":14210.2,"population_density":112.9,"all_players":1,"players_per_million":0.62,"player_ids":["athletics:14487535"],"label":"Singida","country":"Tanzania"},"geometry":{"type":"Polygon","coordinates":[[[35.305916,-4.71571],[35.323623,-4.054226],[34.754954,-3.698793],[34.166024,-4.003093],[34.145116,-4.665677],[34.716339,-5.022889],[35.305916,-4.71571]]]}},{"type":"Feature","properties":{"hex_id":"8396b3fffffffff","population":1828203,"population_year":2025,"area_km2":14333.8,"population_density":127.5,"all_players":1,"players_per_million":0.55,"player_ids":["athletics:14840516"],"label":"Dodoma","country":"Tanzania"},"geometry":{"type":"Polygon","coordinates":[[[36.418082,-6.757355],[36.432841,-6.09071],[35.860316,-5.735538],[35.270208,-6.045591],[35.252206,-6.713653],[35.827558,-7.070271],[36.418082,-6.757355]]]}},{"type":"Feature","properties":{"hex_id":"839708fffffffff","population":709032,"population_year":2025,"area_km2":14687.7,"population_density":48.3,"all_players":1,"players_per_million":1.41,"player_ids":["athletics:14805965"],"label":"Gweru","country":"Zimbabwe"},"geometry":{"type":"Polygon","coordinates":[[[30.53457,-19.762583],[30.567353,-19.089117],[29.963603,-18.725623],[29.325363,-19.034835],[29.288996,-19.708417],[29.894444,-20.072699],[30.53457,-19.762583]]]}},{"type":"Feature","properties":{"hex_id":"839773fffffffff","population":98951,"population_year":2025,"area_km2":14586.4,"population_density":6.8,"all_players":1,"players_per_million":10.11,"player_ids":["athletics:14847443"],"label":"Tutume","country":"Botswana"},"geometry":{"type":"Polygon","coordinates":[[[27.358776,-20.617412],[27.400805,-19.946973],[26.800186,-19.574318],[26.156656,-19.871128],[26.111126,-20.540949],[26.712612,-20.914608],[27.358776,-20.617412]]]}},{"type":"Feature","properties":{"hex_id":"839d0bfffffffff","population":205876,"population_year":2025,"area_km2":13220.0,"population_density":15.6,"all_players":1,"players_per_million":4.86,"player_ids":["athletics:14514560"],"label":"Thuringowa Central","country":"Australia"},"geometry":{"type":"Polygon","coordinates":[[[147.335389,-19.710104],[147.217062,-19.090051],[146.572745,-18.888357],[146.041409,-19.302203],[146.151528,-19.922933],[146.801225,-20.129189],[147.335389,-19.710104]]]}},{"type":"Feature","properties":{"hex_id":"839d21fffffffff","population":171973,"population_year":2025,"area_km2":14123.1,"population_density":12.2,"all_players":1,"players_per_million":5.81,"player_ids":["athletics:14517121"],"label":"Rockhampton","country":"Australia"},"geometry":{"type":"Polygon","coordinates":[[[151.389767,-23.879678],[151.236198,-23.238057],[150.546153,-23.040467],[150.002792,-23.480798],[150.147735,-24.124022],[150.844726,-24.325357],[151.389767,-23.879678]]]}},{"type":"Feature","properties":{"hex_id":"83a726fffffffff","population":1846194,"population_year":2025,"area_km2":9765.8,"population_density":189.0,"all_players":2,"players_per_million":1.08,"player_ids":["athletics:14514549","athletics:14745474"],"label":"Subiaco","country":"Australia"},"geometry":{"type":"Polygon","coordinates":[[[116.156806,-31.717896],[115.668386,-31.333698],[115.004431,-31.434051],[114.818313,-31.922938],[115.307453,-32.314951],[115.982101,-32.210194],[116.156806,-31.717896]]]}},{"type":"Feature","properties":{"hex_id":"83a808fffffffff","population":622901,"population_year":2025,"area_km2":12479.4,"population_density":49.9,"all_players":1,"players_per_million":1.61,"player_ids":["athletics:14175971"],"label":"Pacaembu","country":"Brazil"},"geometry":{"type":"Polygon","coordinates":[[[-51.443045,-22.360202],[-51.082091,-21.856255],[-51.404803,-21.299013],[-52.085885,-21.247684],[-52.445193,-21.751941],[-52.125109,-22.30722],[-51.443045,-22.360202]]]}},{"type":"Feature","properties":{"hex_id":"83a80afffffffff","population":715342,"population_year":2025,"area_km2":12679.7,"population_density":56.4,"all_players":2,"players_per_million":2.8,"player_ids":["athletics:14460894","athletics:14497005"],"label":"Penápolis","country":"Brazil"},"geometry":{"type":"Polygon","coordinates":[[[-50.396504,-21.904435],[-50.034685,-21.393867],[-50.359831,-20.834788],[-51.044408,-20.788116],[-51.404803,-21.299013],[-51.082091,-21.856255],[-50.396504,-21.904435]]]}},{"type":"Feature","properties":{"hex_id":"83a810fffffffff","population":24232036,"population_year":2025,"area_km2":12479.4,"population_density":1941.8,"all_players":3,"players_per_million":0.12,"player_ids":["athletics:14488481","athletics:14545924","athletics:14579558"],"label":"São Paulo","country":"Brazil"},"geometry":{"type":"Polygon","coordinates":[[[-46.29901,-24.248724],[-45.933728,-23.740374],[-46.268552,-23.19855],[-46.967078,-23.166485],[-47.331841,-23.675521],[-46.998649,-24.215936],[-46.29901,-24.248724]]]}},{"type":"Feature","properties":{"hex_id":"83a811fffffffff","population":4526712,"population_year":2025,"area_km2":12550.3,"population_density":360.7,"all_players":2,"players_per_million":0.44,"player_ids":["athletics:14657140","athletics:14718734"],"label":"Piracicaba","country":"Brazil"},"geometry":{"type":"Polygon","coordinates":[[[-47.331841,-23.675521],[-46.967078,-23.166485],[-47.299771,-22.619816],[-47.995432,-22.583696],[-48.35944,-23.093332],[-48.028592,-23.638488],[-47.331841,-23.675521]]]}},{"type":"Feature","properties":{"hex_id":"83a812fffffffff","population":2354312,"population_year":2025,"area_km2":12636.3,"population_density":186.3,"all_players":1,"players_per_million":0.42,"player_ids":["athletics:14697693"],"label":"Caraguatatuba","country":"Brazil"},"geometry":{"type":"Polygon","coordinates":[[[-45.232774,-23.768137],[-44.867828,-23.253515],[-45.204057,-22.710396],[-45.90388,-22.683194],[-46.268552,-23.19855],[-45.933728,-23.740374],[-45.232774,-23.768137]]]}},{"type":"Feature","properties":{"hex_id":"83a813fffffffff","population":3194695,"population_year":2025,"area_km2":12716.0,"population_density":251.2,"all_players":1,"players_per_million":0.31,"player_ids":["athletics:14546452"],"label":"Campinas","country":"Brazil"},"geometry":{"type":"Polygon","coordinates":[[[-46.268552,-23.19855],[-45.90388,-22.683194],[-46.238194,-22.13513],[-46.93561,-22.103817],[-47.299771,-22.619816],[-46.967078,-23.166485],[-46.268552,-23.19855]]]}},{"type":"Feature","properties":{"hex_id":"83a81afffffffff","population":1933015,"population_year":2025,"area_km2":13005.4,"population_density":148.6,"all_players":1,"players_per_million":0.52,"player_ids":["athletics:14755064"],"label":"São Joaquim da Barra","country":"Brazil"},"geometry":{"type":"Polygon","coordinates":[[[-47.267805,-21.55115],[-46.904244,-21.028426],[-47.235943,-20.470042],[-47.929433,-20.435854],[-48.292259,-20.959067],[-47.962379,-21.515979],[-47.267805,-21.55115]]]}},{"type":"Feature","properties":{"hex_id":"83a81efffffffff","population":1672240,"population_year":2025,"area_km2":12781.8,"population_density":130.8,"all_players":1,"players_per_million":0.6,"player_ids":["athletics:14813665"],"label":"Limeira","country":"Brazil"},"geometry":{"type":"Polygon","coordinates":[[[-47.299771,-22.619816],[-46.93561,-22.103817],[-47.267805,-21.55115],[-47.962379,-21.515979],[-48.325795,-22.032526],[-47.995432,-22.583696],[-47.299771,-22.619816]]]}},{"type":"Feature","properties":{"hex_id":"83a835fffffffff","population":2889222,"population_year":2025,"area_km2":11640.2,"population_density":248.2,"all_players":1,"players_per_million":0.35,"player_ids":["athletics:14674309"],"label":"Blumenau","country":"Brazil"},"geometry":{"type":"Polygon","coordinates":[[[-48.495111,-27.200878],[-48.128718,-26.720856],[-48.461028,-26.195141],[-49.157677,-26.151054],[-49.523042,-26.631749],[-49.192836,-27.155857],[-48.495111,-27.200878]]]}},{"type":"Feature","properties":{"hex_id":"83a88cfffffffff","population":3442626,"population_year":2025,"area_km2":13448.5,"population_density":256.0,"all_players":1,"players_per_million":0.29,"player_ids":["athletics:14718731"],"label":"Contagem","country":"Brazil"},"geometry":{"type":"Polygon","coordinates":[[[-44.08545,-20.043635],[-43.722951,-19.503925],[-44.058763,-18.941939],[-44.755983,-18.920725],[-45.118474,-19.461066],[-44.783806,-20.02199],[-44.08545,-20.043635]]]}},{"type":"Feature","properties":{"hex_id":"83a8a2fffffffff","population":2464028,"population_year":2025,"area_km2":12803.9,"population_density":192.4,"all_players":1,"players_per_million":0.41,"player_ids":["athletics:14691803"],"label":"Araruama","country":"Brazil"},"geometry":{"type":"Polygon","coordinates":[[[-42.057507,-23.326224],[-41.694455,-22.80075],[-42.034051,-22.260838],[-42.736041,-22.247372],[-43.099555,-22.773798],[-42.760671,-23.312736],[-42.057507,-23.326224]]]}},{"type":"Feature","properties":{"hex_id":"83a8a3fffffffff","population":3918067,"population_year":2025,"area_km2":12915.2,"population_density":303.4,"all_players":1,"players_per_million":0.26,"player_ids":["athletics:14723385"],"label":"Juiz de Fora","country":"Brazil"},"geometry":{"type":"Polygon","coordinates":[[[-43.099555,-22.773798],[-42.736041,-22.247372],[-43.074383,-21.702016],[-43.775354,-21.684143],[-44.139089,-22.211418],[-43.801686,-22.755715],[-43.099555,-22.773798]]]}},{"type":"Feature","properties":{"hex_id":"83a8d1fffffffff","population":1307414,"population_year":2025,"area_km2":13968.4,"population_density":93.6,"all_players":2,"players_per_million":1.53,"player_ids":["athletics:14175843","athletics:14816432"],"label":"Sobradinho","country":"Brazil"},"geometry":{"type":"Polygon","coordinates":[[[-47.109521,-16.03319],[-46.748934,-15.481233],[-47.078169,-14.899273],[-47.766284,-14.870479],[-48.126183,-15.422507],[-47.798704,-16.003258],[-47.109521,-16.03319]]]}},{"type":"Feature","properties":{"hex_id":"83a943fffffffff","population":434178,"population_year":2025,"area_km2":10924.8,"population_density":39.7,"all_players":1,"players_per_million":2.3,"player_ids":["athletics:14922045"],"label":"Tebicuary","country":"Paraguay"},"geometry":{"type":"Polygon","coordinates":[[[-56.684962,-26.452113],[-56.330754,-25.998884],[-56.639247,-25.463838],[-57.298468,-25.384508],[-57.649991,-25.83818],[-57.345012,-26.370745],[-56.684962,-26.452113]]]}},{"type":"Feature","properties":{"hex_id":"83ac82fffffffff","population":215045,"population_year":2025,"area_km2":13816.5,"population_density":15.6,"all_players":1,"players_per_million":4.65,"player_ids":["athletics:14572721"],"label":"Ondangwa","country":"Namibia"},"geometry":{"type":"Polygon","coordinates":[[[17.042564,-18.717812],[17.111267,-18.058846],[16.556016,-17.662176],[15.933796,-17.922711],[15.86238,-18.578761],[16.415868,-18.977208],[17.042564,-18.717812]]]}},{"type":"Feature","properties":{"hex_id":"83ad32fffffffff","population":196349,"population_year":2025,"area_km2":11896.2,"population_density":16.5,"all_players":1,"players_per_million":5.09,"player_ids":["athletics:14220168"],"label":"Vredenburg","country":"South Africa"},"geometry":{"type":"Polygon","coordinates":[[[18.564036,-33.250257],[18.633611,-32.659682],[18.03101,-32.281494],[17.360418,-32.493477],[17.287581,-33.082355],[17.888565,-33.460973],[18.564036,-33.250257]]]}},{"type":"Feature","properties":{"hex_id":"83ad36fffffffff","population":5535663,"population_year":2025,"area_km2":11735.1,"population_density":471.7,"all_players":2,"players_per_million":0.36,"player_ids":["athletics:14417677","athletics:14462668"],"label":"Cape Town","country":"South Africa"},"geometry":{"type":"Polygon","coordinates":[[[19.103997,-34.207935],[19.172477,-33.623556],[18.564036,-33.250257],[17.888565,-33.460973],[17.816737,-34.043796],[18.423695,-34.417486],[19.103997,-34.207935]]]}},{"type":"Feature","properties":{"hex_id":"83ad93fffffffff","population":15496,"population_year":2025,"area_km2":13866.8,"population_density":1.1,"all_players":1,"players_per_million":64.53,"player_ids":["athletics:14935809"],"label":"Hukuntsi","country":"Botswana"},"geometry":{"type":"Polygon","coordinates":[[[22.052819,-24.208605],[22.110337,-23.557052],[21.517093,-23.172328],[20.866871,-23.438175],[20.806066,-24.088071],[21.398746,-24.473802],[22.052819,-24.208605]]]}},{"type":"Feature","properties":{"hex_id":"83b2c5fffffffff","population":7706249,"population_year":2025,"area_km2":10691.6,"population_density":720.8,"all_players":2,"players_per_million":0.26,"player_ids":["athletics:14718347","athletics:14748703"],"label":"Santiago","country":"Chile"},"geometry":{"type":"Polygon","coordinates":[[[-70.680815,-32.940387],[-71.083294,-33.435542],[-70.773643,-33.916601],[-70.062513,-33.902016],[-69.664357,-33.408238],[-69.972956,-32.927676],[-70.680815,-32.940387]]]}},{"type":"Feature","properties":{"hex_id":"83b2d8fffffffff","population":745774,"population_year":2025,"area_km2":10260.8,"population_density":72.7,"all_players":1,"players_per_million":1.34,"player_ids":["athletics:14407566"],"label":"Concepción","country":"Chile"},"geometry":{"type":"Polygon","coordinates":[[[-73.136688,-35.855779],[-73.415573,-36.171045],[-73.501742,-36.342541],[-73.077466,-36.840369],[-72.39739,-36.81755],[-72.233324,-36.473773],[-72.095333,-36.316257],[-72.40827,-35.850584],[-73.136688,-35.855779]]]}},{"type":"Feature","properties":{"hex_id":"83b916fffffffff","population":1368696,"population_year":2025,"area_km2":13841.6,"population_density":98.9,"all_players":2,"players_per_million":1.46,"player_ids":["athletics:14519260","athletics:14565327"],"label":"Adelaide","country":"Australia"},"geometry":{"type":"Polygon","coordinates":[[[139.200573,-34.751633],[139.129671,-34.088237],[138.420784,-33.809579],[137.778412,-34.188927],[137.837784,-34.850139],[138.551045,-35.134235],[139.200573,-34.751633]]]}},{"type":"Feature","properties":{"hex_id":"83bb08fffffffff","population":166592,"population_year":2025,"area_km2":12679.7,"population_density":13.1,"all_players":1,"players_per_million":6.0,"player_ids":["athletics:14578186"],"label":"Hastings","country":"New Zealand"},"geometry":{"type":"Polygon","coordinates":[[[177.75966,-39.210775],[177.398429,-38.643671],[176.616053,-38.618824],[176.182758,-39.164654],[176.541203,-39.737336],[177.335885,-39.758591],[177.75966,-39.210775]]]}},{"type":"Feature","properties":{"hex_id":"83bb50fffffffff","population":1759286,"population_year":2025,"area_km2":13096.6,"population_density":134.3,"all_players":4,"players_per_million":2.27,"player_ids":["athletics:14464500","athletics:14610254","athletics:14668954","athletics:14728356"],"label":"Auckland","country":"New Zealand"},"geometry":{"type":"Polygon","coordinates":[[[175.568271,-36.884501],[175.227336,-36.30045],[174.454886,-36.252874],[174.011624,-36.792406],[174.349024,-37.382116],[175.133375,-37.426619],[175.568271,-36.884501]]]}},{"type":"Feature","properties":{"hex_id":"83bb56fffffffff","population":348029,"population_year":2025,"area_km2":12900.3,"population_density":27.0,"all_players":2,"players_per_million":5.75,"player_ids":["athletics:14465380","athletics:14785591"],"label":"Pāpāmoa Beach","country":"New Zealand"},"geometry":{"type":"Polygon","coordinates":[[[176.688659,-37.499409],[176.340024,-36.922562],[175.568271,-36.884501],[175.133375,-37.426619],[175.478897,-38.009138],[176.26258,-38.043849],[176.688659,-37.499409]]]}},{"type":"Feature","properties":{"hex_id":"83bb72fffffffff","population":122612,"population_year":2025,"area_km2":13081.4,"population_density":9.4,"all_players":1,"players_per_million":8.16,"player_ids":["athletics:14499691"],"label":"Stratford","country":"New Zealand"},"geometry":{"type":"Polygon","coordinates":[[[175.386773,-39.133271],[175.036544,-38.552712],[174.239926,-38.51126],[173.781053,-39.053375],[174.127439,-39.639419],[174.93671,-39.677849],[175.386773,-39.133271]]]}},{"type":"Feature","properties":{"hex_id":"83bc1bfffffffff","population":2859128,"population_year":2025,"area_km2":13050.9,"population_density":219.1,"all_players":1,"players_per_million":0.35,"player_ids":["athletics:14544053"],"label":"Amanzimtoti","country":"South Africa"},"geometry":{"type":"Polygon","coordinates":[[[31.925523,-30.548532],[31.955702,-29.92542],[31.320534,-29.597031],[30.652925,-29.89183],[30.618766,-30.515339],[31.25619,-30.843684],[31.925523,-30.548532]]]}},{"type":"Feature","properties":{"hex_id":"83bc45fffffffff","population":492474,"population_year":2025,"area_km2":11948.5,"population_density":41.2,"all_players":2,"players_per_million":4.06,"player_ids":["athletics:14220053","athletics:14838299"],"label":"Pacaltsdorp","country":"South Africa"},"geometry":{"type":"Polygon","coordinates":[[[23.02634,-34.621836],[23.084032,-34.033899],[22.456426,-33.678338],[21.77144,-33.910402],[21.710037,-34.497342],[22.337303,-34.853247],[23.02634,-34.621836]]]}},{"type":"Feature","properties":{"hex_id":"83bc4dfffffffff","population":249037,"population_year":2025,"area_km2":11988.0,"population_density":20.8,"all_players":1,"players_per_million":4.02,"player_ids":["athletics:14741268"],"label":"Ceres","country":"South Africa"},"geometry":{"type":"Polygon","coordinates":[[[19.851783,-33.405829],[19.917965,-32.813744],[19.308266,-32.440867],[18.633611,-32.659682],[18.564036,-33.250257],[19.172477,-33.623556],[19.851783,-33.405829]]]}},{"type":"Feature","properties":{"hex_id":"83bc6bfffffffff","population":418248,"population_year":2025,"area_km2":11818.4,"population_density":35.4,"all_players":1,"players_per_million":2.39,"player_ids":["athletics:14558613"],"label":"Worcester","country":"South Africa"},"geometry":{"type":"Polygon","coordinates":[[[20.402167,-34.359253],[20.467169,-33.7735],[19.851783,-33.405829],[19.172477,-33.623556],[19.103997,-34.207935],[19.718269,-34.57599],[20.402167,-34.359253]]]}},{"type":"Feature","properties":{"hex_id":"83bc89fffffffff","population":1422881,"population_year":2025,"area_km2":13716.7,"population_density":103.7,"all_players":1,"players_per_million":0.7,"player_ids":["athletics:14381280"],"label":"Maputo","country":"Mozambique"},"geometry":{"type":"Polygon","coordinates":[[[33.384701,-26.775392],[33.40995,-26.130419],[32.785383,-25.795459],[32.132995,-26.105535],[32.103888,-26.751237],[32.731024,-27.086165],[33.384701,-26.775392]]]}},{"type":"Feature","properties":{"hex_id":"83bcc2fffffffff","population":2874436,"population_year":2025,"area_km2":13816.5,"population_density":208.0,"all_players":1,"players_per_million":0.35,"player_ids":["athletics:14789653"],"label":"Benoni","country":"South Africa"},"geometry":{"type":"Polygon","coordinates":[[[29.536319,-26.668105],[29.573086,-26.021731],[28.952033,-25.669244],[28.292681,-25.962826],[28.252135,-26.609142],[28.874709,-26.961965],[29.536319,-26.668105]]]}},{"type":"Feature","properties":{"hex_id":"83bcc3fffffffff","population":10165897,"population_year":2025,"area_km2":13816.5,"population_density":735.8,"all_players":4,"players_per_million":0.39,"player_ids":["athletics:14417763","athletics:14741320","athletics:14745817","athletics:14748228"],"label":"Kempton Park","country":"South Africa"},"geometry":{"type":"Polygon","coordinates":[[[28.252135,-26.609142],[28.292681,-25.962826],[27.674042,-25.604797],[27.013681,-25.892672],[26.969404,-26.538665],[27.589205,-26.897137],[28.252135,-26.609142]]]}},{"type":"Feature","properties":{"hex_id":"83bcc4fffffffff","population":628701,"population_year":2025,"area_km2":13472.5,"population_density":46.7,"all_players":1,"players_per_million":1.59,"player_ids":["athletics:14578589"],"label":"Phuthaditjhaba","country":"South Africa"},"geometry":{"type":"Polygon","coordinates":[[[29.424697,-28.585894],[29.462126,-27.950318],[28.835702,-27.603088],[28.17032,-27.891227],[28.129047,-28.526735],[28.756987,-28.874203],[29.424697,-28.585894]]]}},{"type":"Feature","properties":{"hex_id":"83bccafffffffff","population":893359,"population_year":2025,"area_km2":13942.8,"population_density":64.1,"all_players":1,"players_per_million":1.12,"player_ids":["athletics:14883897"],"label":"Kanye","country":"Botswana"},"geometry":{"type":"Polygon","coordinates":[[[26.398063,-25.529286],[26.443781,-24.878612],[25.832416,-24.51073],[25.17468,-24.792901],[25.125353,-25.442852],[25.737352,-25.811385],[26.398063,-25.529286]]]}},{"type":"Feature","properties":{"hex_id":"83bcd5fffffffff","population":478504,"population_year":2025,"area_km2":13799.7,"population_density":34.7,"all_players":1,"players_per_million":2.09,"player_ids":["athletics:14942761"],"label":"Mpumalanga","country":"South Africa"},"geometry":{"type":"Polygon","coordinates":[[[30.820666,-26.71548],[30.853616,-26.069311],[30.230769,-25.722531],[29.573086,-26.021731],[29.536319,-26.668105],[30.161044,-27.015106],[30.820666,-26.71548]]]}},{"type":"Feature","properties":{"hex_id":"83bcdefffffffff","population":864099,"population_year":2025,"area_km2":14123.1,"population_density":61.2,"all_players":1,"players_per_million":1.16,"player_ids":["athletics:14932729"],"label":"Limpopo","country":"South Africa"},"geometry":{"type":"Polygon","coordinates":[[[29.64597,-24.719138],[29.682092,-24.063211],[29.066325,-23.706088],[28.4129,-24.004465],[28.373062,-24.660342],[28.990355,-25.017922],[29.64597,-24.719138]]]}},{"type":"Feature","properties":{"hex_id":"83bceafffffffff","population":458566,"population_year":2025,"area_km2":13456.5,"population_density":34.1,"all_players":2,"players_per_million":4.36,"player_ids":["athletics:14221197","athletics:14789586"],"label":"Welkom","country":"South Africa"},"geometry":{"type":"Polygon","coordinates":[[[26.835002,-28.455298],[26.880067,-27.820109],[26.259296,-27.461202],[25.592669,-27.737086],[25.543874,-28.371706],[26.165419,-28.731042],[26.835002,-28.455298]]]}},{"type":"Feature","properties":{"hex_id":"83bcf1fffffffff","population":1465804,"population_year":2025,"area_km2":13456.5,"population_density":108.9,"all_players":1,"players_per_million":0.68,"player_ids":["athletics:14696997"],"label":"Ladysmith","country":"South Africa"},"geometry":{"type":"Polygon","coordinates":[[[30.720627,-28.632698],[30.754173,-27.997305],[30.125868,-27.656164],[29.462126,-27.950318],[29.424697,-28.585894],[30.054883,-28.927165],[30.720627,-28.632698]]]}},{"type":"Feature","properties":{"hex_id":"83be08fffffffff","population":3715576,"population_year":2025,"area_km2":14884.3,"population_density":249.6,"all_players":3,"players_per_million":0.81,"player_ids":["athletics:14387190","athletics:14406120","athletics:14743991"],"label":"The Hills Shire","country":"Australia"},"geometry":{"type":"Polygon","coordinates":[[[151.210157,-34.25249],[151.038963,-33.586023],[150.264159,-33.373537],[149.651925,-33.824078],[149.812161,-34.491757],[150.595673,-34.707733],[151.210157,-34.25249]]]}},{"type":"Feature","properties":{"hex_id":"83be0cfffffffff","population":120630,"population_year":2025,"area_km2":14912.7,"population_density":8.1,"all_players":1,"players_per_million":8.29,"player_ids":["athletics:14464506"],"label":"Albion Park","country":"Australia"},"geometry":{"type":"Polygon","coordinates":[[[152.177285,-35.125129],[151.996416,-34.459593],[151.210157,-34.25249],[150.595673,-34.707733],[150.76551,-35.374724],[151.560957,-35.585066],[152.177285,-35.125129]]]}},{"type":"Feature","properties":{"hex_id":"83be0efffffffff","population":2059884,"population_year":2025,"area_km2":14922.2,"population_density":138.0,"all_players":5,"players_per_million":2.43,"player_ids":["athletics:14455195","athletics:14455361","athletics:14572123","athletics:14575440","athletics:14608674"],"label":"Crows Nest","country":"Australia"},"geometry":{"type":"Polygon","coordinates":[[[152.602318,-33.997],[152.420459,-33.332138],[151.64327,-33.128216],[151.038963,-33.586023],[151.210157,-34.25249],[151.996416,-34.459593],[152.602318,-33.997]]]}},{"type":"Feature","properties":{"hex_id":"83be52fffffffff","population":2864,"population_year":2025,"area_km2":14696.9,"population_density":0.2,"all_players":1,"players_per_million":349.16,"player_ids":["athletics:14517594"],"label":"New South Wales","country":"Australia"},"geometry":{"type":"Polygon","coordinates":[[[147.970079,-32.709788],[147.828128,-32.042478],[147.080812,-31.813113],[146.468127,-32.246879],[146.599143,-32.914528],[147.353835,-33.148124],[147.970079,-32.709788]]]}},{"type":"Feature","properties":{"hex_id":"83be60fffffffff","population":75179,"population_year":2025,"area_km2":14495.3,"population_density":5.2,"all_players":1,"players_per_million":13.3,"player_ids":["athletics:14411267"],"label":"Leongatha","country":"Australia"},"geometry":{"type":"Polygon","coordinates":[[[146.402073,-39.117061],[146.262529,-38.450719],[145.46356,-38.204698],[144.796215,-38.620841],[144.922833,-39.286945],[145.729779,-39.537201],[146.402073,-39.117061]]]}},{"type":"Feature","properties":{"hex_id":"83be63fffffffff","population":5389912,"population_year":2025,"area_km2":14468.2,"population_density":372.5,"all_players":8,"players_per_million":1.48,"player_ids":["athletics:14272002","athletics:14336764","athletics:14552175","athletics:14636659","athletics:14671065","athletics:14690008","athletics:14922448","athletics:14940604"],"label":"East Melbourne","country":"Australia"},"geometry":{"type":"Polygon","coordinates":[[[145.46356,-38.204698],[145.333886,-37.53716],[144.549504,-37.286204],[143.887418,-37.698406],[144.004411,-38.36545],[144.796215,-38.620841],[145.46356,-38.204698]]]}},{"type":"Feature","properties":{"hex_id":"83be72fffffffff","population":558761,"population_year":2025,"area_km2":14799.5,"population_density":37.8,"all_players":1,"players_per_million":1.79,"player_ids":["athletics:14549778"],"label":"Canberra","country":"Australia"},"geometry":{"type":"Polygon","coordinates":[[[149.348283,-35.607323],[149.18977,-34.939276],[148.409969,-34.714468],[147.780378,-35.153921],[147.927316,-35.82262],[148.715493,-36.051265],[149.348283,-35.607323]]]}},{"type":"Feature","properties":{"hex_id":"83be8bfffffffff","population":217020,"population_year":2025,"area_km2":14387.3,"population_density":15.1,"all_players":1,"players_per_million":4.61,"player_ids":["athletics:14272049"],"label":"Bundaberg","country":"Australia"},"geometry":{"type":"Polygon","coordinates":[[[153.127039,-25.5596],[152.957977,-24.912507],[152.25003,-24.719712],[151.703594,-25.170738],[151.863944,-25.819849],[152.579515,-26.01596],[153.127039,-25.5596]]]}},{"type":"Feature","properties":{"hex_id":"83be8dfffffffff","population":2791925,"population_year":2025,"area_km2":14604.7,"population_density":191.2,"all_players":3,"players_per_million":1.07,"player_ids":["athletics:14865727","athletics:14874649","athletics:15006779"],"label":"Caboolture","country":"Australia"},"geometry":{"type":"Polygon","coordinates":[[[153.649162,-27.512988],[153.47258,-26.860017],[152.74788,-26.667264],[152.191761,-27.124384],[152.359327,-27.779455],[153.092109,-27.975349],[153.649162,-27.512988]]]}},{"type":"Feature","properties":{"hex_id":"83beabfffffffff","population":784032,"population_year":2025,"area_km2":14687.7,"population_density":53.4,"all_players":2,"players_per_million":2.55,"player_ids":["athletics:14684694","athletics:14768392"],"label":"Tugun","country":"Australia"},"geometry":{"type":"Polygon","coordinates":[[[154.567848,-28.355976],[154.382852,-27.701877],[153.649162,-27.512988],[153.092109,-27.975349],[153.268079,-28.631768],[154.010216,-28.823548],[154.567848,-28.355976]]]}},{"type":"Feature","properties":{"hex_id":"83bef2fffffffff","population":219113,"population_year":2025,"area_km2":14604.7,"population_density":15.0,"all_players":1,"players_per_million":4.56,"player_ids":["athletics:14436890"],"label":"Toowoomba","country":"Australia"},"geometry":{"type":"Polygon","coordinates":[[[152.359327,-27.779455],[152.191761,-27.124384],[151.46847,-26.924893],[150.905007,-27.377078],[151.063301,-28.033891],[151.794405,-28.236823],[152.359327,-27.779455]]]}},{"type":"Feature","properties":{"hex_id":"83c203fffffffff","population":691818,"population_year":2025,"area_km2":7725.5,"population_density":89.5,"all_players":1,"players_per_million":1.45,"player_ids":["athletics:14545494"],"label":"Mar del Plata","country":"Argentina"},"geometry":{"type":"Polygon","coordinates":[[[-57.33946,-38.763897],[-56.978292,-38.422884],[-57.291796,-37.980681],[-57.962724,-37.880975],[-58.295648,-38.352175],[-57.99771,-38.728564],[-57.787802,-38.697249],[-57.33946,-38.763897]]]}},{"type":"Feature","properties":{"hex_id":"83c2c0fffffffff","population":39235,"population_year":2025,"area_km2":9064.9,"population_density":4.3,"all_players":1,"players_per_million":25.49,"player_ids":["athletics:14496688"],"label":"Trinidad","country":"Uruguay"},"geometry":{"type":"Polygon","coordinates":[[[-57.055609,-33.842843],[-56.697446,-33.454229],[-57.008794,-32.970554],[-57.674678,-32.877502],[-58.030017,-33.266813],[-57.722331,-33.748479],[-57.055609,-33.842843]]]}},{"type":"Feature","properties":{"hex_id":"83c2e1fffffffff","population":294691,"population_year":2025,"area_km2":8646.7,"population_density":34.1,"all_players":1,"players_per_million":3.39,"player_ids":["athletics:14805747"],"label":"Suipacha","country":"Argentina"},"geometry":{"type":"Polygon","coordinates":[[[-59.703097,-34.597086],[-60.04313,-35.087873],[-59.745454,-35.502181],[-59.110712,-35.425378],[-58.77656,-34.937002],[-59.071246,-34.523027],[-59.703097,-34.597086]]]}},{"type":"Feature","properties":{"hex_id":"83c2e3fffffffff","population":14955631,"population_year":2025,"area_km2":8646.0,"population_density":1729.8,"all_players":1,"players_per_million":0.07,"player_ids":["athletics:14444291"],"label":"Avellaneda","country":"Argentina"},"geometry":{"type":"Polygon","coordinates":[[[-58.126426,-34.977792],[-57.770125,-34.604602],[-58.07815,-34.129709],[-58.738685,-34.029993],[-59.071246,-34.523027],[-58.77656,-34.937002],[-58.567821,-34.91082],[-58.126426,-34.977792]]]}},{"type":"Feature","properties":{"hex_id":"83c2f1fffffffff","population":1928786,"population_year":2025,"area_km2":8798.2,"population_density":219.2,"all_players":3,"players_per_million":1.56,"player_ids":["athletics:14230856","athletics:14304406","athletics:14374159"],"label":"Montevideo","country":"Uruguay"},"geometry":{"type":"Polygon","coordinates":[[[-56.116189,-35.261303],[-55.754858,-34.881452],[-56.070469,-34.40974],[-56.743903,-34.319664],[-57.102564,-34.700194],[-56.790499,-35.17012],[-56.116189,-35.261303]]]}},{"type":"Feature","properties":{"hex_id":"83ce8afffffffff","population":645054,"population_year":2025,"area_km2":10435.0,"population_density":61.8,"all_players":2,"players_per_million":3.1,"player_ids":["athletics:14536113","athletics:14543229"],"label":"Temuco","country":"Chile"},"geometry":{"type":"Polygon","coordinates":[[[-72.022646,-38.849168],[-71.773156,-38.321768],[-72.21322,-37.830135],[-72.904092,-37.858631],[-73.165918,-38.384509],[-72.724646,-38.883475],[-72.022646,-38.849168]]]}},{"type":"Feature","properties":{"hex_id":"83ceaafffffffff","population":628295,"population_year":2025,"area_km2":10874.1,"population_density":57.8,"all_players":1,"players_per_million":1.59,"player_ids":["athletics:14414721"],"label":"Osorno","country":"Chile"},"geometry":{"type":"Polygon","coordinates":[[[-72.615906,-41.493301],[-72.34623,-40.95037],[-72.805854,-40.451791],[-73.536319,-40.488805],[-73.819538,-41.030271],[-73.358884,-41.536252],[-72.615906,-41.493301]]]}},{"type":"Feature","properties":{"hex_id":"83da84fffffffff","population":104290,"population_year":2025,"area_km2":13035.7,"population_density":8.0,"all_players":1,"players_per_million":9.59,"player_ids":["athletics:14633982"],"label":"Dunedin","country":"New Zealand"},"geometry":{"type":"Polygon","coordinates":[[[172.101748,-45.74022],[171.736374,-45.165618],[170.844246,-45.120323],[170.302116,-45.651614],[170.661058,-46.231016],[171.568799,-46.274328],[172.101748,-45.74022]]]}},{"type":"Feature","properties":{"hex_id":"83da86fffffffff","population":76329,"population_year":2025,"area_km2":13142.7,"population_density":5.8,"all_players":1,"players_per_million":13.1,"player_ids":["athletics:14413007"],"label":"Timaru","country":"New Zealand"},"geometry":{"type":"Polygon","coordinates":[[[172.258862,-44.629369],[171.898411,-44.050631],[171.021383,-44.003261],[170.489931,-44.536704],[170.844246,-45.120323],[171.736374,-45.165618],[172.258862,-44.629369]]]}},{"type":"Feature","properties":{"hex_id":"83dab3fffffffff","population":279060,"population_year":2025,"area_km2":13012.9,"population_density":21.4,"all_players":1,"players_per_million":3.58,"player_ids":["athletics:14558985"],"label":"Christchurch","country":"New Zealand"},"geometry":{"type":"Polygon","coordinates":[[[173.640278,-44.124643],[173.274486,-43.55092],[172.410825,-43.512693],[171.898411,-44.050631],[172.258862,-44.629369],[173.137283,-44.665149],[173.640278,-44.124643]]]}}]}