{"type":"FeatureCollection","metadata":{"population_source":"WorldPop Global 2 R2025A","population_source_url":"https://hub.worldpop.org/project/categories?id=3","population_license":"CC BY 4.0","population_year":2025,"raster_resolution":"1km","h3_resolution":3,"population_method":"official_country_rasters","occupied_cells":315,"mapped_players":2120},"features":[{"type":"Feature","properties":{"hex_id":"830c73fffffffff","population":435443,"population_year":2025,"area_km2":10947.5,"population_density":39.8,"all_players":2,"players_per_million":4.59,"player_ids":["nfl:PiliBr00","nfl:UlofEd00"],"label":"Anchorage","country":"United States"},"geometry":{"type":"Polygon","coordinates":[[[-150.392556,61.956278],[-151.272097,61.5061],[-150.922388,60.973132],[-149.734494,60.884637],[-148.855808,61.3207],[-149.163316,61.859163],[-150.392556,61.956278]]]}},{"type":"Feature","properties":{"hex_id":"8312ccfffffffff","population":1434940,"population_year":2025,"area_km2":11792.7,"population_density":121.7,"all_players":2,"players_per_million":1.39,"player_ids":["nfl:LeonDe00","nfl:OgboAm00"],"label":"Calgary","country":"Canada"},"geometry":{"type":"Polygon","coordinates":[[[-114.293343,51.131925],[-114.651332,50.586397],[-114.07578,50.077443],[-113.145489,50.103732],[-112.766876,50.644307],[-113.338768,51.163639],[-114.293343,51.131925]]]}},{"type":"Feature","properties":{"hex_id":"8312dbfffffffff","population":772074,"population_year":2025,"area_km2":11261.2,"population_density":68.6,"all_players":4,"players_per_million":5.18,"player_ids":["nfl:CulpDe00","nfl:RehkRy00","nfl:RypiBr00","nfl:YankCo00"],"label":"Spokane","country":"United States"},"geometry":{"type":"Polygon","coordinates":[[[-116.945809,47.422734],[-116.490852,47.936498],[-116.954845,48.411409],[-117.876211,48.370221],[-118.322734,47.855336],[-117.856498,47.382752],[-116.945809,47.422734]]]}},{"type":"Feature","properties":{"hex_id":"8312ecfffffffff","population":1213661,"population_year":2025,"area_km2":12318.9,"population_density":98.5,"all_players":1,"players_per_million":0.82,"player_ids":["nfl:HubbCh01"],"label":"Sherwood Park","country":"Canada"},"geometry":{"type":"Polygon","coordinates":[[[-113.357086,53.867769],[-113.75854,53.307435],[-113.149207,52.785782],[-112.143154,52.813741],[-111.718367,53.368661],[-112.322435,53.901131],[-113.357086,53.867769]]]}},{"type":"Feature","properties":{"hex_id":"831e15fffffffff","population":2436530,"population_year":2025,"area_km2":12312.0,"population_density":197.9,"all_players":1,"players_per_million":0.41,"player_ids":["nfl:RaimBe00"],"label":"Steinbrunn","country":"Austria"},"geometry":{"type":"Polygon","coordinates":[[[15.007166,48.053459],[15.034644,47.451699],[15.859594,47.183359],[16.6662,47.515042],[16.651518,48.117989],[15.817384,48.388123],[15.007166,48.053459]]]}},{"type":"Feature","properties":{"hex_id":"831f04fffffffff","population":736355,"population_year":2025,"area_km2":10178.5,"population_density":72.3,"all_players":1,"players_per_million":1.36,"player_ids":["nfl:FrohHj00"],"label":"Svendborg","country":"Denmark"},"geometry":{"type":"Polygon","coordinates":[[[10.065692,55.394879],[10.138365,54.862761],[11.057592,54.669026],[11.917787,55.005749],[11.860105,55.539449],[10.927107,55.734903],[10.065692,55.394879]]]}},{"type":"Feature","properties":{"hex_id":"831faafffffffff","population":5382251,"population_year":2025,"area_km2":11534.2,"population_density":466.6,"all_players":1,"players_per_million":0.19,"player_ids":["nfl:JohnJa12"],"label":"Stuttgart","country":"Germany"},"geometry":{"type":"Polygon","coordinates":[[[8.334632,49.326261],[8.414101,48.74575],[9.251571,48.534678],[10.021547,48.903405],[9.954177,49.486187],[9.104617,49.69802],[8.334632,49.326261]]]}},{"type":"Feature","properties":{"hex_id":"832600fffffffff","population":222179,"population_year":2025,"area_km2":12245.1,"population_density":18.1,"all_players":1,"players_per_million":4.5,"player_ids":["nfl:McCoMa00"],"label":"Sioux Falls","country":"United States"},"geometry":{"type":"Polygon","coordinates":[[[-97.754848,43.996433],[-98.107448,43.6894],[-98.283948,43.536367],[-97.953094,42.963823],[-97.100674,42.848265],[-96.747903,43.152203],[-96.568679,43.302853],[-96.888173,43.879337],[-97.754848,43.996433]]]}},{"type":"Feature","properties":{"hex_id":"832601fffffffff","population":225621,"population_year":2025,"area_km2":12248.9,"population_density":18.4,"all_players":3,"players_per_million":13.3,"player_ids":["nfl:KiefKo00","nfl:RozeCh00","nfl:VanGAn00"],"label":"Sioux Center","country":"United States"},"geometry":{"type":"Polygon","coordinates":[[[-95.941133,42.146667],[-95.412903,42.599409],[-95.714152,43.176229],[-96.568679,43.302853],[-96.747903,43.152203],[-97.100674,42.848265],[-96.781095,42.269946],[-95.941133,42.146667]]]}},{"type":"Feature","properties":{"hex_id":"832608fffffffff","population":401752,"population_year":2025,"area_km2":12479.4,"population_density":32.2,"all_players":7,"players_per_million":17.42,"player_ids":["nfl:BrowSp00","nfl:BullJo01","nfl:FantNo00","nfl:FidoTh00","nfl:PhilHa00","nfl:SiglMa00","nfl:WattXa00"],"label":"Omaha","country":"United States"},"geometry":{"type":"Polygon","coordinates":[[[-95.028397,40.385877],[-94.508107,40.84419],[-94.805538,41.432576],[-95.632703,41.563065],[-96.154873,41.102562],[-95.848093,40.513784],[-95.028397,40.385877]]]}},{"type":"Feature","properties":{"hex_id":"832609fffffffff","population":81685,"population_year":2025,"area_km2":12486.5,"population_density":6.5,"all_players":1,"players_per_million":12.24,"player_ids":["nfl:SundJa00"],"label":"Maryville","country":"United States"},"geometry":{"type":"Polygon","coordinates":[[[-93.925402,39.658216],[-93.407414,40.114355],[-93.69402,40.707016],[-94.508107,40.84419],[-95.028397,40.385877],[-94.732384,39.792588],[-93.925402,39.658216]]]}},{"type":"Feature","properties":{"hex_id":"83260afffffffff","population":387273,"population_year":2025,"area_km2":12679.7,"population_density":30.5,"all_players":2,"players_per_million":5.16,"player_ids":["nfl:GiffLu00","nfl:JurgCa01"],"label":"Beatrice","country":"United States"},"geometry":{"type":"Polygon","coordinates":[[[-96.364324,40.045753],[-95.848093,40.513784],[-96.154873,41.102562],[-96.987003,41.223482],[-97.504542,40.753204],[-97.188746,40.164276],[-96.364324,40.045753]]]}},{"type":"Feature","properties":{"hex_id":"83260cfffffffff","population":81055,"population_year":2025,"area_km2":12259.6,"population_density":6.6,"all_players":1,"players_per_million":12.34,"player_ids":["nfl:DeJeCo00"],"label":"Odebolt","country":"United States"},"geometry":{"type":"Polygon","coordinates":[[[-94.805538,41.432576],[-94.279322,41.883176],[-94.428218,42.1752],[-94.570877,42.463805],[-95.412903,42.599409],[-95.941133,42.146667],[-95.632703,41.563065],[-94.805538,41.432576]]]}},{"type":"Feature","properties":{"hex_id":"83260dfffffffff","population":684145,"population_year":2025,"area_km2":12270.7,"population_density":55.8,"all_players":5,"players_per_million":7.31,"player_ids":["nfl:HaacMa00","nfl:HummJa00","nfl:LazaAl00","nfl:MossRi00","nfl:NelsAn01"],"label":"Urbandale","country":"United States"},"geometry":{"type":"Polygon","coordinates":[[[-93.69402,40.707016],[-93.170249,41.1555],[-93.458032,41.743249],[-94.279322,41.883176],[-94.805538,41.432576],[-94.508107,40.84419],[-93.69402,40.707016]]]}},{"type":"Feature","properties":{"hex_id":"832616fffffffff","population":112042,"population_year":2025,"area_km2":12395.2,"population_density":9.0,"all_players":1,"players_per_million":8.93,"player_ids":["nfl:ReimTi00"],"label":"Rapid City","country":"United States"},"geometry":{"type":"Polygon","coordinates":[[[-102.28712,43.448094],[-101.769422,43.927309],[-102.131603,44.486126],[-103.019634,44.564788],[-103.535954,44.08338],[-103.165768,43.525522],[-102.28712,43.448094]]]}},{"type":"Feature","properties":{"hex_id":"832618fffffffff","population":98654,"population_year":2025,"area_km2":12833.4,"population_density":7.7,"all_players":1,"players_per_million":10.14,"player_ids":["nfl:StalIs00"],"label":"Kearney","country":"United States"},"geometry":{"type":"Polygon","coordinates":[[[-98.853049,40.384569],[-98.340711,40.86446],[-98.667287,41.448139],[-99.514811,41.551635],[-100.027386,41.069471],[-99.692318,40.486105],[-98.853049,40.384569]]]}},{"type":"Feature","properties":{"hex_id":"832621fffffffff","population":777748,"population_year":2025,"area_km2":12781.8,"population_density":60.8,"all_players":7,"players_per_million":9.0,"player_ids":["nfl:AwosKa00","nfl:KallNi00","nfl:RaduDi00","nfl:SpanBr00","nfl:StriDa01","nfl:WelcTr00","nfl:ZylsSh00"],"label":"Saint Cloud","country":"United States"},"geometry":{"type":"Polygon","coordinates":[[[-94.614328,45.712403],[-95.202654,45.253518],[-94.893351,44.662503],[-94.011543,44.523028],[-93.418118,44.972526],[-93.711252,45.570842],[-94.614328,45.712403]]]}},{"type":"Feature","properties":{"hex_id":"832623fffffffff","population":77947,"population_year":2025,"area_km2":12607.6,"population_density":6.2,"all_players":2,"players_per_million":25.66,"player_ids":["nfl:BlacYa00","nfl:LancTr00"],"label":"Marshall","country":"United States"},"geometry":{"type":"Polygon","coordinates":[[[-96.098524,45.383131],[-96.6636,44.920163],[-96.339233,44.336766],[-95.464507,44.208686],[-94.893351,44.662503],[-95.202654,45.253518],[-96.098524,45.383131]]]}},{"type":"Feature","properties":{"hex_id":"832624fffffffff","population":106895,"population_year":2025,"area_km2":13050.9,"population_density":8.2,"all_players":1,"players_per_million":9.35,"player_ids":["nfl:ThieAd00"],"label":"Detroit Lakes","country":"United States"},"geometry":{"type":"Polygon","coordinates":[[[-95.579863,47.511001],[-96.180072,47.037925],[-95.845709,46.441407],[-94.927686,46.310174],[-94.321192,46.773779],[-94.638608,47.378049],[-95.579863,47.511001]]]}},{"type":"Feature","properties":{"hex_id":"832626fffffffff","population":268379,"population_year":2025,"area_km2":12870.5,"population_density":20.9,"all_players":1,"players_per_million":3.73,"player_ids":["nfl:MaucCo00"],"label":"Hankinson","country":"United States"},"geometry":{"type":"Polygon","coordinates":[[[-97.112649,47.158207],[-97.687441,46.680814],[-97.337401,46.092366],[-96.427848,45.973213],[-95.845709,46.441407],[-96.180072,47.037925],[-97.112649,47.158207]]]}},{"type":"Feature","properties":{"hex_id":"832628fffffffff","population":156145,"population_year":2025,"area_km2":12479.4,"population_density":12.5,"all_players":1,"players_per_million":6.4,"player_ids":["nfl:PennTr00"],"label":"Clear Lake","country":"United States"},"geometry":{"type":"Polygon","coordinates":[[[-93.721547,43.931759],[-94.297767,43.487169],[-94.010953,42.903169],[-93.163018,42.756846],[-92.582687,43.192163],[-92.8541,43.783029],[-93.721547,43.931759]]]}},{"type":"Feature","properties":{"hex_id":"832629fffffffff","population":236169,"population_year":2025,"area_km2":12395.2,"population_density":19.1,"all_players":2,"players_per_million":8.47,"player_ids":["nfl:CampJa04","nfl:SinnBe00"],"label":"Cedar Falls","country":"United States"},"geometry":{"type":"Polygon","coordinates":[[[-92.582687,43.192163],[-93.163018,42.756846],[-92.893986,42.1735],[-92.059814,42.018933],[-91.476262,42.44496],[-91.729823,43.034792],[-92.582687,43.192163]]]}},{"type":"Feature","properties":{"hex_id":"83262cfffffffff","population":1631636,"population_year":2025,"area_km2":12716.0,"population_density":128.3,"all_players":3,"players_per_million":1.84,"player_ids":["nfl:CashBl00","nfl:JohnJe07","nfl:PipkTr00"],"label":"Eden Prairie","country":"United States"},"geometry":{"type":"Polygon","coordinates":[[[-93.418118,44.972526],[-94.011543,44.523028],[-93.721547,43.931759],[-92.8541,43.783029],[-92.256593,44.223095],[-92.530293,44.821273],[-93.418118,44.972526]]]}},{"type":"Feature","properties":{"hex_id":"832632fffffffff","population":10701,"population_year":2025,"area_km2":12270.7,"population_density":0.9,"all_players":1,"players_per_million":93.45,"player_ids":["nfl:KrafTu00"],"label":"Timber Lake","country":"United States"},"geometry":{"type":"Polygon","coordinates":[[[-101.496769,46.006149],[-101.99712,45.520473],[-101.607513,44.957697],[-100.729151,44.871845],[-100.218894,45.349264],[-100.596531,45.920798],[-101.496769,46.006149]]]}},{"type":"Feature","properties":{"hex_id":"832633fffffffff","population":22714,"population_year":2025,"area_km2":12259.6,"population_density":1.9,"all_players":1,"players_per_million":44.03,"player_ids":["nfl:ZabeGr00"],"label":"Pierre","country":"United States"},"geometry":{"type":"Polygon","coordinates":[[[-100.218894,45.349264],[-100.729151,44.871845],[-100.54296,44.588978],[-100.366719,44.308638],[-99.490649,44.209999],[-98.971567,44.678965],[-99.329283,45.252822],[-100.218894,45.349264]]]}},{"type":"Feature","properties":{"hex_id":"832635fffffffff","population":15544,"population_year":2025,"area_km2":12679.7,"population_density":1.2,"all_players":1,"players_per_million":64.33,"player_ids":["nfl:GoedDa00"],"label":"Britton","country":"United States"},"geometry":{"type":"Polygon","coordinates":[[[-98.610207,46.788923],[-99.159818,46.308007],[-98.79536,45.727901],[-97.895315,45.620353],[-97.337401,46.092366],[-97.687441,46.680814],[-98.610207,46.788923]]]}},{"type":"Feature","properties":{"hex_id":"832636fffffffff","population":107815,"population_year":2025,"area_km2":12486.5,"population_density":8.6,"all_players":1,"players_per_million":9.28,"player_ids":["nfl:WentCa00"],"label":"Bismarck","country":"United States"},"geometry":{"type":"Polygon","coordinates":[[[-101.380377,47.066723],[-101.894822,46.57467],[-101.496769,46.006149],[-100.596531,45.920798],[-100.071764,46.404466],[-100.457155,46.981875],[-101.380377,47.066723]]]}},{"type":"Feature","properties":{"hex_id":"832640fffffffff","population":1215754,"population_year":2025,"area_km2":12188.8,"population_density":99.7,"all_players":22,"players_per_million":18.1,"player_ids":["nfl:AdamTo03","nfl:BurdLu00","nfl:CookBr03","nfl:CoopDa01","nfl:EdwaJo00","nfl:EpenAJ00","nfl:FoxxJa01","nfl:HaskHa00","nfl:JackAd00","nfl:JohnAn07","nfl:LaPoSa01","nfl:LoveDo00","nfl:OluoFo00","nfl:OwenJo01","nfl:PattRi01","nfl:PaytRi00","nfl:SaunKh00","nfl:SchrCo00","nfl:WillIs03","nfl:WillJa11","nfl:WillKy02","nfl:WingMe00"],"label":"St. Louis","country":"United States"},"geometry":{"type":"Polygon","coordinates":[[[-89.488721,37.710983],[-88.978357,38.151268],[-89.224131,38.752112],[-89.989901,38.914254],[-90.504095,38.471958],[-90.248742,37.869554],[-89.488721,37.710983]]]}},{"type":"Feature","properties":{"hex_id":"832644fffffffff","population":355604,"population_year":2025,"area_km2":11997.1,"population_density":29.6,"all_players":2,"players_per_million":5.62,"player_ids":["nfl:OkwuAl00","nfl:TurnMa00"],"label":"Springfield","country":"United States"},"geometry":{"type":"Polygon","coordinates":[[[-89.224131,38.752112],[-88.708531,39.184826],[-88.831151,39.483485],[-88.934067,39.771437],[-89.726216,39.947222],[-90.245817,39.512589],[-89.989901,38.914254],[-89.224131,38.752112]]]}},{"type":"Feature","properties":{"hex_id":"832646fffffffff","population":1485906,"population_year":2025,"area_km2":12229.6,"population_density":121.5,"all_players":7,"players_per_million":4.71,"player_ids":["nfl:FordMi01","nfl:GreeAr01","nfl:JohnAm00","nfl:NiesMi00","nfl:PattJa01","nfl:PuniDo00","nfl:WharTe00"],"label":"Chesterfield","country":"United States"},"geometry":{"type":"Polygon","coordinates":[[[-90.504095,38.471958],[-89.989901,38.914254],[-90.245817,39.512589],[-91.025623,39.669988],[-91.54335,39.225656],[-91.2778,38.625984],[-90.504095,38.471958]]]}},{"type":"Feature","properties":{"hex_id":"832648fffffffff","population":168502,"population_year":2025,"area_km2":12236.4,"population_density":13.8,"all_players":1,"players_per_million":5.93,"player_ids":["nfl:HudsTa00"],"label":"Big Sandy","country":"United States"},"geometry":{"type":"Polygon","coordinates":[[[-87.79966,35.120426],[-87.302554,35.563844],[-87.528774,36.171377],[-88.261349,36.337449],[-88.762626,35.891945],[-88.527196,35.282476],[-87.79966,35.120426]]]}},{"type":"Feature","properties":{"hex_id":"832649fffffffff","population":797342,"population_year":2025,"area_km2":12148.2,"population_density":65.6,"all_players":7,"players_per_million":8.78,"player_ids":["nfl:BlanRe00","nfl:PettDe00","nfl:RayxLa02","nfl:RiceMo00","nfl:RivePh00","nfl:ScotTr01","nfl:StewRe00"],"label":"Huntsville","country":"United States"},"geometry":{"type":"Polygon","coordinates":[[[-86.859373,34.345217],[-86.366648,34.786557],[-86.583669,35.394798],[-87.302554,35.563844],[-87.79966,35.120426],[-87.573533,34.510058],[-86.859373,34.345217]]]}},{"type":"Feature","properties":{"hex_id":"83264afffffffff","population":582447,"population_year":2025,"area_km2":12479.4,"population_density":46.7,"all_players":6,"players_per_million":10.3,"player_ids":["nfl:BohaQu00","nfl:CoxxMo00","nfl:MillRy01","nfl:OdumGe00","nfl:SmitTr05","nfl:WalkKe00"],"label":"Jackson","country":"United States"},"geometry":{"type":"Polygon","coordinates":[[[-89.023559,34.830045],[-88.527196,35.282476],[-88.762626,35.891945],[-89.503561,36.050694],[-90.003698,35.596052],[-89.759172,34.984893],[-89.023559,34.830045]]]}},{"type":"Feature","properties":{"hex_id":"83264cfffffffff","population":460358,"population_year":2025,"area_km2":12067.7,"population_density":38.1,"all_players":1,"players_per_million":2.17,"player_ids":["nfl:ReevJa00"],"label":"Clarksville","country":"United States"},"geometry":{"type":"Polygon","coordinates":[[[-87.528774,36.171377],[-87.026846,36.607704],[-87.253117,37.212051],[-87.990764,37.382074],[-88.497029,36.943778],[-88.261349,36.337449],[-87.528774,36.171377]]]}},{"type":"Feature","properties":{"hex_id":"83264dfffffffff","population":2073540,"population_year":2025,"area_km2":11988.0,"population_density":173.0,"all_players":17,"players_per_million":8.2,"player_ids":["nfl:AmadUg00","nfl:BarnDe01","nfl:BartGr00","nfl:ByrdHe00","nfl:ChanTy01","nfl:DodsTy01","nfl:FantPr00","nfl:JackTh00","nfl:JameJo01","nfl:JeffVa00","nfl:JennJa00","nfl:KnoxDa00","nfl:LoguZi00","nfl:MasoJo00","nfl:PatrLu00","nfl:RamsJa00","nfl:SirmJa00"],"label":"Nashville","country":"United States"},"geometry":{"type":"Polygon","coordinates":[[[-86.583669,35.394798],[-86.086288,35.829173],[-86.303213,36.434527],[-87.026846,36.607704],[-87.528774,36.171377],[-87.302554,35.563844],[-86.583669,35.394798]]]}},{"type":"Feature","properties":{"hex_id":"832650fffffffff","population":187130,"population_year":2025,"area_km2":12679.7,"population_density":14.8,"all_players":1,"players_per_million":5.34,"player_ids":["nfl:GrupBl00"],"label":"Sedalia","country":"United States"},"geometry":{"type":"Polygon","coordinates":[[[-93.080731,37.858552],[-92.570966,38.319862],[-92.845954,38.920622],[-93.639993,39.060932],[-94.152305,38.597387],[-93.868109,37.995791],[-93.080731,37.858552]]]}},{"type":"Feature","properties":{"hex_id":"832651fffffffff","population":212436,"population_year":2025,"area_km2":12650.8,"population_density":16.8,"all_players":1,"players_per_million":4.71,"player_ids":["nfl:RobeSa00"],"label":"Waynesville","country":"United States"},"geometry":{"type":"Polygon","coordinates":[[[-92.032149,37.11135],[-91.525283,37.57043],[-91.790049,38.174146],[-92.570966,38.319862],[-93.080731,37.858552],[-92.80675,37.253778],[-92.032149,37.11135]]]}},{"type":"Feature","properties":{"hex_id":"832653fffffffff","population":572850,"population_year":2025,"area_km2":12870.5,"population_density":44.5,"all_players":1,"players_per_million":1.75,"player_ids":["nfl:VokoTr00"],"label":"Springfield","country":"United States"},"geometry":{"type":"Polygon","coordinates":[[[-93.311082,36.785418],[-92.80675,37.253778],[-93.080731,37.858552],[-93.868109,37.995791],[-94.374852,37.525112],[-94.091882,36.919535],[-93.311082,36.785418]]]}},{"type":"Feature","properties":{"hex_id":"832656fffffffff","population":2231700,"population_year":2025,"area_km2":12694.2,"population_density":175.8,"all_players":19,"players_per_million":8.51,"player_ids":["nfl:AdebAd00","nfl:BeebCo00","nfl:BellRo01","nfl:BoydKh00","nfl:CollMa00","nfl:ErseAi00","nfl:GoulAn00","nfl:HeckCh00","nfl:KrulLu00","nfl:LockDr00","nfl:MembAr00","nfl:NoelJa00","nfl:ParrJa01","nfl:RichMa01","nfl:SimmIs00","nfl:SmitBr06","nfl:TinsMi00","nfl:WebbSa00","nfl:WhitRa01"],"label":"Kansas City","country":"United States"},"geometry":{"type":"Polygon","coordinates":[[[-94.152305,38.597387],[-93.639993,39.060932],[-93.925402,39.658216],[-94.732384,39.792588],[-95.246862,39.326803],[-94.952278,38.728909],[-94.152305,38.597387]]]}},{"type":"Feature","properties":{"hex_id":"832659fffffffff","population":915721,"population_year":2025,"area_km2":12716.0,"population_density":72.0,"all_players":14,"players_per_million":15.29,"player_ids":["nfl:AustCa00","nfl:BadiTy00","nfl:CarvJe00","nfl:DeanNa00","nfl:EchoBr00","nfl:GrayEr01","nfl:GregEr00","nfl:HarrDa07","nfl:JoneCa04","nfl:NealEl00","nfl:PollTo00","nfl:ReedJe00","nfl:SimmEl00","nfl:WilsCe01"],"label":"Memphis","country":"United States"},"geometry":{"type":"Polygon","coordinates":[[[-90.254317,34.523507],[-89.759172,34.984893],[-90.003698,35.596052],[-90.752375,35.747281],[-91.25088,35.283567],[-90.997401,34.670973],[-90.254317,34.523507]]]}},{"type":"Feature","properties":{"hex_id":"83265bfffffffff","population":573926,"population_year":2025,"area_km2":12945.1,"population_density":44.3,"all_players":2,"players_per_million":3.48,"player_ids":["nfl:HenrHu00","nfl:WoodJa02"],"label":"Little Rock","country":"United States"},"geometry":{"type":"Polygon","coordinates":[[[-91.490847,34.200716],[-90.997401,34.670973],[-91.25088,35.283567],[-92.00665,35.427102],[-92.503027,34.954413],[-92.240764,34.340643],[-91.490847,34.200716]]]}},{"type":"Feature","properties":{"hex_id":"832660fffffffff","population":229822,"population_year":2025,"area_km2":12188.8,"population_density":18.9,"all_players":1,"players_per_million":4.35,"player_ids":["nfl:SherTr00"],"label":"Danville","country":"United States"},"geometry":{"type":"Polygon","coordinates":[[[-87.944865,41.155384],[-88.549924,40.752956],[-88.345568,40.16974],[-87.551983,39.983909],[-86.946899,40.37707],[-87.135218,40.965255],[-87.944865,41.155384]]]}},{"type":"Feature","properties":{"hex_id":"832661fffffffff","population":1613533,"population_year":2025,"area_km2":12047.7,"population_density":133.9,"all_players":16,"players_per_million":9.92,"player_ids":["nfl:BookAu00","nfl:BrenJu00","nfl:DayxSh00","nfl:FishBl00","nfl:FryaJo00","nfl:GuerIs00","nfl:HiggJa01","nfl:JerrMi00","nfl:JoneDa07","nfl:KarrTe00","nfl:McGrCa00","nfl:McLaTe00","nfl:OtomEs00","nfl:TaylRe01","nfl:TracTy00","nfl:WernPe00"],"label":"Indianapolis","country":"United States"},"geometry":{"type":"Polygon","coordinates":[[[-86.946899,40.37707],[-87.551983,39.983909],[-87.362609,39.403972],[-86.583815,39.212519],[-85.979328,39.596509],[-86.152851,40.181046],[-86.946899,40.37707]]]}},{"type":"Feature","properties":{"hex_id":"832662fffffffff","population":610212,"population_year":2025,"area_km2":12067.7,"population_density":50.6,"all_players":4,"players_per_million":6.56,"player_ids":["nfl:GreeKe02","nfl:LondLa00","nfl:RidgJo00","nfl:WrigJa05"],"label":"Peoria","country":"United States"},"geometry":{"type":"Polygon","coordinates":[[[-89.358359,40.932577],[-89.945935,40.52508],[-89.726216,39.947222],[-88.934067,39.771437],[-88.345568,40.16974],[-88.549924,40.752956],[-89.358359,40.932577]]]}},{"type":"Feature","properties":{"hex_id":"832664fffffffff","population":5785032,"population_year":2025,"area_km2":12437.2,"population_density":465.1,"all_players":25,"players_per_million":4.32,"player_ids":["nfl:AlleNi00","nfl:CastSe01","nfl:DalySc01","nfl:EdwaDa01","nfl:ElliJa03","nfl:FeenDa00","nfl:FiskBr00","nfl:FlouRy00","nfl:FlowDa00","nfl:GranKe01","nfl:IrviBu00","nfl:JohnLo01","nfl:JoneNa01","nfl:LoveJu00","nfl:McCaJJ00","nfl:MichJo00","nfl:MitcCa01","nfl:NewsGr00","nfl:OConPa00","nfl:PociEt00","nfl:SpilRo00","nfl:TomlLa01","nfl:TreaLa00","nfl:WestCJ00","nfl:WinfPe00"],"label":"Chicago","country":"United States"},"geometry":{"type":"Polygon","coordinates":[[[-87.526255,42.152917],[-88.148719,41.746709],[-87.944865,41.155384],[-87.135218,40.965255],[-86.513012,41.36205],[-86.699978,41.958309],[-87.526255,42.152917]]]}},{"type":"Feature","properties":{"hex_id":"832665fffffffff","population":521413,"population_year":2025,"area_km2":12298.2,"population_density":42.4,"all_players":2,"players_per_million":3.84,"player_ids":["nfl:KarlGe00","nfl:KiseJa00"],"label":"Royal Center","country":"United States"},"geometry":{"type":"Polygon","coordinates":[[[-86.513012,41.36205],[-87.135218,40.965255],[-86.946899,40.37707],[-86.152851,40.181046],[-85.531552,40.568531],[-85.703199,41.161269],[-86.513012,41.36205]]]}},{"type":"Feature","properties":{"hex_id":"832666fffffffff","population":962293,"population_year":2025,"area_km2":12318.9,"population_density":78.1,"all_players":2,"players_per_million":2.08,"player_ids":["nfl:GlasGr00","nfl:JohnEr01"],"label":"Aurora","country":"United States"},"geometry":{"type":"Polygon","coordinates":[[[-88.974045,41.930329],[-89.578398,41.518555],[-89.358359,40.932577],[-88.549924,40.752956],[-87.944865,41.155384],[-88.148719,41.746709],[-88.974045,41.930329]]]}},{"type":"Feature","properties":{"hex_id":"832668fffffffff","population":1167466,"population_year":2025,"area_km2":11692.4,"population_density":99.8,"all_players":3,"players_per_million":2.57,"player_ids":["nfl:BarbRi00","nfl:HobbNa00","nfl:WatkJo00"],"label":"Louisville","country":"United States"},"geometry":{"type":"Polygon","coordinates":[[[-86.408736,38.636347],[-86.802174,38.382944],[-86.972575,38.241852],[-86.746297,37.641022],[-86.017894,37.463794],[-85.680143,37.744189],[-85.483182,37.867893],[-85.644636,38.439846],[-86.408736,38.636347]]]}},{"type":"Feature","properties":{"hex_id":"83266afffffffff","population":524009,"population_year":2025,"area_km2":11889.7,"population_density":44.1,"all_players":1,"players_per_million":1.91,"player_ids":["nfl:CombBr00"],"label":"Evansville","country":"United States"},"geometry":{"type":"Polygon","coordinates":[[[-87.253117,37.212051],[-86.746297,37.641022],[-86.972575,38.241852],[-87.715323,38.415748],[-88.226653,37.98492],[-87.990764,37.382074],[-87.253117,37.212051]]]}},{"type":"Feature","properties":{"hex_id":"83266bfffffffff","population":393179,"population_year":2025,"area_km2":11818.4,"population_density":33.3,"all_players":2,"players_per_million":5.09,"player_ids":["nfl:FantGe00","nfl:MereJo00"],"label":"Bowling Green","country":"United States"},"geometry":{"type":"Polygon","coordinates":[[[-86.303213,36.434527],[-85.801113,36.861666],[-86.017894,37.463794],[-86.746297,37.641022],[-87.253117,37.212051],[-87.026846,36.607704],[-86.303213,36.434527]]]}},{"type":"Feature","properties":{"hex_id":"83266dfffffffff","population":999972,"population_year":2025,"area_km2":11735.1,"population_density":85.2,"all_players":4,"players_per_million":4.0,"player_ids":["nfl:HudsBr00","nfl:KeyxDe00","nfl:RobiWa01","nfl:TuckDa00"],"label":"Lexington","country":"United States"},"geometry":{"type":"Polygon","coordinates":[[[-85.041311,38.814779],[-85.644636,38.439846],[-85.483182,37.867893],[-84.733645,37.6669],[-84.131994,38.032906],[-84.278055,38.60875],[-85.041311,38.814779]]]}},{"type":"Feature","properties":{"hex_id":"832671fffffffff","population":124626,"population_year":2025,"area_km2":12046.5,"population_density":10.3,"all_players":1,"players_per_million":8.02,"player_ids":["nfl:HancBl00"],"label":"Jacksonville","country":"United States"},"geometry":{"type":"Polygon","coordinates":[[[-90.245817,39.512589],[-89.726216,39.947222],[-89.945935,40.52508],[-90.752158,40.694374],[-90.943348,40.557018],[-91.29193,40.265305],[-91.025623,39.669988],[-90.245817,39.512589]]]}},{"type":"Feature","properties":{"hex_id":"832672fffffffff","population":94876,"population_year":2025,"area_km2":12270.7,"population_density":7.7,"all_players":1,"players_per_million":10.54,"player_ids":["nfl:HockTJ00"],"label":"Chariton","country":"United States"},"geometry":{"type":"Polygon","coordinates":[[[-92.60663,39.971027],[-92.0857,40.417421],[-92.362634,41.009209],[-93.170249,41.1555],[-93.69402,40.707016],[-93.407414,40.114355],[-92.60663,39.971027]]]}},{"type":"Feature","properties":{"hex_id":"832674fffffffff","population":544243,"population_year":2025,"area_km2":12298.2,"population_density":44.3,"all_players":5,"players_per_million":9.19,"player_ids":["nfl:CochJa00","nfl:ColbCo00","nfl:KreiCa00","nfl:LindTy00","nfl:WirfTr00"],"label":"Mount Vernon","country":"United States"},"geometry":{"type":"Polygon","coordinates":[[[-91.476262,42.44496],[-92.059814,42.018933],[-91.807892,41.436846],[-90.987644,41.274622],[-90.401697,41.691368],[-90.638134,42.279561],[-91.476262,42.44496]]]}},{"type":"Feature","properties":{"hex_id":"832675fffffffff","population":505442,"population_year":2025,"area_km2":12188.8,"population_density":41.5,"all_players":2,"players_per_million":3.96,"player_ids":["nfl:LeexLo00","nfl:PortDa00"],"label":"Bettendorf","country":"United States"},"geometry":{"type":"Polygon","coordinates":[[[-90.401697,41.691368],[-90.987644,41.274622],[-90.752158,40.694374],[-89.945935,40.52508],[-89.358359,40.932577],[-89.578398,41.518555],[-90.401697,41.691368]]]}},{"type":"Feature","properties":{"hex_id":"832681fffffffff","population":1029015,"population_year":2025,"area_km2":13361.1,"population_density":77.0,"all_players":2,"players_per_million":1.94,"player_ids":["nfl:SkipDa00","nfl:WingAn01"],"label":"Arvada","country":"United States"},"geometry":{"type":"Polygon","coordinates":[[[-105.412875,39.363927],[-104.928668,39.882147],[-105.296462,40.456659],[-106.154962,40.511592],[-106.636549,39.991255],[-106.262394,39.418114],[-105.412875,39.363927]]]}},{"type":"Feature","properties":{"hex_id":"832685fffffffff","population":44298,"population_year":2025,"area_km2":13142.7,"population_density":3.4,"all_players":1,"players_per_million":22.57,"player_ids":["nfl:CrumFr00"],"label":"Laramie","country":"United States"},"geometry":{"type":"Polygon","coordinates":[[[-105.296462,40.456659],[-104.806505,40.968486],[-105.177534,41.537334],[-106.045201,41.593018],[-106.532529,41.079091],[-106.154962,40.511592],[-105.296462,40.456659]]]}},{"type":"Feature","properties":{"hex_id":"832688fffffffff","population":284665,"population_year":2025,"area_km2":13650.9,"population_density":20.9,"all_players":2,"players_per_million":7.03,"player_ids":["nfl:FoxxMo00","nfl:MedrKa00"],"label":"Fountain","country":"United States"},"geometry":{"type":"Polygon","coordinates":[[[-104.331695,37.612991],[-103.85103,38.135049],[-104.205999,38.721189],[-105.048267,38.784053],[-105.526853,38.259757],[-105.16538,37.674848],[-104.331695,37.612991]]]}},{"type":"Feature","properties":{"hex_id":"83268cfffffffff","population":2583743,"population_year":2025,"area_km2":13448.5,"population_density":192.1,"all_players":14,"players_per_million":5.42,"player_ids":["nfl:CampCa99","nfl:CarlDa00","nfl:ElliCh00","nfl:FergTe00","nfl:HelmGu00","nfl:MartJa02","nfl:McCaCh01","nfl:McCaLu00","nfl:MumaCh00","nfl:PennMi00","nfl:RoseRo01","nfl:ScotJK00","nfl:SmitCh05","nfl:StolJa00"],"label":"Aurora","country":"United States"},"geometry":{"type":"Polygon","coordinates":[[[-104.205999,38.721189],[-103.71972,39.237206],[-104.077647,39.818276],[-104.928668,39.882147],[-105.412875,39.363927],[-105.048267,38.784053],[-104.205999,38.721189]]]}},{"type":"Feature","properties":{"hex_id":"832690fffffffff","population":260319,"population_year":2025,"area_km2":13313.8,"population_density":19.6,"all_players":2,"players_per_million":7.68,"player_ids":["nfl:CoveBr00","nfl:NacuPu00"],"label":"Provo","country":"United States"},"geometry":{"type":"Polygon","coordinates":[[[-110.524575,39.595857],[-110.065117,40.133901],[-110.463009,40.690423],[-111.325006,40.706905],[-111.779687,40.167177],[-111.377293,39.612654],[-110.524575,39.595857]]]}},{"type":"Feature","properties":{"hex_id":"832692fffffffff","population":79586,"population_year":2025,"area_km2":13376.9,"population_density":5.9,"all_players":1,"players_per_million":12.57,"player_ids":["nfl:BattTy00"],"label":"Payson","country":"United States"},"geometry":{"type":"Polygon","coordinates":[[[-111.82682,39.067412],[-111.377293,39.612654],[-111.779687,40.167177],[-112.6357,40.174318],[-113.079992,39.62753],[-112.673648,39.075149],[-111.82682,39.067412]]]}},{"type":"Feature","properties":{"hex_id":"832696fffffffff","population":2210821,"population_year":2025,"area_km2":13165.8,"population_density":167.9,"all_players":24,"players_per_million":10.86,"player_ids":["nfl:AndeZa02","nfl:BartCo00","nfl:BassJe00","nfl:BlacJu01","nfl:BollGa00","nfl:ChriBr00","nfl:DartJa00","nfl:ElliKa00","nfl:FehoSi00","nfl:FotuLe00","nfl:GayxMa00","nfl:HaweJa00","nfl:JameAn01","nfl:JoneBr08","nfl:LatuCa01","nfl:PoweJa00","nfl:ReidKa00","nfl:SchuDa00","nfl:SuamKi00","nfl:TaimTa00","nfl:TongKh00","nfl:TufeJa00","nfl:WarrJa01","nfl:WilsZa00"],"label":"Salt Lake City","country":"United States"},"geometry":{"type":"Polygon","coordinates":[[[-111.779687,40.167177],[-111.325006,40.706905],[-111.731524,41.255312],[-112.596923,41.261888],[-113.046271,40.72062],[-112.6357,40.174318],[-111.779687,40.167177]]]}},{"type":"Feature","properties":{"hex_id":"8326a2fffffffff","population":72944,"population_year":2025,"area_km2":12803.9,"population_density":5.7,"all_players":2,"players_per_million":27.42,"player_ids":["nfl:BryaTa00","nfl:WilsLo00"],"label":"Casper","country":"United States"},"geometry":{"type":"Polygon","coordinates":[[[-106.426239,42.154587],[-105.933036,42.661821],[-106.317604,43.217196],[-107.201879,43.263843],[-107.691846,42.754593],[-107.300929,42.200724],[-106.426239,42.154587]]]}},{"type":"Feature","properties":{"hex_id":"8326aafffffffff","population":897258,"population_year":2025,"area_km2":13235.5,"population_density":67.8,"all_players":5,"players_per_million":5.57,"player_ids":["nfl:EkelAu00","nfl:McBrTr01","nfl:RisnDa00","nfl:RussBr00","nfl:SiegTr00"],"label":"Eaton","country":"United States"},"geometry":{"type":"Polygon","coordinates":[[[-104.077647,39.818276],[-103.585629,40.327926],[-103.946556,40.90361],[-104.806505,40.968486],[-105.296462,40.456659],[-104.928668,39.882147],[-104.077647,39.818276]]]}},{"type":"Feature","properties":{"hex_id":"8326aefffffffff","population":102286,"population_year":2025,"area_km2":13012.9,"population_density":7.9,"all_players":1,"players_per_million":9.78,"player_ids":["nfl:BobeJa00"],"label":"Cheyenne","country":"United States"},"geometry":{"type":"Polygon","coordinates":[[[-103.946556,40.90361],[-103.448669,41.406592],[-103.812638,41.976595],[-104.681696,42.042476],[-105.177534,41.537334],[-104.806505,40.968486],[-103.946556,40.90361]]]}},{"type":"Feature","properties":{"hex_id":"8326c0fffffffff","population":56149,"population_year":2025,"area_km2":13650.9,"population_density":4.1,"all_players":1,"players_per_million":17.81,"player_ids":["nfl:DownEt00"],"label":"Weatherford","country":"United States"},"geometry":{"type":"Polygon","coordinates":[[[-98.445453,35.30764],[-97.956398,35.811583],[-98.264682,36.418022],[-99.069923,36.520312],[-99.559361,36.013835],[-99.243275,35.407622],[-98.445453,35.30764]]]}},{"type":"Feature","properties":{"hex_id":"8326c1fffffffff","population":1409260,"population_year":2025,"area_km2":13642.7,"population_density":103.3,"all_players":9,"players_per_million":6.39,"player_ids":["nfl:GoodAn00","nfl:KittGe00","nfl:KolaCh00","nfl:LittCa00","nfl:OlivCo00","nfl:RedmJa01","nfl:ShepSt00","nfl:TaylDa02","nfl:WincJa00"],"label":"Oklahoma City","country":"United States"},"geometry":{"type":"Polygon","coordinates":[[[-97.351395,34.591699],[-96.863145,35.093055],[-97.161633,35.702999],[-97.956398,35.811583],[-98.445453,35.30764],[-98.139031,34.697721],[-97.351395,34.591699]]]}},{"type":"Feature","properties":{"hex_id":"8326c8fffffffff","population":4676776,"population_year":2025,"area_km2":13766.4,"population_density":339.7,"all_players":45,"players_per_million":9.62,"player_ids":["nfl:AdamJa00","nfl:AdenHa00","nfl:ArroEl00","nfl:BoltNi00","nfl:BoswCh00","nfl:BowmBi01","nfl:BrenJa01","nfl:BrowEv00","nfl:ButlJo00","nfl:ClemMi03","nfl:ColeBr02","nfl:CrosMa00","nfl:DuveDe00","nfl:ElliDe02","nfl:EvanAk00","nfl:EwerQu00","nfl:FordJa02","nfl:FranJo02","nfl:GonzCh00","nfl:HortDy00","nfl:HumpLi01","nfl:JoneJa12","nfl:LacyTy00","nfl:LoopTy00","nfl:MaduJu00","nfl:MatiRo00","nfl:MickRJ00","nfl:MimsMa00","nfl:MoorDa03","nfl:MossDr00","nfl:MurrKy00","nfl:NoteJo00","nfl:NwanKe00","nfl:OmenCh00","nfl:OwenTy00","nfl:SandJa01","nfl:ShavTy00","nfl:SherWi01","nfl:SmitJa06","nfl:StepBr01","nfl:ThomSo00","nfl:TuneCl00","nfl:WeasTh00","nfl:WiseDe00","nfl:WoodZa00"],"label":"Frisco","country":"United States"},"geometry":{"type":"Polygon","coordinates":[[[-96.471973,32.747056],[-95.990106,33.251328],[-96.277437,33.86704],[-97.054564,33.978612],[-97.53754,33.471612],[-97.242365,32.855789],[-96.471973,32.747056]]]}},{"type":"Feature","properties":{"hex_id":"8326c9fffffffff","population":637907,"population_year":2025,"area_km2":13716.7,"population_density":46.5,"all_players":3,"players_per_million":4.7,"player_ids":["nfl:CrawKi00","nfl:LimmBe00","nfl:MahoPa00"],"label":"Tyler","country":"United States"},"geometry":{"type":"Polygon","coordinates":[[[-95.426216,32.015413],[-94.945821,32.516906],[-95.223765,33.1347],[-95.990106,33.251328],[-96.471973,32.747056],[-96.186106,32.128956],[-95.426216,32.015413]]]}},{"type":"Feature","properties":{"hex_id":"8326cafffffffff","population":987920,"population_year":2025,"area_km2":13942.8,"population_density":70.9,"all_players":1,"players_per_million":1.01,"player_ids":["nfl:McDoCo01"],"label":"Haslet","country":"United States"},"geometry":{"type":"Polygon","coordinates":[[[-97.720168,32.343534],[-97.242365,32.855789],[-97.53754,33.471612],[-98.318157,33.575045],[-98.796598,33.060022],[-98.493873,32.444355],[-97.720168,32.343534]]]}},{"type":"Feature","properties":{"hex_id":"8326cbfffffffff","population":2915642,"population_year":2025,"area_km2":13900.5,"population_density":209.8,"all_players":43,"players_per_million":14.75,"player_ids":["nfl:AdebPa00","nfl:AvilSt00","nfl:BrewAa01","nfl:BrowBa01","nfl:BrowBo04","nfl:BuecSh00","nfl:ButlAd00","nfl:GarrMy00","nfl:GipsTr00","nfl:GipsXa00","nfl:GordOl00","nfl:GreeAJ00","nfl:IngrEd00","nfl:IngrJa00","nfl:JohnBu01","nfl:LundCh00","nfl:MillJa02","nfl:MillVo00","nfl:MinoKo00","nfl:MurpBy01","nfl:MurpGa00","nfl:NewmXa00","nfl:OdeyDa00","nfl:OkudJe00","nfl:PricMy00","nfl:ProcJa00","nfl:RiceRa01","nfl:RichDe03","nfl:RobeRo00","nfl:RobiAS00","nfl:RogeCa01","nfl:SandSh00","nfl:SmitTy02","nfl:SpeeEJ00","nfl:StafMa00","nfl:TurnSh00","nfl:WallTy00","nfl:WillBr06","nfl:WillCa04","nfl:WillMi08","nfl:WoodCh01","nfl:WoodCr00","nfl:WoolTa00"],"label":"Dallas","country":"United States"},"geometry":{"type":"Polygon","coordinates":[[[-96.66289,31.619531],[-96.186106,32.128956],[-96.471973,32.747056],[-97.242365,32.855789],[-97.720168,32.343534],[-97.426644,31.725397],[-96.66289,31.619531]]]}},{"type":"Feature","properties":{"hex_id":"8326d3fffffffff","population":82604,"population_year":2025,"area_km2":14105.7,"population_density":5.9,"all_players":1,"players_per_million":12.11,"player_ids":["nfl:CabeBr00"],"label":"Clovis","country":"United States"},"geometry":{"type":"Polygon","coordinates":[[[-102.279867,34.021113],[-101.807332,34.549214],[-102.137935,35.154214],[-102.947862,35.230153],[-103.419266,34.699516],[-103.081986,34.095492],[-102.279867,34.021113]]]}},{"type":"Feature","properties":{"hex_id":"8326ddfffffffff","population":128378,"population_year":2025,"area_km2":13968.4,"population_density":9.2,"all_players":1,"players_per_million":7.79,"player_ids":["nfl:CollLJ00"],"label":"Munday","country":"United States"},"geometry":{"type":"Polygon","coordinates":[[[-98.796598,33.060022],[-98.318157,33.575045],[-98.622726,34.188046],[-99.413249,34.285696],[-99.891927,33.767972],[-99.579941,33.15532],[-98.796598,33.060022]]]}},{"type":"Feature","properties":{"hex_id":"8326e1fffffffff","population":60198,"population_year":2025,"area_km2":13096.6,"population_density":4.6,"all_players":1,"players_per_million":16.61,"player_ids":["nfl:LoudIs00"],"label":"Howard","country":"United States"},"geometry":{"type":"Polygon","coordinates":[[[-95.6711,37.173824],[-95.167911,37.653738],[-95.461057,38.255916],[-96.266144,38.37853],[-96.770849,37.896237],[-96.469042,37.293732],[-95.6711,37.173824]]]}},{"type":"Feature","properties":{"hex_id":"8326e3fffffffff","population":646089,"population_year":2025,"area_km2":13290.2,"population_density":48.6,"all_players":3,"players_per_million":4.64,"player_ids":["nfl:HallBr03","nfl:PhilJo01","nfl:PoweBe00"],"label":"Wichita","country":"United States"},"geometry":{"type":"Polygon","coordinates":[[[-96.968153,36.804751],[-96.469042,37.293732],[-96.770849,37.896237],[-97.58021,38.009858],[-98.080312,37.518448],[-97.770159,36.915868],[-96.968153,36.804751]]]}},{"type":"Feature","properties":{"hex_id":"8326e4fffffffff","population":144908,"population_year":2025,"area_km2":12892.8,"population_density":11.2,"all_players":1,"players_per_million":6.9,"player_ids":["nfl:GiddDJ00"],"label":"Junction City","country":"United States"},"geometry":{"type":"Polygon","coordinates":[[[-96.569611,38.976782],[-96.0592,39.452084],[-96.364324,40.045753],[-97.188746,40.164276],[-97.700353,39.686674],[-97.386443,39.092871],[-96.569611,38.976782]]]}},{"type":"Feature","properties":{"hex_id":"8326e5fffffffff","population":404374,"population_year":2025,"area_km2":12900.3,"population_density":31.3,"all_players":2,"players_per_million":4.95,"player_ids":["nfl:JenkTe00","nfl:NealDe00"],"label":"Topeka","country":"United States"},"geometry":{"type":"Polygon","coordinates":[[[-95.461057,38.255916],[-94.952278,38.728909],[-95.246862,39.326803],[-96.0592,39.452084],[-96.569611,38.976782],[-96.266144,38.37853],[-95.461057,38.255916]]]}},{"type":"Feature","properties":{"hex_id":"8326e6fffffffff","population":30933,"population_year":2025,"area_km2":13081.4,"population_density":2.4,"all_players":1,"players_per_million":32.33,"player_ids":["nfl:DaviKa02"],"label":"Ellsworth","country":"United States"},"geometry":{"type":"Polygon","coordinates":[[[-97.892238,38.608218],[-97.386443,39.092871],[-97.700353,39.686674],[-98.528597,39.795732],[-99.035029,39.30874],[-98.712688,38.715049],[-97.892238,38.608218]]]}},{"type":"Feature","properties":{"hex_id":"8326e8fffffffff","population":481194,"population_year":2025,"area_km2":13258.9,"population_density":36.3,"all_players":2,"players_per_million":4.16,"player_ids":["nfl:RodrMa00","nfl:SkinQu00"],"label":"Wagoner","country":"United States"},"geometry":{"type":"Polygon","coordinates":[[[-94.807341,35.348769],[-94.31143,35.832811],[-94.593159,36.442016],[-95.3794,36.567702],[-95.877105,36.081178],[-95.586856,35.471473],[-94.807341,35.348769]]]}},{"type":"Feature","properties":{"hex_id":"8326eafffffffff","population":462242,"population_year":2025,"area_km2":13456.5,"population_density":34.4,"all_players":1,"players_per_million":2.16,"player_ids":["nfl:HumpCr00"],"label":"Shawnee","country":"United States"},"geometry":{"type":"Polygon","coordinates":[[[-96.079182,34.978672],[-95.586856,35.471473],[-95.877105,36.081178],[-96.668006,36.198341],[-97.161633,35.702999],[-96.863145,35.093055],[-96.079182,34.978672]]]}},{"type":"Feature","properties":{"hex_id":"8326ecfffffffff","population":331919,"population_year":2025,"area_km2":13081.4,"population_density":25.4,"all_players":3,"players_per_million":9.04,"player_ids":["nfl:ColoTr01","nfl:DaviIs00","nfl:DaviZa00"],"label":"Webb City","country":"United States"},"geometry":{"type":"Polygon","coordinates":[[[-94.593159,36.442016],[-94.091882,36.919535],[-94.374852,37.525112],[-95.167911,37.653738],[-95.6711,37.173824],[-95.3794,36.567702],[-94.593159,36.442016]]]}},{"type":"Feature","properties":{"hex_id":"8326edfffffffff","population":722446,"population_year":2025,"area_km2":13050.9,"population_density":55.4,"all_players":2,"players_per_million":2.77,"player_ids":["nfl:AlleBr00","nfl:GreeDr00"],"label":"Fayetteville","country":"United States"},"geometry":{"type":"Polygon","coordinates":[[[-93.537123,35.701863],[-93.038126,36.176973],[-93.311082,36.785418],[-94.091882,36.919535],[-94.593159,36.442016],[-94.31143,35.832811],[-93.537123,35.701863]]]}},{"type":"Feature","properties":{"hex_id":"8326eefffffffff","population":461039,"population_year":2025,"area_km2":13282.4,"population_density":34.7,"all_players":10,"players_per_million":21.69,"player_ids":["nfl:BrowTr03","nfl:CollZa00","nfl:HillDa04","nfl:HillJu00","nfl:JacoJo01","nfl:LockTy00","nfl:McGuIs00","nfl:OttxTy00","nfl:PresBr00","nfl:WayxTr00"],"label":"Tulsa","country":"United States"},"geometry":{"type":"Polygon","coordinates":[[[-95.877105,36.081178],[-95.3794,36.567702],[-95.6711,37.173824],[-96.469042,37.293732],[-96.968153,36.804751],[-96.668006,36.198341],[-95.877105,36.081178]]]}},{"type":"Feature","properties":{"hex_id":"832743fffffffff","population":449877,"population_year":2025,"area_km2":13035.7,"population_density":34.5,"all_players":4,"players_per_million":8.89,"player_ids":["nfl:BortTa00","nfl:GoedLu00","nfl:IngoAl01","nfl:VanxCo00"],"label":"Green Bay","country":"United States"},"geometry":{"type":"Polygon","coordinates":[[[-87.710961,44.99247],[-88.371179,44.57009],[-88.151586,43.960885],[-87.290551,43.768738],[-86.630493,44.181332],[-86.831048,44.795773],[-87.710961,44.99247]]]}},{"type":"Feature","properties":{"hex_id":"832748fffffffff","population":1699972,"population_year":2025,"area_km2":12781.8,"population_density":133.0,"all_players":7,"players_per_million":4.12,"player_ids":["nfl:BrowMi02","nfl:ConkJa00","nfl:CousKi00","nfl:KneeMa00","nfl:RushCo00","nfl:SmitMa06","nfl:TeSlIs00"],"label":"Grand Rapids","country":"United States"},"geometry":{"type":"Polygon","coordinates":[[[-85.585947,43.365399],[-86.245058,42.962497],[-86.059782,42.358364],[-85.233677,42.152627],[-84.57622,42.545951],[-84.743005,43.154499],[-85.585947,43.365399]]]}},{"type":"Feature","properties":{"hex_id":"832749fffffffff","population":763352,"population_year":2025,"area_km2":12636.3,"population_density":60.4,"all_players":1,"players_per_million":1.31,"player_ids":["nfl:FortLu01"],"label":"Sylvania","country":"United States"},"geometry":{"type":"Polygon","coordinates":[[[-84.57622,42.545951],[-85.233677,42.152627],[-85.064262,41.551876],[-84.255366,41.340336],[-83.600197,41.724215],[-83.75145,42.328986],[-84.57622,42.545951]]]}},{"type":"Feature","properties":{"hex_id":"83274bfffffffff","population":1078718,"population_year":2025,"area_km2":12543.2,"population_density":86.0,"all_players":3,"players_per_million":2.78,"player_ids":["nfl:MeviHa00","nfl:MurpCa00","nfl:PintDa00"],"label":"South Bend","country":"United States"},"geometry":{"type":"Polygon","coordinates":[[[-86.059782,42.358364],[-86.699978,41.958309],[-86.513012,41.36205],[-85.703199,41.161269],[-85.064262,41.551876],[-85.233677,42.152627],[-86.059782,42.358364]]]}},{"type":"Feature","properties":{"hex_id":"83274cfffffffff","population":381359,"population_year":2025,"area_km2":13012.9,"population_density":29.3,"all_players":1,"players_per_million":2.62,"player_ids":["nfl:WyliAn00"],"label":"Midland","country":"United States"},"geometry":{"type":"Polygon","coordinates":[[[-85.090138,44.382483],[-85.769155,43.977182],[-85.585947,43.365399],[-84.743005,43.154499],[-84.066088,43.550097],[-84.229798,44.166202],[-85.090138,44.382483]]]}},{"type":"Feature","properties":{"hex_id":"83274dfffffffff","population":2049602,"population_year":2025,"area_km2":12870.5,"population_density":159.2,"all_players":7,"players_per_million":3.42,"player_ids":["nfl:BariBr00","nfl:BrooKa00","nfl:DellGa00","nfl:HairMa00","nfl:JudoMa00","nfl:MotoTa00","nfl:SielZa00"],"label":"West Bloomfield","country":"United States"},"geometry":{"type":"Polygon","coordinates":[[[-84.066088,43.550097],[-84.743005,43.154499],[-84.57622,42.545951],[-83.75145,42.328986],[-83.07729,42.715021],[-83.224953,43.327485],[-84.066088,43.550097]]]}},{"type":"Feature","properties":{"hex_id":"83274efffffffff","population":346064,"population_year":2025,"area_km2":12915.2,"population_density":26.8,"all_players":1,"players_per_million":2.89,"player_ids":["nfl:BradAn00"],"label":"Muskegon","country":"United States"},"geometry":{"type":"Polygon","coordinates":[[[-86.630493,44.181332],[-87.290551,43.768738],[-87.088558,43.161775],[-86.245058,42.962497],[-85.585947,43.365399],[-85.769155,43.977182],[-86.630493,44.181332]]]}},{"type":"Feature","properties":{"hex_id":"832751fffffffff","population":279315,"population_year":2025,"area_km2":13012.9,"population_density":21.5,"all_players":1,"players_per_million":3.58,"player_ids":["nfl:LuepHu00"],"label":"Spencer","country":"United States"},"geometry":{"type":"Polygon","coordinates":[[[-90.384245,45.541069],[-91.021958,45.102357],[-90.765566,44.497647],[-89.88945,44.325461],[-89.249838,44.754421],[-89.487936,45.365248],[-90.384245,45.541069]]]}},{"type":"Feature","properties":{"hex_id":"832752fffffffff","population":2195252,"population_year":2025,"area_km2":12945.1,"population_density":169.6,"all_players":10,"players_per_million":4.56,"player_ids":["nfl:AltxJo01","nfl:CampEl00","nfl:ChenLe00","nfl:HookAm00","nfl:HullEv00","nfl:JohnTy00","nfl:LindCo00","nfl:MafeBo00","nfl:OkadTy00","nfl:TravJa00"],"label":"Minneapolis","country":"United States"},"geometry":{"type":"Polygon","coordinates":[[[-93.099638,46.0249],[-93.711252,45.570842],[-93.418118,44.972526],[-92.530293,44.821273],[-91.914646,45.265738],[-92.190515,45.870995],[-93.099638,46.0249]]]}},{"type":"Feature","properties":{"hex_id":"832756fffffffff","population":227582,"population_year":2025,"area_km2":13165.8,"population_density":17.3,"all_players":1,"players_per_million":4.39,"player_ids":["nfl:HamxC.00"],"label":"Duluth","country":"United States"},"geometry":{"type":"Polygon","coordinates":[[[-92.764982,47.088255],[-93.395849,46.63002],[-93.099638,46.0249],[-92.190515,45.870995],[-91.555688,46.319475],[-91.83358,46.931557],[-92.764982,47.088255]]]}},{"type":"Feature","properties":{"hex_id":"832758fffffffff","population":996156,"population_year":2025,"area_km2":12679.7,"population_density":78.6,"all_players":3,"players_per_million":3.01,"player_ids":["nfl:BentKe00","nfl:FergJa00","nfl:NelsJa01"],"label":"Stoughton","country":"United States"},"geometry":{"type":"Polygon","coordinates":[[[-89.651675,43.721955],[-90.272443,43.296693],[-90.035232,42.70074],[-89.194191,42.524254],[-88.572184,42.939958],[-88.792193,43.541634],[-89.651675,43.721955]]]}},{"type":"Feature","properties":{"hex_id":"832759fffffffff","population":4266588,"population_year":2025,"area_km2":12564.6,"population_density":339.6,"all_players":27,"players_per_million":6.33,"player_ids":["nfl:BarnZa00","nfl:CannSa00","nfl:EdwaTJ02","nfl:GaroJi00","nfl:JoneCh11","nfl:KeegTr00","nfl:KmetCo00","nfl:KroeKa00","nfl:LoweVe00","nfl:MillRy02","nfl:MillSc01","nfl:NiemNi00","nfl:NjonMa00","nfl:OConAi00","nfl:PalcAl00","nfl:PierAl00","nfl:ReedJa03","nfl:RhatJo00","nfl:RichBo01","nfl:SanbJa00","nfl:SaubEr00","nfl:SkorPe00","nfl:StriLo00","nfl:SzmyAn00","nfl:TonyRo00","nfl:VanNLu00","nfl:WagnDa00"],"label":"Naperville","country":"United States"},"geometry":{"type":"Polygon","coordinates":[[[-88.572184,42.939958],[-89.194191,42.524254],[-88.974045,41.930329],[-88.148719,41.746709],[-87.526255,42.152917],[-87.729334,42.752167],[-88.572184,42.939958]]]}},{"type":"Feature","properties":{"hex_id":"83275bfffffffff","population":308769,"population_year":2025,"area_km2":12437.2,"population_density":24.8,"all_players":2,"players_per_million":6.48,"player_ids":["nfl:HeflJa00","nfl:JackKe03"],"label":"Freeport","country":"United States"},"geometry":{"type":"Polygon","coordinates":[[[-90.035232,42.70074],[-90.638134,42.279561],[-90.401697,41.691368],[-89.578398,41.518555],[-88.974045,41.930329],[-89.194191,42.524254],[-90.035232,42.70074]]]}},{"type":"Feature","properties":{"hex_id":"83275cfffffffff","population":655287,"population_year":2025,"area_km2":12915.2,"population_density":50.7,"all_players":3,"players_per_million":4.58,"player_ids":["nfl:AlleBr05","nfl:BiadTy00","nfl:WelcKr00"],"label":"Iola","country":"United States"},"geometry":{"type":"Polygon","coordinates":[[[-89.249838,44.754421],[-89.88945,44.325461],[-89.651675,43.721955],[-88.792193,43.541634],[-88.151586,43.960885],[-88.371179,44.57009],[-89.249838,44.754421]]]}},{"type":"Feature","properties":{"hex_id":"83275dfffffffff","population":1811811,"population_year":2025,"area_km2":12803.9,"population_density":141.5,"all_players":16,"players_per_million":8.83,"player_ids":["nfl:BaunZa00","nfl:BellNi01","nfl:BredBe00","nfl:CaliMi00","nfl:DikeCh00","nfl:GainJo00","nfl:HarrSh00","nfl:LathJC00","nfl:MbowMa00","nfl:McDoWi00","nfl:MeinQu02","nfl:MurrEr00","nfl:OgunDa00","nfl:PalmTe00","nfl:WattT.00","nfl:ZeitKe00"],"label":"Milwaukee","country":"United States"},"geometry":{"type":"Polygon","coordinates":[[[-88.151586,43.960885],[-88.792193,43.541634],[-88.572184,42.939958],[-87.729334,42.752167],[-87.088558,43.161775],[-87.290551,43.768738],[-88.151586,43.960885]]]}},{"type":"Feature","properties":{"hex_id":"83276bfffffffff","population":207777,"population_year":2025,"area_km2":13096.6,"population_density":15.9,"all_players":1,"players_per_million":4.81,"player_ids":["nfl:VanSBe00"],"label":"Bay City","country":"United States"},"geometry":{"type":"Polygon","coordinates":[[[-83.532419,44.563592],[-84.229798,44.166202],[-84.066088,43.550097],[-83.224953,43.327485],[-82.530857,43.715202],[-82.674419,44.3351],[-83.532419,44.563592]]]}},{"type":"Feature","properties":{"hex_id":"8327b2fffffffff","population":85192,"population_year":2025,"area_km2":11988.0,"population_density":7.1,"all_players":1,"players_per_million":11.74,"player_ids":["nfl:AyomEl00"],"label":"Medicine Hat","country":"Canada"},"geometry":{"type":"Polygon","coordinates":[[[-111.263711,50.134132],[-111.661778,49.599011],[-111.127907,49.073528],[-110.20166,49.072994],[-109.785339,49.602191],[-110.313092,50.137921],[-111.263711,50.134132]]]}},{"type":"Feature","properties":{"hex_id":"832815fffffffff","population":261484,"population_year":2025,"area_km2":12458.3,"population_density":21.0,"all_players":1,"players_per_million":3.82,"player_ids":["nfl:KingJa02"],"label":"Anderson","country":"United States"},"geometry":{"type":"Polygon","coordinates":[[[-121.882713,39.848645],[-121.500804,40.415932],[-121.943727,40.918851],[-122.768583,40.851907],[-123.141932,40.284586],[-122.699099,39.784231],[-121.882713,39.848645]]]}},{"type":"Feature","properties":{"hex_id":"83281bfffffffff","population":275062,"population_year":2025,"area_km2":11602.6,"population_density":23.7,"all_players":1,"players_per_million":3.64,"player_ids":["nfl:HerbJu00"],"label":"Eugene","country":"United States"},"geometry":{"type":"Polygon","coordinates":[[[-123.370131,43.430739],[-122.986171,43.983579],[-123.44954,44.4546],[-124.296252,44.370406],[-124.670616,43.817688],[-124.207982,43.349028],[-123.370131,43.430739]]]}},{"type":"Feature","properties":{"hex_id":"832830fffffffff","population":5390523,"population_year":2025,"area_km2":12833.4,"population_density":420.0,"all_players":21,"players_per_million":3.9,"player_ids":["nfl:BankAa00","nfl:BoweBr01","nfl:BuchTe00","nfl:CappAl00","nfl:CurhJa00","nfl:DaviRa04","nfl:ErtzZa00","nfl:FiskTu00","nfl:FoskIs00","nfl:GoffJa00","nfl:HaggLu00","nfl:HarrNa00","nfl:HodgIs00","nfl:HoopAu00","nfl:JohnJo05","nfl:LandNa01","nfl:PoleEs00","nfl:ReedNi00","nfl:RiveRo01","nfl:VakiSi00","nfl:WrigRy00"],"label":"Antioch","country":"United States"},"geometry":{"type":"Polygon","coordinates":[[[-121.764466,37.675694],[-121.389711,38.251087],[-121.822972,38.767388],[-122.631058,38.705571],[-122.997641,38.130127],[-122.564417,37.616538],[-121.764466,37.675694]]]}},{"type":"Feature","properties":{"hex_id":"832832fffffffff","population":2731247,"population_year":2025,"area_km2":12870.5,"population_density":212.2,"all_players":20,"players_per_million":7.32,"player_ids":["nfl:ArmsAr01","nfl:BailLe00","nfl:BrowJa08","nfl:DeguJo00","nfl:DwelRo00","nfl:GranCa01","nfl:JohnDJ00","nfl:JohnTa01","nfl:LatuKe00","nfl:LatuLa00","nfl:MillKo00","nfl:NormOm00","nfl:OladOl00","nfl:SkatCa00","nfl:SmarSt00","nfl:ThomSh01","nfl:TooTHe00","nfl:WalkMy00","nfl:WillJo16","nfl:WithAh00"],"label":"Sacramento","country":"United States"},"geometry":{"type":"Polygon","coordinates":[[[-120.578459,38.303656],[-120.19218,38.874913],[-120.625018,39.393868],[-121.444673,39.3389],[-121.822972,38.767388],[-121.389711,38.251087],[-120.578459,38.303656]]]}},{"type":"Feature","properties":{"hex_id":"832833fffffffff","population":406215,"population_year":2025,"area_km2":12650.8,"population_density":32.1,"all_players":2,"players_per_million":4.92,"player_ids":["nfl:RodgAa00","nfl:SancRi00"],"label":"Hamilton City","country":"United States"},"geometry":{"type":"Polygon","coordinates":[[[-121.822972,38.767388],[-121.444673,39.3389],[-121.882713,39.848645],[-122.699099,39.784231],[-123.069035,39.212682],[-122.631058,38.705571],[-121.822972,38.767388]]]}},{"type":"Feature","properties":{"hex_id":"832834fffffffff","population":3936879,"population_year":2025,"area_km2":13005.4,"population_density":302.7,"all_players":16,"players_per_million":4.06,"player_ids":["nfl:AdamDa01","nfl:AjiaAu00","nfl:AwuzCh00","nfl:BlacMe00","nfl:CartDe02","nfl:DalmDr00","nfl:DaviAs00","nfl:DickMa00","nfl:FranTr00","nfl:LuxxBr00","nfl:MimsJo00","nfl:TongJa00","nfl:VeaxVi00","nfl:WillEv00","nfl:WrigNa00","nfl:WrigRe00"],"label":"East Palo Alto","country":"United States"},"geometry":{"type":"Polygon","coordinates":[[[-121.707157,36.574218],[-121.335882,37.15313],[-121.764466,37.675694],[-122.564417,37.616538],[-122.927704,37.037552],[-122.499133,36.517784],[-121.707157,36.574218]]]}},{"type":"Feature","properties":{"hex_id":"832836fffffffff","population":1853463,"population_year":2025,"area_km2":13050.9,"population_density":142.0,"all_players":4,"players_per_million":2.16,"player_ids":["nfl:BlanDa00","nfl:CookBr00","nfl:MundJo00","nfl:PharJe00"],"label":"Modesto","country":"United States"},"geometry":{"type":"Polygon","coordinates":[[[-120.532864,37.20324],[-120.150308,37.778361],[-120.578459,38.303656],[-121.389711,38.251087],[-121.764466,37.675694],[-121.335882,37.15313],[-120.532864,37.20324]]]}},{"type":"Feature","properties":{"hex_id":"832884fffffffff","population":717764,"population_year":2025,"area_km2":12423.2,"population_density":57.8,"all_players":2,"players_per_million":2.79,"player_ids":["nfl:OjukJo00","nfl:WillJo10"],"label":"Meridian","country":"United States"},"geometry":{"type":"Polygon","coordinates":[[[-115.603107,42.837738],[-115.161163,43.375824],[-115.596655,43.890848],[-116.476865,43.865478],[-116.911677,43.32631],[-116.473562,42.813588],[-115.603107,42.837738]]]}},{"type":"Feature","properties":{"hex_id":"832885fffffffff","population":157063,"population_year":2025,"area_km2":12229.6,"population_density":12.8,"all_players":1,"players_per_million":6.37,"player_ids":["nfl:MatlSc00"],"label":"Homedale","country":"United States"},"geometry":{"type":"Polygon","coordinates":[[[-116.911677,43.32631],[-116.476865,43.865478],[-116.919922,44.370971],[-117.800012,44.334943],[-118.227147,43.794862],[-117.782019,43.291713],[-116.911677,43.32631]]]}},{"type":"Feature","properties":{"hex_id":"832889fffffffff","population":292165,"population_year":2025,"area_km2":11344.9,"population_density":25.8,"all_players":1,"players_per_million":3.42,"player_ids":["nfl:KuppCo00"],"label":"Yakima","country":"United States"},"geometry":{"type":"Polygon","coordinates":[[[-119.62511,46.282775],[-119.197103,46.811488],[-119.664908,47.281733],[-120.561801,47.220906],[-120.980657,46.691537],[-120.511925,46.223638],[-119.62511,46.282775]]]}},{"type":"Feature","properties":{"hex_id":"83288afffffffff","population":91371,"population_year":2025,"area_km2":11509.5,"population_density":7.9,"all_players":1,"players_per_million":10.94,"player_ids":["nfl:ElliJo03"],"label":"Moscow","country":"United States"},"geometry":{"type":"Polygon","coordinates":[[[-116.936982,46.419557],[-116.487234,46.939974],[-116.945809,47.422734],[-117.856498,47.382752],[-118.298011,46.861279],[-117.837237,46.380837],[-116.936982,46.419557]]]}},{"type":"Feature","properties":{"hex_id":"832892fffffffff","population":125659,"population_year":2025,"area_km2":12148.2,"population_density":10.3,"all_players":1,"players_per_million":7.96,"player_ids":["nfl:DissWi00"],"label":"Bozeman","country":"United States"},"geometry":{"type":"Polygon","coordinates":[[[-110.202775,44.943512],[-109.715262,45.449631],[-110.133985,45.973009],[-111.045553,45.988331],[-111.527865,45.480446],[-111.103982,44.959009],[-110.202775,44.943512]]]}},{"type":"Feature","properties":{"hex_id":"832893fffffffff","population":59047,"population_year":2025,"area_km2":11988.0,"population_density":4.9,"all_players":1,"players_per_million":16.94,"player_ids":["nfl:CookDy00"],"label":"Butte","country":"United States"},"geometry":{"type":"Polygon","coordinates":[[[-111.527865,45.480446],[-111.045553,45.988331],[-111.474009,46.502521],[-112.389584,46.506775],[-112.866036,45.997231],[-112.432947,45.485095],[-111.527865,45.480446]]]}},{"type":"Feature","properties":{"hex_id":"83289bfffffffff","population":121915,"population_year":2025,"area_km2":11389.5,"population_density":10.7,"all_players":1,"players_per_million":8.2,"player_ids":["nfl:OConPa01"],"label":"Kalispell","country":"United States"},"geometry":{"type":"Polygon","coordinates":[[[-114.193051,47.499511],[-113.717439,48.003644],[-113.942901,48.248029],[-114.215484,48.50042],[-115.101052,48.471845],[-115.569335,47.966237],[-115.113636,47.48119],[-114.193051,47.499511]]]}},{"type":"Feature","properties":{"hex_id":"8328a9fffffffff","population":268804,"population_year":2025,"area_km2":11831.3,"population_density":22.7,"all_players":1,"players_per_million":3.72,"player_ids":["nfl:MusgLu00"],"label":"Bend","country":"United States"},"geometry":{"type":"Polygon","coordinates":[[[-120.82152,43.64056],[-120.415496,44.187602],[-120.873383,44.67105],[-121.737785,44.605053],[-122.134831,44.057691],[-121.676589,43.576633],[-120.82152,43.64056]]]}},{"type":"Feature","properties":{"hex_id":"8328b1fffffffff","population":131276,"population_year":2025,"area_km2":12607.6,"population_density":10.4,"all_players":1,"players_per_million":7.62,"player_ids":["nfl:LoveCo00"],"label":"Gooding","country":"United States"},"geometry":{"type":"Polygon","coordinates":[[[-114.302734,42.329452],[-113.854218,42.866292],[-114.281778,43.390602],[-115.161163,43.375824],[-115.603107,42.837738],[-115.17239,42.315673],[-114.302734,42.329452]]]}},{"type":"Feature","properties":{"hex_id":"8328b2fffffffff","population":134266,"population_year":2025,"area_km2":12716.0,"population_density":10.6,"all_players":2,"players_per_million":14.9,"player_ids":["nfl:HillTa00","nfl:TogiTo00"],"label":"Pocatello","country":"United States"},"geometry":{"type":"Polygon","coordinates":[[[-111.682296,42.331225],[-111.216948,42.859],[-111.631969,43.394374],[-112.516767,43.399919],[-112.976581,42.870586],[-112.557288,42.337269],[-111.682296,42.331225]]]}},{"type":"Feature","properties":{"hex_id":"8328d0fffffffff","population":521262,"population_year":2025,"area_km2":10891.0,"population_density":47.9,"all_players":2,"players_per_million":3.84,"player_ids":["nfl:ChisEf00","nfl:LucaAb00"],"label":"Monroe","country":"United States"},"geometry":{"type":"Polygon","coordinates":[[[-121.036149,47.680833],[-120.612836,48.203918],[-121.092935,48.655769],[-121.996776,48.582192],[-122.410175,48.058569],[-121.9298,47.609046],[-121.036149,47.680833]]]}},{"type":"Feature","properties":{"hex_id":"8328d1fffffffff","population":955300,"population_year":2025,"area_km2":10675.2,"population_density":89.5,"all_players":1,"players_per_million":1.05,"player_ids":["nfl:RappTa00"],"label":"Bellingham","country":"United States"},"geometry":{"type":"Polygon","coordinates":[[[-122.410175,48.058569],[-121.996776,48.582192],[-122.483019,49.023551],[-123.38243,48.938973],[-123.785414,48.414997],[-123.299549,47.975934],[-122.410175,48.058569]]]}},{"type":"Feature","properties":{"hex_id":"8328d4fffffffff","population":376003,"population_year":2025,"area_km2":11131.6,"population_density":33.8,"all_players":1,"players_per_million":2.66,"player_ids":["nfl:SareFo00"],"label":"Graham","country":"United States"},"geometry":{"type":"Polygon","coordinates":[[[-120.980657,46.691537],[-120.561801,47.220906],[-121.036149,47.680833],[-121.9298,47.609046],[-122.338989,47.079205],[-121.864342,46.621609],[-120.980657,46.691537]]]}},{"type":"Feature","properties":{"hex_id":"8328d5fffffffff","population":3750504,"population_year":2025,"area_km2":10913.5,"population_density":343.7,"all_players":18,"players_per_million":4.8,"player_ids":["nfl:BakeBu00","nfl:BrueCa00","nfl:ClevEz00","nfl:ConeJo00","nfl:ConnTa00","nfl:EgbuEm01","nfl:FuagTa00","nfl:GaskMy00","nfl:GayeAl01","nfl:GordKy00","nfl:HekkJo00","nfl:RingKe00","nfl:SampDr00","nfl:SlatJa01","nfl:ThroCa01","nfl:TryoJo00","nfl:TuimJT00","nfl:WestJa01"],"label":"Bellevue","country":"United States"},"geometry":{"type":"Polygon","coordinates":[[[-122.338989,47.079205],[-121.9298,47.609046],[-122.410175,48.058569],[-123.299549,47.975934],[-123.698586,47.445812],[-123.218544,46.998589],[-122.338989,47.079205]]]}},{"type":"Feature","properties":{"hex_id":"8328defffffffff","population":2910777,"population_year":2025,"area_km2":10449.9,"population_density":278.5,"all_players":3,"players_per_million":1.03,"player_ids":["nfl:BeneTh00","nfl:HollJe02","nfl:ManuGi00"],"label":"North Vancouver","country":"Canada"},"geometry":{"type":"Polygon","coordinates":[[[-122.483019,49.023551],[-122.065326,49.540804],[-122.693479,49.991247],[-123.537049,49.895381],[-123.603627,49.715402],[-123.874258,49.369796],[-123.38243,48.938973],[-122.483019,49.023551]]]}},{"type":"Feature","properties":{"hex_id":"8328f0fffffffff","population":2758698,"population_year":2025,"area_km2":11381.2,"population_density":242.4,"all_players":12,"players_per_million":4.35,"player_ids":["nfl:BartBe00","nfl:BourKe00","nfl:BranBl00","nfl:EbukSa00","nfl:ForsAl00","nfl:HardDa01","nfl:HarrMa10","nfl:MoldEl00","nfl:OdigOs00","nfl:OladKi00","nfl:TourSa00","nfl:TurnCo00"],"label":"Portland","country":"United States"},"geometry":{"type":"Polygon","coordinates":[[[-122.201369,45.078438],[-121.800354,45.620169],[-122.269405,46.085726],[-123.139352,46.007203],[-123.530712,45.465305],[-123.061914,45.002083],[-122.201369,45.078438]]]}},{"type":"Feature","properties":{"hex_id":"8328f1fffffffff","population":74752,"population_year":2025,"area_km2":11155.0,"population_density":6.7,"all_players":1,"players_per_million":13.38,"player_ids":["nfl:PoyeJo00"],"label":"Astoria","country":"United States"},"geometry":{"type":"Polygon","coordinates":[[[-123.530712,45.465305],[-123.139352,46.007203],[-123.613707,46.462485],[-124.478704,46.373565],[-124.859982,45.831702],[-124.386472,45.378709],[-123.530712,45.465305]]]}},{"type":"Feature","properties":{"hex_id":"8328f3fffffffff","population":429013,"population_year":2025,"area_km2":11149.1,"population_density":38.5,"all_players":1,"players_per_million":2.33,"player_ids":["nfl:OttoCa00"],"label":"Tumwater","country":"United States"},"geometry":{"type":"Polygon","coordinates":[[[-122.269405,46.085726],[-121.864342,46.621609],[-122.338989,47.079205],[-123.218544,46.998589],[-123.613707,46.462485],[-123.139352,46.007203],[-122.269405,46.085726]]]}},{"type":"Feature","properties":{"hex_id":"8328f4fffffffff","population":686542,"population_year":2025,"area_km2":11608.9,"population_density":59.1,"all_players":4,"players_per_million":5.83,"player_ids":["nfl:BateJo00","nfl:HufaTa00","nfl:QuitTe00","nfl:SeumIs00"],"label":"Corvallis","country":"United States"},"geometry":{"type":"Polygon","coordinates":[[[-122.134831,44.057691],[-121.737785,44.605053],[-122.201369,45.078438],[-123.061914,45.002083],[-123.44954,44.4546],[-122.986171,43.983579],[-122.134831,44.057691]]]}},{"type":"Feature","properties":{"hex_id":"8328f5fffffffff","population":136040,"population_year":2025,"area_km2":11381.2,"population_density":12.0,"all_players":1,"players_per_million":7.35,"player_ids":["nfl:TuipMa00"],"label":"Independence","country":"United States"},"geometry":{"type":"Polygon","coordinates":[[[-123.44954,44.4546],[-123.061914,45.002083],[-123.530712,45.465305],[-124.386472,45.378709],[-124.764263,44.831308],[-124.296252,44.370406],[-123.44954,44.4546]]]}},{"type":"Feature","properties":{"hex_id":"832912fffffffff","population":619156,"population_year":2025,"area_km2":13716.7,"population_density":45.1,"all_players":1,"players_per_million":1.62,"player_ids":["nfl:WillNo01"],"label":"Oxnard","country":"United States"},"geometry":{"type":"Polygon","coordinates":[[[-119.209803,33.334481],[-118.831067,33.918266],[-119.240554,34.468622],[-120.029767,34.432185],[-120.401565,33.847783],[-119.991193,33.300425],[-119.209803,33.334481]]]}},{"type":"Feature","properties":{"hex_id":"832986fffffffff","population":2767859,"population_year":2025,"area_km2":13816.5,"population_density":200.3,"all_players":14,"players_per_million":5.06,"player_ids":["nfl:BellDa00","nfl:BluxKy00","nfl:FautTr00","nfl:HernWi00","nfl:HickJa01","nfl:KillMi00","nfl:KincDa00","nfl:LaulJo00","nfl:MataMo00","nfl:OdunRo00","nfl:StanRo00","nfl:StevRh00","nfl:TillCe01","nfl:WashDa03"],"label":"Las Vegas","country":"United States"},"geometry":{"type":"Polygon","coordinates":[[[-114.419356,35.717353],[-113.999549,36.284189],[-114.400936,36.845397],[-115.225,36.837239],[-115.638998,36.269115],[-115.234869,35.710433],[-114.419356,35.717353]]]}},{"type":"Feature","properties":{"hex_id":"832989fffffffff","population":827477,"population_year":2025,"area_km2":12892.8,"population_density":64.2,"all_players":3,"players_per_million":3.63,"player_ids":["nfl:CorbAu00","nfl:KahoAl00","nfl:VanNKy00"],"label":"Reno","country":"United States"},"geometry":{"type":"Polygon","coordinates":[[[-119.370054,38.920414],[-118.972229,39.486995],[-119.404157,40.008542],[-120.234943,39.960907],[-120.625018,39.393868],[-120.19218,38.874913],[-119.370054,38.920414]]]}},{"type":"Feature","properties":{"hex_id":"832995fffffffff","population":205947,"population_year":2025,"area_km2":13799.7,"population_density":14.9,"all_players":1,"players_per_million":4.86,"player_ids":["nfl:SeweNe00"],"label":"St. George","country":"United States"},"geometry":{"type":"Polygon","coordinates":[[[-113.176939,36.283321],[-112.747159,36.844605],[-113.145304,37.4082],[-113.976602,37.408122],[-114.400936,36.845397],[-113.999549,36.284189],[-113.176939,36.283321]]]}},{"type":"Feature","properties":{"hex_id":"8329a0fffffffff","population":7767902,"population_year":2025,"area_km2":13942.8,"population_density":557.1,"all_players":38,"players_per_million":4.89,"player_ids":["nfl:AllgTy00","nfl:AnusCh00","nfl:BandMi00","nfl:BrewAa00","nfl:BynuCa00","nfl:CalcGr00","nfl:ClarKe01","nfl:CracRi00","nfl:DaniJa02","nfl:DediJu00","nfl:DorsKh00","nfl:DyexTr00","nfl:GainGr00","nfl:GrahMa00","nfl:HavrLu00","nfl:JackBr02","nfl:JackDr01","nfl:KazeDa00","nfl:KeenJa00","nfl:KleiEl00","nfl:LakeQu00","nfl:MascEa00","nfl:McKeTa01","nfl:OkerBo00","nfl:OlubSe00","nfl:PattJa03","nfl:PettDa00","nfl:PhilJa02","nfl:PondEl02","nfl:RemiNi00","nfl:RhyaSe00","nfl:RobiCu00","nfl:RossDA03","nfl:ShakKh00","nfl:TakiSi00","nfl:WagnBo00","nfl:WattLu00","nfl:WillMa06"],"label":"Corona","country":"United States"},"geometry":{"type":"Polygon","coordinates":[[[-116.844972,33.407616],[-116.449556,33.986961],[-116.851778,34.547853],[-117.651276,34.526528],[-118.040386,33.946172],[-117.636417,33.388145],[-116.844972,33.407616]]]}},{"type":"Feature","properties":{"hex_id":"8329a1fffffffff","population":7894449,"population_year":2025,"area_km2":13766.4,"population_density":573.5,"all_players":41,"players_per_million":5.19,"player_ids":["nfl:AngeBr00","nfl:BaccAn00","nfl:BachAl00","nfl:BryaMy01","nfl:BullCa00","nfl:CharZa00","nfl:CollBe00","nfl:CrenBr00","nfl:DaviMi03","nfl:DemeEm00","nfl:DoubRo00","nfl:DulcGr00","nfl:EppsMa00","nfl:FolkNi20","nfl:HallDa03","nfl:HenlDa00","nfl:HolmDa01","nfl:LenoDe00","nfl:LondDr00","nfl:LongDa02","nfl:MekaPa00","nfl:MonhJo00","nfl:NailJa00","nfl:ParkCo02","nfl:PittAn01","nfl:PittMi01","nfl:RaveCJ00","nfl:RolaCh00","nfl:SchwCa00","nfl:ScotDa03","nfl:ShelCo00","nfl:SingAl00","nfl:SmitJa11","nfl:TavaJa00","nfl:ThibKa00","nfl:ToiaJa00","nfl:TremBr00","nfl:WillAv02","nfl:WillKy03","nfl:WilsMi02","nfl:YounBr01"],"label":"Pasadena","country":"United States"},"geometry":{"type":"Polygon","coordinates":[[[-118.040386,33.946172],[-117.651276,34.526528],[-118.059439,35.079776],[-118.858147,35.049768],[-119.240554,34.468622],[-118.831067,33.918266],[-118.040386,33.946172]]]}},{"type":"Feature","properties":{"hex_id":"8329a4fffffffff","population":5801541,"population_year":2025,"area_km2":14071.2,"population_density":412.3,"all_players":24,"players_per_million":4.14,"player_ids":["nfl:AgneJa00","nfl:AraiMa00","nfl:BailJa00","nfl:BrooCh00","nfl:BrunDa00","nfl:BurgTe00","nfl:CardJo00","nfl:CurlKa00","nfl:DaviJa06","nfl:HowdJo00","nfl:JeffTo00","nfl:JohnCa04","nfl:LloyDe00","nfl:MeyeAn00","nfl:MyerJa00","nfl:OrzeMa00","nfl:PatrTi00","nfl:QuesDa00","nfl:ShahRa00","nfl:SimmJo01","nfl:SkinJL00","nfl:ThomCa03","nfl:VeleDe00","nfl:WarnFr00"],"label":"San Diego","country":"United States"},"geometry":{"type":"Polygon","coordinates":[[[-116.838302,32.260383],[-116.446827,32.842254],[-116.844972,33.407616],[-117.636417,33.388145],[-118.021715,32.805205],[-117.621854,32.242798],[-116.838302,32.260383]]]}},{"type":"Feature","properties":{"hex_id":"8329a5fffffffff","population":3788026,"population_year":2025,"area_km2":13900.5,"population_density":272.5,"all_players":24,"players_per_million":6.34,"player_ids":["nfl:AustAl00","nfl:BellQu00","nfl:BitoJo00","nfl:BojoCo00","nfl:HallTy01","nfl:HawkJa00","nfl:HickEl00","nfl:HolaGe00","nfl:JoneJa10","nfl:LewiMa00","nfl:MapuMa00","nfl:McDuTr00","nfl:McNiJe00","nfl:NeedNi00","nfl:NixoKe00","nfl:NwosUc00","nfl:PhilCl00","nfl:PryoMa00","nfl:SchoBr00","nfl:SmitJu00","nfl:TaylKe03","nfl:ThomJa04","nfl:TuipTu00","nfl:TupoJo00"],"label":"Long Beach","country":"United States"},"geometry":{"type":"Polygon","coordinates":[[[-118.021715,32.805205],[-117.636417,33.388145],[-118.040386,33.946172],[-118.831067,33.918266],[-119.209803,33.334481],[-118.804528,32.779438],[-118.021715,32.805205]]]}},{"type":"Feature","properties":{"hex_id":"8329a6fffffffff","population":457846,"population_year":2025,"area_km2":14105.7,"population_density":32.5,"all_players":1,"players_per_million":2.18,"player_ids":["nfl:WhelDa00"],"label":"Rancho Mirage","country":"United States"},"geometry":{"type":"Polygon","coordinates":[[[-115.655316,32.853419],[-115.254005,33.431536],[-115.649987,33.999722],[-116.449556,33.986961],[-116.844972,33.407616],[-116.446827,32.842254],[-115.655316,32.853419]]]}},{"type":"Feature","properties":{"hex_id":"8329a8fffffffff","population":952189,"population_year":2025,"area_km2":13424.6,"population_density":70.9,"all_players":3,"players_per_million":3.15,"player_ids":["nfl:AlleJo02","nfl:MoreJa01","nfl:VorhAn00"],"label":"Kingsburg","country":"United States"},"geometry":{"type":"Polygon","coordinates":[[[-119.271934,35.595051],[-118.885786,36.173139],[-119.303964,36.712984],[-120.109299,36.671914],[-120.488201,36.093302],[-120.069127,35.556274],[-119.271934,35.595051]]]}},{"type":"Feature","properties":{"hex_id":"8329abfffffffff","population":1134352,"population_year":2025,"area_km2":13258.9,"population_density":85.6,"all_players":8,"players_per_million":7.05,"player_ids":["nfl:HortTo00","nfl:JohnJa13","nfl:KendEr00","nfl:McMiJa01","nfl:MiltKe01","nfl:MosbAr00","nfl:PrenAd00","nfl:WortXa00"],"label":"Fresno","country":"United States"},"geometry":{"type":"Polygon","coordinates":[[[-119.303964,36.712984],[-118.914,37.287613],[-119.336664,37.821673],[-120.150308,37.778361],[-120.532864,37.20324],[-120.109299,36.671914],[-119.303964,36.712984]]]}},{"type":"Feature","properties":{"hex_id":"8329adfffffffff","population":315450,"population_year":2025,"area_km2":13376.9,"population_density":23.6,"all_players":1,"players_per_million":3.17,"player_ids":["nfl:OlivJo00"],"label":"Paso Robles","country":"United States"},"geometry":{"type":"Polygon","coordinates":[[[-120.444444,34.974563],[-120.069127,35.556274],[-120.488201,36.093302],[-121.28315,36.045706],[-121.651008,35.463657],[-121.231482,34.929532],[-120.444444,34.974563]]]}},{"type":"Feature","properties":{"hex_id":"8329aefffffffff","population":585330,"population_year":2025,"area_km2":13618.2,"population_density":43.0,"all_players":6,"players_per_million":10.25,"player_ids":["nfl:BarnKr00","nfl:JoneCa05","nfl:LoveJo03","nfl:PortJo02","nfl:ReedD.00","nfl:YuroBe00"],"label":"Bakersfield","country":"United States"},"geometry":{"type":"Polygon","coordinates":[[[-118.059439,35.079776],[-117.666441,35.65712],[-118.078886,36.205208],[-118.885786,36.173139],[-119.271934,35.595051],[-118.858147,35.049768],[-118.059439,35.079776]]]}},{"type":"Feature","properties":{"hex_id":"8329b6fffffffff","population":3258765,"population_year":2025,"area_km2":14254.2,"population_density":228.6,"all_players":9,"players_per_million":2.76,"player_ids":["nfl:BurkDe01","nfl:FrabMi00","nfl:HintKy00","nfl:JackAu00","nfl:JansJ.00","nfl:MorrBe00","nfl:OlivIs00","nfl:PolaIs00","nfl:RattSp00"],"label":"Phoenix","country":"United States"},"geometry":{"type":"Polygon","coordinates":[[[-112.048129,33.41802],[-111.622726,33.985325],[-112.005683,34.565481],[-112.817654,34.575887],[-113.238272,34.006867],[-112.851827,33.429156],[-112.048129,33.41802]]]}},{"type":"Feature","properties":{"hex_id":"832a10fffffffff","population":17834994,"population_year":2025,"area_km2":12479.4,"population_density":1429.2,"all_players":49,"players_per_million":2.75,"player_ids":["nfl:AlleJo03","nfl:AlleZa01","nfl:BadgMi00","nfl:CiarJi00","nfl:CiscAn00","nfl:CornAj00","nfl:CrosHo01","nfl:DawkDi00","nfl:DougRa00","nfl:ElueJe00","nfl:EstiAu00","nfl:EzeiDo00","nfl:FatuFo00","nfl:FrieWi00","nfl:FullJo01","nfl:GaryRa00","nfl:GileJo01","nfl:HansCJ00","nfl:HennMa00","nfl:HennTh00","nfl:HickRo00","nfl:IzieCh00","nfl:JeanJa00","nfl:JoneEl00","nfl:JordJa00","nfl:KamaMo00","nfl:KamaSa00","nfl:KaneSa00","nfl:KennTo01","nfl:KoonMa00","nfl:KooxYo00","nfl:LovaRi00","nfl:MahoCh00","nfl:MonaKy00","nfl:MuhaAl00","nfl:NijmYo01","nfl:NjokDa00","nfl:PeppJa00","nfl:RuckJe00","nfl:SamuCu00","nfl:SimoCo01","nfl:StewJo03","nfl:VanDRy00","nfl:VanRGr00","nfl:WeekJo00","nfl:WillCh08","nfl:WillEl00","nfl:WyplLu00","nfl:ZaccOl01"],"label":"Harlem","country":"United States"},"geometry":{"type":"Polygon","coordinates":[[[-73.803296,41.465407],[-74.532183,41.140409],[-74.501617,40.535843],[-73.761104,40.255982],[-73.041153,40.572801],[-73.052763,41.177546],[-73.803296,41.465407]]]}},{"type":"Feature","properties":{"hex_id":"832a12fffffffff","population":2195715,"population_year":2025,"area_km2":12486.5,"population_density":175.8,"all_players":5,"players_per_million":2.28,"player_ids":["nfl:BarkSa00","nfl:DotsJa00","nfl:JoseSe00","nfl:McMaBr01","nfl:WhitKy00"],"label":"Hatfield","country":"United States"},"geometry":{"type":"Polygon","coordinates":[[[-75.29184,41.418569],[-76.010063,41.084346],[-75.960619,40.480497],[-75.211791,40.210041],[-74.501617,40.535843],[-74.532183,41.140409],[-75.29184,41.418569]]]}},{"type":"Feature","properties":{"hex_id":"832a13fffffffff","population":5451326,"population_year":2025,"area_km2":12270.7,"population_density":444.3,"all_players":33,"players_per_million":6.05,"player_ids":["nfl:ApplEl00","nfl:BarmCh00","nfl:BrowJi01","nfl:CartAb00","nfl:ClarAl01","nfl:FitzMi00","nfl:FlacJo00","nfl:FranZa00","nfl:FrazMi00","nfl:GesiMi00","nfl:HarrMa09","nfl:HorsCa00","nfl:JohnJu02","nfl:McGlMi00","nfl:MeltBo00","nfl:MeltMa00","nfl:MoorD.00","nfl:PickKe00","nfl:PittKy00","nfl:ReddHa00","nfl:ReynCr00","nfl:RichAs00","nfl:RuizCe00","nfl:ShorJu00","nfl:SmitTy05","nfl:SpeiOm00","nfl:StilTa00","nfl:SwifDA00","nfl:TartTe00","nfl:TaylJa04","nfl:WallCa00","nfl:WardJi02","nfl:WillKe08"],"label":"Philadelphia","country":"United States"},"geometry":{"type":"Polygon","coordinates":[[[-74.501617,40.535843],[-75.211791,40.210041],[-75.173274,39.612676],[-74.442775,39.340569],[-73.740804,39.658184],[-73.761104,40.255982],[-74.501617,40.535843]]]}},{"type":"Feature","properties":{"hex_id":"832a14fffffffff","population":2991602,"population_year":2025,"area_km2":12679.7,"population_density":235.9,"all_players":6,"players_per_million":2.01,"player_ids":["nfl:BookTy00","nfl:DeckEv00","nfl:JenkJo00","nfl:JoneTr00","nfl:PinnJa01","nfl:SchoLu00"],"label":"New Haven","country":"United States"},"geometry":{"type":"Polygon","coordinates":[[[-73.076912,42.400493],[-73.82523,42.076868],[-73.803296,41.465407],[-73.052763,41.177546],[-72.314174,41.493018],[-72.316385,42.104387],[-73.076912,42.400493]]]}},{"type":"Feature","properties":{"hex_id":"832a15fffffffff","population":693033,"population_year":2025,"area_km2":12458.3,"population_density":55.6,"all_players":3,"players_per_million":4.33,"player_ids":["nfl:DillAJ00","nfl:GoncMa00","nfl:LaubDy00"],"label":"Manorville","country":"United States"},"geometry":{"type":"Polygon","coordinates":[[[-72.314174,41.493018],[-73.052763,41.177546],[-73.041153,40.572801],[-72.309922,40.283773],[-71.581122,40.591339],[-71.573772,41.195725],[-72.314174,41.493018]]]}},{"type":"Feature","properties":{"hex_id":"832a16fffffffff","population":914573,"population_year":2025,"area_km2":12694.2,"population_density":72.0,"all_players":1,"players_per_million":1.09,"player_ids":["nfl:RobiEt00"],"label":"Montgomery","country":"United States"},"geometry":{"type":"Polygon","coordinates":[[[-74.595759,42.362982],[-75.333452,42.029564],[-75.29184,41.418569],[-74.532183,41.140409],[-73.803296,41.465407],[-73.82523,42.076868],[-74.595759,42.362982]]]}},{"type":"Feature","properties":{"hex_id":"832a30fffffffff","population":4186461,"population_year":2025,"area_km2":12833.4,"population_density":326.2,"all_players":9,"players_per_million":2.15,"player_ids":["nfl:BoboJa00","nfl:FreiPa00","nfl:KendDr00","nfl:LikeIs00","nfl:LongHu00","nfl:MullKa00","nfl:OkuaSa00","nfl:TrapOz00","nfl:ZintZa00"],"label":"Norwell","country":"United States"},"geometry":{"type":"Polygon","coordinates":[[[-70.772624,43.346551],[-71.550529,43.03556],[-71.558483,42.417927],[-70.809006,42.112129],[-70.042602,42.41534],[-70.014211,43.03201],[-70.772624,43.346551]]]}},{"type":"Feature","properties":{"hex_id":"832a31fffffffff","population":420048,"population_year":2025,"area_km2":12607.6,"population_density":33.3,"all_players":1,"players_per_million":2.38,"player_ids":["nfl:TrinZa00"],"label":"Marshfield","country":"United States"},"geometry":{"type":"Polygon","coordinates":[[[-70.042602,42.41534],[-70.809006,42.112129],[-70.826484,41.501412],[-70.097178,41.194996],[-69.342223,41.490681],[-69.305172,42.100193],[-70.042602,42.41534]]]}},{"type":"Feature","properties":{"hex_id":"832a32fffffffff","population":852581,"population_year":2025,"area_km2":12870.5,"population_density":66.2,"all_players":2,"players_per_million":2.35,"player_ids":["nfl:GrayNo00","nfl:RicaPa00"],"label":"Spencer","country":"United States"},"geometry":{"type":"Polygon","coordinates":[[[-72.320986,43.340158],[-73.089476,43.018511],[-73.076912,42.400493],[-72.316385,42.104387],[-71.558483,42.417927],[-71.550529,43.03556],[-72.320986,43.340158]]]}},{"type":"Feature","properties":{"hex_id":"832a33fffffffff","population":3511026,"population_year":2025,"area_km2":12650.8,"population_density":277.5,"all_players":5,"players_per_million":1.42,"player_ids":["nfl:HursMa00","nfl:LindCh00","nfl:McKeSe01","nfl:TrusXa00","nfl:YiadIs00"],"label":"Dudley","country":"United States"},"geometry":{"type":"Polygon","coordinates":[[[-71.558483,42.417927],[-72.316385,42.104387],[-72.314174,41.493018],[-71.573772,41.195725],[-70.826484,41.501412],[-70.809006,42.112129],[-71.558483,42.417927]]]}},{"type":"Feature","properties":{"hex_id":"832a80fffffffff","population":507912,"population_year":2025,"area_km2":12188.8,"population_density":41.7,"all_players":2,"players_per_million":3.94,"player_ids":["nfl:FrazZa00","nfl:StilDa01"],"label":"Fairmont","country":"United States"},"geometry":{"type":"Polygon","coordinates":[[[-80.310147,40.205584],[-80.972812,39.847264],[-80.86316,39.256717],[-80.10813,39.021938],[-79.450162,39.371381],[-79.54242,39.964379],[-80.310147,40.205584]]]}},{"type":"Feature","properties":{"hex_id":"832a82fffffffff","population":345817,"population_year":2025,"area_km2":12134.7,"population_density":28.5,"all_players":2,"players_per_million":5.78,"player_ids":["nfl:BurrJo01","nfl:StraBr00"],"label":"Athens","country":"United States"},"geometry":{"type":"Polygon","coordinates":[[[-81.74478,40.078511],[-82.393741,39.713071],[-82.267059,39.125451],[-81.508322,38.900247],[-80.86316,39.256717],[-80.972812,39.847264],[-81.74478,40.078511]]]}},{"type":"Feature","properties":{"hex_id":"832a84fffffffff","population":2219553,"population_year":2025,"area_km2":12423.2,"population_density":178.7,"all_players":12,"players_per_million":5.41,"player_ids":["nfl:AdomCa00","nfl:BrisJa01","nfl:HainRo00","nfl:HamlDa00","nfl:JackDa02","nfl:JeffQu00","nfl:KuntCh02","nfl:McMiDo00","nfl:MoorSk01","nfl:SandMi01","nfl:ThomRo07","nfl:WatsJu01"],"label":"Pittsburgh","country":"United States"},"geometry":{"type":"Polygon","coordinates":[[[-79.734069,41.163834],[-80.415022,40.804113],[-80.310147,40.205584],[-79.54242,39.964379],[-78.866722,40.315147],[-78.953391,40.915968],[-79.734069,41.163834]]]}},{"type":"Feature","properties":{"hex_id":"832a85fffffffff","population":295541,"population_year":2025,"area_km2":12229.6,"population_density":24.2,"all_players":1,"players_per_million":3.38,"player_ids":["nfl:JohnTy02"],"label":"Cumberland","country":"United States"},"geometry":{"type":"Polygon","coordinates":[[[-78.866722,40.315147],[-79.54242,39.964379],[-79.450162,39.371381],[-78.699814,39.127086],[-78.029709,39.469102],[-78.104271,40.06406],[-78.866722,40.315147]]]}},{"type":"Feature","properties":{"hex_id":"832a86fffffffff","population":851767,"population_year":2025,"area_km2":12374.3,"population_density":68.8,"all_players":4,"players_per_million":4.7,"player_ids":["nfl:ClarDe03","nfl:FannHa00","nfl:GoodC.00","nfl:RobiDo00"],"label":"Canton","country":"United States"},"geometry":{"type":"Polygon","coordinates":[[[-81.200534,41.04163],[-81.867503,40.674246],[-81.74478,40.078511],[-80.972812,39.847264],[-80.310147,40.205584],[-80.415022,40.804113],[-81.200534,41.04163]]]}},{"type":"Feature","properties":{"hex_id":"832a88fffffffff","population":391899,"population_year":2025,"area_km2":11552.8,"population_density":33.9,"all_players":1,"players_per_million":2.55,"player_ids":["nfl:ThorJu00"],"label":"Altavista","country":"United States"},"geometry":{"type":"Polygon","coordinates":[[[-79.186634,37.620239],[-79.823075,37.281156],[-79.732513,36.710417],[-79.021217,36.476693],[-78.389602,36.80737],[-78.46438,37.380082],[-79.186634,37.620239]]]}},{"type":"Feature","properties":{"hex_id":"832a89fffffffff","population":1230522,"population_year":2025,"area_km2":11344.9,"population_density":108.5,"all_players":5,"players_per_million":4.06,"player_ids":["nfl:JohnKa01","nfl:KnigZo00","nfl:LawrDe03","nfl:ThomDr00","nfl:WrigJa04"],"label":"Wake Forest","country":"United States"},"geometry":{"type":"Polygon","coordinates":[[[-78.389602,36.80737],[-79.021217,36.476693],[-78.941376,35.912259],[-78.245215,35.67672],[-77.618683,35.999192],[-77.683164,36.565314],[-78.389602,36.80737]]]}},{"type":"Feature","properties":{"hex_id":"832a8afffffffff","population":598675,"population_year":2025,"area_km2":11509.5,"population_density":52.0,"all_players":3,"players_per_million":5.01,"player_ids":["nfl:BashCa00","nfl:EvanEt00","nfl:HortZa00"],"label":"Roanoke","country":"United States"},"geometry":{"type":"Polygon","coordinates":[[[-80.549854,37.512571],[-81.174528,37.167052],[-81.068449,36.598719],[-80.35312,36.373406],[-79.732513,36.710417],[-79.823075,37.281156],[-80.549854,37.512571]]]}},{"type":"Feature","properties":{"hex_id":"832a8bfffffffff","population":1748245,"population_year":2025,"area_km2":11308.9,"population_density":154.6,"all_players":17,"players_per_million":9.72,"player_ids":["nfl:AlleKe00","nfl:DaviAk01","nfl:DeabDi00","nfl:EdmuTe00","nfl:EdmuTr01","nfl:HenrKJ00","nfl:KartJo00","nfl:McMiJa00","nfl:OgunLa00","nfl:PagePa00","nfl:PratGe00","nfl:ReadD.00","nfl:ReveSh00","nfl:TuttSh00","nfl:WhitBl01","nfl:WilsJa02","nfl:WilsPa00"],"label":"Winston-Salem","country":"United States"},"geometry":{"type":"Polygon","coordinates":[[[-79.732513,36.710417],[-80.35312,36.373406],[-80.258145,35.811082],[-79.557618,35.583567],[-78.941376,35.912259],[-79.021217,36.476693],[-79.732513,36.710417]]]}},{"type":"Feature","properties":{"hex_id":"832a8cfffffffff","population":516484,"population_year":2025,"area_km2":11792.7,"population_density":43.8,"all_players":3,"players_per_million":5.81,"player_ids":["nfl:SankJo00","nfl:StinAa00","nfl:TenuLu00"],"label":"Charlottesville","country":"United States"},"geometry":{"type":"Polygon","coordinates":[[[-78.619418,38.540002],[-79.272349,38.19924],[-79.186634,37.620239],[-78.46438,37.380082],[-77.81678,37.712364],[-77.886029,38.293183],[-78.619418,38.540002]]]}},{"type":"Feature","properties":{"hex_id":"832a8dfffffffff","population":1115622,"population_year":2025,"area_km2":11583.9,"population_density":96.3,"all_players":9,"players_per_million":8.07,"player_ids":["nfl:AnthDa00","nfl:ClarKe02","nfl:DortGr01","nfl:FerrCl00","nfl:HendTr02","nfl:MoseMo00","nfl:TaylDa00","nfl:WallKV00","nfl:WilsRu00"],"label":"Richmond","country":"United States"},"geometry":{"type":"Polygon","coordinates":[[[-77.81678,37.712364],[-78.46438,37.380082],[-78.389602,36.80737],[-77.683164,36.565314],[-77.041145,36.889321],[-77.099922,37.463561],[-77.81678,37.712364]]]}},{"type":"Feature","properties":{"hex_id":"832a90fffffffff","population":1135766,"population_year":2025,"area_km2":12236.4,"population_density":92.8,"all_players":5,"players_per_million":4.4,"player_ids":["nfl:DeckTa00","nfl:HoecMi00","nfl:OgleAn00","nfl:SaulBe00","nfl:VersJa00"],"label":"Dayton","country":"United States"},"geometry":{"type":"Polygon","coordinates":[[[-84.100983,40.743489],[-84.738051,40.362203],[-84.580952,39.773484],[-83.803574,39.56222],[-83.168923,39.934324],[-83.309073,40.526783],[-84.100983,40.743489]]]}},{"type":"Feature","properties":{"hex_id":"832a92fffffffff","population":978157,"population_year":2025,"area_km2":12148.2,"population_density":80.5,"all_players":1,"players_per_million":1.02,"player_ids":["nfl:ChinJe00"],"label":"Fishers","country":"United States"},"geometry":{"type":"Polygon","coordinates":[[[-85.531552,40.568531],[-86.152851,40.181046],[-85.979328,39.596509],[-85.200755,39.395191],[-84.580952,39.773484],[-84.738051,40.362203],[-85.531552,40.568531]]]}},{"type":"Feature","properties":{"hex_id":"832a93fffffffff","population":2411444,"population_year":2025,"area_km2":11988.0,"population_density":201.2,"all_players":18,"players_per_million":7.46,"player_ids":["nfl:BarnDe02","nfl:BateBr00","nfl:BrigJo00","nfl:CookBr02","nfl:EdwaMi01","nfl:JohnKa03","nfl:JohnPa03","nfl:KineCo00","nfl:MayeMi00","nfl:McQuJa00","nfl:MontDa01","nfl:MunfTh00","nfl:MyerJo00","nfl:PaceIv00","nfl:RiccGi00","nfl:ThunJo00","nfl:ValeCa00","nfl:WhylJo01"],"label":"Cincinnati","country":"United States"},"geometry":{"type":"Polygon","coordinates":[[[-84.580952,39.773484],[-85.200755,39.395191],[-85.041311,38.814779],[-84.278055,38.60875],[-83.660277,38.977984],[-83.803574,39.56222],[-84.580952,39.773484]]]}},{"type":"Feature","properties":{"hex_id":"832a94fffffffff","population":809755,"population_year":2025,"area_km2":12479.4,"population_density":64.9,"all_players":4,"players_per_million":4.94,"player_ids":["nfl:AndeTy00","nfl:DeitMi00","nfl:HudsJa00","nfl:WormCh00"],"label":"Toledo","country":"United States"},"geometry":{"type":"Polygon","coordinates":[[[-83.600197,41.724215],[-84.255366,41.340336],[-84.100983,40.743489],[-83.309073,40.526783],[-82.656756,40.901362],[-82.793334,41.501851],[-83.600197,41.724215]]]}},{"type":"Feature","properties":{"hex_id":"832a95fffffffff","population":2195772,"population_year":2025,"area_km2":12312.0,"population_density":178.3,"all_players":16,"players_per_million":7.29,"player_ids":["nfl:AsamBr00","nfl:CoopJo02","nfl:DuliAs00","nfl:GillRe00","nfl:HamiDa02","nfl:HamiTy00","nfl:HarrMa06","nfl:HarrZa00","nfl:HubeJo00","nfl:McCuLi00","nfl:RobbBr00","nfl:SawyJa00","nfl:SmooDa00","nfl:StolCh00","nfl:StovCa00","nfl:VannNi00"],"label":"Columbus","country":"United States"},"geometry":{"type":"Polygon","coordinates":[[[-82.656756,40.901362],[-83.309073,40.526783],[-83.168923,39.934324],[-82.393741,39.713071],[-81.74478,40.078511],[-81.867503,40.674246],[-82.656756,40.901362]]]}},{"type":"Feature","properties":{"hex_id":"832a96fffffffff","population":769887,"population_year":2025,"area_km2":12395.2,"population_density":62.1,"all_players":7,"players_per_million":9.09,"player_ids":["nfl:AlexDa01","nfl:BateJe00","nfl:EskrDW00","nfl:MartBa00","nfl:SkowBe00","nfl:TippJo00","nfl:TranDr00"],"label":"Fort Wayne","country":"United States"},"geometry":{"type":"Polygon","coordinates":[[[-85.064262,41.551876],[-85.703199,41.161269],[-85.531552,40.568531],[-84.738051,40.362203],[-84.100983,40.743489],[-84.255366,41.340336],[-85.064262,41.551876]]]}},{"type":"Feature","properties":{"hex_id":"832a99fffffffff","population":290087,"population_year":2025,"area_km2":11454.2,"population_density":25.3,"all_players":1,"players_per_million":3.45,"player_ids":["nfl:StouJo00"],"label":"Cedar Bluff","country":"United States"},"geometry":{"type":"Polygon","coordinates":[[[-81.904958,37.389662],[-82.517306,37.038091],[-82.396022,36.472583],[-81.677489,36.255732],[-81.068449,36.598719],[-81.174528,37.167052],[-81.904958,37.389662]]]}},{"type":"Feature","properties":{"hex_id":"832a9bfffffffff","population":369234,"population_year":2025,"area_km2":11389.5,"population_density":32.4,"all_players":1,"players_per_million":2.71,"player_ids":["nfl:MitcJa00"],"label":"Big Stone Gap","country":"United States"},"geometry":{"type":"Polygon","coordinates":[[[-83.250518,37.251866],[-83.850032,36.894646],[-83.781574,36.612929],[-83.682833,36.31263],[-82.992984,36.123996],[-82.396022,36.472583],[-82.517306,37.038091],[-83.250518,37.251866]]]}},{"type":"Feature","properties":{"hex_id":"832a9cfffffffff","population":609162,"population_year":2025,"area_km2":11889.7,"population_density":51.2,"all_players":3,"players_per_million":4.92,"player_ids":["nfl:MiluWy00","nfl:PleaAu00","nfl:WrigDa00"],"label":"Huntington","country":"United States"},"geometry":{"type":"Polygon","coordinates":[[[-82.267059,39.125451],[-82.898803,38.762376],[-82.768592,38.183055],[-82.022773,37.963672],[-81.394372,38.317882],[-81.508322,38.900247],[-82.267059,39.125451]]]}},{"type":"Feature","properties":{"hex_id":"832aa1fffffffff","population":1010405,"population_year":2025,"area_km2":12479.4,"population_density":81.0,"all_players":3,"players_per_million":2.97,"player_ids":["nfl:EdmoCh00","nfl:ParsMi00","nfl:RylaCh00"],"label":"Harrisburg","country":"United States"},"geometry":{"type":"Polygon","coordinates":[[[-76.7778,41.352578],[-77.484442,41.009468],[-77.416273,40.406871],[-76.660126,40.14602],[-75.960619,40.480497],[-76.010063,41.084346],[-76.7778,41.352578]]]}},{"type":"Feature","properties":{"hex_id":"832aa3fffffffff","population":480853,"population_year":2025,"area_km2":12458.3,"population_density":38.6,"all_players":2,"players_per_million":4.16,"player_ids":["nfl:GiveKe01","nfl:RhodLu00"],"label":"Hollidaysburg","country":"United States"},"geometry":{"type":"Polygon","coordinates":[[[-78.259193,41.267588],[-78.953391,40.915968],[-78.866722,40.315147],[-78.104271,40.06406],[-77.416273,40.406871],[-77.484442,41.009468],[-78.259193,41.267588]]]}},{"type":"Feature","properties":{"hex_id":"832aa5fffffffff","population":771457,"population_year":2025,"area_km2":12694.2,"population_density":60.8,"all_players":3,"players_per_million":3.89,"player_ids":["nfl:DippCJ00","nfl:JoneDa04","nfl:McGoCo01"],"label":"Larksville","country":"United States"},"geometry":{"type":"Polygon","coordinates":[[[-76.112893,42.305427],[-76.838964,41.962549],[-76.7778,41.352578],[-76.010063,41.084346],[-75.29184,41.418569],[-75.333452,42.029564],[-76.112893,42.305427]]]}},{"type":"Feature","properties":{"hex_id":"832aa6fffffffff","population":864087,"population_year":2025,"area_km2":12870.5,"population_density":67.1,"all_players":4,"players_per_million":4.63,"player_ids":["nfl:AndrJo02","nfl:DolaSh00","nfl:LandIs00","nfl:McDuIs00"],"label":"Buffalo","country":"United States"},"geometry":{"type":"Polygon","coordinates":[[[-78.507232,43.105571],[-79.227281,42.744533],[-79.133579,42.130756],[-78.339703,41.875984],[-77.626195,42.227949],[-77.699924,42.843644],[-78.507232,43.105571]]]}},{"type":"Feature","properties":{"hex_id":"832aa8fffffffff","population":6574928,"population_year":2025,"area_km2":12047.7,"population_density":545.7,"all_players":56,"players_per_million":8.52,"player_ids":["nfl:AlieMo00","nfl:AndeSp00","nfl:AverTr01","nfl:BankDe00","nfl:BenfCh00","nfl:BookTh00","nfl:BrasCh00","nfl:BrasCh01","nfl:BullCo00","nfl:CageLa01","nfl:CarsCa01","nfl:ChesJu00","nfl:ColbJo00","nfl:CrosNi00","nfl:DarrCh00","nfl:DiggSt00","nfl:DiggTr00","nfl:DimuVi00","nfl:DumaJa00","nfl:EbikAr00","nfl:FashOl00","nfl:GoldEd00","nfl:HarrAn00","nfl:HartCa00","nfl:HaynCh00","nfl:HellDe00","nfl:HollMa00","nfl:JacoCu00","nfl:JenkKr01","nfl:JohnZi00","nfl:JonaKi00","nfl:KwenWi00","nfl:LaneRa00","nfl:MitcZa00","nfl:MustPJ00","nfl:MustSa01","nfl:NchaDu00","nfl:OluwOl00","nfl:RobiCh00","nfl:RousWa00","nfl:SnowCh00","nfl:StewM.00","nfl:StroDo01","nfl:ThomIa00","nfl:ThorDo00","nfl:TuckSe00","nfl:TurnDJ00","nfl:WalkRa00","nfl:WallJo00","nfl:WashCa00","nfl:WaxxMa00","nfl:WillCa03","nfl:WinsKe02","nfl:WoodJo02","nfl:WrigOw00","nfl:YounCh04"],"label":"Baltimore","country":"United States"},"geometry":{"type":"Polygon","coordinates":[[[-76.603499,39.549602],[-77.285017,39.215387],[-77.221804,38.626656],[-76.494397,38.370874],[-75.819591,38.696714],[-75.865429,39.286605],[-76.603499,39.549602]]]}},{"type":"Feature","properties":{"hex_id":"832aa9fffffffff","population":327714,"population_year":2025,"area_km2":11831.3,"population_density":27.7,"all_players":1,"players_per_million":3.05,"player_ids":["nfl:TradDa00"],"label":"Delmar","country":"United States"},"geometry":{"type":"Polygon","coordinates":[[[-75.819591,38.696714],[-76.494397,38.370874],[-76.441821,37.788702],[-75.731221,37.531385],[-75.063317,37.849069],[-75.099071,38.432121],[-75.819591,38.696714]]]}},{"type":"Feature","properties":{"hex_id":"832aaafffffffff","population":2320854,"population_year":2025,"area_km2":12027.7,"population_density":193.0,"all_players":13,"players_per_million":5.6,"player_ids":["nfl:AlleJo01","nfl:BurkOr00","nfl:CokeJa01","nfl:CoruBl00","nfl:FeltTa00","nfl:HandDa00","nfl:LeexVe00","nfl:RunyCa00","nfl:ScotNi01","nfl:SettTi00","nfl:TellWy00","nfl:TillDo00","nfl:WillTy02"],"label":"Sterling","country":"United States"},"geometry":{"type":"Polygon","coordinates":[[[-78.029709,39.469102],[-78.699814,39.127086],[-78.619418,38.540002],[-77.886029,38.293183],[-77.221804,38.626656],[-77.285017,39.215387],[-78.029709,39.469102]]]}},{"type":"Feature","properties":{"hex_id":"832aabfffffffff","population":1026662,"population_year":2025,"area_km2":11818.4,"population_density":86.9,"all_players":7,"players_per_million":6.82,"player_ids":["nfl:BectMe00","nfl:GillJa00","nfl:GrosYe00","nfl:HuntAd00","nfl:JenkEJ00","nfl:SlyeJo00","nfl:WarrTy00"],"label":"Stafford","country":"United States"},"geometry":{"type":"Polygon","coordinates":[[[-77.221804,38.626656],[-77.886029,38.293183],[-77.81678,37.712364],[-77.099922,37.463561],[-76.441821,37.788702],[-76.494397,38.370874],[-77.221804,38.626656]]]}},{"type":"Feature","properties":{"hex_id":"832aacfffffffff","population":3961424,"population_year":2025,"area_km2":12270.7,"population_density":322.8,"all_players":18,"players_per_million":4.54,"player_ids":["nfl:AnzaAl00","nfl:BrigGa00","nfl:BrinAu00","nfl:ChisDa00","nfl:GodwCh00","nfl:JackJo03","nfl:KpasTa00","nfl:MartDa01","nfl:NichBi00","nfl:ONeiBr00","nfl:ReedTr01","nfl:RuccHa00","nfl:SavaDa00","nfl:SillDa01","nfl:TaylJo02","nfl:TuteBh00","nfl:WilkEl00","nfl:WrigMa00"],"label":"Newark","country":"United States"},"geometry":{"type":"Polygon","coordinates":[[[-75.960619,40.480497],[-76.660126,40.14602],[-76.603499,39.549602],[-75.865429,39.286605],[-75.173274,39.612676],[-75.211791,40.210041],[-75.960619,40.480497]]]}},{"type":"Feature","properties":{"hex_id":"832aadfffffffff","population":766183,"population_year":2025,"area_km2":12054.3,"population_density":63.6,"all_players":4,"players_per_million":5.22,"player_ids":["nfl:AlleLe01","nfl:BellMa01","nfl:MageJo00","nfl:PachIs00"],"label":"Bridgeton","country":"United States"},"geometry":{"type":"Polygon","coordinates":[[[-75.173274,39.612676],[-75.865429,39.286605],[-75.819591,38.696714],[-75.099071,38.432121],[-74.414443,38.750013],[-74.442775,39.340569],[-75.173274,39.612676]]]}},{"type":"Feature","properties":{"hex_id":"832aaefffffffff","population":1667506,"population_year":2025,"area_km2":12257.0,"population_density":136.0,"all_players":6,"players_per_million":3.6,"player_ids":["nfl:AddiJo00","nfl:BageTy00","nfl:BresBr00","nfl:HaveRo00","nfl:JohnNa01","nfl:JurgMi02"],"label":"Martinsburg","country":"United States"},"geometry":{"type":"Polygon","coordinates":[[[-77.416273,40.406871],[-78.104271,40.06406],[-78.029709,39.469102],[-77.285017,39.215387],[-76.603499,39.549602],[-76.660126,40.14602],[-77.416273,40.406871]]]}},{"type":"Feature","properties":{"hex_id":"832ab0fffffffff","population":233912,"population_year":2025,"area_km2":12781.8,"population_density":18.3,"all_players":3,"players_per_million":12.83,"player_ids":["nfl:FarrLu00","nfl:SamaNi00","nfl:TrubMi00"],"label":"Mentor","country":"United States"},"geometry":{"type":"Polygon","coordinates":[[[-81.564833,42.86498],[-82.255049,42.486775],[-82.122513,41.878477],[-81.318822,41.64527],[-80.633009,42.014141],[-80.746338,42.625447],[-81.564833,42.86498]]]}},{"type":"Feature","properties":{"hex_id":"832ab1fffffffff","population":875060,"population_year":2025,"area_km2":12607.6,"population_density":69.4,"all_players":4,"players_per_million":4.57,"player_ids":["nfl:DaniJa01","nfl:HookMa00","nfl:ScruJu00","nfl:StonGe00"],"label":"New Castle","country":"United States"},"geometry":{"type":"Polygon","coordinates":[[[-80.633009,42.014141],[-81.318822,41.64527],[-81.200534,41.04163],[-80.415022,40.804113],[-79.734069,41.163834],[-79.833645,41.770116],[-80.633009,42.014141]]]}},{"type":"Feature","properties":{"hex_id":"832ab2fffffffff","population":4198661,"population_year":2025,"area_km2":12716.0,"population_density":330.2,"all_players":39,"players_per_million":9.29,"player_ids":["nfl:BoroLa00","nfl:DannMi00","nfl:GardSa00","nfl:GolsCh00","nfl:GrahBr99","nfl:GrahJa02","nfl:HaddKa00","nfl:HarmDe01","nfl:HutcAi00","nfl:JackAl01","nfl:JohnDe08","nfl:JohnTh00","nfl:JohnWi02","nfl:JoneNi00","nfl:JordMi01","nfl:KareKh00","nfl:KingKa00","nfl:KingKo00","nfl:LewiCa00","nfl:LewiJo01","nfl:MaddAv00","nfl:MausDo00","nfl:MerrKa00","nfl:MoodJa00","nfl:MoorJa04","nfl:NewmLu00","nfl:NichLe00","nfl:NowaTr00","nfl:OkorCh00","nfl:OnweMi00","nfl:PhilDe00","nfl:ReedJa04","nfl:RobiDa01","nfl:ThomTa01","nfl:TurnJo00","nfl:UwazEy00","nfl:WalkDe04","nfl:WilsEr00","nfl:WomaSa00"],"label":"Detroit","country":"United States"},"geometry":{"type":"Polygon","coordinates":[[[-83.07729,42.715021],[-83.75145,42.328986],[-83.600197,41.724215],[-82.793334,41.501851],[-82.122513,41.878477],[-82.255049,42.486775],[-83.07729,42.715021]]]}},{"type":"Feature","properties":{"hex_id":"832ab3fffffffff","population":2732492,"population_year":2025,"area_km2":12550.3,"population_density":217.7,"all_players":24,"players_per_million":8.78,"player_ids":["nfl:AlixRa00","nfl:BachJo01","nfl:BakeJe00","nfl:BarnAJ00","nfl:BrowPh01","nfl:BryaCo01","nfl:CampPa00","nfl:DrumDy00","nfl:EichTo00","nfl:EvanMi01","nfl:HallMi00","nfl:HuntKa00","nfl:JoneDr00","nfl:JuszKy00","nfl:KelcTr00","nfl:LattMa01","nfl:PratMa20","nfl:SunaRe00","nfl:TaylBr04","nfl:TiptMa00","nfl:TuckTr00","nfl:WalkJa03","nfl:WardDe02","nfl:ZakeNi00"],"label":"Cleveland","country":"United States"},"geometry":{"type":"Polygon","coordinates":[[[-82.122513,41.878477],[-82.793334,41.501851],[-82.656756,40.901362],[-81.867503,40.674246],[-81.200534,41.04163],[-81.318822,41.64527],[-82.122513,41.878477]]]}},{"type":"Feature","properties":{"hex_id":"832ab4fffffffff","population":1849860,"population_year":2025,"area_km2":13005.4,"population_density":142.2,"all_players":3,"players_per_million":1.62,"player_ids":["nfl:BrowCh10","nfl:BrowSy00","nfl:RobiTa00"],"label":"London","country":"Canada"},"geometry":{"type":"Polygon","coordinates":[[[-80.982253,43.86012],[-81.692808,43.480838],[-81.564833,42.86498],[-80.746338,42.625447],[-80.040798,42.99531],[-80.148592,43.614015],[-80.982253,43.86012]]]}},{"type":"Feature","properties":{"hex_id":"832ab5fffffffff","population":403403,"population_year":2025,"area_km2":12833.4,"population_density":31.4,"all_players":2,"players_per_million":4.96,"player_ids":["nfl:CarlSt00","nfl:ConnJa00"],"label":"Erie","country":"United States"},"geometry":{"type":"Polygon","coordinates":[[[-80.040798,42.99531],[-80.746338,42.625447],[-80.633009,42.014141],[-79.833645,41.770116],[-79.133579,42.130756],[-79.227281,42.744533],[-80.040798,42.99531]]]}},{"type":"Feature","properties":{"hex_id":"832ab6fffffffff","population":584975,"population_year":2025,"area_km2":12945.1,"population_density":45.2,"all_players":1,"players_per_million":1.71,"player_ids":["nfl:McGrBr00"],"label":"Port Huron","country":"United States"},"geometry":{"type":"Polygon","coordinates":[[[-82.530857,43.715202],[-83.224953,43.327485],[-83.07729,42.715021],[-82.255049,42.486775],[-81.564833,42.86498],[-81.692808,43.480838],[-82.530857,43.715202]]]}},{"type":"Feature","properties":{"hex_id":"832ad0fffffffff","population":504663,"population_year":2025,"area_km2":10891.0,"population_density":46.3,"all_players":3,"players_per_million":5.94,"player_ids":["nfl:HighAl02","nfl:JohnBr24","nfl:WillJa10"],"label":"Wallace","country":"United States"},"geometry":{"type":"Polygon","coordinates":[[[-78.175489,35.118876],[-78.787108,34.798309],[-78.71256,34.248876],[-78.040696,34.018353],[-77.433923,34.330993],[-77.494112,34.881992],[-78.175489,35.118876]]]}},{"type":"Feature","properties":{"hex_id":"832ad2fffffffff","population":367079,"population_year":2025,"area_km2":10857.3,"population_density":33.8,"all_players":4,"players_per_million":10.9,"player_ids":["nfl:LegeXa00","nfl:SandTJ00","nfl:ThomXa01","nfl:WhitZa01"],"label":"Florence","country":"United States"},"geometry":{"type":"Polygon","coordinates":[[[-79.473144,35.027553],[-80.0746,34.701197],[-79.985888,34.15372],[-79.309816,33.930555],[-78.71256,34.248876],[-78.787108,34.798309],[-79.473144,35.027553]]]}},{"type":"Feature","properties":{"hex_id":"832ad3fffffffff","population":489757,"population_year":2025,"area_km2":10650.2,"population_density":46.0,"all_players":2,"players_per_million":4.08,"player_ids":["nfl:HemiTo00","nfl:RenfHu00"],"label":"Myrtle Beach","country":"United States"},"geometry":{"type":"Polygon","coordinates":[[[-78.71256,34.248876],[-79.309816,33.930555],[-79.270109,33.659462],[-79.192218,33.362011],[-78.568356,33.165261],[-77.975528,33.475741],[-78.040696,34.018353],[-78.71256,34.248876]]]}},{"type":"Feature","properties":{"hex_id":"832ad4fffffffff","population":584472,"population_year":2025,"area_km2":11131.6,"population_density":52.5,"all_players":3,"players_per_million":5.13,"player_ids":["nfl:LewiTy00","nfl:ReedJa02","nfl:StreKe00"],"label":"Greenville","country":"United States"},"geometry":{"type":"Polygon","coordinates":[[[-77.618683,35.999192],[-78.245215,35.67672],[-78.175489,35.118876],[-77.494112,34.881992],[-76.872879,35.196463],[-76.92767,35.755725],[-77.618683,35.999192]]]}},{"type":"Feature","properties":{"hex_id":"832ad5fffffffff","population":299603,"population_year":2025,"area_km2":10913.5,"population_density":27.5,"all_players":2,"players_per_million":6.68,"player_ids":["nfl:HughMi00","nfl:RileJo00"],"label":"New Bern","country":"United States"},"geometry":{"type":"Polygon","coordinates":[[[-76.872879,35.196463],[-77.494112,34.881992],[-77.433923,34.330993],[-76.766973,34.093207],[-76.151225,34.399882],[-76.1969,34.952047],[-76.872879,35.196463]]]}},{"type":"Feature","properties":{"hex_id":"832ad6fffffffff","population":1854734,"population_year":2025,"area_km2":11102.5,"population_density":167.1,"all_players":15,"players_per_million":8.09,"player_ids":["nfl:BerrBr00","nfl:ButlMa02","nfl:CodrBr00","nfl:HampOm00","nfl:HillJu02","nfl:HineNy00","nfl:LandHa00","nfl:McNeAl00","nfl:MonkJa00","nfl:PeebAe00","nfl:UdohOl01","nfl:VinsCa00","nfl:WhitKe03","nfl:WillJo03","nfl:YounDa02"],"label":"Raleigh","country":"United States"},"geometry":{"type":"Polygon","coordinates":[[[-78.941376,35.912259],[-79.557618,35.583567],[-79.473144,35.027553],[-78.787108,34.798309],[-78.175489,35.118876],[-78.245215,35.67672],[-78.941376,35.912259]]]}},{"type":"Feature","properties":{"hex_id":"832af0fffffffff","population":219111,"population_year":2025,"area_km2":11381.2,"population_density":19.3,"all_players":1,"players_per_million":4.56,"player_ids":["nfl:MurcLa00"],"label":"Elizabethtown","country":"United States"},"geometry":{"type":"Polygon","coordinates":[[[-75.68861,36.956068],[-76.340387,36.639045],[-76.291443,36.071668],[-75.606353,35.820398],[-74.961065,36.129522],[-74.994343,36.697716],[-75.68861,36.956068]]]}},{"type":"Feature","properties":{"hex_id":"832af2fffffffff","population":172148,"population_year":2025,"area_km2":11369.1,"population_density":15.1,"all_players":1,"players_per_million":5.81,"player_ids":["nfl:CrosKe00"],"label":"Garysburg","country":"United States"},"geometry":{"type":"Polygon","coordinates":[[[-77.041145,36.889321],[-77.683164,36.565314],[-77.618683,35.999192],[-76.92767,35.755725],[-76.291443,36.071668],[-76.340387,36.639045],[-77.041145,36.889321]]]}},{"type":"Feature","properties":{"hex_id":"832af6fffffffff","population":1767668,"population_year":2025,"area_km2":11602.6,"population_density":152.4,"all_players":10,"players_per_million":5.66,"player_ids":["nfl:ChriCo00","nfl:ClarCh00","nfl:GranCh00","nfl:GreeMi02","nfl:HolmJa01","nfl:JonePa00","nfl:LambKe01","nfl:NnadDe00","nfl:SweaJo00","nfl:TaylTy00"],"label":"Chesapeake","country":"United States"},"geometry":{"type":"Polygon","coordinates":[[[-76.441821,37.788702],[-77.099922,37.463561],[-77.041145,36.889321],[-76.340387,36.639045],[-75.68861,36.956068],[-75.731221,37.531385],[-76.441821,37.788702]]]}},{"type":"Feature","properties":{"hex_id":"832b8afffffffff","population":630448,"population_year":2025,"area_km2":13096.6,"population_density":48.1,"all_players":3,"players_per_million":4.76,"player_ids":["nfl:DennSi00","nfl:DixoRi00","nfl:RogeCa00"],"label":"Syracuse","country":"United States"},"geometry":{"type":"Polygon","coordinates":[[[-76.277812,44.169075],[-77.032525,43.818094],[-76.966258,43.195408],[-76.166385,42.922473],[-75.420066,43.264552],[-75.465161,43.888346],[-76.277812,44.169075]]]}},{"type":"Feature","properties":{"hex_id":"832b98fffffffff","population":1058880,"population_year":2025,"area_km2":13258.9,"population_density":79.9,"all_players":1,"players_per_million":0.94,"player_ids":["nfl:WaynJa01"],"label":"Peterborough","country":"Canada"},"geometry":{"type":"Polygon","coordinates":[[[-78.776161,44.980359],[-79.524011,44.610144],[-79.42239,43.984339],[-78.594427,43.726557],[-77.853479,44.087435],[-77.933476,44.715311],[-78.776161,44.980359]]]}},{"type":"Feature","properties":{"hex_id":"832b9bfffffffff","population":7907887,"population_year":2025,"area_km2":13050.9,"population_density":605.9,"all_players":7,"players_per_million":0.89,"player_ids":["nfl:AdamIs01","nfl:GallNe00","nfl:KaliNi00","nfl:MetcJo00","nfl:PalmJo00","nfl:ShepNa00","nfl:UrbaBr00"],"label":"Ajax","country":"Canada"},"geometry":{"type":"Polygon","coordinates":[[[-79.42239,43.984339],[-80.148592,43.614015],[-80.040798,42.99531],[-79.227281,42.744533],[-78.507232,43.105571],[-78.594427,43.726557],[-79.42239,43.984339]]]}},{"type":"Feature","properties":{"hex_id":"832ba9fffffffff","population":140316,"population_year":2025,"area_km2":13220.0,"population_density":10.6,"all_players":1,"players_per_million":7.13,"player_ids":["nfl:SmitKi00"],"label":"Livermore Falls","country":"United States"},"geometry":{"type":"Polygon","coordinates":[[[-70.714186,45.229126],[-71.525323,44.913382],[-71.533958,44.283395],[-70.753682,43.970058],[-69.955068,44.277849],[-69.924249,44.906804],[-70.714186,45.229126]]]}},{"type":"Feature","properties":{"hex_id":"832baafffffffff","population":4993353,"population_year":2025,"area_km2":13456.5,"population_density":371.1,"all_players":2,"players_per_million":0.4,"player_ids":["nfl:SowxSi00","nfl:StJuBe00"],"label":"Bromont","country":"Canada"},"geometry":{"type":"Polygon","coordinates":[[[-73.157758,46.169919],[-73.970085,45.834008],[-73.944231,45.197835],[-73.129291,44.897538],[-72.328377,45.224875],[-72.330983,45.860952],[-73.157758,46.169919]]]}},{"type":"Feature","properties":{"hex_id":"832baefffffffff","population":519995,"population_year":2025,"area_km2":13618.2,"population_density":38.2,"all_players":1,"players_per_million":1.92,"player_ids":["nfl:BergMa00"],"label":"Victoriaville","country":"Canada"},"geometry":{"type":"Polygon","coordinates":[[[-72.336425,47.14413],[-73.17262,46.811656],[-73.157758,46.169919],[-72.330983,45.860952],[-71.507302,46.184921],[-71.497894,46.826226],[-72.336425,47.14413]]]}},{"type":"Feature","properties":{"hex_id":"834413fffffffff","population":1468391,"population_year":2025,"area_km2":11454.2,"population_density":128.2,"all_players":5,"players_per_million":3.41,"player_ids":["nfl:CherCl00","nfl:JohnDE04","nfl:JoneJe01","nfl:MartJa04","nfl:ThomDe07"],"label":"Fort Myers","country":"United States"},"geometry":{"type":"Polygon","coordinates":[[[-81.751962,25.779996],[-81.304324,26.222612],[-81.466649,26.823209],[-82.084301,26.984013],[-82.536746,26.538801],[-82.366734,25.935396],[-81.751962,25.779996]]]}},{"type":"Feature","properties":{"hex_id":"83441afffffffff","population":4188119,"population_year":2025,"area_km2":11565.2,"population_density":362.1,"all_players":31,"players_per_million":7.4,"player_ids":["nfl:AlShAz00","nfl:BeckAn01","nfl:BeltDa00","nfl:CartZa00","nfl:DaviMa02","nfl:FordJe00","nfl:FowlDa00","nfl:GrifSh00","nfl:HansJa01","nfl:HarrJa05","nfl:HayeJo01","nfl:HigbTy00","nfl:HughCh01","nfl:JenkRa00","nfl:JennDo00","nfl:KnigTy00","nfl:McClRa00","nfl:McFaMi01","nfl:MillVe00","nfl:MoorCh00","nfl:NewtJe00","nfl:OladCh00","nfl:OruwAm00","nfl:PeniMi00","nfl:PutnWi00","nfl:RodgIs00","nfl:StrnJu00","nfl:TampTJ00","nfl:ValdMa00","nfl:WaltBr01","nfl:WatsCh00"],"label":"Tampa","country":"United States"},"geometry":{"type":"Polygon","coordinates":[[[-82.253729,27.587841],[-81.797694,28.027952],[-81.966494,28.631807],[-82.599304,28.798396],[-83.060213,28.355873],[-82.883444,27.749188],[-82.253729,27.587841]]]}},{"type":"Feature","properties":{"hex_id":"83441efffffffff","population":1159405,"population_year":2025,"area_km2":11640.2,"population_density":99.6,"all_players":3,"players_per_million":2.59,"player_ids":["nfl:BrooJa04","nfl:NeuzRy00","nfl:WestLa01"],"label":"Bradenton","country":"United States"},"geometry":{"type":"Polygon","coordinates":[[[-82.536746,26.538801],[-82.084301,26.984013],[-82.253729,27.587841],[-82.883444,27.749188],[-83.340621,27.301399],[-83.163358,26.694856],[-82.536746,26.538801]]]}},{"type":"Feature","properties":{"hex_id":"834440fffffffff","population":700278,"population_year":2025,"area_km2":13258.9,"population_density":52.8,"all_players":15,"players_per_million":21.42,"player_ids":["nfl:ButlPe00","nfl:ClarDa02","nfl:ClarJo00","nfl:DaviDe02","nfl:DotsKe00","nfl:EdwaCl00","nfl:GageRu00","nfl:GodcDa00","nfl:HarrCh06","nfl:JoneEm02","nfl:QueePa00","nfl:RoacMa01","nfl:SampDy00","nfl:StinDe00","nfl:WickDo00"],"label":"Baton Rouge","country":"United States"},"geometry":{"type":"Polygon","coordinates":[[[-91.213549,30.149237],[-90.737597,30.634218],[-90.980019,31.253903],[-91.70664,31.389766],[-92.185406,30.901967],[-91.934789,30.281145],[-91.213549,30.149237]]]}},{"type":"Feature","properties":{"hex_id":"834441fffffffff","population":223510,"population_year":2025,"area_km2":13361.1,"population_density":16.7,"all_players":1,"players_per_million":4.47,"player_ids":["nfl:FordCo00"],"label":"Pineville","country":"United States"},"geometry":{"type":"Polygon","coordinates":[[[-92.185406,30.901967],[-91.70664,31.389766],[-91.958005,32.009151],[-92.696403,32.141716],[-93.177711,31.651131],[-92.918138,31.030789],[-92.185406,30.901967]]]}},{"type":"Feature","properties":{"hex_id":"834442fffffffff","population":264533,"population_year":2025,"area_km2":13035.7,"population_density":20.3,"all_players":4,"players_per_million":15.12,"player_ids":["nfl:SmitDe07","nfl:TorrOC00","nfl:WardCh01","nfl:WheaTy02"],"label":"Amite","country":"United States"},"geometry":{"type":"Polygon","coordinates":[[[-90.022833,30.495543],[-89.545393,30.972456],[-89.779473,31.590738],[-90.499382,31.733531],[-90.980019,31.253903],[-90.737597,30.634218],[-90.022833,30.495543]]]}},{"type":"Feature","properties":{"hex_id":"834443fffffffff","population":137572,"population_year":2025,"area_km2":13142.7,"population_density":10.5,"all_players":2,"players_per_million":14.54,"player_ids":["nfl:BrowBe01","nfl:MathPh00"],"label":"Wisner","country":"United States"},"geometry":{"type":"Polygon","coordinates":[[[-90.980019,31.253903],[-90.499382,31.733531],[-90.742371,32.351691],[-91.474426,32.491469],[-91.958005,32.009151],[-91.70664,31.389766],[-90.980019,31.253903]]]}},{"type":"Feature","properties":{"hex_id":"834444fffffffff","population":275584,"population_year":2025,"area_km2":13361.1,"population_density":20.6,"all_players":4,"players_per_million":14.51,"player_ids":["nfl:AmosTr00","nfl:BoutKa00","nfl:MitcEl00","nfl:NabeMa00"],"label":"New Iberia","country":"United States"},"geometry":{"type":"Polygon","coordinates":[[[-91.44306,29.038514],[-90.971719,29.528453],[-91.213549,30.149237],[-91.934789,30.281145],[-92.408822,29.788257],[-92.158975,29.166432],[-91.44306,29.038514]]]}},{"type":"Feature","properties":{"hex_id":"834445fffffffff","population":545933,"population_year":2025,"area_km2":13472.5,"population_density":40.5,"all_players":8,"players_per_million":14.65,"player_ids":["nfl:BechJa00","nfl:CambDa00","nfl:ColeKe02","nfl:DecuAu00","nfl:EtieTr00","nfl:EtieTr01","nfl:HarrTr03","nfl:SamxAn00"],"label":"Lafayette","country":"United States"},"geometry":{"type":"Polygon","coordinates":[[[-92.408822,29.788257],[-91.934789,30.281145],[-92.185406,30.901967],[-92.918138,31.030789],[-93.394592,30.534991],[-93.135951,29.913303],[-92.408822,29.788257]]]}},{"type":"Feature","properties":{"hex_id":"834446fffffffff","population":1714125,"population_year":2025,"area_km2":13142.7,"population_density":130.4,"all_players":26,"players_per_million":15.17,"player_ids":["nfl:ChasJa00","nfl:CoopEd00","nfl:CushLl00","nfl:FultKr00","nfl:JackDo02","nfl:JacoDe00","nfl:JeffJu00","nfl:JoneDe01","nfl:LarvGa00","nfl:LucaCo01","nfl:MartTa00","nfl:MaulAr00","nfl:MonrJa00","nfl:MoreFo00","nfl:ReidJu00","nfl:RobeAm00","nfl:SmitMa07","nfl:SorrBa00","nfl:SpeaTy00","nfl:ThomBr06","nfl:ThomNa01","nfl:TomxZa00","nfl:VanPSe00","nfl:VancGr00","nfl:WallGa00","nfl:WindJa00"],"label":"New Orleans","country":"United States"},"geometry":{"type":"Polygon","coordinates":[[[-90.262055,29.393937],[-89.789168,29.876068],[-90.022833,30.495543],[-90.737597,30.634218],[-91.213549,30.149237],[-90.971719,29.528453],[-90.262055,29.393937]]]}},{"type":"Feature","properties":{"hex_id":"834448fffffffff","population":131438,"population_year":2025,"area_km2":13313.8,"population_density":9.9,"all_players":3,"players_per_million":22.82,"player_ids":["nfl:JackCa01","nfl:RichDe01","nfl:WhitDe02"],"label":"Haynesville","country":"United States"},"geometry":{"type":"Polygon","coordinates":[[[-92.956891,32.760281],[-92.470646,33.245263],[-92.732031,33.861633],[-93.488117,33.993888],[-93.976725,33.506269],[-93.70695,32.889054],[-92.956891,32.760281]]]}},{"type":"Feature","properties":{"hex_id":"834449fffffffff","population":86613,"population_year":2025,"area_km2":13376.9,"population_density":6.5,"all_players":1,"players_per_million":11.55,"player_ids":["nfl:BrowMo00"],"label":"Ashdown","country":"United States"},"geometry":{"type":"Polygon","coordinates":[[[-93.976725,33.506269],[-93.488117,33.993888],[-93.758968,34.608572],[-94.526864,34.736306],[-95.017507,34.246081],[-94.738292,33.630749],[-93.976725,33.506269]]]}},{"type":"Feature","properties":{"hex_id":"83444afffffffff","population":129618,"population_year":2025,"area_km2":13096.6,"population_density":9.9,"all_players":1,"players_per_million":7.71,"player_ids":["nfl:BurkTr00"],"label":"Warren","country":"United States"},"geometry":{"type":"Polygon","coordinates":[[[-91.72652,33.108995],[-91.238048,33.585459],[-91.490847,34.200716],[-92.240764,34.340643],[-92.732031,33.861633],[-92.470646,33.245263],[-91.72652,33.108995]]]}},{"type":"Feature","properties":{"hex_id":"83444cfffffffff","population":449089,"population_year":2025,"area_km2":13448.5,"population_density":33.4,"all_players":10,"players_per_million":22.27,"player_ids":["nfl:BernJa01","nfl:ChatEl00","nfl:MukuIs00","nfl:PresDa01","nfl:RochRo00","nfl:SneeLJ00","nfl:TillJe00","nfl:WashAr00","nfl:WhitTr01","nfl:WilsDo01"],"label":"Shreveport","country":"United States"},"geometry":{"type":"Polygon","coordinates":[[[-93.177711,31.651131],[-92.696403,32.141716],[-92.956891,32.760281],[-93.70695,32.889054],[-94.190501,32.395718],[-93.921815,31.776383],[-93.177711,31.651131]]]}},{"type":"Feature","properties":{"hex_id":"83444dfffffffff","population":380204,"population_year":2025,"area_km2":13520.8,"population_density":28.1,"all_players":6,"players_per_million":15.78,"player_ids":["nfl:JackLa03","nfl:MartNi01","nfl:WashBr01","nfl:WashTa00","nfl:WillSa01","nfl:WillTr21"],"label":"Longview","country":"United States"},"geometry":{"type":"Polygon","coordinates":[[[-94.190501,32.395718],[-93.70695,32.889054],[-93.976725,33.506269],[-94.738292,33.630749],[-95.223765,33.1347],[-94.945821,32.516906],[-94.190501,32.395718]]]}},{"type":"Feature","properties":{"hex_id":"83444efffffffff","population":307155,"population_year":2025,"area_km2":13235.5,"population_density":23.2,"all_players":6,"players_per_million":19.53,"player_ids":["nfl:CampWi01","nfl:MitcMa02","nfl:NewtJo00","nfl:RobiCa00","nfl:TurpKa00","nfl:WoodXa00"],"label":"Monroe","country":"United States"},"geometry":{"type":"Polygon","coordinates":[[[-91.958005,32.009151],[-91.474426,32.491469],[-91.72652,33.108995],[-92.470646,33.245263],[-92.956891,32.760281],[-92.696403,32.141716],[-91.958005,32.009151]]]}},{"type":"Feature","properties":{"hex_id":"834450fffffffff","population":706126,"population_year":2025,"area_km2":12679.7,"population_density":55.7,"all_players":14,"players_per_million":19.83,"player_ids":["nfl:AbraKr00","nfl:ArmoJa00","nfl:BennJa00","nfl:EdwaMa01","nfl:FlotCo00","nfl:HuffBr00","nfl:JackMc00","nfl:JameDJ00","nfl:JameSh00","nfl:JohnCe01","nfl:JoneVe00","nfl:LeonRi02","nfl:McCrRo01","nfl:TolbJa00"],"label":"Mobile","country":"United States"},"geometry":{"type":"Polygon","coordinates":[[[-87.916773,30.06185],[-87.442045,30.527943],[-87.659032,31.144017],[-88.359172,31.295847],[-88.837672,30.827133],[-88.612295,30.20923],[-87.916773,30.06185]]]}},{"type":"Feature","properties":{"hex_id":"834451fffffffff","population":305268,"population_year":2025,"area_km2":12803.9,"population_density":23.8,"all_players":6,"players_per_million":19.65,"player_ids":["nfl:CrosCh00","nfl:CrumJa00","nfl:JoneBe03","nfl:KeysAu00","nfl:LuteDa00","nfl:YounBy00"],"label":"Hattiesburg","country":"United States"},"geometry":{"type":"Polygon","coordinates":[[[-88.837672,30.827133],[-88.359172,31.295847],[-88.584788,31.912465],[-89.29741,32.062054],[-89.779473,31.590738],[-89.545393,30.972456],[-88.837672,30.827133]]]}},{"type":"Feature","properties":{"hex_id":"834452fffffffff","population":507792,"population_year":2025,"area_km2":12437.2,"population_density":40.8,"all_players":4,"players_per_million":7.88,"player_ids":["nfl:BryaCo02","nfl:CartMi03","nfl:JeffJo01","nfl:WaitCo00"],"label":"Navarre","country":"United States"},"geometry":{"type":"Polygon","coordinates":[[[-86.754361,30.374339],[-86.279328,30.832256],[-86.487848,31.44625],[-87.179897,31.604426],[-87.659032,31.144017],[-87.442045,30.527943],[-86.754361,30.374339]]]}},{"type":"Feature","properties":{"hex_id":"834453fffffffff","population":63371,"population_year":2025,"area_km2":12564.6,"population_density":5.0,"all_players":1,"players_per_million":15.78,"player_ids":["nfl:HowaTy00"],"label":"Monroeville","country":"United States"},"geometry":{"type":"Polygon","coordinates":[[[-87.659032,31.144017],[-87.179897,31.604426],[-87.396951,32.219126],[-88.101738,32.375354],[-88.584788,31.912465],[-88.359172,31.295847],[-87.659032,31.144017]]]}},{"type":"Feature","properties":{"hex_id":"834455fffffffff","population":546173,"population_year":2025,"area_km2":12915.2,"population_density":42.3,"all_players":2,"players_per_million":3.66,"player_ids":["nfl:HallDe04","nfl:JoneTi00"],"label":"Biloxi","country":"United States"},"geometry":{"type":"Polygon","coordinates":[[[-89.08631,29.735057],[-88.612295,30.20923],[-88.837672,30.827133],[-89.545393,30.972456],[-90.022833,30.495543],[-89.789168,29.876068],[-89.08631,29.735057]]]}},{"type":"Feature","properties":{"hex_id":"834456fffffffff","population":285387,"population_year":2025,"area_km2":12543.2,"population_density":22.8,"all_players":5,"players_per_million":17.52,"player_ids":["nfl:DaviKa01","nfl:GanoGr44","nfl:McWiMa01","nfl:ReavJe00","nfl:WithDe00"],"label":"Pensacola","country":"United States"},"geometry":{"type":"Polygon","coordinates":[[[-87.016549,29.295833],[-86.545778,29.759287],[-86.754361,30.374339],[-87.442045,30.527943],[-87.916773,30.06185],[-87.699889,29.444813],[-87.016549,29.295833]]]}},{"type":"Feature","properties":{"hex_id":"834458fffffffff","population":134756,"population_year":2025,"area_km2":12781.8,"population_density":10.5,"all_players":1,"players_per_million":7.42,"player_ids":["nfl:ForbEm00"],"label":"Grenada","country":"United States"},"geometry":{"type":"Polygon","coordinates":[[[-89.531876,32.678725],[-89.045119,33.144082],[-89.27994,33.758738],[-90.010275,33.909624],[-90.500506,33.441812],[-90.256976,32.82559],[-89.531876,32.678725]]]}},{"type":"Feature","properties":{"hex_id":"834459fffffffff","population":93649,"population_year":2025,"area_km2":12870.5,"population_density":7.3,"all_players":2,"players_per_million":21.36,"player_ids":["nfl:GrayJ.00","nfl:JenkEl00"],"label":"Clarksdale","country":"United States"},"geometry":{"type":"Polygon","coordinates":[[[-90.500506,33.441812],[-90.010275,33.909624],[-90.254317,34.523507],[-90.997401,34.670973],[-91.490847,34.200716],[-91.238048,33.585459],[-90.500506,33.441812]]]}},{"type":"Feature","properties":{"hex_id":"83445afffffffff","population":236169,"population_year":2025,"area_km2":12543.2,"population_density":18.8,"all_players":6,"players_per_million":25.41,"player_ids":["nfl:BrooNa01","nfl:BrowAJ00","nfl:BrowJa07","nfl:GayJWi00","nfl:JoneCh09","nfl:SimmJe01"],"label":"Starkville","country":"United States"},"geometry":{"type":"Polygon","coordinates":[[[-88.327561,32.99028],[-87.839892,33.446999],[-88.065886,34.059836],[-88.788416,34.217794],[-89.27994,33.758738],[-89.045119,33.144082],[-88.327561,32.99028]]]}},{"type":"Feature","properties":{"hex_id":"83445bfffffffff","population":275147,"population_year":2025,"area_km2":12636.3,"population_density":21.8,"all_players":3,"players_per_million":10.9,"player_ids":["nfl:HallKe01","nfl:MetcDK00","nfl:PeguJJ00"],"label":"Oxford","country":"United States"},"geometry":{"type":"Polygon","coordinates":[[[-89.27994,33.758738],[-88.788416,34.217794],[-89.023559,34.830045],[-89.759172,34.984893],[-90.254317,34.523507],[-90.010275,33.909624],[-89.27994,33.758738]]]}},{"type":"Feature","properties":{"hex_id":"83445cfffffffff","population":611038,"population_year":2025,"area_km2":12915.2,"population_density":47.3,"all_players":11,"players_per_million":18.0,"player_ids":["nfl:AkerCa00","nfl:BozeSw00","nfl:CharSa00","nfl:DaviDe00","nfl:HeatMa00","nfl:HoliJi00","nfl:JoneJa14","nfl:LewiDa05","nfl:MingJo00","nfl:MinsGa00","nfl:SherJa01"],"label":"Brandon","country":"United States"},"geometry":{"type":"Polygon","coordinates":[[[-89.779473,31.590738],[-89.29741,32.062054],[-89.531876,32.678725],[-90.256976,32.82559],[-90.742371,32.351691],[-90.499382,31.733531],[-89.779473,31.590738]]]}},{"type":"Feature","properties":{"hex_id":"83445dfffffffff","population":114121,"population_year":2025,"area_km2":13012.9,"population_density":8.8,"all_players":2,"players_per_million":17.53,"player_ids":["nfl:BensTr01","nfl:GainKe00"],"label":"Greenville","country":"United States"},"geometry":{"type":"Polygon","coordinates":[[[-90.742371,32.351691],[-90.256976,32.82559],[-90.500506,33.441812],[-91.238048,33.585459],[-91.72652,33.108995],[-91.474426,32.491469],[-90.742371,32.351691]]]}},{"type":"Feature","properties":{"hex_id":"83445efffffffff","population":179063,"population_year":2025,"area_km2":12679.7,"population_density":14.1,"all_players":2,"players_per_million":11.17,"player_ids":["nfl:BlaiCh00","nfl:HuntJa03"],"label":"Louisville","country":"United States"},"geometry":{"type":"Polygon","coordinates":[[[-88.584788,31.912465],[-88.101738,32.375354],[-88.327561,32.99028],[-89.045119,33.144082],[-89.531876,32.678725],[-89.29741,32.062054],[-88.584788,31.912465]]]}},{"type":"Feature","properties":{"hex_id":"834468fffffffff","population":257806,"population_year":2025,"area_km2":13766.4,"population_density":18.7,"all_players":2,"players_per_million":7.76,"player_ids":["nfl:JohnLa01","nfl:SweaTV01"],"label":"Groveton","country":"United States"},"geometry":{"type":"Polygon","coordinates":[[[-94.606515,30.15309],[-94.132813,30.656687],[-94.400398,31.277715],[-95.14955,31.395579],[-95.624961,30.889041],[-95.34958,30.267602],[-94.606515,30.15309]]]}},{"type":"Feature","properties":{"hex_id":"834469fffffffff","population":127723,"population_year":2025,"area_km2":13841.6,"population_density":9.2,"all_players":2,"players_per_million":15.66,"player_ids":["nfl:BeacKe00","nfl:WilsJe01"],"label":"Mexia","country":"United States"},"geometry":{"type":"Polygon","coordinates":[[[-95.624961,30.889041],[-95.14955,31.395579],[-95.426216,32.015413],[-96.186106,32.128956],[-96.66289,31.619531],[-96.378487,30.999471],[-95.624961,30.889041]]]}},{"type":"Feature","properties":{"hex_id":"83446bfffffffff","population":279466,"population_year":2025,"area_km2":13650.9,"population_density":20.5,"all_players":4,"players_per_million":14.31,"player_ids":["nfl:JoneBr06","nfl:McCoEr01","nfl:OverDe00","nfl:WilsTy01"],"label":"Arp","country":"United States"},"geometry":{"type":"Polygon","coordinates":[[[-94.400398,31.277715],[-93.921815,31.776383],[-94.190501,32.395718],[-94.945821,32.516906],[-95.426216,32.015413],[-95.14955,31.395579],[-94.400398,31.277715]]]}},{"type":"Feature","properties":{"hex_id":"83446cfffffffff","population":6104544,"population_year":2025,"area_km2":13866.8,"population_density":440.2,"all_players":55,"players_per_million":9.01,"player_ids":["nfl:AchaDe00","nfl:ArmsDo00","nfl:BaldJo01","nfl:BankBr02","nfl:BankKe01","nfl:BankMa00","nfl:BartSh00","nfl:BattMi00","nfl:BentUl00","nfl:BernTe00","nfl:BlueJa01","nfl:BrooJo01","nfl:BrouVe00","nfl:CampDa01","nfl:CartAj00","nfl:ChaiKL00","nfl:ChilZi00","nfl:CoopKe00","nfl:CosmSa00","nfl:DelpGr00","nfl:DiggQu00","nfl:ElliJo02","nfl:EvanMi00","nfl:GoldMa02","nfl:GonzZa00","nfl:GoodCa00","nfl:HowaXa00","nfl:HurtJa00","nfl:JamiDS00","nfl:LittWa00","nfl:MannBr01","nfl:MattJa00","nfl:McCoRy00","nfl:McCoTr00","nfl:McCoZy02","nfl:McGlDw00","nfl:MitcAd00","nfl:MorsTh00","nfl:MurrKe00","nfl:OgbaEm00","nfl:OgboOt00","nfl:OkorOg00","nfl:OlivEd00","nfl:OlszGu00","nfl:PaulCh00","nfl:PaulPa01","nfl:PitrJa00","nfl:ShefKe00","nfl:SimsSt00","nfl:StouUp00","nfl:TramAu00","nfl:WaddJa00","nfl:WashPa01","nfl:WillJo011","nfl:WillTr06"],"label":"Houston","country":"United States"},"geometry":{"type":"Polygon","coordinates":[[[-94.808948,29.022702],[-94.340041,29.530809],[-94.606515,30.15309],[-95.34958,30.267602],[-95.820095,29.756435],[-95.546005,29.133838],[-94.808948,29.022702]]]}},{"type":"Feature","properties":{"hex_id":"83446dfffffffff","population":1444582,"population_year":2025,"area_km2":13951.3,"population_density":103.5,"all_players":21,"players_per_million":14.54,"player_ids":["nfl:BateJa00","nfl:BonnEt00","nfl:ConnHa00","nfl:DabnDr00","nfl:DaltAn00","nfl:HallEr00","nfl:HuntDa01","nfl:JackDo03","nfl:JoneCh12","nfl:McLaCh00","nfl:MilrJa00","nfl:OjomMo00","nfl:OssaJo00","nfl:SchlAu00","nfl:ScouNi00","nfl:StuaGr00","nfl:SuttCo00","nfl:TurnDe02","nfl:WinfAn00","nfl:WintDe00","nfl:WrigBr01"],"label":"Cypress","country":"United States"},"geometry":{"type":"Polygon","coordinates":[[[-95.820095,29.756435],[-95.34958,30.267602],[-95.624961,30.889041],[-96.378487,30.999471],[-96.850284,30.485306],[-96.567347,29.863731],[-95.820095,29.756435]]]}},{"type":"Feature","properties":{"hex_id":"83446efffffffff","population":482812,"population_year":2025,"area_km2":13675.5,"population_density":35.3,"all_players":5,"players_per_million":10.36,"player_ids":["nfl:JohnRo07","nfl:LockPJ00","nfl:MoorDa05","nfl:RobeEl00","nfl:VaugZe00"],"label":"Beaumont","country":"United States"},"geometry":{"type":"Polygon","coordinates":[[[-93.607634,29.412696],[-93.135951,29.913303],[-93.394592,30.534991],[-94.132813,30.656687],[-94.606515,30.15309],[-94.340041,29.530809],[-93.607634,29.412696]]]}},{"type":"Feature","properties":{"hex_id":"8344a1fffffffff","population":5763886,"population_year":2025,"area_km2":11010.2,"population_density":523.5,"all_players":75,"players_per_million":13.01,"player_ids":["nfl:AbduYa00","nfl:AndeRo04","nfl:ArneDa00","nfl:AtweTu00","nfl:AustKe00","nfl:BartJa01","nfl:BattJo00","nfl:BethTa00","nfl:BoniNi00","nfl:BorrAn00","nfl:BosaJo00","nfl:BosaNi00","nfl:BridTe00","nfl:BrowJa09","nfl:BrowMa04","nfl:BurnBr00","nfl:BushDe01","nfl:CampTy01","nfl:CookJa01","nfl:DaviCa02","nfl:DaviJa09","nfl:DaviLa00","nfl:DorlBr00","nfl:FlowZa00","nfl:FordJo00","nfl:GadsOr01","nfl:GillAs00","nfl:HardMy00","nfl:HartBo00","nfl:HendCJ00","nfl:HerbKh00","nfl:HiggJa00","nfl:HousJa01","nfl:HuntTy01","nfl:HyppRu00","nfl:JackLa00","nfl:JeudJe00","nfl:JobeJo00","nfl:KancCa00","nfl:KincKa00","nfl:KnowKe00","nfl:LammCh00","nfl:MarsJa00","nfl:MartKe03","nfl:MeteJo00","nfl:MoorEl00","nfl:MoreFa00","nfl:OlivBr02","nfl:PerrDe00","nfl:PierJa01","nfl:PierJa99","nfl:PineEd00","nfl:PortDa01","nfl:RestXa00","nfl:RidlCa00","nfl:RobeEl01","nfl:RousGr00","nfl:SamuAs00","nfl:SingDe00","nfl:SlatTe00","nfl:SmitBr09","nfl:SmitGe00","nfl:SteeTy00","nfl:StevTy01","nfl:StewSh00","nfl:SurtPa01","nfl:TaylLe01","nfl:TaylMa02","nfl:ThorCo00","nfl:ThorTy00","nfl:TurnDa01","nfl:UcheJo00","nfl:WalkAn01","nfl:WillJa15","nfl:WilsMa04"],"label":"Fort Lauderdale","country":"United States"},"geometry":{"type":"Polygon","coordinates":[[[-79.949065,25.306967],[-79.508022,25.739732],[-79.655984,26.333663],[-80.252477,26.497928],[-80.698565,26.062694],[-80.543111,25.465679],[-79.949065,25.306967]]]}},{"type":"Feature","properties":{"hex_id":"8344a5fffffffff","population":49252,"population_year":2025,"area_km2":11061.9,"population_density":4.5,"all_players":2,"players_per_million":40.61,"player_ids":["nfl:AlexMa02","nfl:IveyDJ00"],"label":"Florida City","country":"United States"},"geometry":{"type":"Polygon","coordinates":[[[-80.23811,24.276499],[-79.800252,24.713863],[-79.949065,25.306967],[-80.543111,25.465679],[-80.985882,25.025678],[-80.82969,24.429618],[-80.23811,24.276499]]]}},{"type":"Feature","properties":{"hex_id":"8344a8fffffffff","population":1093239,"population_year":2025,"area_km2":11131.6,"population_density":98.2,"all_players":3,"players_per_million":2.74,"player_ids":["nfl:HarvJa00","nfl:MackKh00","nfl:MayeMa00"],"label":"Port Saint Lucie","country":"United States"},"geometry":{"type":"Polygon","coordinates":[[[-80.407147,27.095513],[-79.957715,27.52564],[-80.111556,28.123412],[-80.722601,28.294198],[-81.177173,27.861791],[-81.015558,27.260891],[-80.407147,27.095513]]]}},{"type":"Feature","properties":{"hex_id":"8344a9fffffffff","population":3916404,"population_year":2025,"area_km2":11308.9,"population_density":346.3,"all_players":24,"players_per_million":6.13,"player_ids":["nfl:BoarCh00","nfl:CarlJa01","nfl:CartJa05","nfl:CorlMa00","nfl:DaviGa01","nfl:DaviTy05","nfl:ForsSt00","nfl:GreeRe00","nfl:HarvRJ00","nfl:HendTr00","nfl:HornJi00","nfl:HuntJa02","nfl:InglTa00","nfl:JameDe00","nfl:JoseKe03","nfl:JulePJ00","nfl:LeexMa02","nfl:MilaMa00","nfl:PhilJo02","nfl:SmitXa00","nfl:StutDa00","nfl:TownTo01","nfl:WeavXa00","nfl:WestNi00"],"label":"Orlando","country":"United States"},"geometry":{"type":"Polygon","coordinates":[[[-81.177173,27.861791],[-80.722601,28.294198],[-80.88346,28.895015],[-81.506834,29.066476],[-81.966494,28.631807],[-81.797694,28.027952],[-81.177173,27.861791]]]}},{"type":"Feature","properties":{"hex_id":"8344abfffffffff","population":104504,"population_year":2025,"area_km2":11050.4,"population_density":9.5,"all_players":4,"players_per_million":38.28,"player_ids":["nfl:DeanJa00","nfl:GardCh00","nfl:SandRa00","nfl:TaylJa02"],"label":"Cocoa","country":"United States"},"geometry":{"type":"Polygon","coordinates":[[[-80.111556,28.123412],[-79.658753,28.548108],[-79.811717,29.145688],[-80.425375,29.321821],[-80.88346,28.895015],[-80.722601,28.294198],[-80.111556,28.123412]]]}},{"type":"Feature","properties":{"hex_id":"8344acfffffffff","population":115428,"population_year":2025,"area_km2":11202.0,"population_density":10.3,"all_players":3,"players_per_million":25.99,"player_ids":["nfl:MiltJo00","nfl:MorrMi00","nfl:WestJa02"],"label":"Pahokee","country":"United States"},"geometry":{"type":"Polygon","coordinates":[[[-80.698565,26.062694],[-80.252477,26.497928],[-80.407147,27.095513],[-81.015558,27.260891],[-81.466649,26.823209],[-81.304324,26.222612],[-80.698565,26.062694]]]}},{"type":"Feature","properties":{"hex_id":"8344adfffffffff","population":402809,"population_year":2025,"area_km2":11387.2,"population_density":35.4,"all_players":2,"players_per_million":4.97,"player_ids":["nfl:DextGe00","nfl:SmitAr01"],"label":"Lake Wales","country":"United States"},"geometry":{"type":"Polygon","coordinates":[[[-81.466649,26.823209],[-81.015558,27.260891],[-81.177173,27.861791],[-81.797694,28.027952],[-82.253729,27.587841],[-82.084301,26.984013],[-81.466649,26.823209]]]}},{"type":"Feature","properties":{"hex_id":"8344aefffffffff","population":1495063,"population_year":2025,"area_km2":10947.5,"population_density":136.6,"all_players":8,"players_per_million":5.35,"player_ids":["nfl:BrisJa00","nfl:ElamKa00","nfl:HomeTr00","nfl:JohnFr01","nfl:ODonPa00","nfl:SherJa00","nfl:SmitKe05","nfl:ZavaCh00"],"label":"West Palm Beach","country":"United States"},"geometry":{"type":"Polygon","coordinates":[[[-79.655984,26.333663],[-79.211732,26.761492],[-79.358798,27.355871],[-79.957715,27.52564],[-80.407147,27.095513],[-80.252477,26.497928],[-79.655984,26.333663]]]}},{"type":"Feature","properties":{"hex_id":"8344c0fffffffff","population":517494,"population_year":2025,"area_km2":11552.8,"population_density":44.8,"all_players":5,"players_per_million":9.66,"player_ids":["nfl:BryaHa00","nfl:BullJa00","nfl:DuprAl00","nfl:GrabTy00","nfl:MimsAm00"],"label":"Gordon","country":"United States"},"geometry":{"type":"Polygon","coordinates":[[[-83.027811,32.266287],[-82.550234,32.692957],[-82.73253,33.297599],[-83.401132,33.478441],[-83.883855,33.049852],[-83.69284,32.442355],[-83.027811,32.266287]]]}},{"type":"Feature","properties":{"hex_id":"8344c1fffffffff","population":5328708,"population_year":2025,"area_km2":11678.0,"population_density":456.3,"all_players":116,"players_per_million":21.77,"player_ids":["nfl:AlfoDe00","nfl:AndeWi01","nfl:AshbJu00","nfl:BealRo00","nfl:BellDA03","nfl:BertJD00","nfl:BishCo00","nfl:BlacJo00","nfl:BlouJo00","nfl:BondIs00","nfl:BranBr00","nfl:BrosMa00","nfl:BrowDe05","nfl:BrowOr00","nfl:ButkHa00","nfl:ByarKe01","nfl:CartBa00","nfl:ChubBr00","nfl:ChukBe00","nfl:ColeAJ01","nfl:CoxxBr02","nfl:DiabYa00","nfl:DobbJo00","nfl:DownJo00","nfl:DuggKy00","nfl:DurhPa00","nfl:EboiJu00","nfl:EdogCh00","nfl:EnagKi00","nfl:EngrEv00","nfl:FairDy00","nfl:FergRe00","nfl:FitzJo00","nfl:FoxxTo00","nfl:GibsAn00","nfl:GillBl00","nfl:GoodTy00","nfl:GreeBJ00","nfl:HamiKy00","nfl:HancJo00","nfl:HarrWi02","nfl:HewiNe00","nfl:HeywCa01","nfl:HeywCo00","nfl:HeywSh00","nfl:HiltMi01","nfl:HornJa00","nfl:HuntTr00","nfl:IncoTh00","nfl:IveyJa00","nfl:JackNi00","nfl:JarrGr00","nfl:JoneBr09","nfl:JoneDo03","nfl:JoneTr01","nfl:KamaAl00","nfl:KennKy00","nfl:KeyxAr00","nfl:KnigDe00","nfl:LawsCa00","nfl:LeviCo00","nfl:LoweRe00","nfl:MafaPh00","nfl:MaloDe00","nfl:MarkWo00","nfl:MartCh02","nfl:MartSa01","nfl:McCoJa02","nfl:McCrMa01","nfl:McKiXa00","nfl:McLeDe00","nfl:MeyeJa01","nfl:MillDa02","nfl:MitcKe01","nfl:MoorNi00","nfl:MorrWa01","nfl:MumpKo00","nfl:MurpMy00","nfl:NourHu00","nfl:OjulAz00","nfl:OjulBJ00","nfl:OkonCh00","nfl:PappOw00","nfl:RankSh00","nfl:RaymKa00","nfl:RobiMi01","nfl:RodrCh00","nfl:RomoJo00","nfl:RoyaJa00","nfl:SalyJa00","nfl:SampCa00","nfl:SermTr00","nfl:SlayDa01","nfl:SmitCh04","nfl:SmitPr00","nfl:StacNa00","nfl:StigQw00","nfl:StokEr00","nfl:SweaMo00","nfl:TerrAJ00","nfl:ThomAn02","nfl:TomlDa00","nfl:TremTo00","nfl:TurnDJ01","nfl:VidaKi00","nfl:VildKi00","nfl:WagnWi00","nfl:WashMa00","nfl:WhitRi01","nfl:WiggNa00","nfl:WillKe07","nfl:WillMa12","nfl:WonnDJ00","nfl:WoodCo01","nfl:WyatDe00","nfl:Ya-SRo00"],"label":"Atlanta","country":"United States"},"geometry":{"type":"Polygon","coordinates":[[[-83.883855,33.049852],[-83.401132,33.478441],[-83.591669,34.083947],[-84.273825,34.263584],[-84.761579,33.833075],[-84.562163,33.224865],[-83.883855,33.049852]]]}},{"type":"Feature","properties":{"hex_id":"8344c2fffffffff","population":596215,"population_year":2025,"area_km2":11291.0,"population_density":52.8,"all_players":3,"players_per_million":5.03,"player_ids":["nfl:BakeDa02","nfl:LawrDe00","nfl:WatsJa02"],"label":"Augusta","country":"United States"},"geometry":{"type":"Polygon","coordinates":[[[-81.895015,32.511356],[-81.4188,32.929579],[-81.592393,33.531156],[-82.250909,33.717588],[-82.73253,33.297599],[-82.550234,32.692957],[-81.895015,32.511356]]]}},{"type":"Feature","properties":{"hex_id":"8344c3fffffffff","population":371687,"population_year":2025,"area_km2":11417.6,"population_density":32.6,"all_players":1,"players_per_million":2.69,"player_ids":["nfl:HardMe00"],"label":"Bowman","country":"United States"},"geometry":{"type":"Polygon","coordinates":[[[-82.73253,33.297599],[-82.250909,33.717588],[-82.432568,34.320173],[-83.104736,34.505705],[-83.591669,34.083947],[-83.401132,33.478441],[-82.73253,33.297599]]]}},{"type":"Feature","properties":{"hex_id":"8344c4fffffffff","population":169272,"population_year":2025,"area_km2":11678.0,"population_density":14.5,"all_players":5,"players_per_million":29.54,"player_ids":["nfl:BateRa00","nfl:FloyLe00","nfl:RobiJa03","nfl:SmitLe01","nfl:WalkQu00"],"label":"Cordele","country":"United States"},"geometry":{"type":"Polygon","coordinates":[[[-83.318504,31.226884],[-82.84493,31.659949],[-83.027811,32.266287],[-83.69284,32.442355],[-84.171401,32.00722],[-83.979957,31.398103],[-83.318504,31.226884]]]}},{"type":"Feature","properties":{"hex_id":"8344c5fffffffff","population":357053,"population_year":2025,"area_km2":11812.0,"population_density":30.2,"all_players":5,"players_per_million":14.0,"player_ids":["nfl:HerrMa02","nfl:RobiDe01","nfl:SmitRo07","nfl:ThomTr04","nfl:WalkTr03"],"label":"Montezuma","country":"United States"},"geometry":{"type":"Polygon","coordinates":[[[-84.171401,32.00722],[-83.69284,32.442355],[-83.883855,33.049852],[-84.562163,33.224865],[-85.045592,32.787663],[-84.845862,32.177532],[-84.171401,32.00722]]]}},{"type":"Feature","properties":{"hex_id":"8344cafffffffff","population":909086,"population_year":2025,"area_km2":11381.2,"population_density":79.9,"all_players":7,"players_per_million":7.7,"player_ids":["nfl:AdkiNa00","nfl:BaroTy00","nfl:HarpTh00","nfl:KinnDa00","nfl:MaysCa00","nfl:SmitHa00","nfl:StraCo01"],"label":"Knoxville","country":"United States"},"geometry":{"type":"Polygon","coordinates":[[[-83.294745,35.108864],[-82.803555,35.523528],[-82.992984,36.123996],[-83.682833,36.31263],[-84.179395,35.896325],[-83.980749,35.293044],[-83.294745,35.108864]]]}},{"type":"Feature","properties":{"hex_id":"8344cbfffffffff","population":370866,"population_year":2025,"area_km2":11481.1,"population_density":32.3,"all_players":1,"players_per_million":2.7,"player_ids":["nfl:HiggTe00"],"label":"Oak Ridge","country":"United States"},"geometry":{"type":"Polygon","coordinates":[[[-84.179395,35.896325],[-83.682833,36.31263],[-83.781574,36.612929],[-83.850032,36.894646],[-84.585167,37.099589],[-85.086968,36.681623],[-84.879398,36.078681],[-84.179395,35.896325]]]}},{"type":"Feature","properties":{"hex_id":"8344ccfffffffff","population":1329536,"population_year":2025,"area_km2":11792.7,"population_density":112.7,"all_players":12,"players_per_million":9.03,"player_ids":["nfl:AlleDa02","nfl:BrowBr06","nfl:ChubNi00","nfl:FielJu00","nfl:GibbJa01","nfl:GreeJo04","nfl:LawrTr00","nfl:McCoLa00","nfl:MondSm01","nfl:RatlTa00","nfl:SpecBa00","nfl:WallDa01"],"label":"Calhoun","country":"United States"},"geometry":{"type":"Polygon","coordinates":[[[-84.761579,33.833075],[-84.273825,34.263584],[-84.472881,34.869506],[-85.168742,35.047476],[-85.661389,34.615039],[-85.453304,34.006577],[-84.761579,33.833075]]]}},{"type":"Feature","properties":{"hex_id":"8344cdfffffffff","population":498389,"population_year":2025,"area_km2":11896.2,"population_density":41.9,"all_players":3,"players_per_million":6.02,"player_ids":["nfl:JohnPa02","nfl:SaylJa00","nfl:TaylAl01"],"label":"Jasper","country":"United States"},"geometry":{"type":"Polygon","coordinates":[[[-85.661389,34.615039],[-85.168742,35.047476],[-85.376594,35.653352],[-86.086288,35.829173],[-86.583669,35.394798],[-86.366648,34.786557],[-85.661389,34.615039]]]}},{"type":"Feature","properties":{"hex_id":"8344cefffffffff","population":635770,"population_year":2025,"area_km2":11534.2,"population_density":55.1,"all_players":3,"players_per_million":4.72,"player_ids":["nfl:ClevBe00","nfl:KinsMa00","nfl:StarMa00"],"label":"Toccoa","country":"United States"},"geometry":{"type":"Polygon","coordinates":[[[-83.591669,34.083947],[-83.104736,34.505705],[-83.294745,35.108864],[-83.980749,35.293044],[-84.472881,34.869506],[-84.273825,34.263584],[-83.591669,34.083947]]]}},{"type":"Feature","properties":{"hex_id":"8344d0fffffffff","population":755247,"population_year":2025,"area_km2":10891.0,"population_density":69.3,"all_players":3,"players_per_million":3.97,"player_ids":["nfl:KinlJa00","nfl:SimpJo00","nfl:TothBr00"],"label":"Charleston","country":"United States"},"geometry":{"type":"Polygon","coordinates":[[[-79.976103,31.955586],[-79.507306,32.363793],[-79.664643,32.960547],[-80.299243,33.152497],[-80.773736,32.742682],[-80.607929,32.142536],[-79.976103,31.955586]]]}},{"type":"Feature","properties":{"hex_id":"8344d1fffffffff","population":201555,"population_year":2025,"area_km2":11027.4,"population_density":18.3,"all_players":1,"players_per_million":4.96,"player_ids":["nfl:BrooKe02"],"label":"Swansea","country":"United States"},"geometry":{"type":"Polygon","coordinates":[[[-80.773736,32.742682],[-80.299243,33.152497],[-80.464172,33.750806],[-81.112257,33.942579],[-81.592393,33.531156],[-81.4188,32.929579],[-80.773736,32.742682]]]}},{"type":"Feature","properties":{"hex_id":"8344d3fffffffff","population":208032,"population_year":2025,"area_km2":10765.0,"population_density":19.3,"all_players":2,"players_per_million":9.61,"player_ids":["nfl:RushDa00","nfl:YounBy01"],"label":"Georgetown","country":"United States"},"geometry":{"type":"Polygon","coordinates":[[[-79.664643,32.960547],[-79.192218,33.362011],[-79.270109,33.659462],[-79.309816,33.930555],[-79.985888,34.15372],[-80.464172,33.750806],[-80.299243,33.152497],[-79.664643,32.960547]]]}},{"type":"Feature","properties":{"hex_id":"8344d5fffffffff","population":734655,"population_year":2025,"area_km2":11155.0,"population_density":65.9,"all_players":4,"players_per_million":5.44,"player_ids":["nfl:BrinWa00","nfl:FordPo00","nfl:LassKa00","nfl:SmitNo02"],"label":"Savannah","country":"United States"},"geometry":{"type":"Polygon","coordinates":[[[-81.078665,31.726077],[-80.607929,32.142536],[-80.773736,32.742682],[-81.4188,32.929579],[-81.895015,32.511356],[-81.720688,31.908012],[-81.078665,31.726077]]]}},{"type":"Feature","properties":{"hex_id":"8344d8fffffffff","population":1822560,"population_year":2025,"area_km2":11057.7,"population_density":164.8,"all_players":29,"players_per_million":15.91,"player_ids":["nfl:AlexJa00","nfl:BradGa00","nfl:BrooBr01","nfl:BrowDy00","nfl:BullJo00","nfl:ClowJa00","nfl:DaviJo03","nfl:DuckSt00","nfl:EkwoIk00","nfl:GlazDe00","nfl:GrayCe00","nfl:GwynJo00","nfl:HoppTy00","nfl:IngrTy00","nfl:JackDM00","nfl:JoneDa05","nfl:KendDe00","nfl:LammKe00","nfl:LaneJa00","nfl:McClNi00","nfl:McFaJo00","nfl:MustMa00","nfl:OuztRo00","nfl:PearJa00","nfl:RudoMa00","nfl:SimpTo00","nfl:SimpTr00","nfl:WalkDe01","nfl:WilsEm00"],"label":"Charlotte","country":"United States"},"geometry":{"type":"Polygon","coordinates":[[[-81.285062,34.542036],[-80.962413,34.812203],[-80.764551,34.92272],[-80.863541,35.476502],[-81.56765,35.695929],[-81.964648,35.469269],[-82.12783,35.333393],[-81.94686,34.733211],[-81.285062,34.542036]]]}},{"type":"Feature","properties":{"hex_id":"8344d9fffffffff","population":776960,"population_year":2025,"area_km2":11218.7,"population_density":69.3,"all_players":2,"players_per_million":2.57,"player_ids":["nfl:DowdRi01","nfl:LeotEk00"],"label":"Asheville","country":"United States"},"geometry":{"type":"Polygon","coordinates":[[[-82.396022,36.472583],[-82.992984,36.123996],[-82.803555,35.523528],[-82.12783,35.333393],[-81.964648,35.469269],[-81.56765,35.695929],[-81.677489,36.255732],[-82.396022,36.472583]]]}},{"type":"Feature","properties":{"hex_id":"8344dafffffffff","population":1478169,"population_year":2025,"area_km2":11061.9,"population_density":133.6,"all_players":12,"players_per_million":8.12,"player_ids":["nfl:AutrDe00","nfl:BiggZe01","nfl:BrooJa03","nfl:HargJa00","nfl:HillB.00","nfl:LeveNi00","nfl:MayeDr00","nfl:McLaJa00","nfl:PiniBr00","nfl:ShipWi00","nfl:WalkJa02","nfl:WillGa00"],"label":"Salisbury","country":"United States"},"geometry":{"type":"Polygon","coordinates":[[[-80.258145,35.811082],[-80.863541,35.476502],[-80.764551,34.92272],[-80.0746,34.701197],[-79.473144,35.027553],[-79.557618,35.583567],[-80.258145,35.811082]]]}},{"type":"Feature","properties":{"hex_id":"8344dbfffffffff","population":978897,"population_year":2025,"area_km2":11261.2,"population_density":86.9,"all_players":3,"players_per_million":3.06,"player_ids":["nfl:DickLa00","nfl:HoffBr00","nfl:SurrCh00"],"label":"Statesville","country":"United States"},"geometry":{"type":"Polygon","coordinates":[[[-81.068449,36.598719],[-81.677489,36.255732],[-81.56765,35.695929],[-80.863541,35.476502],[-80.258145,35.811082],[-80.35312,36.373406],[-81.068449,36.598719]]]}},{"type":"Feature","properties":{"hex_id":"8344dcfffffffff","population":460619,"population_year":2025,"area_km2":11155.0,"population_density":41.3,"all_players":4,"players_per_million":8.68,"player_ids":["nfl:CaldJa00","nfl:EmmaNi00","nfl:HamiAn01","nfl:HyatJa00"],"label":"Irmo","country":"United States"},"geometry":{"type":"Polygon","coordinates":[[[-81.592393,33.531156],[-81.112257,33.942579],[-81.285062,34.542036],[-81.94686,34.733211],[-82.432568,34.320173],[-82.250909,33.717588],[-81.592393,33.531156]]]}},{"type":"Feature","properties":{"hex_id":"8344ddfffffffff","population":1270062,"population_year":2025,"area_km2":11273.1,"population_density":112.7,"all_players":5,"players_per_million":3.94,"player_ids":["nfl:HampNi00","nfl:HopkDe00","nfl:JoneD.01","nfl:PickZa00","nfl:SamuDe00"],"label":"Anderson","country":"United States"},"geometry":{"type":"Polygon","coordinates":[[[-82.432568,34.320173],[-81.94686,34.733211],[-82.12783,35.333393],[-82.803555,35.523528],[-83.294745,35.108864],[-83.104736,34.505705],[-82.432568,34.320173]]]}},{"type":"Feature","properties":{"hex_id":"8344defffffffff","population":686040,"population_year":2025,"area_km2":10906.9,"population_density":62.9,"all_players":6,"players_per_million":8.75,"player_ids":["nfl:BurcJo00","nfl:DuraDe01","nfl:RileQu00","nfl:TindCh00","nfl:WattEr00","nfl:WattMa00"],"label":"Columbia","country":"United States"},"geometry":{"type":"Polygon","coordinates":[[[-80.464172,33.750806],[-79.985888,34.15372],[-80.0746,34.701197],[-80.764551,34.92272],[-80.962413,34.812203],[-81.285062,34.542036],[-81.112257,33.942579],[-80.464172,33.750806]]]}},{"type":"Feature","properties":{"hex_id":"8344e0fffffffff","population":293201,"population_year":2025,"area_km2":12047.7,"population_density":24.3,"all_players":1,"players_per_million":3.41,"player_ids":["nfl:PierDa01"],"label":"Bainbridge","country":"United States"},"geometry":{"type":"Polygon","coordinates":[[[-84.732952,29.899068],[-84.262576,30.346369],[-84.454402,30.956725],[-85.12502,31.122264],[-85.599956,30.672594],[-85.399733,30.059771],[-84.732952,29.899068]]]}},{"type":"Feature","properties":{"hex_id":"8344e1fffffffff","population":327205,"population_year":2025,"area_km2":12188.8,"population_density":26.8,"all_players":2,"players_per_million":6.11,"player_ids":["nfl:JoneMa06","nfl:WrigAl01"],"label":"Elba","country":"United States"},"geometry":{"type":"Polygon","coordinates":[[[-85.599956,30.672594],[-85.12502,31.122264],[-85.325018,31.733936],[-86.008497,31.898279],[-86.487848,31.44625],[-86.279328,30.832256],[-85.599956,30.672594]]]}},{"type":"Feature","properties":{"hex_id":"8344e2fffffffff","population":502544,"population_year":2025,"area_km2":11792.7,"population_density":42.6,"all_players":7,"players_per_million":13.93,"player_ids":["nfl:ArnoTe00","nfl:BeltAn00","nfl:FitzRy01","nfl:HarrRo02","nfl:MoorKe03","nfl:SoloJa00","nfl:WardJa00"],"label":"Tallahassee","country":"United States"},"geometry":{"type":"Polygon","coordinates":[[[-83.604702,30.180069],[-83.135088,30.619223],[-83.318504,31.226884],[-83.979957,31.398103],[-84.454402,30.956725],[-84.262576,30.346369],[-83.604702,30.180069]]]}},{"type":"Feature","properties":{"hex_id":"8344e3fffffffff","population":185411,"population_year":2025,"area_km2":11935.4,"population_density":15.5,"all_players":4,"players_per_million":21.57,"player_ids":["nfl:BrowTr02","nfl:NealSi00","nfl:RobiMa03","nfl:StewGr00"],"label":"Albany","country":"United States"},"geometry":{"type":"Polygon","coordinates":[[[-84.454402,30.956725],[-83.979957,31.398103],[-84.171401,32.00722],[-84.845862,32.177532],[-85.325018,31.733936],[-85.12502,31.122264],[-84.454402,30.956725]]]}},{"type":"Feature","properties":{"hex_id":"8344e4fffffffff","population":18351,"population_year":2025,"area_km2":12148.2,"population_density":1.5,"all_players":1,"players_per_million":54.49,"player_ids":["nfl:FarmJo00"],"label":"Port Saint Joe","country":"United States"},"geometry":{"type":"Polygon","coordinates":[[[-85.007143,28.83498],[-84.540788,29.287866],[-84.732952,29.899068],[-85.399733,30.059771],[-85.870499,29.604362],[-85.670093,28.990791],[-85.007143,28.83498]]]}},{"type":"Feature","properties":{"hex_id":"8344e5fffffffff","population":447076,"population_year":2025,"area_km2":12298.2,"population_density":36.4,"all_players":4,"players_per_million":8.95,"player_ids":["nfl:GranRi00","nfl:ThomAz00","nfl:ThomJu03","nfl:WardAl00"],"label":"Niceville","country":"United States"},"geometry":{"type":"Polygon","coordinates":[[[-85.870499,29.604362],[-85.399733,30.059771],[-85.599956,30.672594],[-86.279328,30.832256],[-86.754361,30.374339],[-86.545778,29.759287],[-85.870499,29.604362]]]}},{"type":"Feature","properties":{"hex_id":"8344e6fffffffff","population":59788,"population_year":2025,"area_km2":11896.2,"population_density":5.0,"all_players":1,"players_per_million":16.73,"player_ids":["nfl:FranFe00"],"label":"Crawfordville","country":"United States"},"geometry":{"type":"Polygon","coordinates":[[[-83.886493,29.126548],[-83.420798,29.571467],[-83.604702,30.180069],[-84.262576,30.346369],[-84.732952,29.899068],[-84.540788,29.287866],[-83.886493,29.126548]]]}},{"type":"Feature","properties":{"hex_id":"8344e8fffffffff","population":961978,"population_year":2025,"area_km2":12188.8,"population_density":78.9,"all_players":24,"players_per_million":24.95,"player_ids":["nfl:AbduAm00","nfl:CollNi00","nfl:CunnZa00","nfl:HumpMa00","nfl:IgbiNo00","nfl:JackMi01","nfl:JackSh01","nfl:JohnTe03","nfl:KighAm00","nfl:McKiKo00","nfl:MoonJe00","nfl:MoorMa04","nfl:MullNi00","nfl:NixxBo00","nfl:PaynDa00","nfl:PhilAn02","nfl:PickGe00","nfl:ReicWi00","nfl:RobiQu00","nfl:SilmCa00","nfl:WashTr00","nfl:WillQu00","nfl:WillQu01","nfl:WinsJa00"],"label":"Birmingham","country":"United States"},"geometry":{"type":"Polygon","coordinates":[[[-86.216914,32.510814],[-85.733188,32.95662],[-85.941462,33.567307],[-86.6423,33.734447],[-87.130432,33.286432],[-86.913348,32.673504],[-86.216914,32.510814]]]}},{"type":"Feature","properties":{"hex_id":"8344eafffffffff","population":623373,"population_year":2025,"area_km2":11935.4,"population_density":52.2,"all_players":15,"players_per_million":24.06,"player_ids":["nfl:BigsTa00","nfl:BozeBr00","nfl:BrewCJ00","nfl:BridTr00","nfl:BritKJ00","nfl:CartMi02","nfl:ChamCh01","nfl:HarrJo02","nfl:HuzzAl00","nfl:JoneJo03","nfl:LutzWi00","nfl:ParhDy00","nfl:SmitTr04","nfl:SwinBr01","nfl:ThraJa01"],"label":"Carrollton","country":"United States"},"geometry":{"type":"Polygon","coordinates":[[[-85.045592,32.787663],[-84.562163,33.224865],[-84.761579,33.833075],[-85.453304,34.006577],[-85.941462,33.567307],[-85.733188,32.95662],[-85.045592,32.787663]]]}},{"type":"Feature","properties":{"hex_id":"8344ebfffffffff","population":533732,"population_year":2025,"area_km2":12047.7,"population_density":44.3,"all_players":3,"players_per_million":5.62,"player_ids":["nfl:McPhEv00","nfl:MoonDa00","nfl:PritNe00"],"label":"Gadsden","country":"United States"},"geometry":{"type":"Polygon","coordinates":[[[-85.941462,33.567307],[-85.453304,34.006577],[-85.661389,34.615039],[-86.366648,34.786557],[-86.859373,34.345217],[-86.6423,33.734447],[-85.941462,33.567307]]]}},{"type":"Feature","properties":{"hex_id":"8344ecfffffffff","population":309130,"population_year":2025,"area_km2":12318.9,"population_density":25.1,"all_players":9,"players_per_million":29.11,"player_ids":["nfl:AndrJa00","nfl:CrosJa00","nfl:CunnMa00","nfl:DaviMa01","nfl:SmitZa00","nfl:TaylCa01","nfl:ThomDa07","nfl:WillSa00","nfl:WilsMa03"],"label":"Montgomery","country":"United States"},"geometry":{"type":"Polygon","coordinates":[[[-86.487848,31.44625],[-86.008497,31.898279],[-86.216914,32.510814],[-86.913348,32.673504],[-87.396951,32.219126],[-87.179897,31.604426],[-86.487848,31.44625]]]}},{"type":"Feature","properties":{"hex_id":"8344edfffffffff","population":276536,"population_year":2025,"area_km2":12437.2,"population_density":22.2,"all_players":2,"players_per_million":7.23,"player_ids":["nfl:MartBr00","nfl:RobiBr01"],"label":"Tuscaloosa","country":"United States"},"geometry":{"type":"Polygon","coordinates":[[[-87.396951,32.219126],[-86.913348,32.673504],[-87.130432,33.286432],[-87.839892,33.446999],[-88.327561,32.99028],[-88.101738,32.375354],[-87.396951,32.219126]]]}},{"type":"Feature","properties":{"hex_id":"8344eefffffffff","population":458240,"population_year":2025,"area_km2":12067.7,"population_density":38.0,"all_players":7,"players_per_million":15.28,"player_ids":["nfl:DiabMo00","nfl:EdmoCh01","nfl:HubbCh00","nfl:JennAn00","nfl:JudkQu00","nfl:MeekJa00","nfl:WillMy00"],"label":"Phenix City","country":"United States"},"geometry":{"type":"Polygon","coordinates":[[[-85.325018,31.733936],[-84.845862,32.177532],[-85.045592,32.787663],[-85.733188,32.95662],[-86.216914,32.510814],[-86.008497,31.898279],[-85.325018,31.733936]]]}},{"type":"Feature","properties":{"hex_id":"8344f0fffffffff","population":1905777,"population_year":2025,"area_km2":11381.2,"population_density":167.5,"all_players":18,"players_per_million":9.44,"player_ids":["nfl:BryaPa00","nfl:ConnCh01","nfl:DougDe00","nfl:EguaKi00","nfl:HenrDe00","nfl:HutcXa00","nfl:JackJo06","nfl:JeanAs00","nfl:JenkKe01","nfl:JennTe00","nfl:JoneMa05","nfl:LeexRi00","nfl:MallWi00","nfl:RiveJa00","nfl:SharDa02","nfl:SpeeAm00","nfl:WalkDe03","nfl:WillDa09"],"label":"Jacksonville","country":"United States"},"geometry":{"type":"Polygon","coordinates":[[[-81.67496,29.669969],[-81.211641,30.098872],[-81.379045,30.70162],[-82.01801,30.878511],[-82.486497,30.447523],[-82.310853,29.841742],[-81.67496,29.669969]]]}},{"type":"Feature","properties":{"hex_id":"8344f1fffffffff","population":153582,"population_year":2025,"area_km2":11534.2,"population_density":13.3,"all_players":2,"players_per_million":13.02,"player_ids":["nfl:HillTy00","nfl:JoneEr01"],"label":"Pearson","country":"United States"},"geometry":{"type":"Polygon","coordinates":[[[-82.486497,30.447523],[-82.01801,30.878511],[-82.19302,31.483261],[-82.84493,31.659949],[-83.318504,31.226884],[-83.135088,30.619223],[-82.486497,30.447523]]]}},{"type":"Feature","properties":{"hex_id":"8344f3fffffffff","population":250081,"population_year":2025,"area_km2":11273.1,"population_density":22.2,"all_players":6,"players_per_million":23.99,"player_ids":["nfl:DallDe00","nfl:DaviJa11","nfl:McClWa00","nfl:SimpJa00","nfl:SlayDa00","nfl:WallTr00"],"label":"Brunswick","country":"United States"},"geometry":{"type":"Polygon","coordinates":[[[-81.379045,30.70162],[-80.912034,31.124448],[-81.078665,31.726077],[-81.720688,31.908012],[-82.19302,31.483261],[-82.01801,30.878511],[-81.379045,30.70162]]]}},{"type":"Feature","properties":{"hex_id":"8344f4fffffffff","population":1249840,"population_year":2025,"area_km2":11478.7,"population_density":108.9,"all_players":5,"players_per_million":4.0,"player_ids":["nfl:FranSa00","nfl:MitcQu00","nfl:RichAn03","nfl:RumpCh00","nfl:SmitJo01"],"label":"Gainesville","country":"United States"},"geometry":{"type":"Polygon","coordinates":[[[-81.966494,28.631807],[-81.506834,29.066476],[-81.67496,29.669969],[-82.310853,29.841742],[-82.775533,29.404825],[-82.599304,28.798396],[-81.966494,28.631807]]]}},{"type":"Feature","properties":{"hex_id":"8344f5fffffffff","population":271618,"population_year":2025,"area_km2":11640.2,"population_density":23.3,"all_players":2,"players_per_million":7.36,"player_ids":["nfl:DurdCo00","nfl:TunsLa00"],"label":"Newberry","country":"United States"},"geometry":{"type":"Polygon","coordinates":[[[-82.775533,29.404825],[-82.310853,29.841742],[-82.486497,30.447523],[-83.135088,30.619223],[-83.604702,30.180069],[-83.420798,29.571467],[-82.775533,29.404825]]]}},{"type":"Feature","properties":{"hex_id":"8344f6fffffffff","population":746889,"population_year":2025,"area_km2":11219.7,"population_density":66.6,"all_players":5,"players_per_million":6.69,"player_ids":["nfl:HolcCo00","nfl:LaynRa00","nfl:MostRa00","nfl:SantCa01","nfl:WillLe02"],"label":"New Smyrna Beach","country":"United States"},"geometry":{"type":"Polygon","coordinates":[[[-80.88346,28.895015],[-80.425375,29.321821],[-80.58543,29.922173],[-81.211641,30.098872],[-81.67496,29.669969],[-81.506834,29.066476],[-80.88346,28.895015]]]}},{"type":"Feature","properties":{"hex_id":"834523fffffffff","population":53446,"population_year":2025,"area_km2":12312.0,"population_density":4.3,"all_players":1,"players_per_million":18.71,"player_ids":["nfl:NuneRa00"],"label":"DANGRIGA","country":"Belize"},"geometry":{"type":"Polygon","coordinates":[[[-87.987936,15.855122],[-87.566273,16.344275],[-87.759644,16.933437],[-88.381314,17.034156],[-88.805939,16.540796],[-88.605957,15.950955],[-87.987936,15.855122]]]}},{"type":"Feature","properties":{"hex_id":"8345b2fffffffff","population":1078880,"population_year":2025,"area_km2":10082.9,"population_density":107.0,"all_players":1,"players_per_million":0.93,"player_ids":["nfl:BallCo00"],"label":"Montego Bay","country":"Jamaica"},"geometry":{"type":"Polygon","coordinates":[[[-77.870577,18.769231],[-78.28054,18.332882],[-78.237608,18.144504],[-78.064877,17.815084],[-77.440592,17.734561],[-77.077591,18.147356],[-77.336996,18.638235],[-77.870577,18.769231]]]}},{"type":"Feature","properties":{"hex_id":"834648fffffffff","population":378494,"population_year":2025,"area_km2":14123.1,"population_density":26.8,"all_players":3,"players_per_million":7.93,"player_ids":["nfl:BuckDe00","nfl:GabrDi00","nfl:GilmAl00"],"label":"Laie","country":"United States"},"geometry":{"type":"Polygon","coordinates":[[[-158.853309,22.334675],[-159.061948,21.698861],[-158.575873,21.222572],[-157.879487,21.381338],[-157.666804,22.018121],[-158.154507,22.495186],[-158.853309,22.334675]]]}},{"type":"Feature","properties":{"hex_id":"834649fffffffff","population":186212,"population_year":2025,"area_km2":14254.2,"population_density":13.1,"all_players":2,"players_per_million":10.74,"player_ids":["nfl:FairKa01","nfl:McMiTe00"],"label":"Waimanalo","country":"United States"},"geometry":{"type":"Polygon","coordinates":[[[-157.666804,22.018121],[-157.879487,21.381338],[-157.394228,20.899442],[-156.694945,21.053526],[-156.478386,21.691033],[-156.96494,22.17375],[-157.666804,22.018121]]]}},{"type":"Feature","properties":{"hex_id":"83464bfffffffff","population":438801,"population_year":2025,"area_km2":14263.0,"population_density":30.8,"all_players":6,"players_per_million":13.67,"player_ids":["nfl:IosiAn00","nfl:LiufMa00","nfl:MariMa01","nfl:MuasDa00","nfl:TagoTu00","nfl:WilsRo02"],"label":"Honolulu","country":"United States"},"geometry":{"type":"Polygon","coordinates":[[[-158.575873,21.222572],[-158.784523,20.583695],[-158.300801,20.102693],[-157.606849,20.259692],[-157.394228,20.899442],[-157.879487,21.381338],[-158.575873,21.222572]]]}},{"type":"Feature","properties":{"hex_id":"834891fffffffff","population":172639,"population_year":2025,"area_km2":14210.2,"population_density":12.1,"all_players":1,"players_per_million":5.79,"player_ids":["nfl:WhitJo04"],"label":"Cuero","country":"United States"},"geometry":{"type":"Polygon","coordinates":[[[-97.214868,28.200278],[-96.752775,28.722619],[-97.034246,29.345255],[-97.785013,29.445331],[-98.247879,28.919834],[-97.959283,28.297437],[-97.214868,28.200278]]]}},{"type":"Feature","properties":{"hex_id":"834893fffffffff","population":423503,"population_year":2025,"area_km2":14045.3,"population_density":30.2,"all_players":4,"players_per_million":9.45,"player_ids":["nfl:JoneJo07","nfl:LambCe00","nfl:MorrQu00","nfl:WardCa00"],"label":"Richmond","country":"United States"},"geometry":{"type":"Polygon","coordinates":[[[-96.011712,28.618476],[-95.546005,29.133838],[-95.820095,29.756435],[-96.567347,29.863731],[-97.034246,29.345255],[-96.752775,28.722619],[-96.011712,28.618476]]]}},{"type":"Feature","properties":{"hex_id":"834898fffffffff","population":958322,"population_year":2025,"area_km2":14184.0,"population_density":67.6,"all_players":1,"players_per_million":1.04,"player_ids":["nfl:RodrLe00"],"label":"Georgetown","country":"United States"},"geometry":{"type":"Polygon","coordinates":[[[-98.075247,30.066766],[-97.607496,30.588286],[-97.899372,31.208297],[-98.666273,31.306487],[-99.134512,30.781997],[-98.835447,30.162308],[-98.075247,30.066766]]]}},{"type":"Feature","properties":{"hex_id":"83489afffffffff","population":768180,"population_year":2025,"area_km2":14019.6,"population_density":54.8,"all_players":9,"players_per_million":11.72,"player_ids":["nfl:BillAn00","nfl:BlacKo00","nfl:GrahTa00","nfl:HallLo00","nfl:HawkTr00","nfl:JohnQu02","nfl:LeveKT00","nfl:SmytDu00","nfl:WileJa00"],"label":"Temple","country":"United States"},"geometry":{"type":"Polygon","coordinates":[[[-96.850284,30.485306],[-96.378487,30.999471],[-96.66289,31.619531],[-97.426644,31.725397],[-97.899372,31.208297],[-97.607496,30.588286],[-96.850284,30.485306]]]}},{"type":"Feature","properties":{"hex_id":"83489bfffffffff","population":110637,"population_year":2025,"area_km2":14071.2,"population_density":7.9,"all_players":1,"players_per_million":9.04,"player_ids":["nfl:StidJa00"],"label":"Stephenville","country":"United States"},"geometry":{"type":"Polygon","coordinates":[[[-97.899372,31.208297],[-97.426644,31.725397],[-97.720168,32.343534],[-98.493873,32.444355],[-98.967163,31.924388],[-98.666273,31.306487],[-97.899372,31.208297]]]}},{"type":"Feature","properties":{"hex_id":"83489cfffffffff","population":2696038,"population_year":2025,"area_km2":14280.6,"population_density":188.8,"all_players":12,"players_per_million":4.45,"player_ids":["nfl:BurfSp00","nfl:DaveMa00","nfl:FlowTr01","nfl:GarcEl00","nfl:GibbJa00","nfl:JoneJa13","nfl:LealDe00","nfl:ReynJo00","nfl:SimsBe00","nfl:SteeTe01","nfl:SummTy00","nfl:WisdRa00"],"label":"San Antonio","country":"United States"},"geometry":{"type":"Polygon","coordinates":[[[-98.247879,28.919834],[-97.785013,29.445331],[-98.075247,30.066766],[-98.835447,30.162308],[-99.298731,29.633735],[-99.001481,29.012716],[-98.247879,28.919834]]]}},{"type":"Feature","properties":{"hex_id":"83489efffffffff","population":1808578,"population_year":2025,"area_km2":14123.1,"population_density":128.1,"all_players":18,"players_per_million":9.95,"player_ids":["nfl:AndeCa00","nfl:BarrJa01","nfl:BrooTa00","nfl:BryaMa02","nfl:CollAl01","nfl:DickCa00","nfl:DobbJK00","nfl:GranKy00","nfl:GuytTy00","nfl:HiggEl00","nfl:JaimBr00","nfl:JoneZa00","nfl:LyncJa00","nfl:MayfBa00","nfl:PeriSa00","nfl:UmanPr00","nfl:WashCa01","nfl:WilsGa00"],"label":"Austin","country":"United States"},"geometry":{"type":"Polygon","coordinates":[[[-97.034246,29.345255],[-96.567347,29.863731],[-96.850284,30.485306],[-97.607496,30.588286],[-98.075247,30.066766],[-97.785013,29.445331],[-97.034246,29.345255]]]}},{"type":"Feature","properties":{"hex_id":"8348c6fffffffff","population":2655399,"population_year":2025,"area_km2":14549.9,"population_density":182.5,"all_players":1,"players_per_million":0.38,"player_ids":["nfl:JoneAa00"],"label":"El Paso","country":"United States"},"geometry":{"type":"Polygon","coordinates":[[[-106.163551,31.434856],[-105.716219,31.987732],[-106.062719,32.592167],[-106.86195,32.641976],[-107.306744,32.086626],[-106.954958,31.483952],[-106.163551,31.434856]]]}},{"type":"Feature","properties":{"hex_id":"8348d8fffffffff","population":986719,"population_year":2025,"area_km2":14123.1,"population_density":69.9,"all_players":1,"players_per_million":1.01,"player_ids":["nfl:OTooCo00"],"label":"Albuquerque","country":"United States"},"geometry":{"type":"Polygon","coordinates":[[[-105.854904,34.885496],[-105.392452,35.425897],[-105.747797,36.019809],[-106.57143,36.071785],[-107.031302,35.529111],[-106.670244,34.936744],[-105.854904,34.885496]]]}},{"type":"Feature","properties":{"hex_id":"8348e8fffffffff","population":1384558,"population_year":2025,"area_km2":14495.3,"population_density":95.5,"all_players":4,"players_per_million":2.89,"player_ids":["nfl:FlanDe00","nfl:MorgJo03","nfl:RansLa00","nfl:RobiBi01"],"label":"Tucson","country":"United States"},"geometry":{"type":"Polygon","coordinates":[[[-110.921102,31.656058],[-110.49596,32.224572],[-110.867885,32.814698],[-111.668838,32.833881],[-112.089722,32.263404],[-111.714028,31.675708],[-110.921102,31.656058]]]}},{"type":"Feature","properties":{"hex_id":"8348ebfffffffff","population":2689536,"population_year":2025,"area_km2":14369.4,"population_density":187.2,"all_players":17,"players_per_million":6.32,"player_ids":["nfl:AlleKy00","nfl:AndrMa00","nfl:DaviDJ00","nfl:HattHo00","nfl:JordCa00","nfl:KirkCh01","nfl:LopeRo00","nfl:LucaCh01","nfl:McNaAu00","nfl:MurpBy00","nfl:OwenCo00","nfl:PearRi00","nfl:PeatAn00","nfl:PurdBr00","nfl:RobiTy02","nfl:ShouTy00","nfl:SlovKe00"],"label":"Scottsdale","country":"United States"},"geometry":{"type":"Polygon","coordinates":[[[-110.867885,32.814698],[-110.438155,33.380106],[-110.813583,33.966592],[-111.622726,33.985325],[-112.048129,33.41802],[-111.668838,32.833881],[-110.867885,32.814698]]]}},{"type":"Feature","properties":{"hex_id":"8354eafffffffff","population":3316502,"population_year":2025,"area_km2":10456.0,"population_density":317.2,"all_players":1,"players_per_million":0.3,"player_ids":["nfl:PayeKw00"],"label":"Conakry","country":"Guinea"},"geometry":{"type":"Polygon","coordinates":[[[-13.392147,10.025022],[-13.802726,9.589165],[-13.620577,9.08223],[-13.034049,9.009117],[-12.624614,9.439542],[-12.800522,9.948472],[-13.392147,10.025022]]]}},{"type":"Feature","properties":{"hex_id":"83589cfffffffff","population":5739412,"population_year":2025,"area_km2":10098.6,"population_density":568.3,"all_players":2,"players_per_million":0.35,"player_ids":["nfl:OnyeDa00","nfl:OrhoRu00"],"label":"Lagos","country":"Nigeria"},"geometry":{"type":"Polygon","coordinates":[[[3.125247,6.42502],[3.20051,5.87309],[3.728868,5.597837],[4.187454,5.872618],[4.116527,6.427858],[3.582639,6.705027],[3.125247,6.42502]]]}},{"type":"Feature","properties":{"hex_id":"836725fffffffff","population":4242774,"population_year":2025,"area_km2":9558.5,"population_density":443.9,"all_players":1,"players_per_million":0.24,"player_ids":["nfl:SainMi00"],"label":"Port-au-prince","country":"Haiti"},"geometry":{"type":"Polygon","coordinates":[[[-72.333528,18.811341],[-72.678863,18.418699],[-72.41803,17.926354],[-71.812316,17.82962],[-71.46979,18.224552],[-71.730136,18.713931],[-72.333528,18.811341]]]}},{"type":"Feature","properties":{"hex_id":"836732fffffffff","population":1350242,"population_year":2025,"area_km2":10173.5,"population_density":132.7,"all_players":1,"players_per_million":0.74,"player_ids":["nfl:PearMa00"],"label":"Kingston","country":"Jamaica"},"geometry":{"type":"Polygon","coordinates":[[[-77.077591,18.147356],[-77.440592,17.734561],[-77.180408,17.235914],[-76.556909,17.152691],[-76.195921,17.567912],[-76.45638,18.063927],[-77.077591,18.147356]]]}},{"type":"Feature","properties":{"hex_id":"8382d8fffffffff","population":5602240,"population_year":2025,"area_km2":10260.8,"population_density":546.0,"all_players":1,"players_per_million":0.18,"player_ids":["nfl:OjabDa00"],"label":"Port Harcourt","country":"Nigeria"},"geometry":{"type":"Polygon","coordinates":[[[7.2904,4.177102],[7.343891,4.561076],[7.325363,4.745189],[6.790367,5.027556],[6.315945,4.75663],[6.356034,4.390688],[6.328813,4.199868],[6.767341,3.900765],[7.2904,4.177102]]]}},{"type":"Feature","properties":{"hex_id":"839719fffffffff","population":3851120,"population_year":2025,"area_km2":14799.5,"population_density":260.2,"all_players":2,"players_per_million":0.52,"player_ids":["nfl:MaguTJ00","nfl:MukuAn00"],"label":"Harare","country":"Zimbabwe"},"geometry":{"type":"Polygon","coordinates":[[[31.866373,-17.784272],[31.895047,-17.106944],[31.295156,-16.745102],[30.66458,-17.059777],[30.632357,-17.73753],[31.234254,-18.100211],[31.866373,-17.784272]]]}},{"type":"Feature","properties":{"hex_id":"839a14fffffffff","population":45621,"population_year":2025,"area_km2":12679.7,"population_density":3.6,"all_players":6,"players_per_million":131.52,"player_ids":["nfl:EkuaDa00","nfl:LuvuFr00","nfl:MauiFr00","nfl:SavaJo00","nfl:SeweNo00","nfl:SewePe00"],"label":"Malaeimi","country":"American Samoa"},"geometry":{"type":"Polygon","coordinates":[[[-170.353594,-14.849664],[-170.066381,-14.271402],[-170.43083,-13.772275],[-171.077911,-13.847904],[-171.367075,-14.421003],[-171.007278,-14.923623],[-170.353594,-14.849664]]]}},{"type":"Feature","properties":{"hex_id":"83a726fffffffff","population":1846194,"population_year":2025,"area_km2":9765.8,"population_density":189.0,"all_players":1,"players_per_million":0.54,"player_ids":["nfl:WishMi00"],"label":"Perth","country":"Australia"},"geometry":{"type":"Polygon","coordinates":[[[116.156806,-31.717896],[115.668386,-31.333698],[115.004431,-31.434051],[114.818313,-31.922938],[115.307453,-32.314951],[115.982101,-32.210194],[116.156806,-31.717896]]]}},{"type":"Feature","properties":{"hex_id":"83be08fffffffff","population":3715576,"population_year":2025,"area_km2":14884.3,"population_density":249.6,"all_players":1,"players_per_million":0.27,"player_ids":["nfl:CrawJe00"],"label":"Penrith","country":"Australia"},"geometry":{"type":"Polygon","coordinates":[[[151.210157,-34.25249],[151.038963,-33.586023],[150.264159,-33.373537],[149.651925,-33.824078],[149.812161,-34.491757],[150.595673,-34.707733],[151.210157,-34.25249]]]}},{"type":"Feature","properties":{"hex_id":"83be0efffffffff","population":2059884,"population_year":2025,"area_km2":14922.2,"population_density":138.0,"all_players":2,"players_per_million":0.97,"player_ids":["nfl:DickMi00","nfl:MailJo00"],"label":"Sydney","country":"Australia"},"geometry":{"type":"Polygon","coordinates":[[[152.602318,-33.997],[152.420459,-33.332138],[151.64327,-33.128216],[151.038963,-33.586023],[151.210157,-34.25249],[151.996416,-34.459593],[152.602318,-33.997]]]}},{"type":"Feature","properties":{"hex_id":"83be63fffffffff","population":5389912,"population_year":2025,"area_km2":14468.2,"population_density":372.5,"all_players":4,"players_per_million":0.74,"player_ids":["nfl:FaalDa00","nfl:GotsAd00","nfl:JohnCa02","nfl:TaylTo01"],"label":"Melbourne","country":"Australia"},"geometry":{"type":"Polygon","coordinates":[[[145.46356,-38.204698],[145.333886,-37.53716],[144.549504,-37.286204],[143.887418,-37.698406],[144.004411,-38.36545],[144.796215,-38.620841],[145.46356,-38.204698]]]}}]}