{"type":"FeatureCollection","metadata":{"population_source":"WorldPop Global 2 R2025A","population_source_url":"https://hub.worldpop.org/project/categories?id=3","population_license":"CC BY 4.0","population_year":2025,"raster_resolution":"1km","h3_resolution":1,"population_method":"official_country_rasters","occupied_cells":38,"reference_cells":199,"total_cells":237,"mapped_players":2120},"features":[{"type":"Feature","properties":{"hex_id":"8101bffffffffff","population":2822,"population_year":2025,"area_km2":565620.1,"population_density":0.0,"all_players":0,"reference_cell":true,"players_per_million":0.0,"player_ids":[],"label":"Mapped area","country":"Russia"},"geometry":{"type":"Polygon","coordinates":[[[50.524201,68.529879],[62.345345,69.393596],[67.048172,73.267466],[55.653768,76.667436],[40.011399,75.012318],[41.097497,70.96472],[46.472291,69.828553],[50.524201,68.529879]]]}},{"type":"Feature","properties":{"hex_id":"8102fffffffffff","population":2338,"population_year":2025,"area_km2":647632.6,"population_density":0.0,"all_players":0,"reference_cell":true,"players_per_million":0.0,"player_ids":[],"label":"Mapped area","country":"Canada"},"geometry":{"type":"Polygon","coordinates":[[[-115.601683,75.133107],[-120.27955,70.853402],[-112.535759,67.413217],[-100.82187,67.535924],[-92.691228,71.229128],[-98.251892,75.422962],[-115.601683,75.133107]]]}},{"type":"Feature","properties":{"hex_id":"81037ffffffffff","population":691,"population_year":2025,"area_km2":602082.0,"population_density":0.0,"all_players":0,"reference_cell":true,"players_per_million":0.0,"player_ids":[],"label":"Mapped area","country":"Greenland"},"geometry":{"type":"Polygon","coordinates":[[[-51.704878,84.935556],[-90.381097,82.85349],[-88.037104,81.480857],[-84.348954,78.735601],[-65.32649,76.667577],[-45.91067,77.635897],[-34.758418,81.271372],[-51.704878,84.935556]]]}},{"type":"Feature","properties":{"hex_id":"8104bffffffffff","population":31189,"population_year":2025,"area_km2":707475.0,"population_density":0.0,"all_players":0,"reference_cell":true,"players_per_million":0.0,"player_ids":[],"label":"Mapped area","country":"Russia"},"geometry":{"type":"Polygon","coordinates":[[[129.384261,66.949156],[135.198558,62.994515],[145.336138,62.492156],[152.881553,65.789618],[149.987129,70.364724],[135.695441,71.075802],[129.384261,66.949156]]]}},{"type":"Feature","properties":{"hex_id":"8104fffffffffff","population":21592,"population_year":2025,"area_km2":707475.0,"population_density":0.0,"all_players":0,"reference_cell":true,"players_per_million":0.0,"player_ids":[],"label":"Mapped area","country":"Russia"},"geometry":{"type":"Polygon","coordinates":[[[149.987129,70.364724],[152.881553,65.789618],[163.040872,64.016596],[172.861371,66.192923],[174.748939,70.794727],[161.912076,73.368862],[149.987129,70.364724]]]}},{"type":"Feature","properties":{"hex_id":"8105bffffffffff","population":21554,"population_year":2025,"area_km2":707475.0,"population_density":0.0,"all_players":0,"reference_cell":true,"players_per_million":0.0,"player_ids":[],"label":"Mapped area","country":"Russia"},"geometry":{"type":"Polygon","coordinates":[[[108.413824,69.22606],[117.812925,66.203286],[129.384261,66.949156],[135.695441,71.075802],[126.868059,75.097003],[109.858698,73.856836],[108.413824,69.22606]]]}},{"type":"Feature","properties":{"hex_id":"8106bffffffffff","population":5211,"population_year":2025,"area_km2":647632.6,"population_density":0.0,"all_players":0,"reference_cell":true,"players_per_million":0.0,"player_ids":[],"label":"Mapped area","country":"Greenland"},"geometry":{"type":"Polygon","coordinates":[[[-45.91067,77.635897],[-65.32649,76.667577],[-66.904499,72.204705],[-56.071293,69.196235],[-43.375396,69.88664],[-36.633558,73.761431],[-45.91067,77.635897]]]}},{"type":"Feature","properties":{"hex_id":"8106fffffffffff","population":41442,"population_year":2025,"area_km2":666617.1,"population_density":0.1,"all_players":0,"reference_cell":true,"players_per_million":0.0,"player_ids":[],"label":"Mapped area","country":"Greenland"},"geometry":{"type":"Polygon","coordinates":[[[-43.375396,69.88664],[-56.071293,69.196235],[-58.725708,64.659918],[-51.550083,61.330819],[-42.19853,61.972727],[-37.357894,65.96668],[-43.375396,69.88664]]]}},{"type":"Feature","properties":{"hex_id":"81077ffffffffff","population":396051,"population_year":2025,"area_km2":523941.7,"population_density":0.8,"all_players":0,"reference_cell":true,"players_per_million":0.0,"player_ids":[],"label":"Mapped area","country":"Iceland"},"geometry":{"type":"Polygon","coordinates":[[[-10.558792,67.153548],[-19.871381,68.67811],[-27.216822,65.518953],[-24.570766,61.430405],[-20.650926,60.988277],[-16.371962,60.568694],[-10.444978,63.095054],[-10.558792,67.153548]]]}},{"type":"Feature","properties":{"hex_id":"8108bffffffffff","population":9413392,"population_year":2025,"area_km2":447684.2,"population_density":21.0,"all_players":0,"reference_cell":true,"players_per_million":0.0,"player_ids":[],"label":"Mapped area","country":"Sweden"},"geometry":{"type":"Polygon","coordinates":[[[11.08066,61.540515],[11.555978,58.130531],[18.275236,56.632953],[25.082722,58.401545],[24.517172,62.478113],[17.535446,63.800793],[15.771774,62.889968],[11.08066,61.540515]]]}},{"type":"Feature","properties":{"hex_id":"8108fffffffffff","population":1665418,"population_year":2025,"area_km2":447684.2,"population_density":3.7,"all_players":0,"reference_cell":true,"players_per_million":0.0,"player_ids":[],"label":"Mapped area","country":"Finland"},"geometry":{"type":"Polygon","coordinates":[[[17.535446,63.800793],[24.517172,62.478113],[31.517537,64.873037],[31.83128,68.929958],[20.597244,70.052152],[14.813659,67.351769],[16.433697,66.327262],[17.535446,63.800793]]]}},{"type":"Feature","properties":{"hex_id":"810a3ffffffffff","population":15551,"population_year":2025,"area_km2":614937.0,"population_density":0.0,"all_players":0,"reference_cell":true,"players_per_million":0.0,"player_ids":[],"label":"Mapped area","country":"Russia"},"geometry":{"type":"Polygon","coordinates":[[[82.82708,61.436708],[91.709638,60.139795],[96.240077,61.905822],[98.786556,62.669688],[97.85633,67.05472],[86.645208,68.69087],[81.658054,66.606968],[79.339924,65.556929],[82.82708,61.436708]]]}},{"type":"Feature","properties":{"hex_id":"810a7ffffffffff","population":196238,"population_year":2025,"area_km2":666617.1,"population_density":0.3,"all_players":0,"reference_cell":true,"players_per_million":0.0,"player_ids":[],"label":"Mapped area","country":"Russia"},"geometry":{"type":"Polygon","coordinates":[[[86.645208,68.69087],[97.85633,67.05472],[108.413824,69.22606],[109.858698,73.856836],[94.14309,76.163043],[82.219119,72.97478],[86.645208,68.69087]]]}},{"type":"Feature","properties":{"hex_id":"810abffffffffff","population":1212649,"population_year":2025,"area_km2":602082.0,"population_density":2.0,"all_players":0,"reference_cell":true,"players_per_million":0.0,"player_ids":[],"label":"Mapped area","country":"Russia"},"geometry":{"type":"Polygon","coordinates":[[[91.709638,60.139795],[93.387021,55.707268],[100.363977,53.907861],[106.403496,56.210611],[106.865913,60.356643],[98.786556,62.669688],[96.240077,61.905822],[91.709638,60.139795]]]}},{"type":"Feature","properties":{"hex_id":"810afffffffffff","population":76079,"population_year":2025,"area_km2":647632.6,"population_density":0.1,"all_players":0,"reference_cell":true,"players_per_million":0.0,"player_ids":[],"label":"Mapped area","country":"Russia"},"geometry":{"type":"Polygon","coordinates":[[[98.786556,62.669688],[106.865913,60.356643],[115.450927,61.840988],[117.812925,66.203286],[108.413824,69.22606],[97.85633,67.05472],[98.786556,62.669688]]]}},{"type":"Feature","properties":{"hex_id":"810b3ffffffffff","population":1901855,"population_year":2025,"area_km2":647632.6,"population_density":2.9,"all_players":0,"reference_cell":true,"players_per_million":0.0,"player_ids":[],"label":"Mapped area","country":"Russia"},"geometry":{"type":"Polygon","coordinates":[[[63.444622,62.11439],[68.256323,58.319104],[77.086922,58.009332],[82.82708,61.436708],[79.339924,65.556929],[68.434911,65.939814],[63.444622,62.11439]]]}},{"type":"Feature","properties":{"hex_id":"810b7ffffffffff","population":191910,"population_year":2025,"area_km2":602082.0,"population_density":0.3,"all_players":0,"reference_cell":true,"players_per_million":0.0,"player_ids":[],"label":"Mapped area","country":"Russia"},"geometry":{"type":"Polygon","coordinates":[[[68.434911,65.939814],[79.339924,65.556929],[81.658054,66.606968],[86.645208,68.69087],[82.219119,72.97478],[67.048172,73.267466],[62.345345,69.393596],[68.434911,65.939814]]]}},{"type":"Feature","properties":{"hex_id":"810bbffffffffff","population":8932382,"population_year":2025,"area_km2":666617.1,"population_density":13.4,"all_players":0,"reference_cell":true,"players_per_million":0.0,"player_ids":[],"label":"Mapped area","country":"Russia"},"geometry":{"type":"Polygon","coordinates":[[[77.086922,58.009332],[80.202852,53.696279],[87.772964,52.654203],[93.387021,55.707268],[91.709638,60.139795],[82.82708,61.436708],[77.086922,58.009332]]]}},{"type":"Feature","properties":{"hex_id":"810c3ffffffffff","population":42880,"population_year":2025,"area_km2":595741.2,"population_density":0.1,"all_players":0,"reference_cell":true,"players_per_million":0.0,"player_ids":[],"label":"Mapped area","country":"United States of America"},"geometry":{"type":"Polygon","coordinates":[[[-163.872968,68.219217],[-169.091718,64.2142],[-164.065588,60.729126],[-155.360739,60.701203],[-149.202517,63.948243],[-152.088489,67.932376],[-163.872968,68.219217]]]}},{"type":"Feature","properties":{"hex_id":"810c7ffffffffff","population":533626,"population_year":2025,"area_km2":510516.1,"population_density":1.0,"all_players":2,"reference_cell":false,"players_per_million":3.75,"player_ids":["nfl:PiliBr00","nfl:UlofEd00"],"label":"Anchorage","country":"United States"},"geometry":{"type":"Polygon","coordinates":[[[-149.202517,63.948243],[-155.360739,60.701203],[-152.702606,57.141857],[-145.612516,56.566979],[-139.683593,59.169483],[-140.412111,62.920062],[-149.202517,63.948243]]]}},{"type":"Feature","properties":{"hex_id":"810d7ffffffffff","population":122421,"population_year":2025,"area_km2":565620.1,"population_density":0.2,"all_players":0,"reference_cell":true,"players_per_million":0.0,"player_ids":[],"label":"Mapped area","country":"United States of America"},"geometry":{"type":"Polygon","coordinates":[[[-142.919373,71.083959],[-152.088489,67.932376],[-149.202517,63.948243],[-140.412111,62.920062],[-136.546429,64.175123],[-132.520489,65.059255],[-131.708839,69.371341],[-142.919373,71.083959]]]}},{"type":"Feature","properties":{"hex_id":"810e3ffffffffff","population":13465,"population_year":2025,"area_km2":729486.9,"population_density":0.0,"all_players":0,"reference_cell":true,"players_per_million":0.0,"player_ids":[],"label":"Mapped area","country":"Canada"},"geometry":{"type":"Polygon","coordinates":[[[-78.077659,65.180967],[-86.446205,62.18753],[-84.540033,57.523646],[-76.558908,55.680396],[-69.054996,58.110019],[-68.564935,62.864504],[-78.077659,65.180967]]]}},{"type":"Feature","properties":{"hex_id":"810e7ffffffffff","population":60468,"population_year":2025,"area_km2":707475.0,"population_density":0.1,"all_players":0,"reference_cell":true,"players_per_million":0.0,"player_ids":[],"label":"Mapped area","country":"Canada"},"geometry":{"type":"Polygon","coordinates":[[[-69.054996,58.110019],[-76.558908,55.680396],[-76.057729,50.990211],[-69.719479,48.757432],[-63.200774,50.770503],[-62.078266,55.374512],[-69.054996,58.110019]]]}},{"type":"Feature","properties":{"hex_id":"810efffffffffff","population":62397,"population_year":2025,"area_km2":707475.0,"population_density":0.1,"all_players":0,"reference_cell":true,"players_per_million":0.0,"player_ids":[],"label":"Mapped area","country":"Canada"},"geometry":{"type":"Polygon","coordinates":[[[-84.540033,57.523646],[-90.651446,54.300916],[-88.654124,49.812423],[-81.919627,48.295316],[-76.057729,50.990211],[-76.558908,55.680396],[-84.540033,57.523646]]]}},{"type":"Feature","properties":{"hex_id":"810f3ffffffffff","population":11563,"population_year":2025,"area_km2":707475.0,"population_density":0.0,"all_players":0,"reference_cell":true,"players_per_million":0.0,"player_ids":[],"label":"Mapped area","country":"Canada"},"geometry":{"type":"Polygon","coordinates":[[[-66.904499,72.204705],[-79.308239,69.857286],[-78.077659,65.180967],[-68.564935,62.864504],[-58.725708,64.659918],[-56.071293,69.196235],[-66.904499,72.204705]]]}},{"type":"Feature","properties":{"hex_id":"810fbffffffffff","population":15072,"population_year":2025,"area_km2":707475.0,"population_density":0.0,"all_players":0,"reference_cell":true,"players_per_million":0.0,"player_ids":[],"label":"Mapped area","country":"Canada"},"geometry":{"type":"Polygon","coordinates":[[[-92.691228,71.229128],[-100.82187,67.535924],[-96.445263,63.251731],[-86.446205,62.18753],[-78.077659,65.180967],[-79.308239,69.857286],[-92.691228,71.229128]]]}},{"type":"Feature","properties":{"hex_id":"81103ffffffffff","population":7260528,"population_year":2025,"area_km2":595741.2,"population_density":12.2,"all_players":0,"reference_cell":true,"players_per_million":0.0,"player_ids":[],"label":"Mapped area","country":"Russia"},"geometry":{"type":"Polygon","coordinates":[[[37.661108,58.480663],[43.547482,55.820804],[51.151314,57.156372],[53.982547,61.440921],[47.556244,64.441746],[38.741468,62.771655],[37.661108,58.480663]]]}},{"type":"Feature","properties":{"hex_id":"81107ffffffffff","population":457285,"population_year":2025,"area_km2":595741.2,"population_density":0.8,"all_players":0,"reference_cell":true,"players_per_million":0.0,"player_ids":[],"label":"Mapped area","country":"Russia"},"geometry":{"type":"Polygon","coordinates":[[[47.556244,64.441746],[53.982547,61.440921],[63.444622,62.11439],[68.434911,65.939814],[62.345345,69.393596],[50.524201,68.529879],[47.556244,64.441746]]]}},{"type":"Feature","properties":{"hex_id":"8110bffffffffff","population":17682128,"population_year":2025,"area_km2":647632.6,"population_density":27.3,"all_players":0,"reference_cell":true,"players_per_million":0.0,"player_ids":[],"label":"Mapped area","country":"Russia"},"geometry":{"type":"Polygon","coordinates":[[[42.136829,51.409437],[47.038223,48.339942],[53.670494,49.372118],[56.286118,53.745323],[51.151314,57.156372],[43.547482,55.820804],[42.136829,51.409437]]]}},{"type":"Feature","properties":{"hex_id":"8110fffffffffff","population":15835980,"population_year":2025,"area_km2":666617.1,"population_density":23.8,"all_players":0,"reference_cell":true,"players_per_million":0.0,"player_ids":[],"label":"Mapped area","country":"Russia"},"geometry":{"type":"Polygon","coordinates":[[[51.151314,57.156372],[56.286118,53.745323],[64.158618,54.257565],[68.256323,58.319104],[63.444622,62.11439],[53.982547,61.440921],[51.151314,57.156372]]]}},{"type":"Feature","properties":{"hex_id":"81113ffffffffff","population":12600486,"population_year":2025,"area_km2":510516.1,"population_density":24.7,"all_players":0,"reference_cell":true,"players_per_million":0.0,"player_ids":[],"label":"Mapped area","country":"Russia"},"geometry":{"type":"Polygon","coordinates":[[[25.082722,58.401545],[31.095814,56.470005],[37.661108,58.480663],[38.741468,62.771655],[31.517537,64.873037],[24.517172,62.478113],[25.082722,58.401545]]]}},{"type":"Feature","properties":{"hex_id":"81117ffffffffff","population":1086228,"population_year":2025,"area_km2":523941.7,"population_density":2.1,"all_players":0,"reference_cell":true,"players_per_million":0.0,"player_ids":[],"label":"Mapped area","country":"Russia"},"geometry":{"type":"Polygon","coordinates":[[[31.517537,64.873037],[38.741468,62.771655],[47.556244,64.441746],[50.524201,68.529879],[46.472291,69.828553],[41.097497,70.96472],[31.83128,68.929958],[31.517537,64.873037]]]}},{"type":"Feature","properties":{"hex_id":"8111bffffffffff","population":41364282,"population_year":2025,"area_km2":565620.1,"population_density":73.1,"all_players":0,"reference_cell":true,"players_per_million":0.0,"player_ids":[],"label":"Mapped area","country":"Russia"},"geometry":{"type":"Polygon","coordinates":[[[30.654128,52.413789],[36.116724,49.779343],[42.136829,51.409437],[43.547482,55.820804],[37.661108,58.480663],[31.095814,56.470005],[31.017704,54.340219],[30.654128,52.413789]]]}},{"type":"Feature","properties":{"hex_id":"81123ffffffffff","population":259045,"population_year":2025,"area_km2":595741.2,"population_density":0.4,"all_players":0,"reference_cell":true,"players_per_million":0.0,"player_ids":[],"label":"Mapped area","country":"Canada"},"geometry":{"type":"Polygon","coordinates":[[[-125.340792,62.233521],[-126.852536,58.04535],[-121.442455,54.91665],[-114.22928,55.478388],[-110.956309,59.515942],[-116.446531,63.195772],[-125.340792,62.233521]]]}},{"type":"Feature","properties":{"hex_id":"81127ffffffffff","population":908704,"population_year":2025,"area_km2":647632.6,"population_density":1.4,"all_players":0,"reference_cell":true,"players_per_million":0.0,"player_ids":[],"label":"Mapped area","country":"Canada"},"geometry":{"type":"Polygon","coordinates":[[[-110.956309,59.515942],[-114.22928,55.478388],[-109.994611,51.754866],[-102.902298,51.556776],[-98.561848,55.218551],[-102.119965,59.471859],[-110.956309,59.515942]]]}},{"type":"Feature","properties":{"hex_id":"8112bffffffffff","population":269082,"population_year":2025,"area_km2":510516.1,"population_density":0.5,"all_players":0,"reference_cell":true,"players_per_million":0.0,"player_ids":[],"label":"Mapped area","country":"Canada"},"geometry":{"type":"Polygon","coordinates":[[[-133.521093,56.759266],[-133.851142,52.846691],[-128.909854,50.154512],[-123.122866,50.984711],[-121.442455,54.91665],[-126.852536,58.04535],[-133.521093,56.759266]]]}},{"type":"Feature","properties":{"hex_id":"8112fffffffffff","population":5303773,"population_year":2025,"area_km2":565620.1,"population_density":9.4,"all_players":4,"reference_cell":false,"players_per_million":0.75,"player_ids":["nfl:HubbCh01","nfl:LeonDe00","nfl:OConPa01","nfl:OgboAm00"],"label":"Calgary","country":"Canada"},"geometry":{"type":"Polygon","coordinates":[[[-121.442455,54.91665],[-123.122866,50.984711],[-120.907545,49.395034],[-119.232215,47.804097],[-112.788004,48.011188],[-109.994611,51.754866],[-114.22928,55.478388],[-121.442455,54.91665]]]}},{"type":"Feature","properties":{"hex_id":"81133ffffffffff","population":5236,"population_year":2025,"area_km2":595741.2,"population_density":0.0,"all_players":0,"reference_cell":true,"players_per_million":0.0,"player_ids":[],"label":"Mapped area","country":"Canada"},"geometry":{"type":"Polygon","coordinates":[[[-131.708839,69.371341],[-132.520489,65.059255],[-125.340792,62.233521],[-116.446531,63.195772],[-112.535759,67.413217],[-120.27955,70.853402],[-131.708839,69.371341]]]}},{"type":"Feature","properties":{"hex_id":"81137ffffffffff","population":23114,"population_year":2025,"area_km2":666617.1,"population_density":0.0,"all_players":0,"reference_cell":true,"players_per_million":0.0,"player_ids":[],"label":"Mapped area","country":"Canada"},"geometry":{"type":"Polygon","coordinates":[[[-112.535759,67.413217],[-116.446531,63.195772],[-110.956309,59.515942],[-102.119965,59.471859],[-96.445263,63.251731],[-100.82187,67.535924],[-112.535759,67.413217]]]}},{"type":"Feature","properties":{"hex_id":"8113bffffffffff","population":85150,"population_year":2025,"area_km2":523941.7,"population_density":0.2,"all_players":0,"reference_cell":true,"players_per_million":0.0,"player_ids":[],"label":"Mapped area","country":"Canada"},"geometry":{"type":"Polygon","coordinates":[[[-140.412111,62.920062],[-139.683593,59.169483],[-133.521093,56.759266],[-126.852536,58.04535],[-125.340792,62.233521],[-132.520489,65.059255],[-136.546429,64.175123],[-140.412111,62.920062]]]}},{"type":"Feature","properties":{"hex_id":"81143ffffffffff","population":377000,"population_year":2025,"area_km2":595741.2,"population_density":0.6,"all_players":0,"reference_cell":true,"players_per_million":0.0,"player_ids":[],"label":"Mapped area","country":"Russia"},"geometry":{"type":"Polygon","coordinates":[[[119.522746,54.65963],[124.345783,51.539549],[131.306406,51.820419],[134.931079,55.37457],[130.59503,59.102261],[121.890193,58.63844],[119.522746,54.65963]]]}},{"type":"Feature","properties":{"hex_id":"81147ffffffffff","population":22608,"population_year":2025,"area_km2":647632.6,"population_density":0.0,"all_players":0,"reference_cell":true,"players_per_million":0.0,"player_ids":[],"label":"Mapped area","country":"Russia"},"geometry":{"type":"Polygon","coordinates":[[[130.59503,59.102261],[134.931079,55.37457],[142.769061,54.986762],[148.177645,58.234439],[145.336138,62.492156],[135.198558,62.994515],[130.59503,59.102261]]]}},{"type":"Feature","properties":{"hex_id":"8114bffffffffff","population":29000700,"population_year":2025,"area_km2":510516.1,"population_density":56.8,"all_players":0,"reference_cell":true,"players_per_million":0.0,"player_ids":[],"label":"Mapped area","country":"China"},"geometry":{"type":"Polygon","coordinates":[[[122.152595,47.997963],[125.981142,45.096434],[131.774401,45.253613],[134.763936,48.418018],[131.306406,51.820419],[124.345783,51.539549],[122.152595,47.997963]]]}},{"type":"Feature","properties":{"hex_id":"8114fffffffffff","population":1113587,"population_year":2025,"area_km2":565620.1,"population_density":2.0,"all_players":0,"reference_cell":true,"players_per_million":0.0,"player_ids":[],"label":"Mapped area","country":"Russia"},"geometry":{"type":"Polygon","coordinates":[[[131.306406,51.820419],[134.763936,48.418018],[137.965723,48.304388],[140.81932,47.943535],[145.328516,51.128254],[142.769061,54.986762],[134.931079,55.37457],[131.306406,51.820419]]]}},{"type":"Feature","properties":{"hex_id":"81153ffffffffff","population":126798,"population_year":2025,"area_km2":595741.2,"population_density":0.2,"all_players":0,"reference_cell":true,"players_per_million":0.0,"player_ids":[],"label":"Mapped area","country":"Russia"},"geometry":{"type":"Polygon","coordinates":[[[106.403496,56.210611],[112.463708,53.643972],[119.522746,54.65963],[121.890193,58.63844],[115.450927,61.840988],[106.865913,60.356643],[106.403496,56.210611]]]}},{"type":"Feature","properties":{"hex_id":"81157ffffffffff","population":726333,"population_year":2025,"area_km2":666617.1,"population_density":1.1,"all_players":0,"reference_cell":true,"players_per_million":0.0,"player_ids":[],"label":"Mapped area","country":"Russia"},"geometry":{"type":"Polygon","coordinates":[[[115.450927,61.840988],[121.890193,58.63844],[130.59503,59.102261],[135.198558,62.994515],[129.384261,66.949156],[117.812925,66.203286],[115.450927,61.840988]]]}},{"type":"Feature","properties":{"hex_id":"8115bffffffffff","population":2243940,"population_year":2025,"area_km2":523941.7,"population_density":4.3,"all_players":0,"reference_cell":true,"players_per_million":0.0,"player_ids":[],"label":"Mapped area","country":"Russia"},"geometry":{"type":"Polygon","coordinates":[[[111.70886,49.606695],[116.212896,47.309451],[122.152595,47.997963],[124.345783,51.539549],[119.522746,54.65963],[112.463708,53.643972],[111.933609,51.732178],[111.70886,49.606695]]]}},{"type":"Feature","properties":{"hex_id":"81173ffffffffff","population":127147,"population_year":2025,"area_km2":666617.1,"population_density":0.2,"all_players":0,"reference_cell":true,"players_per_million":0.0,"player_ids":[],"label":"Mapped area","country":"Russia"},"geometry":{"type":"Polygon","coordinates":[[[145.336138,62.492156],[148.177645,58.234439],[156.278507,56.9607],[163.347047,59.536413],[163.040872,64.016596],[152.881553,65.789618],[145.336138,62.492156]]]}},{"type":"Feature","properties":{"hex_id":"81177ffffffffff","population":6619,"population_year":2025,"area_km2":647632.6,"population_density":0.0,"all_players":0,"reference_cell":true,"players_per_million":0.0,"player_ids":[],"label":"Mapped area","country":"Russia"},"geometry":{"type":"MultiPolygon","coordinates":[[[[180.0,61.652371],[178.579985,59.032172],[170.667381,57.359098],[163.347047,59.536413],[163.040872,64.016596],[172.861371,66.192923],[180.0,63.613575],[180.0,61.652371]]],[[[-180.0,63.613575],[-179.111175,63.292423],[-180.0,61.652371],[-180.0,63.613575]]]]}},{"type":"Feature","properties":{"hex_id":"811bbffffffffff","population":181669,"population_year":2025,"area_km2":666617.1,"population_density":0.3,"all_players":0,"reference_cell":true,"players_per_million":0.0,"player_ids":[],"label":"Mapped area","country":"Canada"},"geometry":{"type":"Polygon","coordinates":[[[-54.163898,56.862227],[-62.078266,55.374512],[-63.200774,50.770503],[-57.837872,47.957631],[-51.288437,49.261646],[-48.90245,53.530975],[-54.163898,56.862227]]]}},{"type":"Feature","properties":{"hex_id":"811e3ffffffffff","population":71057199,"population_year":2025,"area_km2":595741.2,"population_density":119.3,"all_players":1,"reference_cell":false,"players_per_million":0.01,"player_ids":["nfl:RaimBe00"],"label":"Steinbrunn","country":"Slovakia"},"geometry":{"type":"Polygon","coordinates":[[[12.345747,50.554275],[12.677318,46.406957],[18.31474,44.47068],[24.013384,46.595885],[24.329,50.776322],[18.289963,52.819052],[12.345747,50.554275]]]}},{"type":"Feature","properties":{"hex_id":"811e7ffffffffff","population":33092235,"population_year":2025,"area_km2":595741.2,"population_density":55.5,"all_players":0,"reference_cell":true,"players_per_million":0.0,"player_ids":[],"label":"Mapped area","country":"Ukraine"},"geometry":{"type":"Polygon","coordinates":[[[24.329,50.776322],[24.013384,46.595885],[29.387082,44.107766],[35.197789,45.672385],[36.116724,49.779343],[30.654128,52.413789],[24.329,50.776322]]]}},{"type":"Feature","properties":{"hex_id":"811ebffffffffff","population":42059136,"population_year":2025,"area_km2":647632.6,"population_density":64.9,"all_players":0,"reference_cell":true,"players_per_million":0.0,"player_ids":[],"label":"Mapped area","country":"Italy"},"geometry":{"type":"Polygon","coordinates":[[[7.509948,43.786609],[8.045142,39.402136],[13.244313,37.523712],[18.32526,39.988178],[18.31474,44.47068],[12.677318,46.406957],[7.509948,43.786609]]]}},{"type":"Feature","properties":{"hex_id":"811efffffffffff","population":50991723,"population_year":2025,"area_km2":666617.1,"population_density":76.5,"all_players":0,"reference_cell":true,"players_per_million":0.0,"player_ids":[],"label":"Mapped area","country":"Bulgaria"},"geometry":{"type":"Polygon","coordinates":[[[18.31474,44.47068],[18.32526,39.988178],[23.474781,37.630343],[28.846869,39.643311],[29.387082,44.107766],[24.013384,46.595885],[18.31474,44.47068]]]}},{"type":"Feature","properties":{"hex_id":"811f3ffffffffff","population":49754999,"population_year":2025,"area_km2":510516.1,"population_density":97.5,"all_players":1,"reference_cell":false,"players_per_million":0.02,"player_ids":["nfl:FrohHj00"],"label":"Svendborg","country":"Denmark"},"geometry":{"type":"Polygon","coordinates":[[[5.523647,55.706768],[6.259687,51.96477],[12.345747,50.554275],[18.289963,52.819052],[18.275236,56.632953],[11.555978,58.130531],[5.523647,55.706768]]]}},{"type":"Feature","properties":{"hex_id":"811f7ffffffffff","population":25290714,"population_year":2025,"area_km2":523941.7,"population_density":48.3,"all_players":0,"reference_cell":true,"players_per_million":0.0,"player_ids":[],"label":"Mapped area","country":"Lithuania"},"geometry":{"type":"Polygon","coordinates":[[[18.275236,56.632953],[18.289963,52.819052],[24.329,50.776322],[30.654128,52.413789],[31.017704,54.340219],[31.095814,56.470005],[25.082722,58.401545],[18.275236,56.632953]]]}},{"type":"Feature","properties":{"hex_id":"811fbffffffffff","population":119418410,"population_year":2025,"area_km2":565620.1,"population_density":211.1,"all_players":1,"reference_cell":false,"players_per_million":0.01,"player_ids":["nfl:JohnJa12"],"label":"Stuttgart","country":"France"},"geometry":{"type":"Polygon","coordinates":[[[1.18851,49.470279],[2.026569,45.184249],[7.509948,43.786609],[12.677318,46.406957],[12.345747,50.554275],[6.259687,51.96477],[3.630009,50.610463],[1.18851,49.470279]]]}},{"type":"Feature","properties":{"hex_id":"81203ffffffffff","population":7957080,"population_year":2025,"area_km2":729486.9,"population_density":10.9,"all_players":0,"reference_cell":true,"players_per_million":0.0,"player_ids":[],"label":"Mapped area","country":"Kazakhstan"},"geometry":{"type":"Polygon","coordinates":[[[64.65954,46.076794],[68.048608,41.985775],[74.436338,41.761837],[78.337155,45.598111],[75.550129,49.975877],[68.13563,50.235864],[64.65954,46.076794]]]}},{"type":"Feature","properties":{"hex_id":"81207ffffffffff","population":4191912,"population_year":2025,"area_km2":707475.0,"population_density":5.9,"all_players":0,"reference_cell":true,"players_per_million":0.0,"player_ids":[],"label":"Mapped area","country":"Kazakhstan"},"geometry":{"type":"Polygon","coordinates":[[[75.550129,49.975877],[78.337155,45.598111],[84.903315,44.772027],[89.577507,48.132924],[87.772964,52.654203],[80.202852,53.696279],[75.550129,49.975877]]]}},{"type":"Feature","properties":{"hex_id":"8120bffffffffff","population":103642617,"population_year":2025,"area_km2":707475.0,"population_density":146.5,"all_players":0,"reference_cell":true,"players_per_million":0.0,"player_ids":[],"label":"Mapped area","country":"Afghanistan"},"geometry":{"type":"Polygon","coordinates":[[[65.030331,37.894404],[67.98289,33.902397],[73.592618,33.705753],[76.945351,37.477284],[74.436338,41.761837],[68.048608,41.985775],[65.030331,37.894404]]]}},{"type":"Feature","properties":{"hex_id":"8120fffffffffff","population":18723403,"population_year":2025,"area_km2":707475.0,"population_density":26.5,"all_players":0,"reference_cell":true,"players_per_million":0.0,"player_ids":[],"label":"Mapped area","country":"China"},"geometry":{"type":"Polygon","coordinates":[[[74.436338,41.761837],[76.945351,37.477284],[82.728687,36.835377],[86.70821,40.312767],[84.903315,44.772027],[78.337155,45.598111],[74.436338,41.761837]]]}},{"type":"Feature","properties":{"hex_id":"81213ffffffffff","population":3926618,"population_year":2025,"area_km2":707475.0,"population_density":5.6,"all_players":0,"reference_cell":true,"players_per_million":0.0,"player_ids":[],"label":"Mapped area","country":"Kazakhstan"},"geometry":{"type":"Polygon","coordinates":[[[53.670494,49.372118],[57.92568,45.709642],[64.65954,46.076794],[68.13563,50.235864],[64.158618,54.257565],[56.286118,53.745323],[53.670494,49.372118]]]}},{"type":"Feature","properties":{"hex_id":"81217ffffffffff","population":6571788,"population_year":2025,"area_km2":707475.0,"population_density":9.3,"all_players":0,"reference_cell":true,"players_per_million":0.0,"player_ids":[],"label":"Mapped area","country":"Kazakhstan"},"geometry":{"type":"Polygon","coordinates":[[[64.158618,54.257565],[68.13563,50.235864],[75.550129,49.975877],[80.202852,53.696279],[77.086922,58.009332],[68.256323,58.319104],[64.158618,54.257565]]]}},{"type":"Feature","properties":{"hex_id":"8121bffffffffff","population":13990866,"population_year":2025,"area_km2":707475.0,"population_density":19.8,"all_players":0,"reference_cell":true,"players_per_million":0.0,"player_ids":[],"label":"Mapped area","country":"Uzbekistan"},"geometry":{"type":"Polygon","coordinates":[[[55.527294,41.39291],[59.150327,37.656443],[65.030331,37.894404],[68.048608,41.985775],[64.65954,46.076794],[57.92568,45.709642],[55.527294,41.39291]]]}},{"type":"Feature","properties":{"hex_id":"81243ffffffffff","population":529103,"population_year":2025,"area_km2":595741.2,"population_density":0.9,"all_players":0,"reference_cell":true,"players_per_million":0.0,"player_ids":[],"label":"Mapped area","country":"Mongolia"},"geometry":{"type":"Polygon","coordinates":[[[95.845115,46.679222],[96.77092,42.206941],[101.933828,40.61512],[106.535601,43.139813],[106.499377,47.463169],[100.985874,49.434628],[95.845115,46.679222]]]}},{"type":"Feature","properties":{"hex_id":"81247ffffffffff","population":735331,"population_year":2025,"area_km2":510516.1,"population_density":1.4,"all_players":0,"reference_cell":true,"players_per_million":0.0,"player_ids":[],"label":"Mapped area","country":"Mongolia"},"geometry":{"type":"Polygon","coordinates":[[[106.499377,47.463169],[106.535601,43.139813],[110.981139,41.216599],[115.501139,43.254142],[116.212896,47.309451],[111.70886,49.606695],[106.499377,47.463169]]]}},{"type":"Feature","properties":{"hex_id":"8124bffffffffff","population":6863442,"population_year":2025,"area_km2":595741.2,"population_density":11.5,"all_players":0,"reference_cell":true,"players_per_million":0.0,"player_ids":[],"label":"Mapped area","country":"China"},"geometry":{"type":"Polygon","coordinates":[[[92.347744,39.173813],[93.431668,34.856934],[98.228504,33.62107],[102.303253,36.369976],[101.933828,40.61512],[96.77092,42.206941],[92.347744,39.173813]]]}},{"type":"Feature","properties":{"hex_id":"8124fffffffffff","population":30996370,"population_year":2025,"area_km2":523941.7,"population_density":59.2,"all_players":0,"reference_cell":true,"players_per_million":0.0,"player_ids":[],"label":"Mapped area","country":"China"},"geometry":{"type":"Polygon","coordinates":[[[101.933828,40.61512],[102.303253,36.369976],[104.504316,35.604157],[106.967721,34.902991],[110.694611,37.163896],[110.981139,41.216599],[106.535601,43.139813],[101.933828,40.61512]]]}},{"type":"Feature","properties":{"hex_id":"81253ffffffffff","population":1473867,"population_year":2025,"area_km2":647632.6,"population_density":2.3,"all_players":0,"reference_cell":true,"players_per_million":0.0,"player_ids":[],"label":"Mapped area","country":"Russia"},"geometry":{"type":"Polygon","coordinates":[[[87.772964,52.654203],[89.577507,48.132924],[95.845115,46.679222],[100.985874,49.434628],[100.363977,53.907861],[93.387021,55.707268],[87.772964,52.654203]]]}},{"type":"Feature","properties":{"hex_id":"81257ffffffffff","population":4712572,"population_year":2025,"area_km2":565620.1,"population_density":8.3,"all_players":0,"reference_cell":true,"players_per_million":0.0,"player_ids":[],"label":"Mapped area","country":"Russia"},"geometry":{"type":"Polygon","coordinates":[[[100.363977,53.907861],[100.985874,49.434628],[106.499377,47.463169],[111.70886,49.606695],[111.933609,51.732178],[112.463708,53.643972],[106.403496,56.210611],[100.363977,53.907861]]]}},{"type":"Feature","properties":{"hex_id":"8125bffffffffff","population":9359979,"population_year":2025,"area_km2":666617.1,"population_density":14.0,"all_players":0,"reference_cell":true,"players_per_million":0.0,"player_ids":[],"label":"Mapped area","country":"China"},"geometry":{"type":"Polygon","coordinates":[[[84.903315,44.772027],[86.70821,40.312767],[92.347744,39.173813],[96.77092,42.206941],[95.845115,46.679222],[89.577507,48.132924],[84.903315,44.772027]]]}},{"type":"Feature","properties":{"hex_id":"81263ffffffffff","population":10240947,"population_year":2025,"area_km2":614937.0,"population_density":16.7,"all_players":51,"reference_cell":false,"players_per_million":4.98,"player_ids":["nfl:AltxJo01","nfl:AwosKa00","nfl:BlacYa00","nfl:BrowSp00","nfl:BullJo01","nfl:CampEl00","nfl:CampJa04","nfl:CashBl00","nfl:DeJeCo00","nfl:FantNo00","nfl:FidoTh00","nfl:GiffLu00","nfl:GoedDa00","nfl:HaacMa00","nfl:HookAm00","nfl:HullEv00","nfl:HummJa00","nfl:JohnJe07","nfl:JohnTy00","nfl:JurgCa01","nfl:KallNi00","nfl:KiefKo00","nfl:KrafTu00","nfl:LancTr00","nfl:LazaAl00","nfl:LindCo00","nfl:MafeBo00","nfl:MaucCo00","nfl:McCoMa00","nfl:MossRi00","nfl:NelsAn01","nfl:OkadTy00","nfl:PennTr00","nfl:PhilHa00","nfl:PipkTr00","nfl:RaduDi00","nfl:ReimTi00","nfl:RozeCh00","nfl:SiglMa00","nfl:SinnBe00","nfl:SpanBr00","nfl:StalIs00","nfl:StriDa01","nfl:SundJa00","nfl:ThieAd00","nfl:TravJa00","nfl:VanGAn00","nfl:WattXa00","nfl:WelcTr00","nfl:ZabeGr00","nfl:ZylsSh00"],"label":"Omaha","country":"United States"},"geometry":{"type":"Polygon","coordinates":[[[-99.917049,47.471519],[-102.323756,45.197628],[-103.535954,44.08338],[-101.04033,40.088597],[-95.246862,39.326803],[-92.81941,41.451207],[-91.476262,42.44496],[-93.395849,46.63002],[-99.917049,47.471519]]]}},{"type":"Feature","properties":{"hex_id":"81267ffffffffff","population":25791718,"population_year":2025,"area_km2":602082.0,"population_density":42.8,"all_players":142,"reference_cell":false,"players_per_million":5.51,"player_ids":["nfl:AdamTo03","nfl:AdebAd00","nfl:AlleNi00","nfl:AmadUg00","nfl:AustCa00","nfl:BadiTy00","nfl:BarbRi00","nfl:BarnDe01","nfl:BartGr00","nfl:BeebCo00","nfl:BellRo01","nfl:BohaQu00","nfl:BookAu00","nfl:BoydKh00","nfl:BrenJu00","nfl:BurdLu00","nfl:ByrdHe00","nfl:CarvJe00","nfl:ChanTy01","nfl:ChinJe00","nfl:CochJa00","nfl:ColbCo00","nfl:CollMa00","nfl:CombBr00","nfl:CookBr03","nfl:CoopDa01","nfl:CoxxMo00","nfl:DayxSh00","nfl:DeanNa00","nfl:DodsTy01","nfl:EchoBr00","nfl:EdwaJo00","nfl:EpenAJ00","nfl:ErseAi00","nfl:FantGe00","nfl:FantPr00","nfl:FeenDa00","nfl:FishBl00","nfl:FlouRy00","nfl:FordMi01","nfl:FoxxJa01","nfl:FryaJo00","nfl:GlasGr00","nfl:GoulAn00","nfl:GranKe01","nfl:GrayEr01","nfl:GreeAr01","nfl:GreeKe02","nfl:GregEr00","nfl:GrupBl00","nfl:GuerIs00","nfl:HancBl00","nfl:HarrDa07","nfl:HaskHa00","nfl:HeckCh00","nfl:HeflJa00","nfl:HiggJa01","nfl:HobbNa00","nfl:HockTJ00","nfl:HudsTa00","nfl:JackAd00","nfl:JackTh00","nfl:JameJo01","nfl:JeffVa00","nfl:JennJa00","nfl:JerrMi00","nfl:JohnAm00","nfl:JohnAn07","nfl:JohnEr01","nfl:JoneCa04","nfl:JoneDa07","nfl:KarlGe00","nfl:KarrTe00","nfl:KiseJa00","nfl:KnoxDa00","nfl:KreiCa00","nfl:KrulLu00","nfl:LaPoSa01","nfl:LeexLo00","nfl:LindTy00","nfl:LockDr00","nfl:LoguZi00","nfl:LondLa00","nfl:LoveDo00","nfl:MasoJo00","nfl:McGrCa00","nfl:McLaTe00","nfl:MembAr00","nfl:MereJo00","nfl:MichJo00","nfl:MillRy01","nfl:MitcCa01","nfl:NealEl00","nfl:NiesMi00","nfl:NoelJa00","nfl:OdumGe00","nfl:OkwuAl00","nfl:OluoFo00","nfl:OtomEs00","nfl:OwenJo01","nfl:ParrJa01","nfl:PatrLu00","nfl:PattJa01","nfl:PattRi01","nfl:PaytRi00","nfl:PociEt00","nfl:PollTo00","nfl:PortDa00","nfl:PuniDo00","nfl:RamsJa00","nfl:ReedJe00","nfl:ReevJa00","nfl:RichMa01","nfl:RidgJo00","nfl:RobeSa00","nfl:SaunKh00","nfl:SchrCo00","nfl:SherTr00","nfl:SimmEl00","nfl:SimmIs00","nfl:SirmJa00","nfl:SmitBr06","nfl:SmitTr05","nfl:TaylRe01","nfl:TinsMi00","nfl:TracTy00","nfl:TreaLa00","nfl:TurnMa00","nfl:VokoTr00","nfl:WalkKe00","nfl:WatkJo00","nfl:WebbSa00","nfl:WernPe00","nfl:WharTe00","nfl:WhitRa01","nfl:WillIs03","nfl:WillJa11","nfl:WillKy02","nfl:WilsCe01","nfl:WingMe00","nfl:WirfTr00","nfl:WrigJa05"],"label":"St. Louis","country":"United States"},"geometry":{"type":"Polygon","coordinates":[[[-88.065886,34.059836],[-84.585167,37.099589],[-85.703199,41.161269],[-91.476262,42.44496],[-92.81941,41.451207],[-95.246862,39.326803],[-93.265212,35.090108],[-88.065886,34.059836]]]}},{"type":"Feature","properties":{"hex_id":"8126bffffffffff","population":8947665,"population_year":2025,"area_km2":647632.6,"population_density":13.8,"all_players":54,"reference_cell":false,"players_per_million":6.04,"player_ids":["nfl:AndeZa02","nfl:BartCo00","nfl:BassJe00","nfl:BattTy00","nfl:BlacJu01","nfl:BobeJa00","nfl:BollGa00","nfl:BryaTa00","nfl:CampCa99","nfl:CarlDa00","nfl:ChriBr00","nfl:CoveBr00","nfl:CrumFr00","nfl:DartJa00","nfl:EkelAu00","nfl:ElliCh00","nfl:ElliKa00","nfl:FehoSi00","nfl:FergTe00","nfl:FotuLe00","nfl:FoxxMo00","nfl:GayxMa00","nfl:HaweJa00","nfl:HelmGu00","nfl:JameAn01","nfl:JoneBr08","nfl:LatuCa01","nfl:MartJa02","nfl:McBrTr01","nfl:McCaCh01","nfl:McCaLu00","nfl:MedrKa00","nfl:MumaCh00","nfl:NacuPu00","nfl:PennMi00","nfl:PoweJa00","nfl:ReidKa00","nfl:RisnDa00","nfl:RoseRo01","nfl:RussBr00","nfl:SchuDa00","nfl:ScotJK00","nfl:SiegTr00","nfl:SkipDa00","nfl:SmitCh05","nfl:StolJa00","nfl:SuamKi00","nfl:TaimTa00","nfl:TongKh00","nfl:TufeJa00","nfl:WarrJa01","nfl:WilsLo00","nfl:WilsZa00","nfl:WingAn01"],"label":"Salt Lake City","country":"United States"},"geometry":{"type":"Polygon","coordinates":[[[-104.454816,36.494369],[-101.04033,40.088597],[-103.535954,44.08338],[-109.788387,44.413071],[-113.046271,40.72062],[-110.257485,36.800197],[-104.454816,36.494369]]]}},{"type":"Feature","properties":{"hex_id":"8126fffffffffff","population":17160726,"population_year":2025,"area_km2":666617.1,"population_density":25.7,"all_players":128,"reference_cell":false,"players_per_million":7.46,"player_ids":["nfl:AdamJa00","nfl:AdebPa00","nfl:AdenHa00","nfl:AlleBr00","nfl:ArroEl00","nfl:AvilSt00","nfl:BoltNi00","nfl:BoswCh00","nfl:BowmBi01","nfl:BrenJa01","nfl:BrewAa01","nfl:BrowBa01","nfl:BrowBo04","nfl:BrowEv00","nfl:BrowTr03","nfl:BuecSh00","nfl:ButlAd00","nfl:ButlJo00","nfl:CabeBr00","nfl:ClemMi03","nfl:ColeBr02","nfl:CollLJ00","nfl:CollZa00","nfl:ColoTr01","nfl:CrosMa00","nfl:DaviIs00","nfl:DaviKa02","nfl:DaviZa00","nfl:DownEt00","nfl:DuveDe00","nfl:ElliDe02","nfl:EvanAk00","nfl:EwerQu00","nfl:FordJa02","nfl:FranJo02","nfl:GarrMy00","nfl:GiddDJ00","nfl:GipsTr00","nfl:GipsXa00","nfl:GonzCh00","nfl:GoodAn00","nfl:GordOl00","nfl:GreeAJ00","nfl:GreeDr00","nfl:HallBr03","nfl:HillDa04","nfl:HillJu00","nfl:HortDy00","nfl:HumpCr00","nfl:HumpLi01","nfl:IngrEd00","nfl:IngrJa00","nfl:JacoJo01","nfl:JenkTe00","nfl:JohnBu01","nfl:JoneJa12","nfl:KittGe00","nfl:KolaCh00","nfl:LacyTy00","nfl:LittCa00","nfl:LockTy00","nfl:LoopTy00","nfl:LoudIs00","nfl:LundCh00","nfl:MaduJu00","nfl:MatiRo00","nfl:McDoCo01","nfl:McGuIs00","nfl:MickRJ00","nfl:MillJa02","nfl:MillVo00","nfl:MimsMa00","nfl:MinoKo00","nfl:MoorDa03","nfl:MossDr00","nfl:MurpBy01","nfl:MurpGa00","nfl:MurrKy00","nfl:NealDe00","nfl:NewmXa00","nfl:NoteJo00","nfl:NwanKe00","nfl:OdeyDa00","nfl:OkudJe00","nfl:OlivCo00","nfl:OmenCh00","nfl:OttxTy00","nfl:OwenTy00","nfl:PhilJo01","nfl:PoweBe00","nfl:PresBr00","nfl:PricMy00","nfl:ProcJa00","nfl:RedmJa01","nfl:RiceRa01","nfl:RichDe03","nfl:RobeRo00","nfl:RobiAS00","nfl:RodrMa00","nfl:RogeCa01","nfl:SandJa01","nfl:SandSh00","nfl:ShavTy00","nfl:ShepSt00","nfl:SherWi01","nfl:SkinQu00","nfl:SmitJa06","nfl:SmitTy02","nfl:SpeeEJ00","nfl:StafMa00","nfl:StepBr01","nfl:StidJa00","nfl:TaylDa02","nfl:ThomSo00","nfl:TuneCl00","nfl:TurnSh00","nfl:WallTy00","nfl:WayxTr00","nfl:WeasTh00","nfl:WillBr06","nfl:WillCa04","nfl:WillMi08","nfl:WincJa00","nfl:WiseDe00","nfl:WoodCh01","nfl:WoodCr00","nfl:WoodZa00","nfl:WoolTa00"],"label":"Dallas","country":"United States"},"geometry":{"type":"Polygon","coordinates":[[[-96.66289,31.619531],[-93.265212,35.090108],[-95.246862,39.326803],[-101.04033,40.088597],[-104.454816,36.494369],[-102.093235,32.268747],[-96.66289,31.619531]]]}},{"type":"Feature","properties":{"hex_id":"81273ffffffffff","population":1973811,"population_year":2025,"area_km2":666617.1,"population_density":3.0,"all_players":0,"reference_cell":true,"players_per_million":0.0,"player_ids":[],"label":"Mapped area","country":"Canada"},"geometry":{"type":"Polygon","coordinates":[[[-98.561848,55.218551],[-102.902298,51.556776],[-99.917049,47.471519],[-93.395849,46.63002],[-88.654124,49.812423],[-90.651446,54.300916],[-98.561848,55.218551]]]}},{"type":"Feature","properties":{"hex_id":"81277ffffffffff","population":23070026,"population_year":2025,"area_km2":647632.6,"population_density":35.6,"all_players":94,"reference_cell":false,"players_per_million":4.07,"player_ids":["nfl:AlleBr05","nfl:BariBr00","nfl:BarnZa00","nfl:BaunZa00","nfl:BellNi01","nfl:BentKe00","nfl:BiadTy00","nfl:BortTa00","nfl:BradAn00","nfl:BredBe00","nfl:BrooKa00","nfl:BrowMi02","nfl:CaliMi00","nfl:CannSa00","nfl:CastSe01","nfl:ChenLe00","nfl:ConkJa00","nfl:CousKi00","nfl:DalySc01","nfl:DellGa00","nfl:DikeCh00","nfl:EdwaDa01","nfl:EdwaTJ02","nfl:ElliJa03","nfl:FergJa00","nfl:FiskBr00","nfl:FlowDa00","nfl:GainJo00","nfl:GaroJi00","nfl:GoedLu00","nfl:HairMa00","nfl:HamxC.00","nfl:HarrSh00","nfl:IngoAl01","nfl:IrviBu00","nfl:JackKe03","nfl:JohnLo01","nfl:JoneCh11","nfl:JoneNa01","nfl:JudoMa00","nfl:KeegTr00","nfl:KmetCo00","nfl:KneeMa00","nfl:KroeKa00","nfl:LathJC00","nfl:LoveJu00","nfl:LoweVe00","nfl:LuepHu00","nfl:MbowMa00","nfl:McCaJJ00","nfl:McDoWi00","nfl:MeinQu02","nfl:MeviHa00","nfl:MillRy02","nfl:MillSc01","nfl:MotoTa00","nfl:MurpCa00","nfl:MurrEr00","nfl:NelsJa01","nfl:NewsGr00","nfl:NiemNi00","nfl:NjonMa00","nfl:OConAi00","nfl:OConPa00","nfl:OgunDa00","nfl:PalcAl00","nfl:PalmTe00","nfl:PierAl00","nfl:PintDa00","nfl:ReedJa03","nfl:RhatJo00","nfl:RichBo01","nfl:RushCo00","nfl:SanbJa00","nfl:SaubEr00","nfl:SielZa00","nfl:SkorPe00","nfl:SmitMa06","nfl:SpilRo00","nfl:StriLo00","nfl:SzmyAn00","nfl:TeSlIs00","nfl:TomlLa01","nfl:TonyRo00","nfl:VanNLu00","nfl:VanSBe00","nfl:VanxCo00","nfl:WagnDa00","nfl:WattT.00","nfl:WelcKr00","nfl:WestCJ00","nfl:WinfPe00","nfl:WyliAn00","nfl:ZeitKe00"],"label":"Milwaukee","country":"United States"},"geometry":{"type":"Polygon","coordinates":[[[-88.654124,49.812423],[-93.395849,46.63002],[-91.476262,42.44496],[-85.703199,41.161269],[-80.982253,43.86012],[-81.919627,48.295316],[-88.654124,49.812423]]]}},{"type":"Feature","properties":{"hex_id":"8127bffffffffff","population":1471275,"population_year":2025,"area_km2":602082.0,"population_density":2.4,"all_players":2,"reference_cell":false,"players_per_million":1.36,"player_ids":["nfl:AyomEl00","nfl:WentCa00"],"label":"Bismarck","country":"United States of America"},"geometry":{"type":"Polygon","coordinates":[[[-109.994611,51.754866],[-112.788004,48.011188],[-109.788387,44.413071],[-103.535954,44.08338],[-102.323756,45.197628],[-99.917049,47.471519],[-102.902298,51.556776],[-109.994611,51.754866]]]}},{"type":"Feature","properties":{"hex_id":"81283ffffffffff","population":15759816,"population_year":2025,"area_km2":595741.2,"population_density":26.5,"all_players":65,"reference_cell":false,"players_per_million":4.12,"player_ids":["nfl:AdamDa01","nfl:AjiaAu00","nfl:ArmsAr01","nfl:AwuzCh00","nfl:BailLe00","nfl:BankAa00","nfl:BlacMe00","nfl:BoweBr01","nfl:BrowJa08","nfl:BuchTe00","nfl:CappAl00","nfl:CartDe02","nfl:CookBr00","nfl:CorbAu00","nfl:CurhJa00","nfl:DalmDr00","nfl:DaviAs00","nfl:DaviRa04","nfl:DeguJo00","nfl:DickMa00","nfl:DwelRo00","nfl:ErtzZa00","nfl:FiskTu00","nfl:FoskIs00","nfl:FranTr00","nfl:GoffJa00","nfl:GranCa01","nfl:HaggLu00","nfl:HarrNa00","nfl:HodgIs00","nfl:HoopAu00","nfl:JohnDJ00","nfl:JohnJo05","nfl:JohnTa01","nfl:KahoAl00","nfl:KingJa02","nfl:LandNa01","nfl:LatuKe00","nfl:LatuLa00","nfl:LuxxBr00","nfl:MillKo00","nfl:MimsJo00","nfl:NormOm00","nfl:OladOl00","nfl:PharJe00","nfl:PoleEs00","nfl:ReedNi00","nfl:RiveRo01","nfl:RodgAa00","nfl:SancRi00","nfl:SkatCa00","nfl:SmarSt00","nfl:ThomSh01","nfl:TongJa00","nfl:TooTHe00","nfl:VakiSi00","nfl:VanNKy00","nfl:VeaxVi00","nfl:WalkMy00","nfl:WillEv00","nfl:WillJo16","nfl:WithAh00","nfl:WrigNa00","nfl:WrigRe00","nfl:WrigRy00"],"label":"Sacramento","country":"United States"},"geometry":{"type":"Polygon","coordinates":[[[-121.707157,36.574218],[-119.002282,40.570572],[-122.134831,44.057691],[-127.958662,43.419208],[-130.222638,39.442424],[-127.138101,36.079796],[-121.707157,36.574218]]]}},{"type":"Feature","properties":{"hex_id":"8128bffffffffff","population":4004885,"population_year":2025,"area_km2":595741.2,"population_density":6.7,"all_players":14,"reference_cell":false,"players_per_million":3.5,"player_ids":["nfl:CookDy00","nfl:CulpDe00","nfl:DissWi00","nfl:ElliJo03","nfl:HillTa00","nfl:LoveCo00","nfl:MatlSc00","nfl:MusgLu00","nfl:OjukJo00","nfl:RehkRy00","nfl:RypiBr00","nfl:TogiTo00","nfl:WillJo10","nfl:YankCo00"],"label":"Spokane","country":"United States"},"geometry":{"type":"Polygon","coordinates":[[[-113.046271,40.72062],[-109.788387,44.413071],[-112.788004,48.011188],[-119.232215,47.804097],[-122.134831,44.057691],[-119.002282,40.570572],[-113.046271,40.72062]]]}},{"type":"Feature","properties":{"hex_id":"8128fffffffffff","population":14259378,"population_year":2025,"area_km2":523941.7,"population_density":27.2,"all_players":46,"reference_cell":false,"players_per_million":3.23,"player_ids":["nfl:BakeBu00","nfl:BartBe00","nfl:BateJo00","nfl:BeneTh00","nfl:BourKe00","nfl:BranBl00","nfl:BrueCa00","nfl:ChisEf00","nfl:ClevEz00","nfl:ConeJo00","nfl:ConnTa00","nfl:EbukSa00","nfl:EgbuEm01","nfl:ForsAl00","nfl:FuagTa00","nfl:GaskMy00","nfl:GayeAl01","nfl:GordKy00","nfl:HardDa01","nfl:HarrMa10","nfl:HekkJo00","nfl:HerbJu00","nfl:HollJe02","nfl:HufaTa00","nfl:KuppCo00","nfl:LucaAb00","nfl:ManuGi00","nfl:MoldEl00","nfl:OdigOs00","nfl:OladKi00","nfl:OttoCa00","nfl:PoyeJo00","nfl:QuitTe00","nfl:RappTa00","nfl:RingKe00","nfl:SampDr00","nfl:SareFo00","nfl:SeumIs00","nfl:SlatJa01","nfl:ThroCa01","nfl:TourSa00","nfl:TryoJo00","nfl:TuimJT00","nfl:TuipMa00","nfl:TurnCo00","nfl:WestJa01"],"label":"Bellevue","country":"United States"},"geometry":{"type":"Polygon","coordinates":[[[-122.134831,44.057691],[-119.232215,47.804097],[-120.907545,49.395034],[-123.122866,50.984711],[-128.909854,50.154512],[-131.290159,46.416948],[-127.958662,43.419208],[-122.134831,44.057691]]]}},{"type":"Feature","properties":{"hex_id":"8129bffffffffff","population":31485482,"population_year":2025,"area_km2":666617.1,"population_density":47.2,"all_players":148,"reference_cell":false,"players_per_million":4.7,"player_ids":["nfl:AlleJo02","nfl:AllgTy00","nfl:AngeBr00","nfl:AnusCh00","nfl:AustAl00","nfl:BaccAn00","nfl:BachAl00","nfl:BailJa00","nfl:BandMi00","nfl:BarnKr00","nfl:BellDa00","nfl:BellQu00","nfl:BitoJo00","nfl:BlanDa00","nfl:BluxKy00","nfl:BojoCo00","nfl:BrewAa00","nfl:BrooCh00","nfl:BrunDa00","nfl:BryaMy01","nfl:BullCa00","nfl:BurgTe00","nfl:BynuCa00","nfl:CalcGr00","nfl:CharZa00","nfl:ClarKe01","nfl:CollBe00","nfl:CracRi00","nfl:CrenBr00","nfl:DaniJa02","nfl:DaviMi03","nfl:DediJu00","nfl:DemeEm00","nfl:DorsKh00","nfl:DoubRo00","nfl:DulcGr00","nfl:DyexTr00","nfl:EppsMa00","nfl:FautTr00","nfl:FolkNi20","nfl:GainGr00","nfl:GrahMa00","nfl:HallDa03","nfl:HallTy01","nfl:HavrLu00","nfl:HawkJa00","nfl:HenlDa00","nfl:HernWi00","nfl:HickEl00","nfl:HickJa01","nfl:HolaGe00","nfl:HolmDa01","nfl:HortTo00","nfl:JackBr02","nfl:JackDr01","nfl:JohnJa13","nfl:JoneCa05","nfl:JoneJa10","nfl:KazeDa00","nfl:KeenJa00","nfl:KendEr00","nfl:KillMi00","nfl:KincDa00","nfl:KleiEl00","nfl:LakeQu00","nfl:LaulJo00","nfl:LenoDe00","nfl:LewiMa00","nfl:LondDr00","nfl:LongDa02","nfl:LoveJo03","nfl:MapuMa00","nfl:MascEa00","nfl:MataMo00","nfl:McDuTr00","nfl:McKeTa01","nfl:McMiJa01","nfl:McNiJe00","nfl:MekaPa00","nfl:MeyeAn00","nfl:MiltKe01","nfl:MonhJo00","nfl:MoreJa01","nfl:MosbAr00","nfl:MundJo00","nfl:NailJa00","nfl:NeedNi00","nfl:NixoKe00","nfl:NwosUc00","nfl:OdunRo00","nfl:OkerBo00","nfl:OlivJo00","nfl:OlubSe00","nfl:ParkCo02","nfl:PattJa03","nfl:PettDa00","nfl:PhilCl00","nfl:PhilJa02","nfl:PittAn01","nfl:PittMi01","nfl:PondEl02","nfl:PortJo02","nfl:PrenAd00","nfl:PryoMa00","nfl:QuesDa00","nfl:RaveCJ00","nfl:ReedD.00","nfl:RemiNi00","nfl:RhyaSe00","nfl:RobiCu00","nfl:RolaCh00","nfl:RossDA03","nfl:SchoBr00","nfl:SchwCa00","nfl:ScotDa03","nfl:SeweNe00","nfl:ShakKh00","nfl:ShelCo00","nfl:SingAl00","nfl:SmitJa11","nfl:SmitJu00","nfl:StanRo00","nfl:StevRh00","nfl:TakiSi00","nfl:TavaJa00","nfl:TaylKe03","nfl:ThibKa00","nfl:ThomCa03","nfl:ThomJa04","nfl:TillCe01","nfl:ToiaJa00","nfl:TremBr00","nfl:TuipTu00","nfl:TupoJo00","nfl:VorhAn00","nfl:WagnBo00","nfl:WarnFr00","nfl:WashDa03","nfl:WattLu00","nfl:WhelDa00","nfl:WillAv02","nfl:WillKy03","nfl:WillMa06","nfl:WillNo01","nfl:WilsMi02","nfl:WortXa00","nfl:YounBr01","nfl:YuroBe00"],"label":"Las Vegas","country":"United States"},"geometry":{"type":"Polygon","coordinates":[[[-113.268008,32.856905],[-110.257485,36.800197],[-113.046271,40.72062],[-119.002282,40.570572],[-121.707157,36.574218],[-118.804528,32.779438],[-113.268008,32.856905]]]}},{"type":"Feature","properties":{"hex_id":"812a3ffffffffff","population":39671228,"population_year":2025,"area_km2":595741.2,"population_density":66.6,"all_players":112,"reference_cell":false,"players_per_million":2.82,"player_ids":["nfl:AlleJo03","nfl:AlleLe01","nfl:AlleZa01","nfl:ApplEl00","nfl:BadgMi00","nfl:BarmCh00","nfl:BoboJa00","nfl:BookTy00","nfl:BrowJi01","nfl:CartAb00","nfl:CiarJi00","nfl:CiscAn00","nfl:ClarAl01","nfl:CornAj00","nfl:CrosHo01","nfl:DawkDi00","nfl:DeckEv00","nfl:DillAJ00","nfl:DougRa00","nfl:ElueJe00","nfl:EstiAu00","nfl:EzeiDo00","nfl:FatuFo00","nfl:FitzMi00","nfl:FlacJo00","nfl:FranZa00","nfl:FrazMi00","nfl:FreiPa00","nfl:FrieWi00","nfl:FullJo01","nfl:GaryRa00","nfl:GesiMi00","nfl:GileJo01","nfl:GoncMa00","nfl:GrayNo00","nfl:HansCJ00","nfl:HarrMa09","nfl:HennMa00","nfl:HennTh00","nfl:HickRo00","nfl:HorsCa00","nfl:HursMa00","nfl:IzieCh00","nfl:JeanJa00","nfl:JenkJo00","nfl:JohnJu02","nfl:JoneEl00","nfl:JoneTr00","nfl:JordJa00","nfl:JoseSe00","nfl:KamaMo00","nfl:KamaSa00","nfl:KaneSa00","nfl:KendDr00","nfl:KennTo01","nfl:KoonMa00","nfl:KooxYo00","nfl:LaubDy00","nfl:LikeIs00","nfl:LindCh00","nfl:LongHu00","nfl:LovaRi00","nfl:MahoCh00","nfl:McGlMi00","nfl:McKeSe01","nfl:MeltBo00","nfl:MeltMa00","nfl:MonaKy00","nfl:MoorD.00","nfl:MuhaAl00","nfl:MullKa00","nfl:NijmYo01","nfl:NjokDa00","nfl:OkuaSa00","nfl:PachIs00","nfl:PeppJa00","nfl:PickKe00","nfl:PinnJa01","nfl:PittKy00","nfl:ReddHa00","nfl:ReynCr00","nfl:RicaPa00","nfl:RichAs00","nfl:RobiEt00","nfl:RuckJe00","nfl:RuizCe00","nfl:SamuCu00","nfl:SchoLu00","nfl:ShorJu00","nfl:SimoCo01","nfl:SmitTy05","nfl:SpeiOm00","nfl:StewJo03","nfl:StilTa00","nfl:SwifDA00","nfl:TartTe00","nfl:TaylJa04","nfl:TrapOz00","nfl:TrinZa00","nfl:TrusXa00","nfl:VanDRy00","nfl:VanRGr00","nfl:WallCa00","nfl:WardJi02","nfl:WeekJo00","nfl:WillCh08","nfl:WillEl00","nfl:WillKe08","nfl:WyplLu00","nfl:YiadIs00","nfl:ZaccOl01","nfl:ZintZa00"],"label":"Philadelphia","country":"United States"},"geometry":{"type":"Polygon","coordinates":[[[-69.955068,44.277849],[-75.333452,42.029564],[-75.063317,37.849069],[-70.311412,35.933887],[-65.448142,37.822091],[-64.835193,41.948534],[-69.955068,44.277849]]]}},{"type":"Feature","properties":{"hex_id":"812abffffffffff","population":54889027,"population_year":2025,"area_km2":595741.2,"population_density":92.1,"all_players":312,"reference_cell":false,"players_per_million":5.68,"player_ids":["nfl:AddiJo00","nfl:AdomCa00","nfl:AlexDa01","nfl:AlieMo00","nfl:AlixRa00","nfl:AlleJo01","nfl:AlleKe00","nfl:AndeSp00","nfl:AndeTy00","nfl:AndrJo02","nfl:AnthDa00","nfl:AnzaAl00","nfl:AsamBr00","nfl:AverTr01","nfl:BachJo01","nfl:BageTy00","nfl:BakeJe00","nfl:BankDe00","nfl:BarkSa00","nfl:BarnAJ00","nfl:BarnDe02","nfl:BashCa00","nfl:BateBr00","nfl:BateJe00","nfl:BectMe00","nfl:BellMa01","nfl:BenfCh00","nfl:BookTh00","nfl:BoroLa00","nfl:BrasCh00","nfl:BrasCh01","nfl:BresBr00","nfl:BrigGa00","nfl:BrigJo00","nfl:BrinAu00","nfl:BrisJa01","nfl:BrowCh10","nfl:BrowPh01","nfl:BrowSy00","nfl:BryaCo01","nfl:BullCo00","nfl:BurkOr00","nfl:BurrJo01","nfl:CageLa01","nfl:CampPa00","nfl:CarlSt00","nfl:CarsCa01","nfl:ChesJu00","nfl:ChisDa00","nfl:ClarDe03","nfl:ClarKe02","nfl:CokeJa01","nfl:ColbJo00","nfl:ConnJa00","nfl:CookBr02","nfl:CoopJo02","nfl:CoruBl00","nfl:CrosNi00","nfl:DaniJa01","nfl:DannMi00","nfl:DarrCh00","nfl:DaviAk01","nfl:DeabDi00","nfl:DeckTa00","nfl:DeitMi00","nfl:DiggSt00","nfl:DiggTr00","nfl:DimuVi00","nfl:DippCJ00","nfl:DolaSh00","nfl:DortGr01","nfl:DotsJa00","nfl:DrumDy00","nfl:DuliAs00","nfl:DumaJa00","nfl:EbikAr00","nfl:EdmoCh00","nfl:EdmuTe00","nfl:EdmuTr01","nfl:EdwaMi01","nfl:EichTo00","nfl:EskrDW00","nfl:EvanEt00","nfl:EvanMi01","nfl:FannHa00","nfl:FarrLu00","nfl:FashOl00","nfl:FeltTa00","nfl:FerrCl00","nfl:FortLu01","nfl:FrazZa00","nfl:GallNe00","nfl:GardSa00","nfl:GillJa00","nfl:GillRe00","nfl:GiveKe01","nfl:GodwCh00","nfl:GoldEd00","nfl:GolsCh00","nfl:GoodC.00","nfl:GrahBr99","nfl:GrahJa02","nfl:GreeMi02","nfl:GrosYe00","nfl:HaddKa00","nfl:HainRo00","nfl:HallMi00","nfl:HamiDa02","nfl:HamiTy00","nfl:HamlDa00","nfl:HandDa00","nfl:HarmDe01","nfl:HarrAn00","nfl:HarrMa06","nfl:HarrZa00","nfl:HartCa00","nfl:HaveRo00","nfl:HaynCh00","nfl:HellDe00","nfl:HendTr02","nfl:HenrKJ00","nfl:HoecMi00","nfl:HollMa00","nfl:HookMa00","nfl:HortZa00","nfl:HubeJo00","nfl:HudsBr00","nfl:HudsJa00","nfl:HuntAd00","nfl:HuntKa00","nfl:HutcAi00","nfl:JackAl01","nfl:JackDa02","nfl:JackJo03","nfl:JacoCu00","nfl:JeffQu00","nfl:JenkEJ00","nfl:JenkKr01","nfl:JohnDe08","nfl:JohnKa03","nfl:JohnNa01","nfl:JohnPa03","nfl:JohnTh00","nfl:JohnTy02","nfl:JohnWi02","nfl:JohnZi00","nfl:JonaKi00","nfl:JoneDa04","nfl:JoneDr00","nfl:JoneNi00","nfl:JordMi01","nfl:JurgMi02","nfl:JuszKy00","nfl:KareKh00","nfl:KartJo00","nfl:KelcTr00","nfl:KeyxDe00","nfl:KineCo00","nfl:KingKa00","nfl:KingKo00","nfl:KpasTa00","nfl:KuntCh02","nfl:KwenWi00","nfl:LandIs00","nfl:LaneRa00","nfl:LattMa01","nfl:LeexVe00","nfl:LewiCa00","nfl:LewiJo01","nfl:MaddAv00","nfl:MageJo00","nfl:MartBa00","nfl:MartDa01","nfl:MausDo00","nfl:MayeMi00","nfl:McCuLi00","nfl:McDuIs00","nfl:McGoCo01","nfl:McGrBr00","nfl:McMaBr01","nfl:McMiDo00","nfl:McMiJa00","nfl:McQuJa00","nfl:MerrKa00","nfl:MiluWy00","nfl:MitcJa00","nfl:MitcZa00","nfl:MontDa01","nfl:MoodJa00","nfl:MoorJa04","nfl:MoorSk01","nfl:MoseMo00","nfl:MunfTh00","nfl:MustPJ00","nfl:MustSa01","nfl:MyerJo00","nfl:NchaDu00","nfl:NewmLu00","nfl:NichBi00","nfl:NichLe00","nfl:NowaTr00","nfl:ONeiBr00","nfl:OgleAn00","nfl:OgunLa00","nfl:OkorCh00","nfl:OluwOl00","nfl:OnweMi00","nfl:PaceIv00","nfl:PagePa00","nfl:ParsMi00","nfl:PhilDe00","nfl:PleaAu00","nfl:PratGe00","nfl:PratMa20","nfl:ReadD.00","nfl:ReedJa04","nfl:ReedTr01","nfl:ReveSh00","nfl:RhodLu00","nfl:RiccGi00","nfl:RobbBr00","nfl:RobiCh00","nfl:RobiDa01","nfl:RobiDo00","nfl:RobiTa00","nfl:RobiWa01","nfl:RousWa00","nfl:RuccHa00","nfl:RunyCa00","nfl:RylaCh00","nfl:SamaNi00","nfl:SandMi01","nfl:SankJo00","nfl:SaulBe00","nfl:SavaDa00","nfl:SawyJa00","nfl:ScotNi01","nfl:ScruJu00","nfl:SettTi00","nfl:SillDa01","nfl:SkowBe00","nfl:SlyeJo00","nfl:SmooDa00","nfl:SnowCh00","nfl:StewM.00","nfl:StilDa01","nfl:StinAa00","nfl:StolCh00","nfl:StonGe00","nfl:StouJo00","nfl:StovCa00","nfl:StraBr00","nfl:StroDo01","nfl:SunaRe00","nfl:TaylBr04","nfl:TaylDa00","nfl:TaylJo02","nfl:TellWy00","nfl:TenuLu00","nfl:ThomIa00","nfl:ThomRo07","nfl:ThomTa01","nfl:ThorDo00","nfl:ThorJu00","nfl:ThunJo00","nfl:TillDo00","nfl:TippJo00","nfl:TiptMa00","nfl:TradDa00","nfl:TranDr00","nfl:TrubMi00","nfl:TuckDa00","nfl:TuckSe00","nfl:TuckTr00","nfl:TurnDJ00","nfl:TurnJo00","nfl:TuteBh00","nfl:TuttSh00","nfl:UwazEy00","nfl:ValeCa00","nfl:VannNi00","nfl:VersJa00","nfl:WalkDe04","nfl:WalkJa03","nfl:WalkRa00","nfl:WallJo00","nfl:WallKV00","nfl:WardDe02","nfl:WarrTy00","nfl:WashCa00","nfl:WatsJu01","nfl:WaxxMa00","nfl:WhitBl01","nfl:WhitKy00","nfl:WhylJo01","nfl:WilkEl00","nfl:WillCa03","nfl:WillTy02","nfl:WilsEr00","nfl:WilsJa02","nfl:WilsPa00","nfl:WilsRu00","nfl:WinsKe02","nfl:WomaSa00","nfl:WoodJo02","nfl:WormCh00","nfl:WrigDa00","nfl:WrigJa04","nfl:WrigMa00","nfl:WrigOw00","nfl:YounCh04","nfl:ZakeNi00"],"label":"Detroit","country":"United States"},"geometry":{"type":"Polygon","coordinates":[[[-80.982253,43.86012],[-85.703199,41.161269],[-84.585167,37.099589],[-79.557618,35.583567],[-75.063317,37.849069],[-75.333452,42.029564],[-80.982253,43.86012]]]}},{"type":"Feature","properties":{"hex_id":"812afffffffffff","population":6566236,"population_year":2025,"area_km2":523941.7,"population_density":12.5,"all_players":41,"reference_cell":false,"players_per_million":6.24,"player_ids":["nfl:BerrBr00","nfl:ButlMa02","nfl:ChriCo00","nfl:ClarCh00","nfl:CodrBr00","nfl:CrosKe00","nfl:GranCh00","nfl:HampOm00","nfl:HemiTo00","nfl:HighAl02","nfl:HillJu02","nfl:HineNy00","nfl:HolmJa01","nfl:HughMi00","nfl:JohnBr24","nfl:JohnKa01","nfl:JonePa00","nfl:KnigZo00","nfl:LambKe01","nfl:LandHa00","nfl:LawrDe03","nfl:LegeXa00","nfl:LewiTy00","nfl:McNeAl00","nfl:MonkJa00","nfl:MurcLa00","nfl:NnadDe00","nfl:PeebAe00","nfl:ReedJa02","nfl:RenfHu00","nfl:RileJo00","nfl:StreKe00","nfl:SweaJo00","nfl:TaylTy00","nfl:ThomDr00","nfl:UdohOl01","nfl:VinsCa00","nfl:WhitKe03","nfl:WillJa10","nfl:WillJo03","nfl:YounDa02"],"label":"Raleigh","country":"United States"},"geometry":{"type":"Polygon","coordinates":[[[-75.063317,37.849069],[-79.557618,35.583567],[-79.270109,33.659462],[-78.735928,31.57726],[-74.640468,30.219492],[-70.449419,32.12169],[-70.311412,35.933887],[-75.063317,37.849069]]]}},{"type":"Feature","properties":{"hex_id":"812bbffffffffff","population":23927662,"population_year":2025,"area_km2":666617.1,"population_density":35.9,"all_players":14,"reference_cell":false,"players_per_million":0.59,"player_ids":["nfl:AdamIs01","nfl:BergMa00","nfl:DennSi00","nfl:DixoRi00","nfl:KaliNi00","nfl:MetcJo00","nfl:PalmJo00","nfl:RogeCa00","nfl:ShepNa00","nfl:SmitKi00","nfl:SowxSi00","nfl:StJuBe00","nfl:UrbaBr00","nfl:WaynJa01"],"label":"Ajax","country":"Canada"},"geometry":{"type":"Polygon","coordinates":[[[-76.057729,50.990211],[-81.919627,48.295316],[-80.982253,43.86012],[-75.333452,42.029564],[-69.955068,44.277849],[-69.719479,48.757432],[-76.057729,50.990211]]]}},{"type":"Feature","properties":{"hex_id":"812c3ffffffffff","population":48394646,"population_year":2025,"area_km2":614937.0,"population_density":78.7,"all_players":0,"reference_cell":true,"players_per_million":0.0,"player_ids":[],"label":"Mapped area","country":"Turkey"},"geometry":{"type":"Polygon","coordinates":[[[38.930218,38.400687],[43.074401,35.326156],[46.40451,36.114445],[48.114436,36.404919],[49.670644,40.636123],[45.504839,43.945519],[41.788831,43.124283],[39.938746,42.736298],[38.930218,38.400687]]]}},{"type":"Feature","properties":{"hex_id":"812c7ffffffffff","population":5336968,"population_year":2025,"area_km2":666617.1,"population_density":8.0,"all_players":0,"reference_cell":true,"players_per_million":0.0,"player_ids":[],"label":"Mapped area","country":"Kazakhstan"},"geometry":{"type":"Polygon","coordinates":[[[45.504839,43.945519],[49.670644,40.636123],[55.527294,41.39291],[57.92568,45.709642],[53.670494,49.372118],[47.038223,48.339942],[45.504839,43.945519]]]}},{"type":"Feature","properties":{"hex_id":"812cbffffffffff","population":60698353,"population_year":2025,"area_km2":602082.0,"population_density":100.8,"all_players":0,"reference_cell":true,"players_per_million":0.0,"player_ids":[],"label":"Mapped area","country":"Iraq"},"geometry":{"type":"Polygon","coordinates":[[[43.074401,35.326156],[42.026294,30.891357],[45.678762,27.848758],[50.187904,29.089392],[51.71868,33.03025],[48.114436,36.404919],[46.40451,36.114445],[43.074401,35.326156]]]}},{"type":"Feature","properties":{"hex_id":"812d3ffffffffff","population":35376976,"population_year":2025,"area_km2":647632.6,"population_density":54.6,"all_players":0,"reference_cell":true,"players_per_million":0.0,"player_ids":[],"label":"Mapped area","country":"Turkey"},"geometry":{"type":"Polygon","coordinates":[[[29.387082,44.107766],[28.846869,39.643311],[33.614584,36.858664],[38.930218,38.400687],[39.938746,42.736298],[35.197789,45.672385],[29.387082,44.107766]]]}},{"type":"Feature","properties":{"hex_id":"812d7ffffffffff","population":24372623,"population_year":2025,"area_km2":602082.0,"population_density":40.5,"all_players":0,"reference_cell":true,"players_per_million":0.0,"player_ids":[],"label":"Mapped area","country":"Russia"},"geometry":{"type":"Polygon","coordinates":[[[35.197789,45.672385],[39.938746,42.736298],[41.788831,43.124283],[45.504839,43.945519],[47.038223,48.339942],[42.136829,51.409437],[36.116724,49.779343],[35.197789,45.672385]]]}},{"type":"Feature","properties":{"hex_id":"812dbffffffffff","population":70393013,"population_year":2025,"area_km2":666617.1,"population_density":105.6,"all_players":0,"reference_cell":true,"players_per_million":0.0,"player_ids":[],"label":"Mapped area","country":"Syria"},"geometry":{"type":"Polygon","coordinates":[[[33.614584,36.858664],[32.928331,32.240102],[37.164282,29.339076],[42.026294,30.891357],[43.074401,35.326156],[38.930218,38.400687],[33.614584,36.858664]]]}},{"type":"Feature","properties":{"hex_id":"8130bffffffffff","population":241379936,"population_year":2025,"area_km2":447684.2,"population_density":539.2,"all_players":0,"reference_cell":true,"players_per_million":0.0,"player_ids":[],"label":"Mapped area","country":"China"},"geometry":{"type":"Polygon","coordinates":[[[124.020556,32.661445],[123.162765,36.005614],[121.690154,36.205283],[118.869299,37.429854],[115.340961,35.522424],[116.2613,31.680908],[120.503394,29.892985],[124.020556,32.661445]]]}},{"type":"Feature","properties":{"hex_id":"8130fffffffffff","population":61653931,"population_year":2025,"area_km2":447684.2,"population_density":137.7,"all_players":0,"reference_cell":true,"players_per_million":0.0,"player_ids":[],"label":"Mapped area","country":"South Korea"},"geometry":{"type":"Polygon","coordinates":[[[123.162765,36.005614],[124.020556,32.661445],[128.534469,31.786712],[132.308377,34.331159],[130.657533,38.194564],[126.346943,38.738746],[125.585234,37.691245],[123.162765,36.005614]]]}},{"type":"Feature","properties":{"hex_id":"81313ffffffffff","population":23213423,"population_year":2025,"area_km2":447684.2,"population_density":51.9,"all_players":0,"reference_cell":true,"players_per_million":0.0,"player_ids":[],"label":"Mapped area","country":"China"},"geometry":{"type":"Polygon","coordinates":[[[115.501139,43.254142],[119.13691,41.148271],[120.555881,41.717194],[123.984121,41.999374],[125.981142,45.096434],[122.152595,47.997963],[116.212896,47.309451],[115.501139,43.254142]]]}},{"type":"Feature","properties":{"hex_id":"81317ffffffffff","population":34330554,"population_year":2025,"area_km2":447684.2,"population_density":76.7,"all_players":0,"reference_cell":true,"players_per_million":0.0,"player_ids":[],"label":"Mapped area","country":"North Korea"},"geometry":{"type":"Polygon","coordinates":[[[133.570126,41.410447],[131.774401,45.253613],[125.981142,45.096434],[123.984121,41.999374],[125.085829,41.118552],[126.346943,38.738746],[130.657533,38.194564],[133.570126,41.410447]]]}},{"type":"Feature","properties":{"hex_id":"8131bffffffffff","population":167852256,"population_year":2025,"area_km2":447684.2,"population_density":374.9,"all_players":0,"reference_cell":true,"players_per_million":0.0,"player_ids":[],"label":"Mapped area","country":"China"},"geometry":{"type":"Polygon","coordinates":[[[110.981139,41.216599],[110.694611,37.163896],[115.340961,35.522424],[118.869299,37.429854],[118.582885,38.614967],[119.13691,41.148271],[115.501139,43.254142],[110.981139,41.216599]]]}},{"type":"Feature","properties":{"hex_id":"81383ffffffffff","population":31514301,"population_year":2025,"area_km2":614937.0,"population_density":51.2,"all_players":0,"reference_cell":true,"players_per_million":0.0,"player_ids":[],"label":"Mapped area","country":"Algeria"},"geometry":{"type":"Polygon","coordinates":[[[-5.442348,35.124424],[-4.341769,30.698974],[-1.240802,29.828776],[0.260947,29.300375],[4.204174,32.110107],[3.543589,36.597898],[0.238716,37.588846],[-1.416234,38.115997],[-5.442348,35.124424]]]}},{"type":"Feature","properties":{"hex_id":"81387ffffffffff","population":36845141,"population_year":2025,"area_km2":666617.1,"population_density":55.3,"all_players":0,"reference_cell":true,"players_per_million":0.0,"player_ids":[],"label":"Mapped area","country":"Tunisia"},"geometry":{"type":"Polygon","coordinates":[[[3.543589,36.597898],[4.204174,32.110107],[8.974636,30.254841],[13.48858,32.875015],[13.244313,37.523712],[8.045142,39.402136],[3.543589,36.597898]]]}},{"type":"Feature","properties":{"hex_id":"8138bffffffffff","population":500531,"population_year":2025,"area_km2":602082.0,"population_density":0.8,"all_players":0,"reference_cell":true,"players_per_million":0.0,"player_ids":[],"label":"Mapped area","country":"Algeria"},"geometry":{"type":"Polygon","coordinates":[[[-4.341769,30.698974],[-8.002014,27.502909],[-6.846166,23.22581],[-2.483865,22.197541],[0.994677,24.858336],[0.260947,29.300375],[-1.240802,29.828776],[-4.341769,30.698974]]]}},{"type":"Feature","properties":{"hex_id":"8138fffffffffff","population":290452,"population_year":2025,"area_km2":647632.6,"population_density":0.4,"all_players":0,"reference_cell":true,"players_per_million":0.0,"player_ids":[],"label":"Mapped area","country":"Algeria"},"geometry":{"type":"Polygon","coordinates":[[[0.260947,29.300375],[0.994677,24.858336],[5.367574,23.011147],[9.380677,25.603703],[8.974636,30.254841],[4.204174,32.110107],[0.260947,29.300375]]]}},{"type":"Feature","properties":{"hex_id":"81393ffffffffff","population":34532782,"population_year":2025,"area_km2":647632.6,"population_density":53.3,"all_players":0,"reference_cell":true,"players_per_million":0.0,"player_ids":[],"label":"Mapped area","country":"Spain"},"geometry":{"type":"Polygon","coordinates":[[[-8.101589,44.050631],[-12.384127,40.869133],[-10.744488,36.38323],[-5.442348,35.124424],[-1.416234,38.115997],[-2.417796,42.54048],[-8.101589,44.050631]]]}},{"type":"Feature","properties":{"hex_id":"8139bffffffffff","population":29060879,"population_year":2025,"area_km2":666617.1,"population_density":43.6,"all_players":0,"reference_cell":true,"players_per_million":0.0,"player_ids":[],"label":"Mapped area","country":"Morocco"},"geometry":{"type":"Polygon","coordinates":[[[-10.744488,36.38323],[-14.570452,32.954386],[-12.948555,28.514936],[-8.002014,27.502909],[-4.341769,30.698974],[-5.442348,35.124424],[-10.744488,36.38323]]]}},{"type":"Feature","properties":{"hex_id":"813c3ffffffffff","population":249963695,"population_year":2025,"area_km2":614937.0,"population_density":406.5,"all_players":0,"reference_cell":true,"players_per_million":0.0,"player_ids":[],"label":"Mapped area","country":"China"},"geometry":{"type":"Polygon","coordinates":[[[81.028378,29.173754],[82.168245,26.544149],[82.644974,25.201987],[87.416541,24.410902],[90.911168,27.664083],[89.98325,30.360711],[89.579772,31.726685],[84.479601,32.589943],[81.028378,29.173754]]]}},{"type":"Feature","properties":{"hex_id":"813c7ffffffffff","population":11928196,"population_year":2025,"area_km2":602082.0,"population_density":19.8,"all_players":0,"reference_cell":true,"players_per_million":0.0,"player_ids":[],"label":"Mapped area","country":"China"},"geometry":{"type":"Polygon","coordinates":[[[99.516939,29.61536],[98.228504,33.62107],[93.431668,34.856934],[89.579772,31.726685],[89.98325,30.360711],[90.911168,27.664083],[95.855137,26.622305],[99.516939,29.61536]]]}},{"type":"Feature","properties":{"hex_id":"813cbffffffffff","population":190047760,"population_year":2025,"area_km2":647632.6,"population_density":293.4,"all_players":0,"reference_cell":true,"players_per_million":0.0,"player_ids":[],"label":"Mapped area","country":"India"},"geometry":{"type":"Polygon","coordinates":[[[88.797306,20.114256],[87.416541,24.410902],[82.644974,25.201987],[79.445503,21.802903],[80.850069,17.60337],[85.445337,16.70096],[88.797306,20.114256]]]}},{"type":"Feature","properties":{"hex_id":"813cfffffffffff","population":285984465,"population_year":2025,"area_km2":666617.1,"population_density":429.0,"all_players":0,"reference_cell":true,"players_per_million":0.0,"player_ids":[],"label":"Mapped area","country":"India"},"geometry":{"type":"Polygon","coordinates":[[[97.148502,22.297036],[95.855137,26.622305],[90.911168,27.664083],[87.416541,24.410902],[88.797306,20.114256],[93.60132,19.035204],[97.148502,22.297036]]]}},{"type":"Feature","properties":{"hex_id":"813d3ffffffffff","population":80376689,"population_year":2025,"area_km2":666617.1,"population_density":120.6,"all_players":0,"reference_cell":true,"players_per_million":0.0,"player_ids":[],"label":"Mapped area","country":"China"},"geometry":{"type":"Polygon","coordinates":[[[73.592618,33.705753],[75.868402,29.662739],[81.028378,29.173754],[84.479601,32.589943],[82.728687,36.835377],[76.945351,37.477284],[73.592618,33.705753]]]}},{"type":"Feature","properties":{"hex_id":"813d7ffffffffff","population":161350,"population_year":2025,"area_km2":647632.6,"population_density":0.2,"all_players":0,"reference_cell":true,"players_per_million":0.0,"player_ids":[],"label":"Mapped area","country":"China"},"geometry":{"type":"Polygon","coordinates":[[[82.728687,36.835377],[84.479601,32.589943],[89.579772,31.726685],[93.431668,34.856934],[92.347744,39.173813],[86.70821,40.312767],[82.728687,36.835377]]]}},{"type":"Feature","properties":{"hex_id":"813dbffffffffff","population":338594846,"population_year":2025,"area_km2":602082.0,"population_density":562.4,"all_players":0,"reference_cell":true,"players_per_million":0.0,"player_ids":[],"label":"Mapped area","country":"India"},"geometry":{"type":"Polygon","coordinates":[[[72.931624,26.106099],[75.010886,22.410566],[79.445503,21.802903],[82.644974,25.201987],[82.168245,26.544149],[81.028378,29.173754],[75.868402,29.662739],[72.931624,26.106099]]]}},{"type":"Feature","properties":{"hex_id":"813e3ffffffffff","population":617777,"population_year":2025,"area_km2":729486.9,"population_density":0.8,"all_players":0,"reference_cell":true,"players_per_million":0.0,"player_ids":[],"label":"Mapped area","country":"Libya"},"geometry":{"type":"Polygon","coordinates":[[[18.343416,30.627348],[18.351305,25.86678],[22.839298,23.41169],[27.504443,25.566739],[27.91173,30.313709],[23.243175,32.934452],[18.343416,30.627348]]]}},{"type":"Feature","properties":{"hex_id":"813e7ffffffffff","population":111131590,"population_year":2025,"area_km2":707475.0,"population_density":157.1,"all_players":0,"reference_cell":true,"players_per_million":0.0,"player_ids":[],"label":"Mapped area","country":"Egypt"},"geometry":{"type":"Polygon","coordinates":[[[27.91173,30.313709],[27.504443,25.566739],[31.724402,22.868397],[36.387576,24.725676],[37.164282,29.339076],[32.928331,32.240102],[27.91173,30.313709]]]}},{"type":"Feature","properties":{"hex_id":"813ebffffffffff","population":130456,"population_year":2025,"area_km2":707475.0,"population_density":0.2,"all_players":0,"reference_cell":true,"players_per_million":0.0,"player_ids":[],"label":"Mapped area","country":"Chad"},"geometry":{"type":"Polygon","coordinates":[[[13.915184,23.450438],[14.102532,18.800744],[18.365179,16.505948],[22.662175,18.714905],[22.839298,23.41169],[18.351305,25.86678],[13.915184,23.450438]]]}},{"type":"Feature","properties":{"hex_id":"813efffffffffff","population":784792,"population_year":2025,"area_km2":707475.0,"population_density":1.1,"all_players":0,"reference_cell":true,"players_per_million":0.0,"player_ids":[],"label":"Mapped area","country":"Sudan"},"geometry":{"type":"Polygon","coordinates":[[[22.839298,23.41169],[22.662175,18.714905],[26.786746,16.229863],[31.193691,18.242013],[31.724402,22.868397],[27.504443,25.566739],[22.839298,23.41169]]]}},{"type":"Feature","properties":{"hex_id":"813fbffffffffff","population":2057989,"population_year":2025,"area_km2":707475.0,"population_density":2.9,"all_players":0,"reference_cell":true,"players_per_million":0.0,"player_ids":[],"label":"Mapped area","country":"Libya"},"geometry":{"type":"Polygon","coordinates":[[[8.974636,30.254841],[9.380677,25.603703],[13.915184,23.450438],[18.351305,25.86678],[18.343416,30.627348],[13.48858,32.875015],[8.974636,30.254841]]]}},{"type":"Feature","properties":{"hex_id":"81403ffffffffff","population":152073664,"population_year":2025,"area_km2":595741.2,"population_density":255.3,"all_players":0,"reference_cell":true,"players_per_million":0.0,"player_ids":[],"label":"Mapped area","country":"China"},"geometry":{"type":"Polygon","coordinates":[[[113.703767,25.199133],[112.740922,29.367232],[108.088674,30.953537],[104.42056,28.291742],[105.568,24.011141],[110.205767,22.499632],[113.703767,25.199133]]]}},{"type":"Feature","properties":{"hex_id":"81407ffffffffff","population":61337955,"population_year":2025,"area_km2":647632.6,"population_density":94.7,"all_players":0,"reference_cell":true,"players_per_million":0.0,"player_ids":[],"label":"Mapped area","country":"China"},"geometry":{"type":"Polygon","coordinates":[[[105.568,24.011141],[104.42056,28.291742],[99.516939,29.61536],[95.855137,26.622305],[97.148502,22.297036],[101.970677,21.002365],[105.568,24.011141]]]}},{"type":"Feature","properties":{"hex_id":"8140bffffffffff","population":191913808,"population_year":2025,"area_km2":510516.1,"population_density":375.9,"all_players":0,"reference_cell":true,"players_per_million":0.0,"player_ids":[],"label":"Mapped area","country":"China"},"geometry":{"type":"Polygon","coordinates":[[[116.2613,31.680908],[115.340961,35.522424],[110.694611,37.163896],[106.967721,34.902991],[108.088674,30.953537],[112.740922,29.367232],[116.2613,31.680908]]]}},{"type":"Feature","properties":{"hex_id":"8140fffffffffff","population":91641032,"population_year":2025,"area_km2":565620.1,"population_density":162.0,"all_players":0,"reference_cell":true,"players_per_million":0.0,"player_ids":[],"label":"Mapped area","country":"China"},"geometry":{"type":"Polygon","coordinates":[[[108.088674,30.953537],[106.967721,34.902991],[104.504316,35.604157],[102.303253,36.369976],[98.228504,33.62107],[99.516939,29.61536],[104.42056,28.291742],[108.088674,30.953537]]]}},{"type":"Feature","properties":{"hex_id":"8141bffffffffff","population":147726784,"population_year":2025,"area_km2":523941.7,"population_density":282.0,"all_players":0,"reference_cell":true,"players_per_million":0.0,"player_ids":[],"label":"Mapped area","country":"China"},"geometry":{"type":"Polygon","coordinates":[[[121.347514,26.200276],[120.503394,29.892985],[116.2613,31.680908],[112.740922,29.367232],[113.703767,25.199133],[117.990477,23.508952],[119.641465,24.728661],[121.347514,26.200276]]]}},{"type":"Feature","properties":{"hex_id":"81423ffffffffff","population":11405173,"population_year":2025,"area_km2":595741.2,"population_density":19.1,"all_players":0,"reference_cell":true,"players_per_million":0.0,"player_ids":[],"label":"Mapped area","country":"Pakistan"},"geometry":{"type":"Polygon","coordinates":[[[58.073275,26.118996],[60.855323,22.699925],[65.542467,22.742171],[67.931507,26.281366],[65.31585,30.032245],[60.099069,29.90356],[58.073275,26.118996]]]}},{"type":"Feature","properties":{"hex_id":"81427ffffffffff","population":198959790,"population_year":2025,"area_km2":647632.6,"population_density":307.2,"all_players":0,"reference_cell":true,"players_per_million":0.0,"player_ids":[],"label":"Mapped area","country":"Pakistan"},"geometry":{"type":"Polygon","coordinates":[[[65.31585,30.032245],[67.931507,26.281366],[72.931624,26.106099],[75.868402,29.662739],[73.592618,33.705753],[67.98289,33.902397],[65.31585,30.032245]]]}},{"type":"Feature","properties":{"hex_id":"8142fffffffffff","population":127932236,"population_year":2025,"area_km2":565620.1,"population_density":226.2,"all_players":0,"reference_cell":true,"players_per_million":0.0,"player_ids":[],"label":"Mapped area","country":"India"},"geometry":{"type":"Polygon","coordinates":[[[65.542467,22.742171],[67.89023,19.324159],[70.146166,19.258937],[72.178712,18.993494],[75.010886,22.410566],[72.931624,26.106099],[67.931507,26.281366],[65.542467,22.742171]]]}},{"type":"Feature","properties":{"hex_id":"81433ffffffffff","population":17470032,"population_year":2025,"area_km2":595741.2,"population_density":29.3,"all_players":0,"reference_cell":true,"players_per_million":0.0,"player_ids":[],"label":"Mapped area","country":"Iran"},"geometry":{"type":"Polygon","coordinates":[[[50.187904,29.089392],[53.353616,25.802498],[58.073275,26.118996],[60.099069,29.90356],[56.949853,33.546049],[51.71868,33.03025],[50.187904,29.089392]]]}},{"type":"Feature","properties":{"hex_id":"81437ffffffffff","population":23771688,"population_year":2025,"area_km2":666617.1,"population_density":35.7,"all_players":0,"reference_cell":true,"players_per_million":0.0,"player_ids":[],"label":"Mapped area","country":"Afghanistan"},"geometry":{"type":"Polygon","coordinates":[[[56.949853,33.546049],[60.099069,29.90356],[65.31585,30.032245],[67.98289,33.902397],[65.030331,37.894404],[59.150327,37.656443],[56.949853,33.546049]]]}},{"type":"Feature","properties":{"hex_id":"8143bffffffffff","population":15997723,"population_year":2025,"area_km2":523941.7,"population_density":30.5,"all_players":0,"reference_cell":true,"players_per_million":0.0,"player_ids":[],"label":"Mapped area","country":"Oman"},"geometry":{"type":"Polygon","coordinates":[[[51.981036,21.936732],[54.686969,19.148859],[58.982288,19.310274],[60.855323,22.699925],[58.073275,26.118996],[53.353616,25.802498],[52.589722,23.991946],[51.981036,21.936732]]]}},{"type":"Feature","properties":{"hex_id":"81443ffffffffff","population":10265740,"population_year":2025,"area_km2":595741.2,"population_density":17.2,"all_players":40,"reference_cell":false,"players_per_million":3.9,"player_ids":["nfl:AlShAz00","nfl:BeckAn01","nfl:BeltDa00","nfl:BrooJa04","nfl:CartZa00","nfl:CherCl00","nfl:DaviMa02","nfl:FordJe00","nfl:FowlDa00","nfl:GrifSh00","nfl:HansJa01","nfl:HarrJa05","nfl:HayeJo01","nfl:HigbTy00","nfl:HughCh01","nfl:JenkRa00","nfl:JennDo00","nfl:JohnDE04","nfl:JoneJe01","nfl:KnigTy00","nfl:MartJa04","nfl:McClRa00","nfl:McFaMi01","nfl:MillVe00","nfl:MoorCh00","nfl:NeuzRy00","nfl:NewtJe00","nfl:OladCh00","nfl:OruwAm00","nfl:PeniMi00","nfl:PutnWi00","nfl:RodgIs00","nfl:SmitAr01","nfl:StrnJu00","nfl:TampTJ00","nfl:ThomDe07","nfl:ValdMa00","nfl:WaltBr01","nfl:WatsCh00","nfl:WestLa01"],"label":"Tampa","country":"United States"},"geometry":{"type":"Polygon","coordinates":[[[-83.891248,21.244199],[-80.82969,24.429618],[-81.966494,28.631807],[-86.545778,29.759287],[-89.807712,26.426478],[-88.2959,22.120731],[-83.891248,21.244199]]]}},{"type":"Feature","properties":{"hex_id":"81447ffffffffff","population":18780862,"population_year":2025,"area_km2":647632.6,"population_density":29.0,"all_players":234,"reference_cell":false,"players_per_million":12.46,"player_ids":["nfl:AbraKr00","nfl:AchaDe00","nfl:AkerCa00","nfl:AmosTr00","nfl:ArmoJa00","nfl:ArmsDo00","nfl:BaldJo01","nfl:BankBr02","nfl:BankKe01","nfl:BankMa00","nfl:BartSh00","nfl:BateJa00","nfl:BattMi00","nfl:BeacKe00","nfl:BechJa00","nfl:BennJa00","nfl:BensTr01","nfl:BentUl00","nfl:BernJa01","nfl:BernTe00","nfl:BlaiCh00","nfl:BlueJa01","nfl:BonnEt00","nfl:BoutKa00","nfl:BozeSw00","nfl:BrooJo01","nfl:BrooNa01","nfl:BrouVe00","nfl:BrowAJ00","nfl:BrowBe01","nfl:BrowJa07","nfl:BrowMo00","nfl:BurkTr00","nfl:ButlPe00","nfl:CambDa00","nfl:CampDa01","nfl:CampWi01","nfl:CartAj00","nfl:CartMi03","nfl:ChaiKL00","nfl:CharSa00","nfl:ChasJa00","nfl:ChatEl00","nfl:ChilZi00","nfl:ClarDa02","nfl:ClarJo00","nfl:ColeKe02","nfl:ConnHa00","nfl:CoopEd00","nfl:CoopKe00","nfl:CosmSa00","nfl:CrawKi00","nfl:CrosCh00","nfl:CrumJa00","nfl:CushLl00","nfl:DabnDr00","nfl:DaltAn00","nfl:DaviDe00","nfl:DaviDe02","nfl:DaviKa01","nfl:DecuAu00","nfl:DelpGr00","nfl:DiggQu00","nfl:DotsKe00","nfl:EdwaCl00","nfl:EdwaMa01","nfl:ElliJo02","nfl:EtieTr00","nfl:EtieTr01","nfl:EvanMi00","nfl:FlotCo00","nfl:ForbEm00","nfl:FordCo00","nfl:FultKr00","nfl:GageRu00","nfl:GainKe00","nfl:GanoGr44","nfl:GayJWi00","nfl:GodcDa00","nfl:GoldMa02","nfl:GonzZa00","nfl:GoodCa00","nfl:GrayJ.00","nfl:HallDe04","nfl:HallEr00","nfl:HallKe01","nfl:HarrCh06","nfl:HarrTr03","nfl:HeatMa00","nfl:HenrHu00","nfl:HoliJi00","nfl:HowaTy00","nfl:HowaXa00","nfl:HuffBr00","nfl:HuntDa01","nfl:HuntJa03","nfl:HurtJa00","nfl:JackCa01","nfl:JackDo02","nfl:JackDo03","nfl:JackLa03","nfl:JackMc00","nfl:JacoDe00","nfl:JameDJ00","nfl:JameSh00","nfl:JamiDS00","nfl:JeffJo01","nfl:JeffJu00","nfl:JenkEl00","nfl:JohnCe01","nfl:JohnLa01","nfl:JohnRo07","nfl:JoneBe03","nfl:JoneBr06","nfl:JoneCh09","nfl:JoneCh12","nfl:JoneDe01","nfl:JoneEm02","nfl:JoneJa14","nfl:JoneTi00","nfl:JoneVe00","nfl:KeysAu00","nfl:LarvGa00","nfl:LeonRi02","nfl:LewiDa05","nfl:LimmBe00","nfl:LittWa00","nfl:LockPJ00","nfl:LucaCo01","nfl:LuteDa00","nfl:MahoPa00","nfl:MannBr01","nfl:MartNi01","nfl:MartTa00","nfl:MathPh00","nfl:MattJa00","nfl:MaulAr00","nfl:McCoEr01","nfl:McCoRy00","nfl:McCoTr00","nfl:McCoZy02","nfl:McCrRo01","nfl:McGlDw00","nfl:McLaCh00","nfl:McWiMa01","nfl:MetcDK00","nfl:MilrJa00","nfl:MingJo00","nfl:MinsGa00","nfl:MitcAd00","nfl:MitcEl00","nfl:MitcMa02","nfl:MonrJa00","nfl:MoorDa05","nfl:MoreFo00","nfl:MorsTh00","nfl:MukuIs00","nfl:MurrKe00","nfl:NabeMa00","nfl:NewtJo00","nfl:OgbaEm00","nfl:OgboOt00","nfl:OjomMo00","nfl:OkorOg00","nfl:OlivEd00","nfl:OlszGu00","nfl:OssaJo00","nfl:OverDe00","nfl:PaulCh00","nfl:PaulPa01","nfl:PeguJJ00","nfl:PitrJa00","nfl:PresDa01","nfl:QueePa00","nfl:ReavJe00","nfl:ReidJu00","nfl:RichDe01","nfl:RoacMa01","nfl:RobeAm00","nfl:RobeEl00","nfl:RobiCa00","nfl:RochRo00","nfl:SampDy00","nfl:SamxAn00","nfl:ShefKe00","nfl:SherJa01","nfl:SimmJe01","nfl:SimsSt00","nfl:SmitDe07","nfl:SmitMa07","nfl:SneeLJ00","nfl:SorrBa00","nfl:SpeaTy00","nfl:StinDe00","nfl:StouUp00","nfl:StuaGr00","nfl:SweaTV01","nfl:ThomBr06","nfl:ThomNa01","nfl:TillJe00","nfl:TolbJa00","nfl:TomxZa00","nfl:TorrOC00","nfl:TramAu00","nfl:TurpKa00","nfl:VanPSe00","nfl:VancGr00","nfl:VaugZe00","nfl:WaddJa00","nfl:WaitCo00","nfl:WallGa00","nfl:WardCh01","nfl:WashAr00","nfl:WashBr01","nfl:WashPa01","nfl:WashTa00","nfl:WheaTy02","nfl:WhitDe02","nfl:WhitTr01","nfl:WickDo00","nfl:WillJo011","nfl:WillSa01","nfl:WillTr06","nfl:WillTr21","nfl:WilsDo01","nfl:WilsJe01","nfl:WilsTy01","nfl:WindJa00","nfl:WinfAn00","nfl:WithDe00","nfl:WoodJa02","nfl:WoodXa00","nfl:WrigBr01","nfl:YounBy00"],"label":"Houston","country":"United States"},"geometry":{"type":"Polygon","coordinates":[[[-89.807712,26.426478],[-86.545778,29.759287],[-88.065886,34.059836],[-93.265212,35.090108],[-96.66289,31.619531],[-94.743568,27.264006],[-89.807712,26.426478]]]}},{"type":"Feature","properties":{"hex_id":"8144bffffffffff","population":13618822,"population_year":2025,"area_km2":510516.1,"population_density":26.7,"all_players":124,"reference_cell":false,"players_per_million":9.11,"player_ids":["nfl:AbduYa00","nfl:AlexMa02","nfl:AndeRo04","nfl:ArneDa00","nfl:AtweTu00","nfl:AustKe00","nfl:BartJa01","nfl:BattJo00","nfl:BethTa00","nfl:BoarCh00","nfl:BoniNi00","nfl:BorrAn00","nfl:BosaJo00","nfl:BosaNi00","nfl:BridTe00","nfl:BrisJa00","nfl:BrowJa09","nfl:BrowMa04","nfl:BurnBr00","nfl:BushDe01","nfl:CampTy01","nfl:CarlJa01","nfl:CartJa05","nfl:CookJa01","nfl:CorlMa00","nfl:DaviCa02","nfl:DaviGa01","nfl:DaviJa09","nfl:DaviLa00","nfl:DaviTy05","nfl:DeanJa00","nfl:DextGe00","nfl:DorlBr00","nfl:ElamKa00","nfl:FlowZa00","nfl:FordJo00","nfl:ForsSt00","nfl:GadsOr01","nfl:GardCh00","nfl:GillAs00","nfl:GreeRe00","nfl:HardMy00","nfl:HartBo00","nfl:HarvJa00","nfl:HarvRJ00","nfl:HendCJ00","nfl:HendTr00","nfl:HerbKh00","nfl:HiggJa00","nfl:HolcCo00","nfl:HomeTr00","nfl:HornJi00","nfl:HousJa01","nfl:HuntJa02","nfl:HuntTy01","nfl:HyppRu00","nfl:InglTa00","nfl:IveyDJ00","nfl:JackLa00","nfl:JameDe00","nfl:JeudJe00","nfl:JobeJo00","nfl:JohnFr01","nfl:JoseKe03","nfl:JulePJ00","nfl:KancCa00","nfl:KincKa00","nfl:KnowKe00","nfl:LammCh00","nfl:LaynRa00","nfl:LeexMa02","nfl:MackKh00","nfl:MarsJa00","nfl:MartKe03","nfl:MayeMa00","nfl:MeteJo00","nfl:MilaMa00","nfl:MiltJo00","nfl:MoorEl00","nfl:MoreFa00","nfl:MorrMi00","nfl:MostRa00","nfl:ODonPa00","nfl:OlivBr02","nfl:PerrDe00","nfl:PhilJo02","nfl:PierJa01","nfl:PierJa99","nfl:PineEd00","nfl:PortDa01","nfl:RestXa00","nfl:RidlCa00","nfl:RobeEl01","nfl:RousGr00","nfl:SamuAs00","nfl:SandRa00","nfl:SherJa00","nfl:SingDe00","nfl:SlatTe00","nfl:SmitBr09","nfl:SmitGe00","nfl:SmitKe05","nfl:SmitXa00","nfl:SteeTy00","nfl:StevTy01","nfl:StewSh00","nfl:StutDa00","nfl:SurtPa01","nfl:TaylJa02","nfl:TaylLe01","nfl:TaylMa02","nfl:ThorCo00","nfl:ThorTy00","nfl:TownTo01","nfl:TurnDa01","nfl:UcheJo00","nfl:WalkAn01","nfl:WeavXa00","nfl:WestJa02","nfl:WestNi00","nfl:WillJa15","nfl:WillLe02","nfl:WilsMa04","nfl:ZavaCh00"],"label":"Fort Lauderdale","country":"United States"},"geometry":{"type":"Polygon","coordinates":[[[-76.831217,23.342863],[-73.868279,26.190449],[-74.640468,30.219492],[-78.735928,31.57726],[-81.966494,28.631807],[-80.82969,24.429618],[-76.831217,23.342863]]]}},{"type":"Feature","properties":{"hex_id":"8144fffffffffff","population":31558550,"population_year":2025,"area_km2":565620.1,"population_density":55.8,"all_players":357,"reference_cell":false,"players_per_million":11.31,"player_ids":["nfl:AbduAm00","nfl:AdkiNa00","nfl:AlexJa00","nfl:AlfoDe00","nfl:AlleDa02","nfl:AndeWi01","nfl:AndrJa00","nfl:ArnoTe00","nfl:AshbJu00","nfl:AutrDe00","nfl:BakeDa02","nfl:BaroTy00","nfl:BateRa00","nfl:BealRo00","nfl:BellDA03","nfl:BeltAn00","nfl:BertJD00","nfl:BiggZe01","nfl:BigsTa00","nfl:BishCo00","nfl:BlacJo00","nfl:BlanRe00","nfl:BlouJo00","nfl:BondIs00","nfl:BozeBr00","nfl:BradGa00","nfl:BranBr00","nfl:BrewCJ00","nfl:BridTr00","nfl:BrinWa00","nfl:BritKJ00","nfl:BrooBr01","nfl:BrooJa03","nfl:BrooKe02","nfl:BrosMa00","nfl:BrowBr06","nfl:BrowDe05","nfl:BrowDy00","nfl:BrowOr00","nfl:BrowTr02","nfl:BryaCo02","nfl:BryaHa00","nfl:BryaPa00","nfl:BullJa00","nfl:BullJo00","nfl:BurcJo00","nfl:ButkHa00","nfl:ByarKe01","nfl:CaldJa00","nfl:CartBa00","nfl:CartMi02","nfl:ChamCh01","nfl:ChubBr00","nfl:ChubNi00","nfl:ChukBe00","nfl:ClevBe00","nfl:ClowJa00","nfl:ColeAJ01","nfl:CollNi00","nfl:ConnCh01","nfl:CoxxBr02","nfl:CrosJa00","nfl:CunnMa00","nfl:CunnZa00","nfl:DallDe00","nfl:DaviJa11","nfl:DaviJo03","nfl:DaviMa01","nfl:DiabMo00","nfl:DiabYa00","nfl:DickLa00","nfl:DobbJo00","nfl:DougDe00","nfl:DowdRi01","nfl:DownJo00","nfl:DuckSt00","nfl:DuggKy00","nfl:DuprAl00","nfl:DuraDe01","nfl:DurdCo00","nfl:DurhPa00","nfl:EboiJu00","nfl:EdmoCh01","nfl:EdogCh00","nfl:EguaKi00","nfl:EkwoIk00","nfl:EmmaNi00","nfl:EnagKi00","nfl:EngrEv00","nfl:FairDy00","nfl:FarmJo00","nfl:FergRe00","nfl:FielJu00","nfl:FitzJo00","nfl:FitzRy01","nfl:FloyLe00","nfl:FordPo00","nfl:FoxxTo00","nfl:FranFe00","nfl:FranSa00","nfl:GibbJa01","nfl:GibsAn00","nfl:GillBl00","nfl:GlazDe00","nfl:GoodTy00","nfl:GrabTy00","nfl:GranRi00","nfl:GrayCe00","nfl:GreeBJ00","nfl:GreeJo04","nfl:GwynJo00","nfl:HamiAn01","nfl:HamiKy00","nfl:HampNi00","nfl:HancJo00","nfl:HardMe00","nfl:HargJa00","nfl:HarpTh00","nfl:HarrJo02","nfl:HarrRo02","nfl:HarrWi02","nfl:HenrDe00","nfl:HerrMa02","nfl:HewiNe00","nfl:HeywCa01","nfl:HeywCo00","nfl:HeywSh00","nfl:HiggTe00","nfl:HillB.00","nfl:HillTy00","nfl:HiltMi01","nfl:HoffBr00","nfl:HopkDe00","nfl:HoppTy00","nfl:HornJa00","nfl:HubbCh00","nfl:HumpMa00","nfl:HuntTr00","nfl:HutcXa00","nfl:HuzzAl00","nfl:HyatJa00","nfl:IgbiNo00","nfl:IncoTh00","nfl:IngrTy00","nfl:IveyJa00","nfl:JackDM00","nfl:JackJo06","nfl:JackMi01","nfl:JackNi00","nfl:JackSh01","nfl:JarrGr00","nfl:JeanAs00","nfl:JenkKe01","nfl:JennAn00","nfl:JennTe00","nfl:JohnPa02","nfl:JohnTe03","nfl:JoneBr09","nfl:JoneD.01","nfl:JoneDa05","nfl:JoneDo03","nfl:JoneEr01","nfl:JoneJo03","nfl:JoneMa05","nfl:JoneMa06","nfl:JoneTr01","nfl:JudkQu00","nfl:KamaAl00","nfl:KendDe00","nfl:KennKy00","nfl:KeyxAr00","nfl:KighAm00","nfl:KinlJa00","nfl:KinnDa00","nfl:KinsMa00","nfl:KnigDe00","nfl:LammKe00","nfl:LaneJa00","nfl:LassKa00","nfl:LawrDe00","nfl:LawrTr00","nfl:LawsCa00","nfl:LeexRi00","nfl:LeotEk00","nfl:LeveNi00","nfl:LeviCo00","nfl:LoweRe00","nfl:LutzWi00","nfl:MafaPh00","nfl:MallWi00","nfl:MaloDe00","nfl:MarkWo00","nfl:MartBr00","nfl:MartCh02","nfl:MartSa01","nfl:MayeDr00","nfl:MaysCa00","nfl:McClNi00","nfl:McClWa00","nfl:McCoJa02","nfl:McCoLa00","nfl:McCrMa01","nfl:McFaJo00","nfl:McKiKo00","nfl:McKiXa00","nfl:McLaJa00","nfl:McLeDe00","nfl:McPhEv00","nfl:MeekJa00","nfl:MeyeJa01","nfl:MillDa02","nfl:MimsAm00","nfl:MitcKe01","nfl:MitcQu00","nfl:MondSm01","nfl:MoonDa00","nfl:MoonJe00","nfl:MoorKe03","nfl:MoorMa04","nfl:MoorNi00","nfl:MorrWa01","nfl:MullNi00","nfl:MumpKo00","nfl:MurpMy00","nfl:MustMa00","nfl:NealSi00","nfl:NixxBo00","nfl:NourHu00","nfl:OjulAz00","nfl:OjulBJ00","nfl:OkonCh00","nfl:OuztRo00","nfl:PappOw00","nfl:ParhDy00","nfl:PaynDa00","nfl:PearJa00","nfl:PettDe00","nfl:PhilAn02","nfl:PickGe00","nfl:PickZa00","nfl:PierDa01","nfl:PiniBr00","nfl:PritNe00","nfl:RankSh00","nfl:RatlTa00","nfl:RaymKa00","nfl:RayxLa02","nfl:ReicWi00","nfl:RiceMo00","nfl:RichAn03","nfl:RileQu00","nfl:RiveJa00","nfl:RivePh00","nfl:RobiBr01","nfl:RobiDe01","nfl:RobiJa03","nfl:RobiMa03","nfl:RobiMi01","nfl:RobiQu00","nfl:RodrCh00","nfl:RomoJo00","nfl:RoyaJa00","nfl:RudoMa00","nfl:RumpCh00","nfl:RushDa00","nfl:SalyJa00","nfl:SampCa00","nfl:SamuDe00","nfl:SandTJ00","nfl:SantCa01","nfl:SaylJa00","nfl:ScotTr01","nfl:SermTr00","nfl:SharDa02","nfl:ShipWi00","nfl:SilmCa00","nfl:SimpJa00","nfl:SimpJo00","nfl:SimpTo00","nfl:SimpTr00","nfl:SlayDa00","nfl:SlayDa01","nfl:SmitCh04","nfl:SmitHa00","nfl:SmitJo01","nfl:SmitLe01","nfl:SmitNo02","nfl:SmitPr00","nfl:SmitRo07","nfl:SmitTr04","nfl:SmitZa00","nfl:SoloJa00","nfl:SpecBa00","nfl:SpeeAm00","nfl:StacNa00","nfl:StarMa00","nfl:StewGr00","nfl:StewRe00","nfl:StigQw00","nfl:StokEr00","nfl:StraCo01","nfl:SurrCh00","nfl:SweaMo00","nfl:SwinBr01","nfl:TaylAl01","nfl:TaylCa01","nfl:TerrAJ00","nfl:ThomAn02","nfl:ThomAz00","nfl:ThomDa07","nfl:ThomJu03","nfl:ThomTr04","nfl:ThomXa01","nfl:ThraJa01","nfl:TindCh00","nfl:TomlDa00","nfl:TothBr00","nfl:TremTo00","nfl:TunsLa00","nfl:TurnDJ01","nfl:VidaKi00","nfl:VildKi00","nfl:WagnWi00","nfl:WalkDe01","nfl:WalkDe03","nfl:WalkJa02","nfl:WalkQu00","nfl:WalkTr03","nfl:WallDa01","nfl:WallTr00","nfl:WardAl00","nfl:WardJa00","nfl:WashMa00","nfl:WashTr00","nfl:WatsJa02","nfl:WattEr00","nfl:WattMa00","nfl:WhitRi01","nfl:WhitZa01","nfl:WiggNa00","nfl:WillDa09","nfl:WillGa00","nfl:WillKe07","nfl:WillMa12","nfl:WillMy00","nfl:WillQu00","nfl:WillQu01","nfl:WillSa00","nfl:WilsEm00","nfl:WilsMa03","nfl:WinsJa00","nfl:WonnDJ00","nfl:WoodCo01","nfl:WrigAl01","nfl:WyatDe00","nfl:Ya-SRo00","nfl:YounBy01"],"label":"Atlanta","country":"United States"},"geometry":{"type":"Polygon","coordinates":[[[-81.966494,28.631807],[-78.735928,31.57726],[-79.270109,33.659462],[-79.557618,35.583567],[-84.585167,37.099589],[-88.065886,34.059836],[-86.545778,29.759287],[-81.966494,28.631807]]]}},{"type":"Feature","properties":{"hex_id":"81453ffffffffff","population":15454662,"population_year":2025,"area_km2":595741.2,"population_density":25.9,"all_players":1,"reference_cell":false,"players_per_million":0.06,"player_ids":["nfl:NuneRa00"],"label":"DANGRIGA","country":"Belize"},"geometry":{"type":"Polygon","coordinates":[[[-85.631069,13.836854],[-82.727942,17.133437],[-83.891248,21.244199],[-88.2959,22.120731],[-91.359302,18.628702],[-89.864907,14.465456],[-85.631069,13.836854]]]}},{"type":"Feature","properties":{"hex_id":"8145bffffffffff","population":6770206,"population_year":2025,"area_km2":523941.7,"population_density":12.9,"all_players":1,"reference_cell":false,"players_per_million":0.15,"player_ids":["nfl:BallCo00"],"label":"Montego Bay","country":"Jamaica"},"geometry":{"type":"Polygon","coordinates":[[[-78.539302,16.469566],[-75.998548,19.358823],[-76.831217,23.342863],[-80.82969,24.429618],[-83.891248,21.244199],[-82.727942,17.133437],[-80.745134,16.733205],[-78.539302,16.469566]]]}},{"type":"Feature","properties":{"hex_id":"81467ffffffffff","population":1069513,"population_year":2025,"area_km2":666617.1,"population_density":1.6,"all_players":11,"reference_cell":false,"players_per_million":10.29,"player_ids":["nfl:BuckDe00","nfl:FairKa01","nfl:GabrDi00","nfl:GilmAl00","nfl:IosiAn00","nfl:LiufMa00","nfl:MariMa01","nfl:McMiTe00","nfl:MuasDa00","nfl:TagoTu00","nfl:WilsRo02"],"label":"Honolulu","country":"United States"},"geometry":{"type":"Polygon","coordinates":[[[-164.456478,26.673265],[-165.758017,22.310289],[-162.396941,19.114486],[-157.606849,20.259692],[-156.089989,24.696711],[-159.565972,27.919872],[-164.456478,26.673265]]]}},{"type":"Feature","properties":{"hex_id":"81487ffffffffff","population":7407980,"population_year":2025,"area_km2":707475.0,"population_density":10.5,"all_players":16,"reference_cell":false,"players_per_million":2.16,"player_ids":["nfl:AgneJa00","nfl:AraiMa00","nfl:CardJo00","nfl:CurlKa00","nfl:DaviJa06","nfl:HowdJo00","nfl:JeffTo00","nfl:JohnCa04","nfl:LloyDe00","nfl:MyerJa00","nfl:OrzeMa00","nfl:PatrTi00","nfl:ShahRa00","nfl:SimmJo01","nfl:SkinJL00","nfl:VeleDe00"],"label":"San Diego","country":"United States"},"geometry":{"type":"Polygon","coordinates":[[[-113.460448,24.671634],[-110.662618,28.72381],[-113.268008,32.856905],[-118.804528,32.779438],[-121.336628,28.653019],[-118.632643,24.676155],[-113.460448,24.671634]]]}},{"type":"Feature","properties":{"hex_id":"8148bffffffffff","population":22495747,"population_year":2025,"area_km2":707475.0,"population_density":31.8,"all_players":50,"reference_cell":false,"players_per_million":2.22,"player_ids":["nfl:AndeCa00","nfl:BarrJa01","nfl:BillAn00","nfl:BlacKo00","nfl:BrooTa00","nfl:BryaMa02","nfl:BurfSp00","nfl:CollAl01","nfl:DaveMa00","nfl:DickCa00","nfl:DobbJK00","nfl:FlowTr01","nfl:GarcEl00","nfl:GibbJa00","nfl:GrahTa00","nfl:GranKy00","nfl:GuytTy00","nfl:HallLo00","nfl:HawkTr00","nfl:HiggEl00","nfl:JaimBr00","nfl:JohnQu02","nfl:JoneJa13","nfl:JoneJo07","nfl:JoneZa00","nfl:LambCe00","nfl:LealDe00","nfl:LeveKT00","nfl:LyncJa00","nfl:MayfBa00","nfl:MorrQu00","nfl:PeriSa00","nfl:ReynJo00","nfl:RodrLe00","nfl:SchlAu00","nfl:ScouNi00","nfl:SimsBe00","nfl:SmytDu00","nfl:SteeTe01","nfl:SummTy00","nfl:SuttCo00","nfl:TurnDe02","nfl:UmanPr00","nfl:WardCa00","nfl:WashCa01","nfl:WhitJo04","nfl:WileJa00","nfl:WilsGa00","nfl:WintDe00","nfl:WisdRa00"],"label":"Austin","country":"United States"},"geometry":{"type":"Polygon","coordinates":[[[-97.905634,23.589794],[-94.743568,27.264006],[-96.66289,31.619531],[-102.093235,32.268747],[-105.250678,28.43866],[-103.011626,24.121727],[-97.905634,23.589794]]]}},{"type":"Feature","properties":{"hex_id":"8148fffffffffff","population":14949273,"population_year":2025,"area_km2":707475.0,"population_density":21.1,"all_players":32,"reference_cell":false,"players_per_million":2.14,"player_ids":["nfl:AlleKy00","nfl:AndrMa00","nfl:BurkDe01","nfl:DaviDJ00","nfl:FlanDe00","nfl:FrabMi00","nfl:HattHo00","nfl:HintKy00","nfl:JackAu00","nfl:JansJ.00","nfl:JoneAa00","nfl:JordCa00","nfl:KirkCh01","nfl:LopeRo00","nfl:LucaCh01","nfl:McNaAu00","nfl:MorgJo03","nfl:MorrBe00","nfl:MurpBy00","nfl:OTooCo00","nfl:OlivIs00","nfl:OwenCo00","nfl:PearRi00","nfl:PeatAn00","nfl:PolaIs00","nfl:PurdBr00","nfl:RansLa00","nfl:RattSp00","nfl:RobiBi01","nfl:RobiTy02","nfl:ShouTy00","nfl:SlovKe00"],"label":"Phoenix","country":"United States"},"geometry":{"type":"Polygon","coordinates":[[[-105.250678,28.43866],[-102.093235,32.268747],[-104.454816,36.494369],[-110.257485,36.800197],[-113.268008,32.856905],[-110.662618,28.72381],[-105.250678,28.43866]]]}},{"type":"Feature","properties":{"hex_id":"8149bffffffffff","population":82320512,"population_year":2025,"area_km2":707475.0,"population_density":116.4,"all_players":0,"reference_cell":true,"players_per_million":0.0,"player_ids":[],"label":"Mapped area","country":"Mexico"},"geometry":{"type":"Polygon","coordinates":[[[-99.004086,15.55132],[-96.05021,19.269007],[-97.905634,23.589794],[-103.011626,24.121727],[-105.946435,20.212679],[-103.819339,15.969878],[-99.004086,15.55132]]]}},{"type":"Feature","properties":{"hex_id":"81523ffffffffff","population":18012468,"population_year":2025,"area_km2":595741.2,"population_density":30.2,"all_players":0,"reference_cell":true,"players_per_million":0.0,"player_ids":[],"label":"Mapped area","country":"Saudi Arabia"},"geometry":{"type":"Polygon","coordinates":[[[40.165446,21.8868],[39.336569,17.433883],[42.722899,14.799802],[46.820519,16.390229],[47.86784,20.598095],[44.621776,23.461153],[40.165446,21.8868]]]}},{"type":"Feature","properties":{"hex_id":"81527ffffffffff","population":2354207,"population_year":2025,"area_km2":510516.1,"population_density":4.6,"all_players":0,"reference_cell":true,"players_per_million":0.0,"player_ids":[],"label":"Mapped area","country":"Yemen"},"geometry":{"type":"Polygon","coordinates":[[[47.86784,20.598095],[46.820519,16.390229],[49.728526,13.808566],[53.502191,15.222612],[54.686969,19.148859],[51.981036,21.936732],[47.86784,20.598095]]]}},{"type":"Feature","properties":{"hex_id":"8152bffffffffff","population":49347689,"population_year":2025,"area_km2":595741.2,"population_density":82.8,"all_players":0,"reference_cell":true,"players_per_million":0.0,"player_ids":[],"label":"Mapped area","country":"Ethiopia"},"geometry":{"type":"Polygon","coordinates":[[[35.008409,15.638246],[34.393733,11.276322],[37.848935,8.893463],[41.867809,10.627354],[42.722899,14.799802],[39.336569,17.433883],[35.008409,15.638246]]]}},{"type":"Feature","properties":{"hex_id":"81533ffffffffff","population":5602904,"population_year":2025,"area_km2":647632.6,"population_density":8.7,"all_players":0,"reference_cell":true,"players_per_million":0.0,"player_ids":[],"label":"Mapped area","country":"Saudi Arabia"},"geometry":{"type":"Polygon","coordinates":[[[37.164282,29.339076],[36.387576,24.725676],[40.165446,21.8868],[44.621776,23.461153],[45.678762,27.848758],[42.026294,30.891357],[37.164282,29.339076]]]}},{"type":"Feature","properties":{"hex_id":"81537ffffffffff","population":16988306,"population_year":2025,"area_km2":565620.1,"population_density":30.0,"all_players":0,"reference_cell":true,"players_per_million":0.0,"player_ids":[],"label":"Mapped area","country":"Saudi Arabia"},"geometry":{"type":"Polygon","coordinates":[[[45.678762,27.848758],[44.621776,23.461153],[47.86784,20.598095],[51.981036,21.936732],[52.589722,23.991946],[53.353616,25.802498],[50.187904,29.089392],[45.678762,27.848758]]]}},{"type":"Feature","properties":{"hex_id":"8153bffffffffff","population":9917218,"population_year":2025,"area_km2":666617.1,"population_density":14.9,"all_players":0,"reference_cell":true,"players_per_million":0.0,"player_ids":[],"label":"Mapped area","country":"Sudan"},"geometry":{"type":"Polygon","coordinates":[[[31.724402,22.868397],[31.193691,18.242013],[35.008409,15.638246],[39.336569,17.433883],[40.165446,21.8868],[36.387576,24.725676],[31.724402,22.868397]]]}},{"type":"Feature","properties":{"hex_id":"81543ffffffffff","population":18200762,"population_year":2025,"area_km2":595741.2,"population_density":30.6,"all_players":0,"reference_cell":true,"players_per_million":0.0,"player_ids":[],"label":"Mapped area","country":"Mauritania"},"geometry":{"type":"Polygon","coordinates":[[[-14.809543,20.769716],[-17.936911,17.348672],[-16.398619,13.434493],[-12.071696,12.842516],[-9.006464,15.985985],[-10.188115,19.984229],[-14.809543,20.769716]]]}},{"type":"Feature","properties":{"hex_id":"81547ffffffffff","population":25863682,"population_year":2025,"area_km2":510516.1,"population_density":50.7,"all_players":0,"reference_cell":true,"players_per_million":0.0,"player_ids":[],"label":"Mapped area","country":"Mali"},"geometry":{"type":"Polygon","coordinates":[[[-9.006464,15.985985],[-12.071696,12.842516],[-10.883976,9.211077],[-6.957445,8.664197],[-4.013998,11.545296],[-4.866872,15.219885],[-9.006464,15.985985]]]}},{"type":"Feature","properties":{"hex_id":"8154fffffffffff","population":17673803,"population_year":2025,"area_km2":523941.7,"population_density":33.7,"all_players":1,"reference_cell":false,"players_per_million":0.06,"player_ids":["nfl:PayeKw00"],"label":"Conakry","country":"Guinea"},"geometry":{"type":"Polygon","coordinates":[[[-16.398619,13.434493],[-19.256081,10.227431],[-18.496978,8.439383],[-17.487884,6.558659],[-13.708147,6.270965],[-10.883976,9.211077],[-12.071696,12.842516],[-16.398619,13.434493]]]}},{"type":"Feature","properties":{"hex_id":"81553ffffffffff","population":154892,"population_year":2025,"area_km2":647632.6,"population_density":0.2,"all_players":0,"reference_cell":true,"players_per_million":0.0,"player_ids":[],"label":"Mapped area","country":"Mauritania"},"geometry":{"type":"Polygon","coordinates":[[[-12.948555,28.514936],[-16.394663,25.007863],[-14.809543,20.769716],[-10.188115,19.984229],[-6.846166,23.22581],[-8.002014,27.502909],[-12.948555,28.514936]]]}},{"type":"Feature","properties":{"hex_id":"81557ffffffffff","population":798744,"population_year":2025,"area_km2":565620.1,"population_density":1.4,"all_players":0,"reference_cell":true,"players_per_million":0.0,"player_ids":[],"label":"Mapped area","country":"Mauritania"},"geometry":{"type":"Polygon","coordinates":[[[-6.846166,23.22581],[-10.188115,19.984229],[-9.006464,15.985985],[-4.866872,15.219885],[-3.292565,16.71898],[-1.71131,17.935405],[-2.483865,22.197541],[-6.846166,23.22581]]]}},{"type":"Feature","properties":{"hex_id":"81583ffffffffff","population":76278201,"population_year":2025,"area_km2":595741.2,"population_density":128.0,"all_players":0,"reference_cell":true,"players_per_million":0.0,"player_ids":[],"label":"Mapped area","country":"Niger"},"geometry":{"type":"Polygon","coordinates":[[[2.302843,16.098689],[2.888108,11.881771],[6.801169,9.899743],[10.416288,12.057325],[10.097978,16.449183],[5.882263,18.516052],[2.302843,16.098689]]]}},{"type":"Feature","properties":{"hex_id":"81587ffffffffff","population":23604913,"population_year":2025,"area_km2":647632.6,"population_density":36.4,"all_players":0,"reference_cell":true,"players_per_million":0.0,"player_ids":[],"label":"Mapped area","country":"Chad"},"geometry":{"type":"Polygon","coordinates":[[[10.097978,16.449183],[10.416288,12.057325],[14.435042,9.913391],[18.371313,12.023443],[18.365179,16.505948],[14.102532,18.800744],[10.097978,16.449183]]]}},{"type":"Feature","properties":{"hex_id":"8158bffffffffff","population":107607985,"population_year":2025,"area_km2":510516.1,"population_density":210.8,"all_players":2,"reference_cell":false,"players_per_million":0.02,"player_ids":["nfl:OnyeDa00","nfl:OrhoRu00"],"label":"Lagos","country":"Nigeria"},"geometry":{"type":"Polygon","coordinates":[[[-0.319183,9.731837],[0.309804,5.864518],[3.943036,3.968797],[7.212915,5.860392],[6.801169,9.899743],[2.888108,11.881771],[-0.319183,9.731837]]]}},{"type":"Feature","properties":{"hex_id":"8158fffffffffff","population":72024112,"population_year":2025,"area_km2":565620.1,"population_density":127.3,"all_players":0,"reference_cell":true,"players_per_million":0.0,"player_ids":[],"label":"Mapped area","country":"Nigeria"},"geometry":{"type":"Polygon","coordinates":[[[6.801169,9.899743],[7.212915,5.860392],[9.102371,4.860812],[10.722778,3.789625],[14.58325,5.76286],[14.435042,9.913391],[10.416288,12.057325],[6.801169,9.899743]]]}},{"type":"Feature","properties":{"hex_id":"81593ffffffffff","population":181215,"population_year":2025,"area_km2":595741.2,"population_density":0.3,"all_players":0,"reference_cell":true,"players_per_million":0.0,"player_ids":[],"label":"Mapped area","country":"Mali"},"geometry":{"type":"Polygon","coordinates":[[[-2.483865,22.197541],[-1.71131,17.935405],[2.302843,16.098689],[5.882263,18.516052],[5.367574,23.011147],[0.994677,24.858336],[-2.483865,22.197541]]]}},{"type":"Feature","properties":{"hex_id":"81597ffffffffff","population":508107,"population_year":2025,"area_km2":666617.1,"population_density":0.8,"all_players":0,"reference_cell":true,"players_per_million":0.0,"player_ids":[],"label":"Mapped area","country":"Niger"},"geometry":{"type":"Polygon","coordinates":[[[5.367574,23.011147],[5.882263,18.516052],[10.097978,16.449183],[14.102532,18.800744],[13.915184,23.450438],[9.380677,25.603703],[5.367574,23.011147]]]}},{"type":"Feature","properties":{"hex_id":"8159bffffffffff","population":32198434,"population_year":2025,"area_km2":523941.7,"population_density":61.5,"all_players":0,"reference_cell":true,"players_per_million":0.0,"player_ids":[],"label":"Mapped area","country":"Burkina Faso"},"geometry":{"type":"Polygon","coordinates":[[[-4.866872,15.219885],[-4.013998,11.545296],[-0.319183,9.731837],[2.888108,11.881771],[2.302843,16.098689],[-1.71131,17.935405],[-3.292565,16.71898],[-4.866872,15.219885]]]}},{"type":"Feature","properties":{"hex_id":"815f3ffffffffff","population":1690028,"population_year":2025,"area_km2":647632.6,"population_density":2.6,"all_players":0,"reference_cell":true,"players_per_million":0.0,"player_ids":[],"label":"Mapped area","country":"Suriname"},"geometry":{"type":"Polygon","coordinates":[[[-53.682044,-0.170178],[-51.252816,3.813395],[-53.403819,7.752291],[-57.846431,7.694211],[-60.165868,3.84262],[-58.16364,-0.07918],[-53.682044,-0.170178]]]}},{"type":"Feature","properties":{"hex_id":"815f7ffffffffff","population":6903837,"population_year":2025,"area_km2":565620.1,"population_density":12.2,"all_players":0,"reference_cell":true,"players_per_million":0.0,"player_ids":[],"label":"Mapped area","country":"Venezuela"},"geometry":{"type":"Polygon","coordinates":[[[-60.165868,3.84262],[-57.846431,7.694211],[-59.834917,11.355368],[-63.969049,11.14894],[-65.058471,9.308112],[-66.195256,7.728775],[-64.328272,3.824532],[-60.165868,3.84262]]]}},{"type":"Feature","properties":{"hex_id":"8160bffffffffff","population":212304176,"population_year":2025,"area_km2":595741.2,"population_density":356.4,"all_players":0,"reference_cell":true,"players_per_million":0.0,"player_ids":[],"label":"Mapped area","country":"India"},"geometry":{"type":"Polygon","coordinates":[[[80.850069,17.60337],[79.445503,21.802903],[75.010886,22.410566],[72.178712,18.993494],[73.552971,14.946524],[77.800917,14.162484],[80.850069,17.60337]]]}},{"type":"Feature","properties":{"hex_id":"8164bffffffffff","population":56913507,"population_year":2025,"area_km2":707475.0,"population_density":80.4,"all_players":0,"reference_cell":true,"players_per_million":0.0,"player_ids":[],"label":"Mapped area","country":"Thailand"},"geometry":{"type":"Polygon","coordinates":[[[103.137733,16.48245],[101.970677,21.002365],[97.148502,22.297036],[93.60132,19.035204],[94.893577,14.501203],[99.621042,13.236333],[103.137733,16.48245]]]}},{"type":"Feature","properties":{"hex_id":"81653ffffffffff","population":56430944,"population_year":2025,"area_km2":707475.0,"population_density":79.8,"all_players":0,"reference_cell":true,"players_per_million":0.0,"player_ids":[],"label":"Mapped area","country":"Malaysia"},"geometry":{"type":"Polygon","coordinates":[[[106.411683,2.770303],[105.357168,7.303219],[100.801361,8.618891],[97.373041,5.289412],[98.560859,0.741795],[103.053645,-0.468955],[106.411683,2.770303]]]}},{"type":"Feature","properties":{"hex_id":"8165bffffffffff","population":97524895,"population_year":2025,"area_km2":707475.0,"population_density":137.8,"all_players":0,"reference_cell":true,"players_per_million":0.0,"player_ids":[],"label":"Mapped area","country":"Cambodia"},"geometry":{"type":"Polygon","coordinates":[[[108.772478,10.507688],[107.742624,15.063301],[103.137733,16.48245],[99.621042,13.236333],[100.801361,8.618891],[105.357168,7.303219],[108.772478,10.507688]]]}},{"type":"Feature","properties":{"hex_id":"81663ffffffffff","population":31391637,"population_year":2025,"area_km2":595741.2,"population_density":52.7,"all_players":0,"reference_cell":true,"players_per_million":0.0,"player_ids":[],"label":"Mapped area","country":"Colombia"},"geometry":{"type":"Polygon","coordinates":[[[-76.701678,12.819508],[-79.317401,9.553624],[-77.440699,5.563142],[-72.936618,4.995193],[-70.443514,8.370077],[-72.317998,12.204723],[-76.701678,12.819508]]]}},{"type":"Feature","properties":{"hex_id":"81667ffffffffff","population":1837404,"population_year":2025,"area_km2":595741.2,"population_density":3.1,"all_players":0,"reference_cell":true,"players_per_million":0.0,"player_ids":[],"label":"Mapped area","country":"Colombia"},"geometry":{"type":"Polygon","coordinates":[[[-70.443514,8.370077],[-72.936618,4.995193],[-71.016075,0.901274],[-66.644556,0.376039],[-64.328272,3.824532],[-66.195256,7.728775],[-70.443514,8.370077]]]}},{"type":"Feature","properties":{"hex_id":"8166fffffffffff","population":32644277,"population_year":2025,"area_km2":666617.1,"population_density":49.0,"all_players":0,"reference_cell":true,"players_per_million":0.0,"player_ids":[],"label":"Mapped area","country":"Colombia"},"geometry":{"type":"Polygon","coordinates":[[[-77.440699,5.563142],[-80.134859,1.975922],[-78.218164,-2.264143],[-73.588317,-2.770303],[-71.016075,0.901274],[-72.936618,4.995193],[-77.440699,5.563142]]]}},{"type":"Feature","properties":{"hex_id":"81673ffffffffff","population":8373126,"population_year":2025,"area_km2":510516.1,"population_density":16.4,"all_players":2,"reference_cell":false,"players_per_million":0.24,"player_ids":["nfl:PearMa00","nfl:SainMi00"],"label":"Kingston","country":"Jamaica"},"geometry":{"type":"Polygon","coordinates":[[[-75.998548,19.358823],[-78.539302,16.469566],[-76.701678,12.819508],[-72.317998,12.204723],[-69.89993,15.209504],[-71.730136,18.713931],[-75.998548,19.358823]]]}},{"type":"Feature","properties":{"hex_id":"8168bffffffffff","population":13341248,"population_year":2025,"area_km2":602082.0,"population_density":22.2,"all_players":0,"reference_cell":true,"players_per_million":0.0,"player_ids":[],"label":"Mapped area","country":"Indonesia"},"geometry":{"type":"Polygon","coordinates":[[[118.801447,-1.090818],[117.998885,3.326713],[116.677233,3.822102],[113.985132,4.672131],[110.723994,1.535866],[111.648325,-2.768743],[115.671728,-3.824532],[118.801447,-1.090818]]]}},{"type":"Feature","properties":{"hex_id":"816a3ffffffffff","population":7175940,"population_year":2025,"area_km2":614937.0,"population_density":11.7,"all_players":0,"reference_cell":true,"players_per_million":0.0,"player_ids":[],"label":"Mapped area","country":"South Sudan"},"geometry":{"type":"Polygon","coordinates":[[[22.348181,9.745677],[22.25383,6.931187],[22.136132,5.52702],[25.886011,3.202074],[29.961298,5.181923],[30.105009,7.994339],[30.2491,9.396155],[26.468997,11.757965],[22.348181,9.745677]]]}},{"type":"Feature","properties":{"hex_id":"816a7ffffffffff","population":39281735,"population_year":2025,"area_km2":602082.0,"population_density":65.2,"all_players":0,"reference_cell":true,"players_per_million":0.0,"player_ids":[],"label":"Mapped area","country":"South Sudan"},"geometry":{"type":"Polygon","coordinates":[[[37.776764,4.740955],[37.848935,8.893463],[34.393733,11.276322],[30.2491,9.396155],[30.105009,7.994339],[29.961298,5.181923],[33.814945,2.80266],[37.776764,4.740955]]]}},{"type":"Feature","properties":{"hex_id":"816abffffffffff","population":18206613,"population_year":2025,"area_km2":647632.6,"population_density":28.1,"all_players":0,"reference_cell":true,"players_per_million":0.0,"player_ids":[],"label":"Mapped area","country":"Democratic Republic of the Congo"},"geometry":{"type":"Polygon","coordinates":[[[25.586785,-1.270444],[25.886011,3.202074],[22.136132,5.52702],[18.099816,3.534623],[17.669408,-0.846984],[21.400325,-3.335735],[25.586785,-1.270444]]]}},{"type":"Feature","properties":{"hex_id":"816afffffffffff","population":97315062,"population_year":2025,"area_km2":666617.1,"population_density":146.0,"all_players":0,"reference_cell":true,"players_per_million":0.0,"player_ids":[],"label":"Mapped area","country":"Democratic Republic of the Congo"},"geometry":{"type":"Polygon","coordinates":[[[33.663619,-1.677295],[33.814945,2.80266],[29.961298,5.181923],[25.886011,3.202074],[25.586785,-1.270444],[29.508441,-3.781048],[33.663619,-1.677295]]]}},{"type":"Feature","properties":{"hex_id":"816b3ffffffffff","population":13893991,"population_year":2025,"area_km2":666617.1,"population_density":20.8,"all_players":0,"reference_cell":true,"players_per_million":0.0,"player_ids":[],"label":"Mapped area","country":"Sudan"},"geometry":{"type":"Polygon","coordinates":[[[18.365179,16.505948],[18.371313,12.023443],[22.348181,9.745677],[26.468997,11.757965],[26.786746,16.229863],[22.662175,18.714905],[18.365179,16.505948]]]}},{"type":"Feature","properties":{"hex_id":"816b7ffffffffff","population":30957514,"population_year":2025,"area_km2":647632.6,"population_density":47.8,"all_players":0,"reference_cell":true,"players_per_million":0.0,"player_ids":[],"label":"Mapped area","country":"Sudan"},"geometry":{"type":"Polygon","coordinates":[[[26.786746,16.229863],[26.468997,11.757965],[30.2491,9.396155],[34.393733,11.276322],[35.008409,15.638246],[31.193691,18.242013],[26.786746,16.229863]]]}},{"type":"Feature","properties":{"hex_id":"816bbffffffffff","population":14575299,"population_year":2025,"area_km2":602082.0,"population_density":24.2,"all_players":0,"reference_cell":true,"players_per_million":0.0,"player_ids":[],"label":"Mapped area","country":"Central African Republic"},"geometry":{"type":"Polygon","coordinates":[[[14.435042,9.913391],[14.58325,5.76286],[18.099816,3.534623],[22.136132,5.52702],[22.25383,6.931187],[22.348181,9.745677],[18.371313,12.023443],[14.435042,9.913391]]]}},{"type":"Feature","properties":{"hex_id":"8172bffffffffff","population":4309750,"population_year":2025,"area_km2":707475.0,"population_density":6.1,"all_players":0,"reference_cell":true,"players_per_million":0.0,"player_ids":[],"label":"Mapped area","country":"Indonesia"},"geometry":{"type":"Polygon","coordinates":[[[130.666262,-1.486994],[131.465804,-6.071099],[135.859587,-7.725285],[139.508211,-4.809916],[138.74799,-0.171969],[134.291728,1.504004],[130.666262,-1.486994]]]}},{"type":"Feature","properties":{"hex_id":"81753ffffffffff","population":54458211,"population_year":2025,"area_km2":447684.2,"population_density":121.6,"all_players":0,"reference_cell":true,"players_per_million":0.0,"player_ids":[],"label":"Mapped area","country":"Ivory Coast"},"geometry":{"type":"Polygon","coordinates":[[[-6.957445,8.664197],[-6.064496,5.36274],[-4.862616,5.210611],[-2.579035,4.020024],[0.309804,5.864518],[-0.319183,9.731837],[-4.013998,11.545296],[-6.957445,8.664197]]]}},{"type":"Feature","properties":{"hex_id":"8175bffffffffff","population":18609698,"population_year":2025,"area_km2":447684.2,"population_density":41.6,"all_players":0,"reference_cell":true,"players_per_million":0.0,"player_ids":[],"label":"Mapped area","country":"Liberia"},"geometry":{"type":"Polygon","coordinates":[[[-10.883976,9.211077],[-13.708147,6.270965],[-11.830187,2.638933],[-8.412776,2.46758],[-7.899841,3.559838],[-6.064496,5.36274],[-6.957445,8.664197],[-10.883976,9.211077]]]}},{"type":"Feature","properties":{"hex_id":"8176bffffffffff","population":552011,"population_year":2025,"area_km2":595741.2,"population_density":0.9,"all_players":0,"reference_cell":true,"players_per_million":0.0,"player_ids":[],"label":"Mapped area","country":"Papua New Guinea"},"geometry":{"type":"Polygon","coordinates":[[[151.738196,-5.002988],[152.369119,-9.360958],[156.370869,-10.672391],[159.651733,-7.807441],[159.114456,-3.58618],[155.201059,-2.088476],[151.738196,-5.002988]]]}},{"type":"Feature","properties":{"hex_id":"817a7ffffffffff","population":65758369,"population_year":2025,"area_km2":647632.6,"population_density":101.5,"all_players":0,"reference_cell":true,"players_per_million":0.0,"player_ids":[],"label":"Mapped area","country":"Kenya"},"geometry":{"type":"Polygon","coordinates":[[[41.586655,-2.043983],[41.590006,2.35869],[37.776764,4.740955],[33.814945,2.80266],[33.663619,-1.677295],[37.624159,-4.150913],[41.586655,-2.043983]]]}},{"type":"Feature","properties":{"hex_id":"817abffffffffff","population":5472685,"population_year":2025,"area_km2":510516.1,"population_density":10.7,"all_players":0,"reference_cell":true,"players_per_million":0.0,"player_ids":[],"label":"Mapped area","country":"Somalia"},"geometry":{"type":"Polygon","coordinates":[[[52.316592,3.692753],[52.139414,7.605969],[48.701817,9.876091],[45.240404,8.29213],[45.302588,4.23272],[48.947069,1.89827],[52.316592,3.692753]]]}},{"type":"Feature","properties":{"hex_id":"817afffffffffff","population":61077402,"population_year":2025,"area_km2":565620.1,"population_density":108.0,"all_players":0,"reference_cell":true,"players_per_million":0.0,"player_ids":[],"label":"Mapped area","country":"Ethiopia"},"geometry":{"type":"Polygon","coordinates":[[[45.302588,4.23272],[45.240404,8.29213],[43.424424,9.440448],[41.867809,10.627354],[37.848935,8.893463],[37.776764,4.740955],[41.590006,2.35869],[45.302588,4.23272]]]}},{"type":"Feature","properties":{"hex_id":"81803ffffffffff","population":18450764,"population_year":2025,"area_km2":729486.9,"population_density":25.3,"all_players":0,"reference_cell":true,"players_per_million":0.0,"player_ids":[],"label":"Mapped area","country":"Brazil"},"geometry":{"type":"Polygon","coordinates":[[[-39.695155,-8.696744],[-37.243135,-4.606029],[-39.563133,-0.447483],[-44.322949,-0.356209],[-46.800487,-4.422917],[-44.509635,-8.604422],[-39.695155,-8.696744]]]}},{"type":"Feature","properties":{"hex_id":"81807ffffffffff","population":6662960,"population_year":2025,"area_km2":707475.0,"population_density":9.4,"all_players":0,"reference_cell":true,"players_per_million":0.0,"player_ids":[],"label":"Mapped area","country":"Brazil"},"geometry":{"type":"Polygon","coordinates":[[[-46.800487,-4.422917],[-44.322949,-0.356209],[-46.589943,3.761384],[-51.252816,3.813395],[-53.682044,-0.170178],[-51.511828,-4.287153],[-46.800487,-4.422917]]]}},{"type":"Feature","properties":{"hex_id":"81813ffffffffff","population":15238334,"population_year":2025,"area_km2":707475.0,"population_density":21.5,"all_players":0,"reference_cell":true,"players_per_million":0.0,"player_ids":[],"label":"Mapped area","country":"Brazil"},"geometry":{"type":"Polygon","coordinates":[[[-39.830275,-16.779215],[-37.348487,-12.792371],[-39.695155,-8.696744],[-44.509635,-8.604422],[-47.015769,-12.607157],[-44.70061,-16.685821],[-39.830275,-16.779215]]]}},{"type":"Feature","properties":{"hex_id":"81817ffffffffff","population":4224246,"population_year":2025,"area_km2":707475.0,"population_density":6.0,"all_players":0,"reference_cell":true,"players_per_million":0.0,"player_ids":[],"label":"Mapped area","country":"Brazil"},"geometry":{"type":"Polygon","coordinates":[[[-47.015769,-12.607157],[-44.509635,-8.604422],[-46.800487,-4.422917],[-51.511828,-4.287153],[-53.966092,-8.249606],[-51.776426,-12.387612],[-47.015769,-12.607157]]]}},{"type":"Feature","properties":{"hex_id":"8182bffffffffff","population":9666174,"population_year":2025,"area_km2":595741.2,"population_density":16.2,"all_players":0,"reference_cell":true,"players_per_million":0.0,"player_ids":[],"label":"Mapped area","country":"Republic of the Congo"},"geometry":{"type":"Polygon","coordinates":[[[17.669408,-0.846984],[18.099816,3.534623],[14.58325,5.76286],[10.722778,3.789625],[10.189894,-0.431885],[13.611699,-2.844753],[17.669408,-0.846984]]]}},{"type":"Feature","properties":{"hex_id":"8182fffffffffff","population":36110101,"population_year":2025,"area_km2":523941.7,"population_density":68.9,"all_players":1,"reference_cell":false,"players_per_million":0.03,"player_ids":["nfl:OjabDa00"],"label":"Port Harcourt","country":"Nigeria"},"geometry":{"type":"Polygon","coordinates":[[[10.189894,-0.431885],[10.722778,3.789625],[9.102371,4.860812],[7.212915,5.860392],[3.943036,3.968797],[3.340666,-0.045101],[6.386374,-2.341804],[10.189894,-0.431885]]]}},{"type":"Feature","properties":{"hex_id":"8183bffffffffff","population":37999192,"population_year":2025,"area_km2":666617.1,"population_density":57.0,"all_players":0,"reference_cell":true,"players_per_million":0.0,"player_ids":[],"label":"Mapped area","country":"Democratic Republic of the Congo"},"geometry":{"type":"Polygon","coordinates":[[[21.012272,-7.972666],[21.400325,-3.335735],[17.669408,-0.846984],[13.611699,-2.844753],[13.101649,-7.336896],[16.762979,-9.981512],[21.012272,-7.972666]]]}},{"type":"Feature","properties":{"hex_id":"818a3ffffffffff","population":1617341,"population_year":2025,"area_km2":614937.0,"population_density":2.6,"all_players":0,"reference_cell":true,"players_per_million":0.0,"player_ids":[],"label":"Mapped area","country":"Brazil"},"geometry":{"type":"Polygon","coordinates":[[[-60.846751,-11.739864],[-58.487095,-8.000708],[-60.503094,-3.948691],[-63.322767,-3.822102],[-64.728104,-3.684742],[-67.11855,-7.389407],[-65.150174,-11.472124],[-62.279488,-11.610617],[-60.846751,-11.739864]]]}},{"type":"Feature","properties":{"hex_id":"818a7ffffffffff","population":638010,"population_year":2025,"area_km2":647632.6,"population_density":1.0,"all_players":0,"reference_cell":true,"players_per_million":0.0,"player_ids":[],"label":"Mapped area","country":"Brazil"},"geometry":{"type":"Polygon","coordinates":[[[-71.016075,0.901274],[-73.588317,-2.770303],[-71.619868,-7.003124],[-67.11855,-7.389407],[-64.728104,-3.684742],[-66.644556,0.376039],[-71.016075,0.901274]]]}},{"type":"Feature","properties":{"hex_id":"818abffffffffff","population":2638701,"population_year":2025,"area_km2":666617.1,"population_density":4.0,"all_players":0,"reference_cell":true,"players_per_million":0.0,"player_ids":[],"label":"Mapped area","country":"Brazil"},"geometry":{"type":"Polygon","coordinates":[[[-53.966092,-8.249606],[-51.511828,-4.287153],[-53.682044,-0.170178],[-58.16364,-0.07918],[-60.503094,-3.948691],[-58.487095,-8.000708],[-53.966092,-8.249606]]]}},{"type":"Feature","properties":{"hex_id":"818afffffffffff","population":2617941,"population_year":2025,"area_km2":602082.0,"population_density":4.3,"all_players":0,"reference_cell":true,"players_per_million":0.0,"player_ids":[],"label":"Mapped area","country":"Brazil"},"geometry":{"type":"Polygon","coordinates":[[[-60.503094,-3.948691],[-58.16364,-0.07918],[-60.165868,3.84262],[-64.328272,3.824532],[-66.644556,0.376039],[-64.728104,-3.684742],[-63.322767,-3.822102],[-60.503094,-3.948691]]]}},{"type":"Feature","properties":{"hex_id":"818b3ffffffffff","population":6848445,"population_year":2025,"area_km2":602082.0,"population_density":11.4,"all_players":0,"reference_cell":true,"players_per_million":0.0,"player_ids":[],"label":"Mapped area","country":"Bolivia"},"geometry":{"type":"Polygon","coordinates":[[[-65.150174,-11.472124],[-67.619263,-15.302305],[-65.596341,-19.258865],[-61.196998,-19.252195],[-58.81696,-15.773842],[-60.846751,-11.739864],[-62.279488,-11.610617],[-65.150174,-11.472124]]]}},{"type":"Feature","properties":{"hex_id":"818b7ffffffffff","population":3308888,"population_year":2025,"area_km2":666617.1,"population_density":5.0,"all_players":0,"reference_cell":true,"players_per_million":0.0,"player_ids":[],"label":"Mapped area","country":"Peru"},"geometry":{"type":"Polygon","coordinates":[[[-71.619868,-7.003124],[-74.275639,-10.846247],[-72.257376,-15.063301],[-67.619263,-15.302305],[-65.150174,-11.472124],[-67.11855,-7.389407],[-71.619868,-7.003124]]]}},{"type":"Feature","properties":{"hex_id":"818bbffffffffff","population":3093743,"population_year":2025,"area_km2":647632.6,"population_density":4.8,"all_players":0,"reference_cell":true,"players_per_million":0.0,"player_ids":[],"label":"Mapped area","country":"Brazil"},"geometry":{"type":"Polygon","coordinates":[[[-54.256132,-16.171868],[-51.776426,-12.387612],[-53.966092,-8.249606],[-58.487095,-8.000708],[-60.846751,-11.739864],[-58.81696,-15.773842],[-54.256132,-16.171868]]]}},{"type":"Feature","properties":{"hex_id":"818f7ffffffffff","population":11503257,"population_year":2025,"area_km2":707475.0,"population_density":16.3,"all_players":0,"reference_cell":true,"players_per_million":0.0,"player_ids":[],"label":"Mapped area","country":"Peru"},"geometry":{"type":"Polygon","coordinates":[[[-78.218164,-2.264143],[-80.994381,-6.061929],[-79.036844,-10.410684],[-74.275639,-10.846247],[-71.619868,-7.003124],[-73.588317,-2.770303],[-78.218164,-2.264143]]]}},{"type":"Feature","properties":{"hex_id":"8194fffffffffff","population":18863,"population_year":2025,"area_km2":565620.1,"population_density":0.0,"all_players":0,"reference_cell":true,"players_per_million":0.0,"player_ids":[],"label":"Mapped area","country":"Australia"},"geometry":{"type":"Polygon","coordinates":[[[125.297865,-15.691264],[126.089695,-19.680475],[128.186152,-20.493739],[130.032911,-21.378733],[133.817525,-18.914757],[133.041616,-14.828509],[128.72923,-13.199443],[125.297865,-15.691264]]]}},{"type":"Feature","properties":{"hex_id":"81953ffffffffff","population":16534048,"population_year":2025,"area_km2":595741.2,"population_density":27.8,"all_players":0,"reference_cell":true,"players_per_million":0.0,"player_ids":[],"label":"Mapped area","country":"Indonesia"},"geometry":{"type":"Polygon","coordinates":[[[115.671728,-3.824532],[116.456435,-8.076966],[120.39857,-9.791751],[123.699174,-7.171745],[122.892848,-2.722889],[118.801447,-1.090818],[115.671728,-3.824532]]]}},{"type":"Feature","properties":{"hex_id":"81963ffffffffff","population":26858215,"population_year":2025,"area_km2":729486.9,"population_density":36.8,"all_players":0,"reference_cell":true,"players_per_million":0.0,"player_ids":[],"label":"Mapped area","country":"Democratic Republic of the Congo"},"geometry":{"type":"Polygon","coordinates":[[[33.173278,-15.790435],[33.34314,-11.032729],[29.268943,-8.474704],[24.9542,-10.610164],[24.619558,-15.359563],[28.761238,-17.991301],[33.173278,-15.790435]]]}},{"type":"Feature","properties":{"hex_id":"81967ffffffffff","population":7082184,"population_year":2025,"area_km2":707475.0,"population_density":10.0,"all_players":0,"reference_cell":true,"players_per_million":0.0,"player_ids":[],"label":"Mapped area","country":"Angola"},"geometry":{"type":"Polygon","coordinates":[[[24.619558,-15.359563],[24.9542,-10.610164],[21.012272,-7.972666],[16.762979,-9.981512],[16.28544,-14.623075],[20.192244,-17.370809],[24.619558,-15.359563]]]}},{"type":"Feature","properties":{"hex_id":"8196bffffffffff","population":46355702,"population_year":2025,"area_km2":707475.0,"population_density":65.5,"all_players":0,"reference_cell":true,"players_per_million":0.0,"player_ids":[],"label":"Mapped area","country":"United Republic of Tanzania"},"geometry":{"type":"Polygon","coordinates":[[[37.543405,-8.803195],[37.624159,-4.150913],[33.663619,-1.677295],[29.508441,-3.781048],[29.268943,-8.474704],[33.34314,-11.032729],[37.543405,-8.803195]]]}},{"type":"Feature","properties":{"hex_id":"8196fffffffffff","population":27572765,"population_year":2025,"area_km2":707475.0,"population_density":39.0,"all_players":0,"reference_cell":true,"players_per_million":0.0,"player_ids":[],"label":"Mapped area","country":"Democratic Republic of the Congo"},"geometry":{"type":"Polygon","coordinates":[[[29.268943,-8.474704],[29.508441,-3.781048],[25.586785,-1.270444],[21.400325,-3.335735],[21.012272,-7.972666],[24.9542,-10.610164],[29.268943,-8.474704]]]}},{"type":"Feature","properties":{"hex_id":"81973ffffffffff","population":25257526,"population_year":2025,"area_km2":707475.0,"population_density":35.7,"all_players":2,"reference_cell":false,"players_per_million":0.08,"player_ids":["nfl:MaguTJ00","nfl:MukuAn00"],"label":"Harare","country":"Zimbabwe"},"geometry":{"type":"Polygon","coordinates":[[[37.281129,-22.885971],[37.372092,-18.233776],[33.173278,-15.790435],[28.761238,-17.991301],[28.491882,-22.684204],[32.812319,-25.145186],[37.281129,-22.885971]]]}},{"type":"Feature","properties":{"hex_id":"81977ffffffffff","population":4813685,"population_year":2025,"area_km2":707475.0,"population_density":6.8,"all_players":0,"reference_cell":true,"players_per_million":0.0,"player_ids":[],"label":"Mapped area","country":"Botswana"},"geometry":{"type":"Polygon","coordinates":[[[28.491882,-22.684204],[28.761238,-17.991301],[24.619558,-15.359563],[20.192244,-17.370809],[19.75867,-22.005854],[23.910011,-24.696711],[28.491882,-22.684204]]]}},{"type":"Feature","properties":{"hex_id":"8197bffffffffff","population":44444875,"population_year":2025,"area_km2":707475.0,"population_density":62.8,"all_players":0,"reference_cell":true,"players_per_million":0.0,"player_ids":[],"label":"Mapped area","country":"Mozambique"},"geometry":{"type":"Polygon","coordinates":[[[41.575805,-15.887814],[41.579563,-11.222876],[37.543405,-8.803195],[33.34314,-11.032729],[33.173278,-15.790435],[37.372092,-18.233776],[41.575805,-15.887814]]]}},{"type":"Feature","properties":{"hex_id":"819a3ffffffffff","population":46277,"population_year":2025,"area_km2":595741.2,"population_density":0.1,"all_players":6,"reference_cell":false,"players_per_million":129.65,"player_ids":["nfl:EkuaDa00","nfl:LuvuFr00","nfl:MauiFr00","nfl:SavaJo00","nfl:SeweNo00","nfl:SewePe00"],"label":"Malaeimi","country":"American Samoa"},"geometry":{"type":"Polygon","coordinates":[[[-171.158838,-17.692218],[-169.130218,-13.615008],[-171.62613,-10.215394],[-175.920993,-10.734015],[-178.009462,-14.547283],[-175.765706,-18.098845],[-171.158838,-17.692218]]]}},{"type":"Feature","properties":{"hex_id":"819c3ffffffffff","population":298853,"population_year":2025,"area_km2":614937.0,"population_density":0.5,"all_players":0,"reference_cell":true,"players_per_million":0.0,"player_ids":[],"label":"Mapped area","country":"Australia"},"geometry":{"type":"Polygon","coordinates":[[[149.681051,-16.397259],[149.087925,-13.640092],[148.867731,-12.247496],[144.610282,-10.838676],[140.99787,-13.663289],[141.485259,-16.439723],[141.660737,-17.838744],[146.041409,-19.302203],[149.681051,-16.397259]]]}},{"type":"Feature","properties":{"hex_id":"819c7ffffffffff","population":15885,"population_year":2025,"area_km2":602082.0,"population_density":0.0,"all_players":0,"reference_cell":true,"players_per_million":0.0,"player_ids":[],"label":"Mapped area","country":"Australia"},"geometry":{"type":"Polygon","coordinates":[[[133.041616,-14.828509],[133.817525,-18.914757],[137.872609,-20.552278],[141.660737,-17.838744],[141.485259,-16.439723],[140.99787,-13.663289],[136.629853,-12.143151],[133.041616,-14.828509]]]}},{"type":"Feature","properties":{"hex_id":"819d7ffffffffff","population":38786,"population_year":2025,"area_km2":647632.6,"population_density":0.1,"all_players":0,"reference_cell":true,"players_per_million":0.0,"player_ids":[],"label":"Mapped area","country":"Australia"},"geometry":{"type":"Polygon","coordinates":[[[146.846074,-23.721804],[146.041409,-19.302203],[141.660737,-17.838744],[137.872609,-20.552278],[138.247909,-24.941337],[142.844847,-26.664336],[146.846074,-23.721804]]]}},{"type":"Feature","properties":{"hex_id":"81a73ffffffffff","population":2011346,"population_year":2025,"area_km2":447684.2,"population_density":4.5,"all_players":1,"reference_cell":false,"players_per_million":0.5,"player_ids":["nfl:WishMi00"],"label":"Perth","country":"Australia"},"geometry":{"type":"Polygon","coordinates":[[[118.588203,-27.826272],[115.570257,-25.722246],[114.395275,-26.30569],[111.552066,-26.654916],[110.054805,-29.808573],[113.256895,-32.609931],[117.977474,-31.877886],[118.588203,-27.826272]]]}},{"type":"Feature","properties":{"hex_id":"81a7bffffffffff","population":34363,"population_year":2025,"area_km2":447684.2,"population_density":0.1,"all_players":0,"reference_cell":true,"players_per_million":0.0,"player_ids":[],"label":"Mapped area","country":"Australia"},"geometry":{"type":"Polygon","coordinates":[[[122.384483,-25.858085],[122.769888,-21.814639],[118.799983,-20.095984],[115.759316,-22.002086],[116.013581,-23.185424],[115.570257,-25.722246],[118.588203,-27.826272],[122.384483,-25.858085]]]}},{"type":"Feature","properties":{"hex_id":"81a83ffffffffff","population":63293155,"population_year":2025,"area_km2":595741.2,"population_density":106.2,"all_players":0,"reference_cell":true,"players_per_million":0.0,"player_ids":[],"label":"Mapped area","country":"Brazil"},"geometry":{"type":"Polygon","coordinates":[[[-47.461171,-27.760044],[-44.896021,-24.304788],[-47.235943,-20.470042],[-52.046783,-20.176039],[-54.552341,-23.657242],[-52.323074,-27.407025],[-47.461171,-27.760044]]]}},{"type":"Feature","properties":{"hex_id":"81a87ffffffffff","population":3352562,"population_year":2025,"area_km2":595741.2,"population_density":5.6,"all_players":0,"reference_cell":true,"players_per_million":0.0,"player_ids":[],"label":"Mapped area","country":"Brazil"},"geometry":{"type":"Polygon","coordinates":[[[-54.552341,-23.657242],[-52.046783,-20.176039],[-54.256132,-16.171868],[-58.81696,-15.773842],[-61.196998,-19.252195],[-59.153405,-23.133384],[-54.552341,-23.657242]]]}},{"type":"Feature","properties":{"hex_id":"81a8bffffffffff","population":38630964,"population_year":2025,"area_km2":647632.6,"population_density":59.6,"all_players":0,"reference_cell":true,"players_per_million":0.0,"player_ids":[],"label":"Mapped area","country":"Brazil"},"geometry":{"type":"Polygon","coordinates":[[[-39.968603,-24.399277],[-37.456339,-20.657406],[-39.830275,-16.779215],[-44.70061,-16.685821],[-47.235943,-20.470042],[-44.896021,-24.304788],[-39.968603,-24.399277]]]}},{"type":"Feature","properties":{"hex_id":"81a8fffffffffff","population":14363422,"population_year":2025,"area_km2":666617.1,"population_density":21.5,"all_players":0,"reference_cell":true,"players_per_million":0.0,"player_ids":[],"label":"Mapped area","country":"Brazil"},"geometry":{"type":"Polygon","coordinates":[[[-47.235943,-20.470042],[-44.70061,-16.685821],[-47.015769,-12.607157],[-51.776426,-12.387612],[-54.256132,-16.171868],[-52.046783,-20.176039],[-47.235943,-20.470042]]]}},{"type":"Feature","properties":{"hex_id":"81a97ffffffffff","population":13851468,"population_year":2025,"area_km2":523941.7,"population_density":26.4,"all_players":0,"reference_cell":true,"players_per_million":0.0,"player_ids":[],"label":"Mapped area","country":"Paraguay"},"geometry":{"type":"Polygon","coordinates":[[[-54.854902,-30.51203],[-52.323074,-27.407025],[-54.552341,-23.657242],[-59.153405,-23.133384],[-60.358535,-24.728661],[-61.529913,-26.578843],[-59.496606,-29.892985],[-54.854902,-30.51203]]]}},{"type":"Feature","properties":{"hex_id":"81acbffffffffff","population":4367763,"population_year":2025,"area_km2":666617.1,"population_density":6.6,"all_players":0,"reference_cell":true,"players_per_million":0.0,"player_ids":[],"label":"Mapped area","country":"Namibia"},"geometry":{"type":"Polygon","coordinates":[[[19.75867,-22.005854],[20.192244,-17.370809],[16.28544,-14.623075],[12.029259,-16.433715],[11.465301,-20.922822],[15.277564,-23.752624],[19.75867,-22.005854]]]}},{"type":"Feature","properties":{"hex_id":"81adbffffffffff","population":1065402,"population_year":2025,"area_km2":647632.6,"population_density":1.6,"all_players":0,"reference_cell":true,"players_per_million":0.0,"player_ids":[],"label":"Mapped area","country":"Namibia"},"geometry":{"type":"Polygon","coordinates":[[[23.533518,-29.166646],[23.910011,-24.696711],[19.75867,-22.005854],[15.277564,-23.752624],[14.745412,-28.129236],[18.839987,-30.861032],[23.533518,-29.166646]]]}},{"type":"Feature","properties":{"hex_id":"81b27ffffffffff","population":8941500,"population_year":2025,"area_km2":510516.1,"population_density":17.5,"all_players":0,"reference_cell":true,"players_per_million":0.0,"player_ids":[],"label":"Mapped area","country":"Argentina"},"geometry":{"type":"Polygon","coordinates":[[[-66.068669,-26.766212],[-68.710054,-30.4154],[-66.569458,-33.770896],[-61.882735,-33.439024],[-59.496606,-29.892985],[-61.529913,-26.578843],[-66.068669,-26.766212]]]}},{"type":"Feature","properties":{"hex_id":"81b2fffffffffff","population":17138003,"population_year":2025,"area_km2":523941.7,"population_density":32.7,"all_players":0,"reference_cell":true,"players_per_million":0.0,"player_ids":[],"label":"Mapped area","country":"Chile"},"geometry":{"type":"Polygon","coordinates":[[[-73.644747,-30.428475],[-76.580606,-33.882664],[-75.495684,-35.604157],[-74.031951,-37.379975],[-69.305389,-37.163896],[-66.569458,-33.770896],[-68.710054,-30.4154],[-73.644747,-30.428475]]]}},{"type":"Feature","properties":{"hex_id":"81b33ffffffffff","population":7923462,"population_year":2025,"area_km2":647632.6,"population_density":12.2,"all_players":0,"reference_cell":true,"players_per_million":0.0,"player_ids":[],"label":"Mapped area","country":"Chile"},"geometry":{"type":"Polygon","coordinates":[[[-72.257376,-15.063301],[-75.001372,-18.920583],[-72.931331,-22.965031],[-68.148935,-23.06606],[-65.596341,-19.258865],[-67.619263,-15.302305],[-72.257376,-15.063301]]]}},{"type":"Feature","properties":{"hex_id":"81b37ffffffffff","population":4253214,"population_year":2025,"area_km2":565620.1,"population_density":7.5,"all_players":0,"reference_cell":true,"players_per_million":0.0,"player_ids":[],"label":"Mapped area","country":"Argentina"},"geometry":{"type":"Polygon","coordinates":[[[-65.596341,-19.258865],[-68.148935,-23.06606],[-66.068669,-26.766212],[-61.529913,-26.578843],[-60.358535,-24.728661],[-59.153405,-23.133384],[-61.196998,-19.252195],[-65.596341,-19.258865]]]}},{"type":"Feature","properties":{"hex_id":"81b83ffffffffff","population":5427,"population_year":2025,"area_km2":595741.2,"population_density":0.0,"all_players":0,"reference_cell":true,"players_per_million":0.0,"player_ids":[],"label":"Mapped area","country":"Australia"},"geometry":{"type":"Polygon","coordinates":[[[134.339984,-32.08928],[134.147284,-27.571603],[129.997591,-25.633576],[125.979916,-27.923491],[125.724358,-32.241268],[129.914908,-34.478008],[134.339984,-32.08928]]]}},{"type":"Feature","properties":{"hex_id":"81b87ffffffffff","population":61414,"population_year":2025,"area_km2":510516.1,"population_density":0.1,"all_players":0,"reference_cell":true,"players_per_million":0.0,"player_ids":[],"label":"Mapped area","country":"Australia"},"geometry":{"type":"Polygon","coordinates":[[[125.724358,-32.241268],[125.979916,-27.923491],[122.384483,-25.858085],[118.588203,-27.826272],[117.977474,-31.877886],[121.490696,-34.22805],[125.724358,-32.241268]]]}},{"type":"Feature","properties":{"hex_id":"81b8bffffffffff","population":44135,"population_year":2025,"area_km2":595741.2,"population_density":0.1,"all_players":0,"reference_cell":true,"players_per_million":0.0,"player_ids":[],"label":"Mapped area","country":"Australia"},"geometry":{"type":"Polygon","coordinates":[[[138.247909,-24.941337],[137.872609,-20.552278],[133.817525,-18.914757],[130.032911,-21.378733],[129.997591,-25.633576],[134.147284,-27.571603],[138.247909,-24.941337]]]}},{"type":"Feature","properties":{"hex_id":"81b8fffffffffff","population":2591,"population_year":2025,"area_km2":523941.7,"population_density":0.0,"all_players":0,"reference_cell":true,"players_per_million":0.0,"player_ids":[],"label":"Mapped area","country":"Australia"},"geometry":{"type":"Polygon","coordinates":[[[129.997591,-25.633576],[130.032911,-21.378733],[128.186152,-20.493739],[126.089695,-19.680475],[122.769888,-21.814639],[122.384483,-25.858085],[125.979916,-27.923491],[129.997591,-25.633576]]]}},{"type":"Feature","properties":{"hex_id":"81b9bffffffffff","population":103823,"population_year":2025,"area_km2":666617.1,"population_density":0.2,"all_players":0,"reference_cell":true,"players_per_million":0.0,"player_ids":[],"label":"Mapped area","country":"Australia"},"geometry":{"type":"Polygon","coordinates":[[[143.536871,-31.277795],[142.844847,-26.664336],[138.247909,-24.941337],[134.147284,-27.571603],[134.339984,-32.08928],[139.129671,-34.088237],[143.536871,-31.277795]]]}},{"type":"Feature","properties":{"hex_id":"81bc7ffffffffff","population":10279782,"population_year":2025,"area_km2":595741.2,"population_density":17.3,"all_players":0,"reference_cell":true,"players_per_million":0.0,"player_ids":[],"label":"Mapped area","country":"South Africa"},"geometry":{"type":"Polygon","coordinates":[[[27.613905,-35.822076],[27.918941,-31.644147],[23.533518,-29.166646],[18.839987,-30.861032],[18.352922,-34.994007],[22.732651,-37.488282],[27.613905,-35.822076]]]}},{"type":"Feature","properties":{"hex_id":"81bcfffffffffff","population":54771011,"population_year":2025,"area_km2":666617.1,"population_density":82.2,"all_players":0,"reference_cell":true,"players_per_million":0.0,"player_ids":[],"label":"Mapped area","country":"South Africa"},"geometry":{"type":"Polygon","coordinates":[[[32.620327,-29.624454],[32.812319,-25.145186],[28.491882,-22.684204],[23.910011,-24.696711],[23.533518,-29.166646],[27.918941,-31.644147],[32.620327,-29.624454]]]}},{"type":"Feature","properties":{"hex_id":"81be3ffffffffff","population":7422285,"population_year":2025,"area_km2":729486.9,"population_density":10.2,"all_players":3,"reference_cell":false,"players_per_million":0.4,"player_ids":["nfl:CrawJe00","nfl:DickMi00","nfl:MailJo00"],"label":"Sydney","country":"Australia"},"geometry":{"type":"Polygon","coordinates":[[[159.810679,-35.59178],[158.196039,-31.026208],[152.877292,-29.753699],[148.729494,-32.935272],[149.839959,-37.608844],[155.640338,-39.007712],[159.810679,-35.59178]]]}},{"type":"Feature","properties":{"hex_id":"81be7ffffffffff","population":7973734,"population_year":2025,"area_km2":707475.0,"population_density":11.3,"all_players":4,"reference_cell":false,"players_per_million":0.5,"player_ids":["nfl:FaalDa00","nfl:GotsAd00","nfl:JohnCa02","nfl:TaylTo01"],"label":"Melbourne","country":"Australia"},"geometry":{"type":"Polygon","coordinates":[[[149.839959,-37.608844],[148.729494,-32.935272],[143.536871,-31.277795],[139.129671,-34.088237],[139.652226,-38.734209],[145.182884,-40.615783],[149.839959,-37.608844]]]}},{"type":"Feature","properties":{"hex_id":"81befffffffffff","population":652227,"population_year":2025,"area_km2":707475.0,"population_density":0.9,"all_players":0,"reference_cell":true,"players_per_million":0.0,"player_ids":[],"label":"Mapped area","country":"Australia"},"geometry":{"type":"Polygon","coordinates":[[[152.877292,-29.753699],[151.703594,-25.170738],[146.846074,-23.721804],[142.844847,-26.664336],[143.536871,-31.277795],[148.729494,-32.935272],[152.877292,-29.753699]]]}},{"type":"Feature","properties":{"hex_id":"81c2fffffffffff","population":24752838,"population_year":2025,"area_km2":447684.2,"population_density":55.3,"all_players":0,"reference_cell":true,"players_per_million":0.0,"player_ids":[],"label":"Mapped area","country":"Uruguay"},"geometry":{"type":"Polygon","coordinates":[[[-55.164004,-36.642936],[-52.605486,-33.936306],[-54.854902,-30.51203],[-59.496606,-29.892985],[-61.882735,-33.439024],[-59.788176,-36.394827],[-58.309846,-36.205283],[-55.164004,-36.642936]]]}},{"type":"Feature","properties":{"hex_id":"81c37ffffffffff","population":2105932,"population_year":2025,"area_km2":447684.2,"population_density":4.7,"all_players":0,"reference_cell":true,"players_per_million":0.0,"player_ids":[],"label":"Mapped area","country":"Argentina"},"geometry":{"type":"Polygon","coordinates":[[[-66.569458,-33.770896],[-69.305389,-37.163896],[-66.103092,-40.399611],[-61.702806,-39.800882],[-61.417115,-38.614967],[-59.788176,-36.394827],[-61.882735,-33.439024],[-66.569458,-33.770896]]]}},{"type":"Feature","properties":{"hex_id":"81cebffffffffff","population":4208885,"population_year":2025,"area_km2":510516.1,"population_density":8.2,"all_players":0,"reference_cell":true,"players_per_million":0.0,"player_ids":[],"label":"Mapped area","country":"Argentina"},"geometry":{"type":"Polygon","coordinates":[[[-67.492505,-44.179727],[-66.103092,-40.399611],[-69.305389,-37.163896],[-74.031951,-37.379975],[-76.084187,-41.116232],[-72.784934,-44.702354],[-67.492505,-44.179727]]]}},{"type":"Feature","properties":{"hex_id":"81cfbffffffffff","population":662070,"population_year":2025,"area_km2":523941.7,"population_density":1.3,"all_players":0,"reference_cell":true,"players_per_million":0.0,"player_ids":[],"label":"Mapped area","country":"Argentina"},"geometry":{"type":"Polygon","coordinates":[[[-64.854902,-51.011346],[-63.787104,-47.309451],[-67.492505,-44.179727],[-72.784934,-44.702354],[-75.027717,-48.669965],[-71.143116,-52.131924],[-68.066391,-51.732178],[-64.854902,-51.011346]]]}},{"type":"Feature","properties":{"hex_id":"81dabffffffffff","population":1120976,"population_year":2025,"area_km2":647632.6,"population_density":1.7,"all_players":0,"reference_cell":true,"players_per_million":0.0,"player_ids":[],"label":"Mapped area","country":"New Zealand"},"geometry":{"type":"Polygon","coordinates":[[[176.129353,-45.286766],[173.535818,-41.30856],[167.615873,-40.869133],[163.614305,-44.491235],[165.865034,-48.699061],[172.539491,-49.056818],[176.129353,-45.286766]]]}},{"type":"Feature","properties":{"hex_id":"81df7ffffffffff","population":351362,"population_year":2025,"area_km2":565620.1,"population_density":0.6,"all_players":0,"reference_cell":true,"players_per_million":0.0,"player_ids":[],"label":"Mapped area","country":"Argentina"},"geometry":{"type":"Polygon","coordinates":[[[-67.919514,-59.044467],[-60.006521,-57.368694],[-59.318039,-53.234044],[-64.854902,-51.011346],[-68.066391,-51.732178],[-71.143116,-52.131924],[-73.596504,-56.210611],[-67.919514,-59.044467]]]}}]}