{"type":"FeatureCollection","metadata":{"population_source":"WorldPop Global 2 R2025A","population_source_url":"https://hub.worldpop.org/project/categories?id=3","population_license":"CC BY 4.0","population_year":2025,"raster_resolution":"1km","h3_resolution":3,"population_method":"official_country_rasters","occupied_cells":221,"mapped_players":306},"features":[{"type":"Feature","properties":{"hex_id":"830746fffffffff","population":25587,"population_year":2025,"area_km2":10691.6,"population_density":2.4,"all_players":1,"players_per_million":39.08,"player_ids":["ufc:ufcstats:fd55393021a8c255"],"label":"Akureyri","country":"Iceland"},"geometry":{"type":"Polygon","coordinates":[[[-16.292832,65.901152],[-17.546112,66.095565],[-18.602733,65.687078],[-18.386232,65.095046],[-17.1693,64.912286],[-16.132896,65.310142],[-16.292832,65.901152]]]}},{"type":"Feature","properties":{"hex_id":"8308b4fffffffff","population":316371,"population_year":2025,"area_km2":9371.5,"population_density":33.8,"all_players":1,"players_per_million":3.16,"player_ids":["ufc:ufcstats:0a1942069c9ad6b6"],"label":"Uddevalla","country":"Sweden"},"geometry":{"type":"Polygon","coordinates":[[[11.491807,58.6332],[11.555978,58.130531],[12.52887,57.942851],[13.452122,58.255469],[13.405095,58.759336],[12.417538,58.949451],[11.491807,58.6332]]]}},{"type":"Feature","properties":{"hex_id":"830b5bfffffffff","population":20950,"population_year":2025,"area_km2":12892.8,"population_density":1.6,"all_players":1,"players_per_million":47.73,"player_ids":["ufc:ufcstats:d661ce4da776fc20"],"label":"Dudinka","country":"Russia"},"geometry":{"type":"Polygon","coordinates":[[[84.370936,69.463552],[86.125926,69.303416],[87.365711,69.744129],[86.839772,70.363695],[84.988134,70.529352],[83.762347,70.069665],[84.370936,69.463552]]]}},{"type":"Feature","properties":{"hex_id":"830b9afffffffff","population":1391021,"population_year":2025,"area_km2":13220.0,"population_density":105.2,"all_players":1,"players_per_million":0.72,"player_ids":["ufc:ufcstats:369ea36e450ae62a"],"label":"Krasnoyarsk","country":"Russia"},"geometry":{"type":"Polygon","coordinates":[[[91.234233,56.15432],[91.481214,55.515098],[92.547693,55.294858],[93.387021,55.707268],[93.169926,56.346531],[92.083414,56.573462],[91.234233,56.15432]]]}},{"type":"Feature","properties":{"hex_id":"830c73fffffffff","population":435443,"population_year":2025,"area_km2":10947.5,"population_density":39.8,"all_players":1,"players_per_million":2.3,"player_ids":["ufc:ufcstats:729d4bd5a6cd0a97"],"label":"Anchorage","country":"United States"},"geometry":{"type":"Polygon","coordinates":[[[-150.392556,61.956278],[-151.272097,61.5061],[-150.922388,60.973132],[-149.734494,60.884637],[-148.855808,61.3207],[-149.163316,61.859163],[-150.392556,61.956278]]]}},{"type":"Feature","properties":{"hex_id":"8311aafffffffff","population":17642956,"population_year":2025,"area_km2":11534.2,"population_density":1529.6,"all_players":2,"players_per_million":0.11,"player_ids":["ufc:ufcstats:279566840aa55bf2","ufc:ufcstats:ff62013d2fce6d13"],"label":"Moscow","country":"Russia"},"geometry":{"type":"Polygon","coordinates":[[[36.214968,55.732318],[37.032624,55.377596],[37.971643,55.638414],[38.10557,56.261621],[37.271969,56.621119],[36.320428,56.352535],[36.214968,55.732318]]]}},{"type":"Feature","properties":{"hex_id":"8312dbfffffffff","population":772074,"population_year":2025,"area_km2":11261.2,"population_density":68.6,"all_players":2,"players_per_million":2.59,"player_ids":["ufc:ufcstats:3253b16d38ae087d","ufc:ufcstats:809bd1a871491508"],"label":"Spokane","country":"United States"},"geometry":{"type":"Polygon","coordinates":[[[-116.945809,47.422734],[-116.490852,47.936498],[-116.954845,48.411409],[-117.876211,48.370221],[-118.322734,47.855336],[-117.856498,47.382752],[-116.945809,47.422734]]]}},{"type":"Feature","properties":{"hex_id":"831496fffffffff","population":6887242,"population_year":2025,"area_km2":9558.5,"population_density":720.5,"all_players":1,"players_per_million":0.15,"player_ids":["ufc:ufcstats:efb96bf3e9ada36f"],"label":"Hulan District","country":"People's Republic of China"},"geometry":{"type":"Polygon","coordinates":[[[125.469558,45.509953],[125.981142,45.096434],[126.800487,45.136534],[127.127684,45.593071],[126.620986,46.016221],[125.781894,45.973143],[125.469558,45.509953]]]}},{"type":"Feature","properties":{"hex_id":"83185bfffffffff","population":755918,"population_year":2025,"area_km2":12945.1,"population_density":58.4,"all_players":1,"players_per_million":1.32,"player_ids":["ufc:ufcstats:58bbef3770bb2dfc"],"label":"Gijón","country":"Spain"},"geometry":{"type":"Polygon","coordinates":[[[-6.626676,44.274787],[-7.25963,43.849202],[-7.054985,43.215758],[-6.231988,43.009176],[-5.605093,43.431163],[-5.795078,44.06328],[-6.626676,44.274787]]]}},{"type":"Feature","properties":{"hex_id":"83186afffffffff","population":958526,"population_year":2025,"area_km2":11889.7,"population_density":80.6,"all_players":1,"players_per_million":1.04,"player_ids":["ufc:ufcstats:787bb1f087ccff8a"],"label":"La Roche-sur-Yon","country":"France"},"geometry":{"type":"Polygon","coordinates":[[[-1.245119,46.825327],[-1.907502,46.450836],[-1.752798,45.828917],[-0.951317,45.584011],[-0.297888,45.955847],[-0.436987,46.575197],[-1.245119,46.825327]]]}},{"type":"Feature","properties":{"hex_id":"831909fffffffff","population":1893258,"population_year":2025,"area_km2":10857.3,"population_density":174.4,"all_players":1,"players_per_million":0.53,"player_ids":["ufc:ufcstats:eabf206b162b3b83"],"label":"Airdrie","country":"United Kingdom"},"geometry":{"type":"Polygon","coordinates":[[[-5.121114,56.653173],[-5.903325,56.308916],[-5.669297,55.731906],[-4.675173,55.499857],[-3.903181,55.840606],[-4.115017,56.416836],[-5.121114,56.653173]]]}},{"type":"Feature","properties":{"hex_id":"831942fffffffff","population":7293042,"population_year":2025,"area_km2":10924.8,"population_density":667.6,"all_players":1,"players_per_million":0.14,"player_ids":["ufc:ufcstats:396fe87b84ac2e1c"],"label":"Manchester","country":"United Kingdom"},"geometry":{"type":"Polygon","coordinates":[[[-1.609057,54.177066],[-2.359345,53.842543],[-2.178886,53.251551],[-1.268165,52.996914],[-0.529171,53.3287],[-0.689598,53.917795],[-1.609057,54.177066]]]}},{"type":"Feature","properties":{"hex_id":"831946fffffffff","population":1540753,"population_year":2025,"area_km2":10691.6,"population_density":144.1,"all_players":1,"players_per_million":0.65,"player_ids":["ufc:ufcstats:113df4fde64735c6"],"label":"Bishop Auckland","country":"United Kingdom"},"geometry":{"type":"Polygon","coordinates":[[[-1.021902,55.086581],[-1.785543,54.762388],[-1.609057,54.177066],[-0.689598,53.917795],[0.062038,54.239312],[-0.093784,54.822708],[-1.021902,55.086581]]]}},{"type":"Feature","properties":{"hex_id":"831951fffffffff","population":5457858,"population_year":2025,"area_km2":11149.1,"population_density":489.5,"all_players":3,"players_per_million":0.55,"player_ids":["ufc:ufcstats:399afbabc02376b5","ufc:ufcstats:51018a31ddf31eb2","ufc:ufcstats:7826923b47f8d72a"],"label":"Liverpool","country":"United Kingdom"},"geometry":{"type":"Polygon","coordinates":[[[-3.297175,54.090428],[-4.044754,53.742706],[-3.844199,53.150199],[-2.916127,52.906861],[-2.178886,53.251551],[-2.359345,53.842543],[-3.297175,54.090428]]]}},{"type":"Feature","properties":{"hex_id":"831958fffffffff","population":4033735,"population_year":2025,"area_km2":11381.2,"population_density":354.4,"all_players":1,"players_per_million":0.25,"player_ids":["ufc:ufcstats:a93f94c923c3a9cb"],"label":"Gloucester","country":"United Kingdom"},"geometry":{"type":"Polygon","coordinates":[[[-2.732038,52.310399],[-3.456535,51.955725],[-3.269136,51.354012],[-2.376039,51.108741],[-1.661533,51.460545],[-1.830112,52.060429],[-2.732038,52.310399]]]}},{"type":"Feature","properties":{"hex_id":"83195cfffffffff","population":7086124,"population_year":2025,"area_km2":11155.0,"population_density":635.2,"all_players":1,"players_per_million":0.14,"player_ids":["ufc:ufcstats:4c88a1db5a46c6a4"],"label":"Wolverhampton","country":"United Kingdom"},"geometry":{"type":"Polygon","coordinates":[[[-2.178886,53.251551],[-2.916127,52.906861],[-2.732038,52.310399],[-1.830112,52.060429],[-1.103494,52.402317],[-1.268165,52.996914],[-2.178886,53.251551]]]}},{"type":"Feature","properties":{"hex_id":"83195dfffffffff","population":9049238,"population_year":2025,"area_km2":11149.1,"population_density":811.7,"all_players":2,"players_per_million":0.22,"player_ids":["ufc:ufcstats:3e8118c1ab52f211","ufc:ufcstats:a67d071163962af8"],"label":"St Mary's Hospital","country":"United Kingdom"},"geometry":{"type":"Polygon","coordinates":[[[-1.103494,52.402317],[-1.830112,52.060429],[-1.661533,51.460545],[-0.785076,51.204689],[-0.069294,51.543996],[-0.219137,52.141681],[-1.103494,52.402317]]]}},{"type":"Feature","properties":{"hex_id":"831972fffffffff","population":1944595,"population_year":2025,"area_km2":10648.1,"population_density":182.6,"all_players":1,"players_per_million":0.51,"player_ids":["ufc:ufcstats:fd406a32a6fb3a29"],"label":"Alloa","country":"United Kingdom"},"geometry":{"type":"Polygon","coordinates":[[[-3.328181,56.747182],[-4.115017,56.416836],[-3.903181,55.840606],[-2.926718,55.595835],[-2.151313,55.922966],[-2.340901,56.498009],[-3.328181,56.747182]]]}},{"type":"Feature","properties":{"hex_id":"831e02fffffffff","population":1856223,"population_year":2025,"area_km2":12374.3,"population_density":150.0,"all_players":2,"players_per_million":1.08,"player_ids":["ufc:ufcstats:5b86d491d63890c5","ufc:ufcstats:8eb046f83e82bf26"],"label":"Nové Zámky","country":"Slovakia"},"geometry":{"type":"Polygon","coordinates":[[[16.651518,48.117989],[16.6662,47.515042],[17.489488,47.234679],[18.306518,47.555293],[18.304795,48.159109],[17.473049,48.4415],[16.651518,48.117989]]]}},{"type":"Feature","properties":{"hex_id":"831e05fffffffff","population":3013854,"population_year":2025,"area_km2":11994.6,"population_density":251.3,"all_players":2,"players_per_million":0.66,"player_ids":["ufc:ufcstats:72db2a14ffa73ece","ufc:ufcstats:f96856f9d69fd7e4"],"label":"Bielsko-Biała","country":"Poland"},"geometry":{"type":"Polygon","coordinates":[[[18.299459,49.942801],[18.301266,49.352938],[19.141281,49.068365],[19.987519,49.371383],[19.999412,49.961747],[19.15135,50.248654],[18.299459,49.942801]]]}},{"type":"Feature","properties":{"hex_id":"831e06fffffffff","population":2442016,"population_year":2025,"area_km2":12134.7,"population_density":201.2,"all_players":1,"players_per_million":0.41,"player_ids":["ufc:ufcstats:009341ed974bad72"],"label":"Hostěradice","country":"Czech Republic"},"geometry":{"type":"Polygon","coordinates":[[[15.795773,48.983666],[15.817384,48.388123],[16.651518,48.117989],[17.473049,48.4415],[17.464633,49.038043],[16.621447,49.310134],[15.795773,48.983666]]]}},{"type":"Feature","properties":{"hex_id":"831e15fffffffff","population":2436530,"population_year":2025,"area_km2":12312.0,"population_density":197.9,"all_players":1,"players_per_million":0.41,"player_ids":["ufc:ufcstats:333b9e5c723ac873"],"label":"Vienna","country":"Austria"},"geometry":{"type":"Polygon","coordinates":[[[15.007166,48.053459],[15.034644,47.451699],[15.859594,47.183359],[16.6662,47.515042],[16.651518,48.117989],[15.817384,48.388123],[15.007166,48.053459]]]}},{"type":"Feature","properties":{"hex_id":"831e21fffffffff","population":1933723,"population_year":2025,"area_km2":11552.8,"population_density":167.4,"all_players":1,"players_per_million":0.52,"player_ids":["ufc:ufcstats:d7c3816669784109"],"label":"Łódź","country":"Poland"},"geometry":{"type":"Polygon","coordinates":[[[18.293856,51.683389],[18.295755,51.108086],[19.156508,50.831582],[20.023789,51.127987],[20.036282,51.703743],[19.167084,51.982705],[18.293856,51.683389]]]}},{"type":"Feature","properties":{"hex_id":"831e25fffffffff","population":1131431,"population_year":2025,"area_km2":11308.9,"population_density":100.0,"all_players":1,"players_per_million":0.88,"player_ids":["ufc:ufcstats:c9cf753cfdf77fc2"],"label":"Uniejów","country":"Poland"},"geometry":{"type":"Polygon","coordinates":[[[17.411159,52.516728],[17.420443,51.949219],[18.293856,51.683389],[19.167084,51.982705],[19.172506,52.550795],[18.289963,52.819052],[17.411159,52.516728]]]}},{"type":"Feature","properties":{"hex_id":"831e42fffffffff","population":1129115,"population_year":2025,"area_km2":12423.2,"population_density":90.9,"all_players":1,"players_per_million":0.89,"player_ids":["ufc:ufcstats:cd13728ae1151f46"],"label":"Chișinău","country":"Moldova"},"geometry":{"type":"Polygon","coordinates":[[[28.257962,47.904438],[28.182097,47.302194],[28.956125,46.940583],[29.808444,47.178299],[29.896618,47.779169],[29.120247,48.143752],[28.257962,47.904438]]]}},{"type":"Feature","properties":{"hex_id":"831e63fffffffff","population":3667328,"population_year":2025,"area_km2":11754.3,"population_density":312.0,"all_players":1,"players_per_million":0.27,"player_ids":["ufc:ufcstats:f139d6836efd43dd"],"label":"Irpin","country":"Ukraine"},"geometry":{"type":"Polygon","coordinates":[[[29.464293,50.49356],[29.376228,49.913355],[30.169488,49.553741],[31.052695,49.771325],[31.153726,50.350024],[30.358689,50.712701],[29.464293,50.49356]]]}},{"type":"Feature","properties":{"hex_id":"831e8dfffffffff","population":34720,"population_year":2025,"area_km2":13520.8,"population_density":2.6,"all_players":1,"players_per_million":28.8,"player_ids":["ufc:ufcstats:7d8435c56043b0ae"],"label":"Dubrovnik","country":"Croatia"},"geometry":{"type":"Polygon","coordinates":[[[16.775858,42.538488],[16.788662,41.898895],[17.557516,41.595849],[18.320884,41.930526],[18.319382,42.571144],[17.543183,42.876114],[16.775858,42.538488]]]}},{"type":"Feature","properties":{"hex_id":"831ea4fffffffff","population":3171424,"population_year":2025,"area_km2":12437.2,"population_density":255.0,"all_players":1,"players_per_million":0.32,"player_ids":["ufc:ufcstats:7acbb0972e75281a"],"label":"Mezzocorona","country":"Italy"},"geometry":{"type":"Polygon","coordinates":[[[10.343213,45.921928],[10.404667,45.312696],[11.207993,45.07018],[11.960221,45.436022],[11.910221,46.047428],[11.096453,46.290866],[10.343213,45.921928]]]}},{"type":"Feature","properties":{"hex_id":"831ee0fffffffff","population":625321,"population_year":2025,"area_km2":13096.6,"population_density":47.7,"all_players":1,"players_per_million":1.6,"player_ids":["ufc:ufcstats:d7e40dca3ae125be"],"label":"Strehaia","country":"Romania"},"geometry":{"type":"Polygon","coordinates":[[[22.323534,45.402064],[22.294649,44.777859],[23.074421,44.446425],[23.888356,44.736657],[23.929396,45.360633],[23.144369,45.694663],[22.323534,45.402064]]]}},{"type":"Feature","properties":{"hex_id":"831ef2fffffffff","population":666105,"population_year":2025,"area_km2":13577.5,"population_density":49.1,"all_players":1,"players_per_million":1.5,"player_ids":["ufc:ufcstats:866fd7b1a6c90e7f"],"label":"Kotor","country":"Montenegro"},"geometry":{"type":"Polygon","coordinates":[[[18.319382,42.571144],[18.320884,41.930526],[19.087059,41.616885],[19.858429,41.941774],[19.86831,42.58307],[19.095425,42.898853],[18.319382,42.571144]]]}},{"type":"Feature","properties":{"hex_id":"831ef4fffffffff","population":1035172,"population_year":2025,"area_km2":13220.0,"population_density":78.3,"all_players":1,"players_per_million":0.97,"player_ids":["ufc:ufcstats:38c626ca912c7bac"],"label":"Goražde","country":"Bosnia and Herzegovina"},"geometry":{"type":"Polygon","coordinates":[[[18.31474,44.47068],[18.316311,43.841343],[19.099702,43.53434],[19.888519,43.854586],[19.898853,44.48456],[19.10845,44.793707],[18.31474,44.47068]]]}},{"type":"Feature","properties":{"hex_id":"831f12fffffffff","population":4974727,"population_year":2025,"area_km2":10857.3,"population_density":458.2,"all_players":1,"players_per_million":0.2,"player_ids":["ufc:ufcstats:54f64b5e283b0ce7"],"label":"Halle","country":"Germany"},"geometry":{"type":"Polygon","coordinates":[[[7.131986,51.786954],[7.223571,51.228954],[8.088631,51.039696],[8.875324,51.407718],[8.796415,51.967973],[7.918,52.158001],[7.131986,51.786954]]]}},{"type":"Feature","properties":{"hex_id":"831f15fffffffff","population":4282236,"population_year":2025,"area_km2":10530.0,"population_density":406.7,"all_players":1,"players_per_million":0.23,"player_ids":["ufc:ufcstats:b7b84ccd221be298"],"label":"Hamburg","country":"Germany"},"geometry":{"type":"Polygon","coordinates":[[[8.551833,53.61915],[8.634702,53.073729],[9.526612,52.882702],[10.349128,53.235917],[10.280052,53.783253],[9.374531,53.975514],[8.551833,53.61915]]]}},{"type":"Feature","properties":{"hex_id":"831f22fffffffff","population":1078499,"population_year":2025,"area_km2":9922.7,"population_density":108.7,"all_players":1,"players_per_million":0.93,"player_ids":["ufc:ufcstats:9d19d9e4aa2662e8"],"label":"Silkeborg","country":"Denmark"},"geometry":{"type":"Polygon","coordinates":[[[9.054551,56.10039],[9.136608,55.576825],[10.065692,55.394879],[10.927107,55.734903],[10.860149,56.260141],[9.916531,56.44374],[9.054551,56.10039]]]}},{"type":"Feature","properties":{"hex_id":"831f40fffffffff","population":1292992,"population_year":2025,"area_km2":10697.0,"population_density":120.9,"all_players":1,"players_per_million":0.77,"player_ids":["ufc:ufcstats:a78a87d8c2bbb1cb"],"label":"Kaunas","country":"Lithuania"},"geometry":{"type":"Polygon","coordinates":[[[23.791969,55.01473],[23.746236,54.469641],[24.629798,54.168802],[25.564981,54.409905],[25.626478,54.954474],[24.737085,55.258527],[23.791969,55.01473]]]}},{"type":"Feature","properties":{"hex_id":"831f53fffffffff","population":3001674,"population_year":2025,"area_km2":11369.1,"population_density":264.0,"all_players":1,"players_per_million":0.33,"player_ids":["ufc:ufcstats:6370c1c1e12723d5"],"label":"Warsaw","country":"Poland"},"geometry":{"type":"Polygon","coordinates":[[[20.939264,52.558682],[20.919057,51.990314],[21.782395,51.698278],[22.6731,51.971887],[22.708089,52.540228],[21.837606,52.835053],[20.939264,52.558682]]]}},{"type":"Feature","properties":{"hex_id":"831f71fffffffff","population":473381,"population_year":2025,"area_km2":10456.0,"population_density":45.3,"all_players":1,"players_per_million":2.11,"player_ids":["ufc:ufcstats:476fe566d2df676e"],"label":"Klaipėda","country":"Lithuania"},"geometry":{"type":"Polygon","coordinates":[[[21.068045,55.861432],[21.045637,55.323924],[21.95383,55.047316],[22.89226,55.305153],[22.931053,55.842561],[22.015051,56.1223],[21.068045,55.861432]]]}},{"type":"Feature","properties":{"hex_id":"831f90fffffffff","population":2771086,"population_year":2025,"area_km2":11640.2,"population_density":238.1,"all_players":1,"players_per_million":0.36,"player_ids":["ufc:ufcstats:1e4f273069fb9e85"],"label":"Vénissieux","country":"France"},"geometry":{"type":"Polygon","coordinates":[[[3.369712,46.003392],[3.480263,45.413387],[4.268915,45.224369],[4.959125,45.625827],[4.858384,46.21913],[4.057494,46.407711],[3.369712,46.003392]]]}},{"type":"Feature","properties":{"hex_id":"831fa4fffffffff","population":7133777,"population_year":2025,"area_km2":10626.5,"population_density":671.3,"all_players":1,"players_per_million":0.14,"player_ids":["ufc:ufcstats:d549cefc7c54ab78"],"label":"Breda","country":"Netherlands"},"geometry":{"type":"Polygon","coordinates":[[[3.881134,51.360376],[3.996418,50.807584],[4.847197,50.641723],[5.5966,51.028589],[5.492877,51.584097],[4.628032,51.750066],[3.881134,51.360376]]]}},{"type":"Feature","properties":{"hex_id":"832006fffffffff","population":83,"population_year":2025,"area_km2":14941.2,"population_density":0.0,"all_players":1,"players_per_million":12048.19,"player_ids":["ufc:ufcstats:8d3273573b85be09"],"label":"Sarysu District","country":"Kazakhstan"},"geometry":{"type":"Polygon","coordinates":[[[69.054997,45.511225],[69.519961,44.913137],[70.482159,44.891537],[70.999621,45.467827],[70.545767,46.072125],[69.562983,46.093931],[69.054997,45.511225]]]}},{"type":"Feature","properties":{"hex_id":"832013fffffffff","population":842501,"population_year":2025,"area_km2":14865.3,"population_density":56.7,"all_players":1,"players_per_million":1.19,"player_ids":["ufc:ufcstats:a4dc0f2b95df4cc1"],"label":"Bayzaq District","country":"Kazakhstan"},"geometry":{"type":"Polygon","coordinates":[[[70.362615,42.53427],[70.79123,41.933192],[71.704688,41.901152],[72.207713,42.469553],[71.789819,43.07659],[70.857874,43.10928],[70.362615,42.53427]]]}},{"type":"Feature","properties":{"hex_id":"83201afffffffff","population":1267053,"population_year":2025,"area_km2":14837.1,"population_density":85.4,"all_players":1,"players_per_million":0.79,"player_ids":["ufc:ufcstats:132deb59abae64b1"],"label":"Bishkek","country":"Kyrgyzstan"},"geometry":{"type":"Polygon","coordinates":[[[73.128355,42.426127],[73.527698,41.815433],[74.436338,41.761837],[74.963471,42.317353],[74.57627,42.933402],[73.649502,42.988607],[73.128355,42.426127]]]}},{"type":"Feature","properties":{"hex_id":"83201bfffffffff","population":1055426,"population_year":2025,"area_km2":14827.6,"population_density":71.2,"all_players":1,"players_per_million":0.95,"player_ids":["ufc:ufcstats:c814b4c899793af6"],"label":"Korday","country":"Kazakhstan"},"geometry":{"type":"Polygon","coordinates":[[[74.57627,42.933402],[74.963471,42.317353],[75.877022,42.252127],[76.421286,42.800878],[76.047163,43.421928],[75.115408,43.48926],[74.57627,42.933402]]]}},{"type":"Feature","properties":{"hex_id":"832084fffffffff","population":1453710,"population_year":2025,"area_km2":14549.9,"population_density":99.9,"all_players":1,"players_per_million":0.69,"player_ids":["ufc:ufcstats:8d11d9c13e2ccdf7"],"label":"Kulob","country":"Tajikistan"},"geometry":{"type":"Polygon","coordinates":[[[68.880863,38.470904],[69.29548,37.883613],[70.150224,37.862927],[70.606315,38.429415],[70.200301,39.022967],[69.329343,39.043775],[68.880863,38.470904]]]}},{"type":"Feature","properties":{"hex_id":"832092fffffffff","population":2407469,"population_year":2025,"area_km2":13951.3,"population_density":172.6,"all_players":2,"players_per_million":0.83,"player_ids":["ufc:ufcstats:a09ed60aa67a3f67","ufc:ufcstats:bbab3baf66128ae2"],"label":"Paktia Province","country":"Afghanistan"},"geometry":{"type":"Polygon","coordinates":[[[68.785075,33.88989],[69.171766,33.318803],[69.967267,33.298527],[70.389905,33.849247],[70.010587,34.426597],[69.201058,34.446966],[68.785075,33.88989]]]}},{"type":"Feature","properties":{"hex_id":"8320a1fffffffff","population":3515322,"population_year":2025,"area_km2":14752.7,"population_density":238.3,"all_players":1,"players_per_million":0.28,"player_ids":["ufc:ufcstats:ef5dcb10d2bd4b0f"],"label":"Angren","country":"Uzbekistan"},"geometry":{"type":"Polygon","coordinates":[[[68.934371,40.802563],[69.364517,40.209768],[70.252313,40.188829],[70.727187,40.760544],[70.306377,41.359581],[69.401078,41.380665],[68.934371,40.802563]]]}},{"type":"Feature","properties":{"hex_id":"8320a8fffffffff","population":6692215,"population_year":2025,"area_km2":14752.7,"population_density":453.6,"all_players":1,"players_per_million":0.15,"player_ids":["ufc:ufcstats:49d2a08964c5eb11"],"label":"Shahrixon","country":"Uzbekistan"},"geometry":{"type":"Polygon","coordinates":[[[71.622872,40.729129],[72.026318,40.12661],[72.911679,40.085376],[73.410618,40.645601],[73.017893,41.253826],[72.115233,41.296138],[71.622872,40.729129]]]}},{"type":"Feature","properties":{"hex_id":"8320abfffffffff","population":170192,"population_year":2025,"area_km2":14687.7,"population_density":11.6,"all_players":1,"players_per_million":5.88,"player_ids":["ufc:ufcstats:bf2c8e01b07d3eb1"],"label":"Osh Region","country":"Kyrgyzstan"},"geometry":{"type":"Polygon","coordinates":[[[72.911679,40.085376],[73.297993,39.480082],[74.172399,39.429564],[74.677022,39.982848],[74.301816,40.593567],[73.410618,40.645601],[72.911679,40.085376]]]}},{"type":"Feature","properties":{"hex_id":"8324c6fffffffff","population":144756,"population_year":2025,"area_km2":10924.8,"population_density":13.3,"all_players":1,"players_per_million":6.91,"player_ids":["ufc:ufcstats:1897b7b913736a7c"],"label":"Alxa League","country":"People's Republic of China"},"geometry":{"type":"Polygon","coordinates":[[[104.669823,39.048979],[104.694357,38.448645],[105.331059,38.210247],[105.947097,38.564462],[105.93628,39.161132],[105.295773,39.407303],[104.669823,39.048979]]]}},{"type":"Feature","properties":{"hex_id":"832608fffffffff","population":401752,"population_year":2025,"area_km2":12479.4,"population_density":32.2,"all_players":1,"players_per_million":2.49,"player_ids":["ufc:ufcstats:519e4fe37ce9ff75"],"label":"Omaha","country":"United States"},"geometry":{"type":"Polygon","coordinates":[[[-95.028397,40.385877],[-94.508107,40.84419],[-94.805538,41.432576],[-95.632703,41.563065],[-96.154873,41.102562],[-95.848093,40.513784],[-95.028397,40.385877]]]}},{"type":"Feature","properties":{"hex_id":"83261dfffffffff","population":117031,"population_year":2025,"area_km2":12650.8,"population_density":9.3,"all_players":1,"players_per_million":8.54,"player_ids":["ufc:ufcstats:99bd51917728c25d"],"label":"Stromsburg","country":"United States"},"geometry":{"type":"Polygon","coordinates":[[[-97.504542,40.753204],[-96.987003,41.223482],[-97.30469,41.807241],[-98.148916,41.920664],[-98.667287,41.448139],[-98.340711,40.86446],[-97.504542,40.753204]]]}},{"type":"Feature","properties":{"hex_id":"832640fffffffff","population":1215754,"population_year":2025,"area_km2":12188.8,"population_density":99.7,"all_players":4,"players_per_million":3.29,"player_ids":["ufc:ufcstats:262a7d06203657e6","ufc:ufcstats:4682bc59d5f55145","ufc:ufcstats:511e82663651438d","ufc:ufcstats:b9437600497350f3"],"label":"St. Louis","country":"United States"},"geometry":{"type":"Polygon","coordinates":[[[-89.488721,37.710983],[-88.978357,38.151268],[-89.224131,38.752112],[-89.989901,38.914254],[-90.504095,38.471958],[-90.248742,37.869554],[-89.488721,37.710983]]]}},{"type":"Feature","properties":{"hex_id":"832642fffffffff","population":369082,"population_year":2025,"area_km2":12423.2,"population_density":29.7,"all_players":1,"players_per_million":2.71,"player_ids":["ufc:ufcstats:4b93a88f3b1de35b"],"label":"High Ridge","country":"United States"},"geometry":{"type":"Polygon","coordinates":[[[-90.757619,37.419842],[-90.248742,37.869554],[-90.504095,38.471958],[-91.2778,38.625984],[-91.790049,38.174146],[-91.525283,37.57043],[-90.757619,37.419842]]]}},{"type":"Feature","properties":{"hex_id":"832656fffffffff","population":2231700,"population_year":2025,"area_km2":12694.2,"population_density":175.8,"all_players":1,"players_per_million":0.45,"player_ids":["ufc:ufcstats:d0e1b42d41dab603"],"label":"Kansas City","country":"United States"},"geometry":{"type":"Polygon","coordinates":[[[-94.152305,38.597387],[-93.639993,39.060932],[-93.925402,39.658216],[-94.732384,39.792588],[-95.246862,39.326803],[-94.952278,38.728909],[-94.152305,38.597387]]]}},{"type":"Feature","properties":{"hex_id":"832659fffffffff","population":915721,"population_year":2025,"area_km2":12716.0,"population_density":72.0,"all_players":1,"players_per_million":1.09,"player_ids":["ufc:ufcstats:a67f5afa8d6a1b80"],"label":"Memphis","country":"United States"},"geometry":{"type":"Polygon","coordinates":[[[-90.254317,34.523507],[-89.759172,34.984893],[-90.003698,35.596052],[-90.752375,35.747281],[-91.25088,35.283567],[-90.997401,34.670973],[-90.254317,34.523507]]]}},{"type":"Feature","properties":{"hex_id":"83265bfffffffff","population":573926,"population_year":2025,"area_km2":12945.1,"population_density":44.3,"all_players":1,"players_per_million":1.74,"player_ids":["ufc:ufcstats:d9c6f19f958643e9"],"label":"Cabot","country":"United States"},"geometry":{"type":"Polygon","coordinates":[[[-91.490847,34.200716],[-90.997401,34.670973],[-91.25088,35.283567],[-92.00665,35.427102],[-92.503027,34.954413],[-92.240764,34.340643],[-91.490847,34.200716]]]}},{"type":"Feature","properties":{"hex_id":"832664fffffffff","population":5785032,"population_year":2025,"area_km2":12437.2,"population_density":465.1,"all_players":4,"players_per_million":0.69,"player_ids":["ufc:ufcstats:5444c5a201d3ee5a","ufc:ufcstats:92a9aa9c93192871","ufc:ufcstats:b1b0729d27936f2f","ufc:ufcstats:be9bdec19b7e9ffe"],"label":"Chicago","country":"United States"},"geometry":{"type":"Polygon","coordinates":[[[-87.526255,42.152917],[-88.148719,41.746709],[-87.944865,41.155384],[-87.135218,40.965255],[-86.513012,41.36205],[-86.699978,41.958309],[-87.526255,42.152917]]]}},{"type":"Feature","properties":{"hex_id":"832666fffffffff","population":962293,"population_year":2025,"area_km2":12318.9,"population_density":78.1,"all_players":1,"players_per_million":1.04,"player_ids":["ufc:ufcstats:fa6796c55d6c5440"],"label":"Naperville","country":"United States"},"geometry":{"type":"Polygon","coordinates":[[[-88.974045,41.930329],[-89.578398,41.518555],[-89.358359,40.932577],[-88.549924,40.752956],[-87.944865,41.155384],[-88.148719,41.746709],[-88.974045,41.930329]]]}},{"type":"Feature","properties":{"hex_id":"832668fffffffff","population":1167466,"population_year":2025,"area_km2":11692.4,"population_density":99.8,"all_players":1,"players_per_million":0.86,"player_ids":["ufc:ufcstats:1a9480fc288e55d7"],"label":"Louisville","country":"United States"},"geometry":{"type":"Polygon","coordinates":[[[-86.408736,38.636347],[-86.802174,38.382944],[-86.972575,38.241852],[-86.746297,37.641022],[-86.017894,37.463794],[-85.680143,37.744189],[-85.483182,37.867893],[-85.644636,38.439846],[-86.408736,38.636347]]]}},{"type":"Feature","properties":{"hex_id":"832683fffffffff","population":114751,"population_year":2025,"area_km2":13472.5,"population_density":8.5,"all_players":1,"players_per_million":8.71,"player_ids":["ufc:ufcstats:35673bf5204524ee"],"label":"Rifle","country":"United States"},"geometry":{"type":"Polygon","coordinates":[[[-106.738368,38.891674],[-106.262394,39.418114],[-106.636549,39.991255],[-107.49266,40.036405],[-107.965475,39.507925],[-107.585477,38.936346],[-106.738368,38.891674]]]}},{"type":"Feature","properties":{"hex_id":"83268cfffffffff","population":2583743,"population_year":2025,"area_km2":13448.5,"population_density":192.1,"all_players":4,"players_per_million":1.55,"player_ids":["ufc:ufcstats:65f09bacd3957381","ufc:ufcstats:6e15f63b6c2e2c15","ufc:ufcstats:6fd953151d981979","ufc:ufcstats:c58f51dedb310998"],"label":"Denver","country":"United States"},"geometry":{"type":"Polygon","coordinates":[[[-104.205999,38.721189],[-103.71972,39.237206],[-104.077647,39.818276],[-104.928668,39.882147],[-105.412875,39.363927],[-105.048267,38.784053],[-104.205999,38.721189]]]}},{"type":"Feature","properties":{"hex_id":"832696fffffffff","population":2210821,"population_year":2025,"area_km2":13165.8,"population_density":167.9,"all_players":1,"players_per_million":0.45,"player_ids":["ufc:ufcstats:523fa774700d7d3f"],"label":"Layton","country":"United States"},"geometry":{"type":"Polygon","coordinates":[[[-111.779687,40.167177],[-111.325006,40.706905],[-111.731524,41.255312],[-112.596923,41.261888],[-113.046271,40.72062],[-112.6357,40.174318],[-111.779687,40.167177]]]}},{"type":"Feature","properties":{"hex_id":"8326aafffffffff","population":897258,"population_year":2025,"area_km2":13235.5,"population_density":67.8,"all_players":2,"players_per_million":2.23,"player_ids":["ufc:ufcstats:6a740daf1b279661","ufc:ufcstats:e4277e87a789d687"],"label":"Fort Morgan","country":"United States"},"geometry":{"type":"Polygon","coordinates":[[[-104.077647,39.818276],[-103.585629,40.327926],[-103.946556,40.90361],[-104.806505,40.968486],[-105.296462,40.456659],[-104.928668,39.882147],[-104.077647,39.818276]]]}},{"type":"Feature","properties":{"hex_id":"8326c5fffffffff","population":230433,"population_year":2025,"area_km2":13472.5,"population_density":17.1,"all_players":1,"players_per_million":4.34,"player_ids":["ufc:ufcstats:700a674c042b7a96"],"label":"Blackwell","country":"United States"},"geometry":{"type":"Polygon","coordinates":[[[-97.161633,35.702999],[-96.668006,36.198341],[-96.968153,36.804751],[-97.770159,36.915868],[-98.264682,36.418022],[-97.956398,35.811583],[-97.161633,35.702999]]]}},{"type":"Feature","properties":{"hex_id":"8326c9fffffffff","population":637907,"population_year":2025,"area_km2":13716.7,"population_density":46.5,"all_players":1,"players_per_million":1.57,"player_ids":["ufc:ufcstats:45f0cc9d18f35137"],"label":"Greenville","country":"United States"},"geometry":{"type":"Polygon","coordinates":[[[-95.426216,32.015413],[-94.945821,32.516906],[-95.223765,33.1347],[-95.990106,33.251328],[-96.471973,32.747056],[-96.186106,32.128956],[-95.426216,32.015413]]]}},{"type":"Feature","properties":{"hex_id":"8326cbfffffffff","population":2915642,"population_year":2025,"area_km2":13900.5,"population_density":209.8,"all_players":2,"players_per_million":0.69,"player_ids":["ufc:ufcstats:13a0275fa13c4d26","ufc:ufcstats:c68c68efaa5ca6ef"],"label":"Dallas","country":"United States"},"geometry":{"type":"Polygon","coordinates":[[[-96.66289,31.619531],[-96.186106,32.128956],[-96.471973,32.747056],[-97.242365,32.855789],[-97.720168,32.343534],[-97.426644,31.725397],[-96.66289,31.619531]]]}},{"type":"Feature","properties":{"hex_id":"8326d3fffffffff","population":82604,"population_year":2025,"area_km2":14105.7,"population_density":5.9,"all_players":1,"players_per_million":12.11,"player_ids":["ufc:ufcstats:fe2babf95de24fb1"],"label":"Clovis","country":"United States"},"geometry":{"type":"Polygon","coordinates":[[[-102.279867,34.021113],[-101.807332,34.549214],[-102.137935,35.154214],[-102.947862,35.230153],[-103.419266,34.699516],[-103.081986,34.095492],[-102.279867,34.021113]]]}},{"type":"Feature","properties":{"hex_id":"8326e0fffffffff","population":147773,"population_year":2025,"area_km2":13096.6,"population_density":11.3,"all_players":1,"players_per_million":6.77,"player_ids":["ufc:ufcstats:46e0d677f91bacc0"],"label":"Newton","country":"United States"},"geometry":{"type":"Polygon","coordinates":[[[-96.770849,37.896237],[-96.266144,38.37853],[-96.569611,38.976782],[-97.386443,39.092871],[-97.892238,38.608218],[-97.58021,38.009858],[-96.770849,37.896237]]]}},{"type":"Feature","properties":{"hex_id":"8326e3fffffffff","population":646089,"population_year":2025,"area_km2":13290.2,"population_density":48.6,"all_players":1,"players_per_million":1.55,"player_ids":["ufc:ufcstats:c96d9178c9ed9e62"],"label":"Wichita","country":"United States"},"geometry":{"type":"Polygon","coordinates":[[[-96.968153,36.804751],[-96.469042,37.293732],[-96.770849,37.896237],[-97.58021,38.009858],[-98.080312,37.518448],[-97.770159,36.915868],[-96.968153,36.804751]]]}},{"type":"Feature","properties":{"hex_id":"8326e5fffffffff","population":404374,"population_year":2025,"area_km2":12900.3,"population_density":31.3,"all_players":1,"players_per_million":2.47,"player_ids":["ufc:ufcstats:814e5233e2acf2ee"],"label":"Topeka","country":"United States"},"geometry":{"type":"Polygon","coordinates":[[[-95.461057,38.255916],[-94.952278,38.728909],[-95.246862,39.326803],[-96.0592,39.452084],[-96.569611,38.976782],[-96.266144,38.37853],[-95.461057,38.255916]]]}},{"type":"Feature","properties":{"hex_id":"83271cfffffffff","population":851693,"population_year":2025,"area_km2":13290.2,"population_density":64.1,"all_players":1,"players_per_million":1.17,"player_ids":["ufc:ufcstats:7b433309b0fd12aa"],"label":"Winnipeg","country":"Canada"},"geometry":{"type":"Polygon","coordinates":[[[-97.993762,50.038615],[-98.596277,49.542142],[-98.210218,48.944917],[-97.238462,48.83552],[-96.626804,49.322624],[-96.995553,49.92847],[-97.993762,50.038615]]]}},{"type":"Feature","properties":{"hex_id":"832741fffffffff","population":230910,"population_year":2025,"area_km2":13142.7,"population_density":17.6,"all_players":1,"players_per_million":4.33,"player_ids":["ufc:ufcstats:7cbf7c78d3b34218"],"label":"Michigan","country":"United States"},"geometry":{"type":"Polygon","coordinates":[[[-86.150668,45.210899],[-86.831048,44.795773],[-86.630493,44.181332],[-85.769155,43.977182],[-85.090138,44.382483],[-85.270853,45.001664],[-86.150668,45.210899]]]}},{"type":"Feature","properties":{"hex_id":"832749fffffffff","population":763352,"population_year":2025,"area_km2":12636.3,"population_density":60.4,"all_players":1,"players_per_million":1.31,"player_ids":["ufc:ufcstats:2558ae2e5671e318"],"label":"Jackson","country":"United States"},"geometry":{"type":"Polygon","coordinates":[[[-84.57622,42.545951],[-85.233677,42.152627],[-85.064262,41.551876],[-84.255366,41.340336],[-83.600197,41.724215],[-83.75145,42.328986],[-84.57622,42.545951]]]}},{"type":"Feature","properties":{"hex_id":"832759fffffffff","population":4266588,"population_year":2025,"area_km2":12564.6,"population_density":339.6,"all_players":1,"players_per_million":0.23,"player_ids":["ufc:ufcstats:6ac9bc2953c47345"],"label":"Racine","country":"United States"},"geometry":{"type":"Polygon","coordinates":[[[-88.572184,42.939958],[-89.194191,42.524254],[-88.974045,41.930329],[-88.148719,41.746709],[-87.526255,42.152917],[-87.729334,42.752167],[-88.572184,42.939958]]]}},{"type":"Feature","properties":{"hex_id":"83275bfffffffff","population":308769,"population_year":2025,"area_km2":12437.2,"population_density":24.8,"all_players":1,"players_per_million":3.24,"player_ids":["ufc:ufcstats:d2cd7a69cc55e7ed"],"label":"Sterling","country":"United States"},"geometry":{"type":"Polygon","coordinates":[[[-90.035232,42.70074],[-90.638134,42.279561],[-90.401697,41.691368],[-89.578398,41.518555],[-88.974045,41.930329],[-89.194191,42.524254],[-90.035232,42.70074]]]}},{"type":"Feature","properties":{"hex_id":"83275dfffffffff","population":1811811,"population_year":2025,"area_km2":12803.9,"population_density":141.5,"all_players":2,"players_per_million":1.1,"player_ids":["ufc:ufcstats:47b63240018d5d86","ufc:ufcstats:6d68c1afe954f121"],"label":"Waukesha","country":"United States"},"geometry":{"type":"Polygon","coordinates":[[[-88.151586,43.960885],[-88.792193,43.541634],[-88.572184,42.939958],[-87.729334,42.752167],[-87.088558,43.161775],[-87.290551,43.768738],[-88.151586,43.960885]]]}},{"type":"Feature","properties":{"hex_id":"832792fffffffff","population":77546,"population_year":2025,"area_km2":11735.1,"population_density":6.6,"all_players":1,"players_per_million":12.9,"player_ids":["ufc:ufcstats:b50a426a33da0012"],"label":"Helena","country":"United States"},"geometry":{"type":"Polygon","coordinates":[[[-111.474009,46.502521],[-110.985767,47.003348],[-111.418893,47.510135],[-112.345206,47.514029],[-112.827474,47.011493],[-112.389584,46.506775],[-111.474009,46.502521]]]}},{"type":"Feature","properties":{"hex_id":"832830fffffffff","population":5390523,"population_year":2025,"area_km2":12833.4,"population_density":420.0,"all_players":1,"players_per_million":0.19,"player_ids":["ufc:ufcstats:32c3ee378671a5d9"],"label":"Santa Rosa","country":"United States"},"geometry":{"type":"Polygon","coordinates":[[[-121.764466,37.675694],[-121.389711,38.251087],[-121.822972,38.767388],[-122.631058,38.705571],[-122.997641,38.130127],[-122.564417,37.616538],[-121.764466,37.675694]]]}},{"type":"Feature","properties":{"hex_id":"832833fffffffff","population":406215,"population_year":2025,"area_km2":12650.8,"population_density":32.1,"all_players":1,"players_per_million":2.46,"player_ids":["ufc:ufcstats:093e1f5bb73850be"],"label":"Dunnigan","country":"United States"},"geometry":{"type":"Polygon","coordinates":[[[-121.822972,38.767388],[-121.444673,39.3389],[-121.882713,39.848645],[-122.699099,39.784231],[-123.069035,39.212682],[-122.631058,38.705571],[-121.822972,38.767388]]]}},{"type":"Feature","properties":{"hex_id":"832834fffffffff","population":3936879,"population_year":2025,"area_km2":13005.4,"population_density":302.7,"all_players":1,"players_per_million":0.25,"player_ids":["ufc:ufcstats:8c0580d4fff106c1"],"label":"San Jose","country":"United States"},"geometry":{"type":"Polygon","coordinates":[[[-121.707157,36.574218],[-121.335882,37.15313],[-121.764466,37.675694],[-122.564417,37.616538],[-122.927704,37.037552],[-122.499133,36.517784],[-121.707157,36.574218]]]}},{"type":"Feature","properties":{"hex_id":"832885fffffffff","population":157063,"population_year":2025,"area_km2":12229.6,"population_density":12.8,"all_players":1,"players_per_million":6.37,"player_ids":["ufc:ufcstats:37098a6e6c27fb66"],"label":"Caldwell","country":"United States"},"geometry":{"type":"Polygon","coordinates":[[[-116.911677,43.32631],[-116.476865,43.865478],[-116.919922,44.370971],[-117.800012,44.334943],[-118.227147,43.794862],[-117.782019,43.291713],[-116.911677,43.32631]]]}},{"type":"Feature","properties":{"hex_id":"8328a4fffffffff","population":23270,"population_year":2025,"area_km2":12892.8,"population_density":1.8,"all_players":1,"players_per_million":42.97,"player_ids":["ufc:ufcstats:bc711b6dd95c1af6"],"label":"Winnemucca","country":"United States"},"geometry":{"type":"Polygon","coordinates":[[[-116.888006,40.116316],[-116.467171,40.671953],[-116.895725,41.19847],[-117.747205,41.166896],[-118.160867,40.610403],[-117.730359,40.086333],[-116.888006,40.116316]]]}},{"type":"Feature","properties":{"hex_id":"8328d4fffffffff","population":376003,"population_year":2025,"area_km2":11131.6,"population_density":33.8,"all_players":1,"players_per_million":2.66,"player_ids":["ufc:ufcstats:971246648e162f0d"],"label":"Enumclaw","country":"United States"},"geometry":{"type":"Polygon","coordinates":[[[-120.980657,46.691537],[-120.561801,47.220906],[-121.036149,47.680833],[-121.9298,47.609046],[-122.338989,47.079205],[-121.864342,46.621609],[-120.980657,46.691537]]]}},{"type":"Feature","properties":{"hex_id":"8328d5fffffffff","population":3750504,"population_year":2025,"area_km2":10913.5,"population_density":343.7,"all_players":3,"players_per_million":0.8,"player_ids":["ufc:ufcstats:8fd808923cffff82","ufc:ufcstats:902ec2cc48c8ae8a","ufc:ufcstats:b96619b3acd7d9da"],"label":"Federal Way","country":"United States"},"geometry":{"type":"Polygon","coordinates":[[[-122.338989,47.079205],[-121.9298,47.609046],[-122.410175,48.058569],[-123.299549,47.975934],[-123.698586,47.445812],[-123.218544,46.998589],[-122.338989,47.079205]]]}},{"type":"Feature","properties":{"hex_id":"8328f0fffffffff","population":2758698,"population_year":2025,"area_km2":11381.2,"population_density":242.4,"all_players":1,"players_per_million":0.36,"player_ids":["ufc:ufcstats:5987b2458f4b5290"],"label":"Vancouver","country":"United States"},"geometry":{"type":"Polygon","coordinates":[[[-122.201369,45.078438],[-121.800354,45.620169],[-122.269405,46.085726],[-123.139352,46.007203],[-123.530712,45.465305],[-123.061914,45.002083],[-122.201369,45.078438]]]}},{"type":"Feature","properties":{"hex_id":"832912fffffffff","population":619156,"population_year":2025,"area_km2":13716.7,"population_density":45.1,"all_players":1,"players_per_million":1.62,"player_ids":["ufc:ufcstats:b0d6a1d8ac3d563d"],"label":"Santa Barbara","country":"United States"},"geometry":{"type":"Polygon","coordinates":[[[-119.209803,33.334481],[-118.831067,33.918266],[-119.240554,34.468622],[-120.029767,34.432185],[-120.401565,33.847783],[-119.991193,33.300425],[-119.209803,33.334481]]]}},{"type":"Feature","properties":{"hex_id":"8329a0fffffffff","population":7767902,"population_year":2025,"area_km2":13942.8,"population_density":557.1,"all_players":7,"players_per_million":0.9,"player_ids":["ufc:ufcstats:07a74004d964c7f4","ufc:ufcstats:0d8011111be000b2","ufc:ufcstats:3a46b268013afede","ufc:ufcstats:4d8fa64202cee4c1","ufc:ufcstats:5537efc6e496dd84","ufc:ufcstats:887961364be5ceb3","ufc:ufcstats:b08012bbe542592a"],"label":"San Bernardino","country":"United States"},"geometry":{"type":"Polygon","coordinates":[[[-116.844972,33.407616],[-116.449556,33.986961],[-116.851778,34.547853],[-117.651276,34.526528],[-118.040386,33.946172],[-117.636417,33.388145],[-116.844972,33.407616]]]}},{"type":"Feature","properties":{"hex_id":"8329a1fffffffff","population":7894449,"population_year":2025,"area_km2":13766.4,"population_density":573.5,"all_players":7,"players_per_million":0.89,"player_ids":["ufc:ufcstats:056c493bbd76a918","ufc:ufcstats:4144798612ef96e5","ufc:ufcstats:749f572d1d3161fb","ufc:ufcstats:8a1f3b5c526cd6e6","ufc:ufcstats:a495f599e787614f","ufc:ufcstats:c77a953488e5607d","ufc:ufcstats:def8166ff24bd237"],"label":"Los Angeles","country":"United States"},"geometry":{"type":"Polygon","coordinates":[[[-118.040386,33.946172],[-117.651276,34.526528],[-118.059439,35.079776],[-118.858147,35.049768],[-119.240554,34.468622],[-118.831067,33.918266],[-118.040386,33.946172]]]}},{"type":"Feature","properties":{"hex_id":"8329a2fffffffff","population":74352,"population_year":2025,"area_km2":13968.4,"population_density":5.3,"all_players":1,"players_per_million":13.45,"player_ids":["ufc:ufcstats:2e19380f34871c6a"],"label":"San Bernardino County","country":"United States"},"geometry":{"type":"Polygon","coordinates":[[[-115.649987,33.999722],[-115.244535,34.574932],[-115.644549,35.13856],[-116.452341,35.124236],[-116.851778,34.547853],[-116.449556,33.986961],[-115.649987,33.999722]]]}},{"type":"Feature","properties":{"hex_id":"8329a4fffffffff","population":5801541,"population_year":2025,"area_km2":14071.2,"population_density":412.3,"all_players":1,"players_per_million":0.17,"player_ids":["ufc:ufcstats:792be9a24df82ed6"],"label":"Tijuana","country":"Mexico"},"geometry":{"type":"Polygon","coordinates":[[[-116.838302,32.260383],[-116.446827,32.842254],[-116.844972,33.407616],[-117.636417,33.388145],[-118.021715,32.805205],[-117.621854,32.242798],[-116.838302,32.260383]]]}},{"type":"Feature","properties":{"hex_id":"8329a5fffffffff","population":3788026,"population_year":2025,"area_km2":13900.5,"population_density":272.5,"all_players":2,"players_per_million":0.53,"player_ids":["ufc:ufcstats:5eb50529a8418b77","ufc:ufcstats:60425d07ef4b91a7"],"label":"San Pedro","country":"United States"},"geometry":{"type":"Polygon","coordinates":[[[-118.021715,32.805205],[-117.636417,33.388145],[-118.040386,33.946172],[-118.831067,33.918266],[-119.209803,33.334481],[-118.804528,32.779438],[-118.021715,32.805205]]]}},{"type":"Feature","properties":{"hex_id":"8329a8fffffffff","population":952189,"population_year":2025,"area_km2":13424.6,"population_density":70.9,"all_players":1,"players_per_million":1.05,"player_ids":["ufc:ufcstats:ab2b4ff41d6ebe0f"],"label":"Hanford","country":"United States"},"geometry":{"type":"Polygon","coordinates":[[[-119.271934,35.595051],[-118.885786,36.173139],[-119.303964,36.712984],[-120.109299,36.671914],[-120.488201,36.093302],[-120.069127,35.556274],[-119.271934,35.595051]]]}},{"type":"Feature","properties":{"hex_id":"8329abfffffffff","population":1134352,"population_year":2025,"area_km2":13258.9,"population_density":85.6,"all_players":1,"players_per_million":0.88,"player_ids":["ufc:ufcstats:2fe9032955c2e013"],"label":"Clovis","country":"United States"},"geometry":{"type":"Polygon","coordinates":[[[-119.303964,36.712984],[-118.914,37.287613],[-119.336664,37.821673],[-120.150308,37.778361],[-120.532864,37.20324],[-120.109299,36.671914],[-119.303964,36.712984]]]}},{"type":"Feature","properties":{"hex_id":"8329aefffffffff","population":585330,"population_year":2025,"area_km2":13618.2,"population_density":43.0,"all_players":1,"players_per_million":1.71,"player_ids":["ufc:ufcstats:955da1675ad58a50"],"label":"Bakersfield","country":"United States"},"geometry":{"type":"Polygon","coordinates":[[[-118.059439,35.079776],[-117.666441,35.65712],[-118.078886,36.205208],[-118.885786,36.173139],[-119.271934,35.595051],[-118.858147,35.049768],[-118.059439,35.079776]]]}},{"type":"Feature","properties":{"hex_id":"8329b6fffffffff","population":3258765,"population_year":2025,"area_km2":14254.2,"population_density":228.6,"all_players":2,"players_per_million":0.61,"player_ids":["ufc:ufcstats:7447e9f28508106a","ufc:ufcstats:fba03cd6cc28dc41"],"label":"Phoenix","country":"United States"},"geometry":{"type":"Polygon","coordinates":[[[-112.048129,33.41802],[-111.622726,33.985325],[-112.005683,34.565481],[-112.817654,34.575887],[-113.238272,34.006867],[-112.851827,33.429156],[-112.048129,33.41802]]]}},{"type":"Feature","properties":{"hex_id":"832a10fffffffff","population":17834994,"population_year":2025,"area_km2":12479.4,"population_density":1429.2,"all_players":5,"players_per_million":0.28,"player_ids":["ufc:ufcstats:6d4b63c767106d3a","ufc:ufcstats:7026eca45f65377b","ufc:ufcstats:84b3e7d38f2d2ec5","ufc:ufcstats:cb696ebfb6598724","ufc:ufcstats:dccb63727f2f5f74"],"label":"Uniondale","country":"United States"},"geometry":{"type":"Polygon","coordinates":[[[-73.803296,41.465407],[-74.532183,41.140409],[-74.501617,40.535843],[-73.761104,40.255982],[-73.041153,40.572801],[-73.052763,41.177546],[-73.803296,41.465407]]]}},{"type":"Feature","properties":{"hex_id":"832a12fffffffff","population":2195715,"population_year":2025,"area_km2":12486.5,"population_density":175.8,"all_players":1,"players_per_million":0.46,"player_ids":["ufc:ufcstats:d1941565abf50b16"],"label":"Sparta","country":"United States"},"geometry":{"type":"Polygon","coordinates":[[[-75.29184,41.418569],[-76.010063,41.084346],[-75.960619,40.480497],[-75.211791,40.210041],[-74.501617,40.535843],[-74.532183,41.140409],[-75.29184,41.418569]]]}},{"type":"Feature","properties":{"hex_id":"832a13fffffffff","population":5451326,"population_year":2025,"area_km2":12270.7,"population_density":444.3,"all_players":3,"players_per_million":0.55,"player_ids":["ufc:ufcstats:45f7cb591c3ab00b","ufc:ufcstats:af65aa688d13eedf","ufc:ufcstats:d6c0cdd7e467c440"],"label":"Philadelphia","country":"United States"},"geometry":{"type":"Polygon","coordinates":[[[-74.501617,40.535843],[-75.211791,40.210041],[-75.173274,39.612676],[-74.442775,39.340569],[-73.740804,39.658184],[-73.761104,40.255982],[-74.501617,40.535843]]]}},{"type":"Feature","properties":{"hex_id":"832a14fffffffff","population":2991602,"population_year":2025,"area_km2":12679.7,"population_density":235.9,"all_players":1,"players_per_million":0.33,"player_ids":["ufc:ufcstats:c6aee362c7a7d482"],"label":"Springfield","country":"United States"},"geometry":{"type":"Polygon","coordinates":[[[-73.076912,42.400493],[-73.82523,42.076868],[-73.803296,41.465407],[-73.052763,41.177546],[-72.314174,41.493018],[-72.316385,42.104387],[-73.076912,42.400493]]]}},{"type":"Feature","properties":{"hex_id":"832a30fffffffff","population":4186461,"population_year":2025,"area_km2":12833.4,"population_density":326.2,"all_players":1,"players_per_million":0.24,"player_ids":["ufc:ufcstats:751de04455cfaac0"],"label":"Methuen","country":"United States"},"geometry":{"type":"Polygon","coordinates":[[[-70.772624,43.346551],[-71.550529,43.03556],[-71.558483,42.417927],[-70.809006,42.112129],[-70.042602,42.41534],[-70.014211,43.03201],[-70.772624,43.346551]]]}},{"type":"Feature","properties":{"hex_id":"832a33fffffffff","population":3511026,"population_year":2025,"area_km2":12650.8,"population_density":277.5,"all_players":2,"players_per_million":0.57,"player_ids":["ufc:ufcstats:05339613bf8e9808","ufc:ufcstats:31ef8b67e13495b3"],"label":"Massachusetts","country":"United States"},"geometry":{"type":"Polygon","coordinates":[[[-71.558483,42.417927],[-72.316385,42.104387],[-72.314174,41.493018],[-71.573772,41.195725],[-70.826484,41.501412],[-70.809006,42.112129],[-71.558483,42.417927]]]}},{"type":"Feature","properties":{"hex_id":"832a86fffffffff","population":851767,"population_year":2025,"area_km2":12374.3,"population_density":68.8,"all_players":1,"players_per_million":1.17,"player_ids":["ufc:ufcstats:d8c7c61b176e3994"],"label":"Uhrichsville","country":"United States"},"geometry":{"type":"Polygon","coordinates":[[[-81.200534,41.04163],[-81.867503,40.674246],[-81.74478,40.078511],[-80.972812,39.847264],[-80.310147,40.205584],[-80.415022,40.804113],[-81.200534,41.04163]]]}},{"type":"Feature","properties":{"hex_id":"832a93fffffffff","population":2411444,"population_year":2025,"area_km2":11988.0,"population_density":201.2,"all_players":2,"players_per_million":0.83,"player_ids":["ufc:ufcstats:1af1170ed937cba7","ufc:ufcstats:5442f1bc4b47eaf3"],"label":"Cincinnati","country":"United States"},"geometry":{"type":"Polygon","coordinates":[[[-84.580952,39.773484],[-85.200755,39.395191],[-85.041311,38.814779],[-84.278055,38.60875],[-83.660277,38.977984],[-83.803574,39.56222],[-84.580952,39.773484]]]}},{"type":"Feature","properties":{"hex_id":"832aa6fffffffff","population":864087,"population_year":2025,"area_km2":12870.5,"population_density":67.1,"all_players":1,"players_per_million":1.16,"player_ids":["ufc:ufcstats:2cfba6c837c03ed0"],"label":"Angola","country":"United States"},"geometry":{"type":"Polygon","coordinates":[[[-78.507232,43.105571],[-79.227281,42.744533],[-79.133579,42.130756],[-78.339703,41.875984],[-77.626195,42.227949],[-77.699924,42.843644],[-78.507232,43.105571]]]}},{"type":"Feature","properties":{"hex_id":"832aacfffffffff","population":3961424,"population_year":2025,"area_km2":12270.7,"population_density":322.8,"all_players":2,"players_per_million":0.5,"player_ids":["ufc:ufcstats:5f61780fe5e9b6d0","ufc:ufcstats:71505842fb6455c3"],"label":"Springfield Township","country":"United States"},"geometry":{"type":"Polygon","coordinates":[[[-75.960619,40.480497],[-76.660126,40.14602],[-76.603499,39.549602],[-75.865429,39.286605],[-75.173274,39.612676],[-75.211791,40.210041],[-75.960619,40.480497]]]}},{"type":"Feature","properties":{"hex_id":"832aadfffffffff","population":766183,"population_year":2025,"area_km2":12054.3,"population_density":63.6,"all_players":1,"players_per_million":1.31,"player_ids":["ufc:ufcstats:c1085e1701b13eca"],"label":"Vineland","country":"United States"},"geometry":{"type":"Polygon","coordinates":[[[-75.173274,39.612676],[-75.865429,39.286605],[-75.819591,38.696714],[-75.099071,38.432121],[-74.414443,38.750013],[-74.442775,39.340569],[-75.173274,39.612676]]]}},{"type":"Feature","properties":{"hex_id":"832ab2fffffffff","population":4198661,"population_year":2025,"area_km2":12716.0,"population_density":330.2,"all_players":1,"players_per_million":0.24,"player_ids":["ufc:ufcstats:873626e5547b5235"],"label":"Windsor","country":"Canada"},"geometry":{"type":"Polygon","coordinates":[[[-83.07729,42.715021],[-83.75145,42.328986],[-83.600197,41.724215],[-82.793334,41.501851],[-82.122513,41.878477],[-82.255049,42.486775],[-83.07729,42.715021]]]}},{"type":"Feature","properties":{"hex_id":"832b83fffffffff","population":1373619,"population_year":2025,"area_km2":13472.5,"population_density":102.0,"all_players":1,"players_per_million":0.73,"player_ids":["ufc:ufcstats:8e9eb3fc86db0f7d"],"label":"Gatineau","country":"Canada"},"geometry":{"type":"Polygon","coordinates":[[[-76.457016,46.068577],[-77.2427,45.709849],[-77.170666,45.075432],[-76.33587,44.798413],[-75.55918,45.147991],[-75.608214,45.783608],[-76.457016,46.068577]]]}},{"type":"Feature","properties":{"hex_id":"832b89fffffffff","population":1128028,"population_year":2025,"area_km2":12892.8,"population_density":87.5,"all_players":1,"players_per_million":0.89,"player_ids":["ufc:ufcstats:fb3e61720be4690c"],"label":"South Cairo","country":"United States"},"geometry":{"type":"Polygon","coordinates":[[[-73.870888,43.31283],[-74.628834,42.980804],[-74.595759,42.362982],[-73.82523,42.076868],[-73.076912,42.400493],[-73.089476,43.018511],[-73.870888,43.31283]]]}},{"type":"Feature","properties":{"hex_id":"832b9bfffffffff","population":7907887,"population_year":2025,"area_km2":13050.9,"population_density":605.9,"all_players":2,"players_per_million":0.25,"player_ids":["ufc:ufcstats:38c7f72747f4f712","ufc:ufcstats:dd6103dd7127db1d"],"label":"Waterdown","country":"Canada"},"geometry":{"type":"Polygon","coordinates":[[[-79.42239,43.984339],[-80.148592,43.614015],[-80.040798,42.99531],[-79.227281,42.744533],[-78.507232,43.105571],[-78.594427,43.726557],[-79.42239,43.984339]]]}},{"type":"Feature","properties":{"hex_id":"832b9efffffffff","population":164768,"population_year":2025,"area_km2":13424.6,"population_density":12.3,"all_players":1,"players_per_million":6.07,"player_ids":["ufc:ufcstats:31f8081c7600da93"],"label":"Huntsville","country":"Canada"},"geometry":{"type":"Polygon","coordinates":[[[-79.735963,45.872959],[-80.490261,45.49319],[-80.373196,44.863076],[-79.524011,44.610144],[-78.776161,44.980359],[-78.870907,45.612937],[-79.735963,45.872959]]]}},{"type":"Feature","properties":{"hex_id":"832baafffffffff","population":4993353,"population_year":2025,"area_km2":13456.5,"population_density":371.1,"all_players":2,"players_per_million":0.4,"player_ids":["ufc:ufcstats:24656ef4d605c96f","ufc:ufcstats:f1d64ae34e088832"],"label":"Laval","country":"Canada"},"geometry":{"type":"Polygon","coordinates":[[[-73.157758,46.169919],[-73.970085,45.834008],[-73.944231,45.197835],[-73.129291,44.897538],[-72.328377,45.224875],[-72.330983,45.860952],[-73.157758,46.169919]]]}},{"type":"Feature","properties":{"hex_id":"832c01fffffffff","population":1346490,"population_year":2025,"area_km2":12423.2,"population_density":108.4,"all_players":1,"players_per_million":0.74,"player_ids":["ufc:ufcstats:a52bc1e62cf0b7c6"],"label":"Yerevan","country":"Armenia"},"geometry":{"type":"Polygon","coordinates":[[[44.385507,40.249321],[44.96658,39.796344],[45.728525,39.946778],[45.919921,40.556943],[45.333799,41.016526],[44.561253,40.859266],[44.385507,40.249321]]]}},{"type":"Feature","properties":{"hex_id":"832c09fffffffff","population":953244,"population_year":2025,"area_km2":13050.9,"population_density":73.0,"all_players":1,"players_per_million":1.05,"player_ids":["ufc:ufcstats:b07aed698fba8624"],"label":"Kasumkent","country":"Russia"},"geometry":{"type":"Polygon","coordinates":[[[47.707553,41.463133],[48.289867,40.987155],[49.097493,41.121488],[49.335375,41.737977],[48.749596,42.220966],[47.929274,42.080381],[47.707553,41.463133]]]}},{"type":"Feature","properties":{"hex_id":"832c0dfffffffff","population":490328,"population_year":2025,"area_km2":12870.5,"population_density":38.1,"all_players":1,"players_per_million":2.04,"player_ids":["ufc:ufcstats:d802174b0c0c1f4e"],"label":"Teletl","country":"Russia"},"geometry":{"type":"Polygon","coordinates":[[[46.316264,41.784958],[46.907081,41.318651],[47.707553,41.463133],[47.929274,42.080381],[47.334173,42.553526],[46.521525,42.40251],[46.316264,41.784958]]]}},{"type":"Feature","properties":{"hex_id":"832c11fffffffff","population":1340956,"population_year":2025,"area_km2":12259.6,"population_density":109.4,"all_players":1,"players_per_million":0.75,"player_ids":["ufc:ufcstats:08af939f41b5a57b"],"label":"Urmia","country":"Iran"},"geometry":{"type":"Polygon","coordinates":[[[44.44786,37.974658],[44.280999,37.361534],[44.839833,36.911675],[45.561045,37.072224],[45.647233,37.376856],[45.737774,37.675626],[45.179694,38.133333],[44.44786,37.974658]]]}},{"type":"Feature","properties":{"hex_id":"832c21fffffffff","population":842882,"population_year":2025,"area_km2":12239.1,"population_density":68.9,"all_players":2,"players_per_million":2.37,"player_ids":["ufc:ufcstats:327d5f279895110d","ufc:ufcstats:c03520b5c88ed6b4"],"label":"Vani","country":"Georgia"},"geometry":{"type":"Polygon","coordinates":[[[41.364944,42.47002],[41.206937,41.865071],[41.826862,41.425175],[42.600983,41.587585],[42.683553,41.888622],[42.762748,42.1953],[42.150674,42.631271],[41.364944,42.47002]]]}},{"type":"Feature","properties":{"hex_id":"832c29fffffffff","population":1957627,"population_year":2025,"area_km2":12694.2,"population_density":154.2,"all_players":4,"players_per_million":2.04,"player_ids":["ufc:ufcstats:3bc3f60b21cddc6a","ufc:ufcstats:6a96ad1bc34fb113","ufc:ufcstats:767755fd74662dbf","ufc:ufcstats:e803242fb2e41112"],"label":"Vladikavkaz","country":"Russia"},"geometry":{"type":"Polygon","coordinates":[[[44.502229,43.15699],[45.113825,42.704303],[45.917807,42.865541],[46.121953,43.486277],[45.504839,43.945519],[44.689004,43.777393],[44.502229,43.15699]]]}},{"type":"Feature","properties":{"hex_id":"832c2afffffffff","population":1907533,"population_year":2025,"area_km2":12458.3,"population_density":153.1,"all_players":2,"players_per_million":1.05,"player_ids":["ufc:ufcstats:7772b283d288dbe2","ufc:ufcstats:9560ff14eb3129f7"],"label":"Tbilisi","country":"Georgia"},"geometry":{"type":"Polygon","coordinates":[[[43.968072,41.309137],[44.561253,40.859266],[45.333799,41.016526],[45.523893,41.630512],[44.925265,42.086901],[44.141914,41.922712],[43.968072,41.309137]]]}},{"type":"Feature","properties":{"hex_id":"832c2dfffffffff","population":1212319,"population_year":2025,"area_km2":12486.5,"population_density":97.1,"all_players":1,"players_per_million":0.82,"player_ids":["ufc:ufcstats:e90a2f22417af68e"],"label":"Dygulybgey","country":"Russia"},"geometry":{"type":"Polygon","coordinates":[[[43.089162,43.42793],[43.707873,42.985777],[44.502229,43.15699],[44.689004,43.777393],[44.063953,44.225868],[43.258395,44.047542],[43.089162,43.42793]]]}},{"type":"Feature","properties":{"hex_id":"832c2efffffffff","population":390010,"population_year":2025,"area_km2":12259.6,"population_density":31.8,"all_players":1,"players_per_million":2.56,"player_ids":["ufc:ufcstats:eae48ff31db420c2"],"label":"Akhalkalaki","country":"Georgia"},"geometry":{"type":"Polygon","coordinates":[[[42.600983,41.587585],[43.204832,41.142599],[43.968072,41.309137],[44.141914,41.922712],[43.536194,42.368976],[42.762748,42.1953],[42.683553,41.888622],[42.600983,41.587585]]]}},{"type":"Feature","properties":{"hex_id":"832c72fffffffff","population":817762,"population_year":2025,"area_km2":13081.4,"population_density":62.5,"all_players":3,"players_per_million":3.67,"player_ids":["ufc:ufcstats:0fd5f4b838e890cc","ufc:ufcstats:275aca31f61ba28c","ufc:ufcstats:447f9858ae78f921"],"label":"Makhachkala","country":"Russia"},"geometry":{"type":"Polygon","coordinates":[[[47.334173,42.553526],[47.929274,42.080381],[48.749596,42.220966],[48.987713,42.840975],[48.388801,43.32107],[47.555454,43.174131],[47.334173,42.553526]]]}},{"type":"Feature","properties":{"hex_id":"832c76fffffffff","population":1748872,"population_year":2025,"area_km2":12892.8,"population_density":135.6,"all_players":3,"players_per_million":1.72,"player_ids":["ufc:ufcstats:2b6fc1c02736833d","ufc:ufcstats:36b8f265bcd1b7a4","ufc:ufcstats:881bf86d4cba8578"],"label":"Batayurt","country":"Russia"},"geometry":{"type":"Polygon","coordinates":[[[45.917807,42.865541],[46.521525,42.40251],[47.334173,42.553526],[47.555454,43.174131],[46.947063,43.643927],[46.121953,43.486277],[45.917807,42.865541]]]}},{"type":"Feature","properties":{"hex_id":"832ce5fffffffff","population":3438010,"population_year":2025,"area_km2":13165.8,"population_density":261.1,"all_players":1,"players_per_million":0.29,"player_ids":["ufc:ufcstats:ae81a3ac7b260411"],"label":"Sahil","country":"Azerbaijan"},"geometry":{"type":"Polygon","coordinates":[[[49.433148,40.023566],[49.994151,39.53634],[50.79515,39.65454],[51.047818,40.265734],[50.484455,40.760162],[49.670644,40.636123],[49.433148,40.023566]]]}},{"type":"Feature","properties":{"hex_id":"832d10fffffffff","population":1032621,"population_year":2025,"area_km2":13650.9,"population_density":75.6,"all_players":1,"players_per_million":0.97,"player_ids":["ufc:ufcstats:6e8f1bcdda94ff45"],"label":"Niğde","country":"Turkey"},"geometry":{"type":"Polygon","coordinates":[[[33.928632,38.803056],[33.822542,38.157743],[34.48089,37.745305],[35.244825,37.97494],[35.359864,38.617384],[34.702113,39.033099],[33.928632,38.803056]]]}},{"type":"Feature","properties":{"hex_id":"832d43fffffffff","population":95795,"population_year":2025,"area_km2":12423.2,"population_density":7.7,"all_players":1,"players_per_million":10.44,"player_ids":["ufc:ufcstats:f14cf73e51b29254"],"label":"Orlovsky","country":"Russia"},"geometry":{"type":"Polygon","coordinates":[[[41.649368,46.590275],[42.309957,46.163472],[43.138496,46.356267],[43.318144,46.98313],[42.64959,47.415916],[41.809289,47.215777],[41.649368,46.590275]]]}},{"type":"Feature","properties":{"hex_id":"832d63fffffffff","population":1738423,"population_year":2025,"area_km2":11889.7,"population_density":146.2,"all_players":1,"players_per_million":0.58,"player_ids":["ufc:ufcstats:1091d4d957141094"],"label":"Khrustalnyi","country":"Ukraine"},"geometry":{"type":"Polygon","coordinates":[[[38.126682,48.010197],[38.813317,47.613834],[39.625391,47.834416],[39.760902,48.458995],[39.063864,48.860574],[38.241715,48.632282],[38.126682,48.010197]]]}},{"type":"Feature","properties":{"hex_id":"832e64fffffffff","population":1111799,"population_year":2025,"area_km2":10857.3,"population_density":102.4,"all_players":1,"players_per_million":0.9,"player_ids":["ufc:ufcstats:d33da8a3d82bdb62"],"label":"Toyohashi","country":"Japan"},"geometry":{"type":"Polygon","coordinates":[[[138.240188,34.090249],[138.040892,34.682811],[137.382008,34.835332],[136.933247,34.397885],[137.137408,33.811747],[137.785583,33.656652],[138.240188,34.090249]]]}},{"type":"Feature","properties":{"hex_id":"832e74fffffffff","population":3906773,"population_year":2025,"area_km2":11308.9,"population_density":345.5,"all_players":1,"players_per_million":0.26,"player_ids":["ufc:ufcstats:98aa60cf58071fd6"],"label":"Takasaki","country":"Japan"},"geometry":{"type":"Polygon","coordinates":[[[139.948213,36.441778],[139.752005,37.04344],[139.06007,37.197366],[138.576078,36.752025],[138.778095,36.156603],[139.458427,36.000295],[139.948213,36.441778]]]}},{"type":"Feature","properties":{"hex_id":"832f5afffffffff","population":24486504,"population_year":2025,"area_km2":11478.7,"population_density":2133.2,"all_players":1,"players_per_million":0.04,"player_ids":["ufc:ufcstats:d8c811df0386d5e8"],"label":"Saitama Prefecture","country":"Japan"},"geometry":{"type":"Polygon","coordinates":[[[140.827794,35.672072],[140.638685,36.278739],[139.948213,36.441778],[139.458427,36.000295],[139.653549,35.399825],[140.332575,35.234652],[140.827794,35.672072]]]}},{"type":"Feature","properties":{"hex_id":"833116fffffffff","population":348790,"population_year":2025,"area_km2":9310.6,"population_density":37.5,"all_players":1,"players_per_million":2.87,"player_ids":["ufc:ufcstats:7d420039bbfe7c1a"],"label":"Xilingol League","country":"People's Republic of China"},"geometry":{"type":"Polygon","coordinates":[[[115.596103,43.829611],[115.501139,43.254142],[116.052368,42.95111],[116.69741,43.21637],[116.804498,43.785665],[116.25458,44.095884],[115.596103,43.829611]]]}},{"type":"Feature","properties":{"hex_id":"83319efffffffff","population":8213565,"population_year":2025,"area_km2":9241.7,"population_density":888.8,"all_players":1,"players_per_million":0.12,"player_ids":["ufc:ufcstats:1ebe20ebbfa15e29"],"label":"Handan","country":"People's Republic of China"},"geometry":{"type":"Polygon","coordinates":[[[115.07079,36.584499],[114.934473,37.10933],[114.279644,37.350079],[113.760572,37.065054],[113.901216,36.538081],[114.556614,36.298257],[115.07079,36.584499]]]}},{"type":"Feature","properties":{"hex_id":"833969fffffffff","population":1583636,"population_year":2025,"area_km2":12395.2,"population_density":127.8,"all_players":2,"players_per_million":1.26,"player_ids":["ufc:ufcstats:1d2d98ddd05b38fb","ufc:ufcstats:34ff304266360297"],"label":"Nice","country":"France"},"geometry":{"type":"Polygon","coordinates":[[[6.03167,43.611509],[6.121326,42.998792],[6.894879,42.778417],[7.589687,43.17079],[7.509948,43.786609],[6.725378,44.00699],[6.03167,43.611509]]]}},{"type":"Feature","properties":{"hex_id":"83396cfffffffff","population":2034996,"population_year":2025,"area_km2":11988.0,"population_density":169.8,"all_players":1,"players_per_million":0.49,"player_ids":["ufc:ufcstats:c2299ec916bc7c56"],"label":"Nîmes","country":"France"},"geometry":{"type":"Polygon","coordinates":[[[3.696702,44.221235],[3.802654,43.619279],[4.574932,43.41921],[5.252785,43.821585],[5.156296,44.426959],[4.372371,44.626573],[3.696702,44.221235]]]}},{"type":"Feature","properties":{"hex_id":"833970fffffffff","population":891722,"population_year":2025,"area_km2":12188.8,"population_density":73.2,"all_players":1,"players_per_million":1.12,"player_ids":["ufc:ufcstats:7a5e8c94a86f9895"],"label":"Zaragoza","country":"Spain"},"geometry":{"type":"Polygon","coordinates":[[[-0.886769,42.071344],[-1.504055,41.677517],[-1.363813,41.046833],[-0.619824,40.812714],[-0.010441,41.203682],[-0.137149,41.831588],[-0.886769,42.071344]]]}},{"type":"Feature","properties":{"hex_id":"8339aafffffffff","population":7718876,"population_year":2025,"area_km2":13456.5,"population_density":573.6,"all_players":1,"players_per_million":0.13,"player_ids":["ufc:ufcstats:52c2ae6d2f2d2613"],"label":"Casablanca","country":"Morocco"},"geometry":{"type":"Polygon","coordinates":[[[-7.851229,33.94808],[-8.401654,33.483855],[-8.212439,32.846562],[-7.483894,32.674254],[-6.93764,33.133982],[-7.11571,33.770469],[-7.851229,33.94808]]]}},{"type":"Feature","properties":{"hex_id":"833cc3fffffffff","population":478741,"population_year":2025,"area_km2":13816.5,"population_density":34.7,"all_players":1,"players_per_million":2.09,"player_ids":["ufc:ufcstats:17e97649403ba428"],"label":"Hakha","country":"Myanmar"},"geometry":{"type":"Polygon","coordinates":[[[93.857073,22.506761],[93.667909,23.130046],[92.9708,23.286599],[92.465639,22.820435],[92.656717,22.19763],[93.351089,22.040488],[93.857073,22.506761]]]}},{"type":"Feature","properties":{"hex_id":"833d10fffffffff","population":6107556,"population_year":2025,"area_km2":13258.9,"population_density":460.6,"all_players":1,"players_per_million":0.16,"player_ids":["ufc:ufcstats:a72a2a769fa5a2be"],"label":"Dehradun","country":"India"},"geometry":{"type":"Polygon","coordinates":[[[76.764684,30.689263],[77.063587,30.114406],[77.811311,30.049046],[78.271988,30.556006],[77.982549,31.135441],[77.222815,31.203375],[76.764684,30.689263]]]}},{"type":"Feature","properties":{"hex_id":"8340e1fffffffff","population":4352854,"population_year":2025,"area_km2":12188.8,"population_density":357.1,"all_players":1,"players_per_million":0.23,"player_ids":["ufc:ufcstats:3cf18e01cb6cbde3"],"label":"Sichuan","country":"People's Republic of China"},"geometry":{"type":"Polygon","coordinates":[[[104.085094,29.481631],[103.916071,30.070498],[103.217291,30.266183],[102.688846,29.872269],[102.861256,29.282121],[103.558758,29.087146],[104.085094,29.481631]]]}},{"type":"Feature","properties":{"hex_id":"834413fffffffff","population":1468391,"population_year":2025,"area_km2":11454.2,"population_density":128.2,"all_players":1,"players_per_million":0.68,"player_ids":["ufc:ufcstats:d8da10db80131bec"],"label":"Cape Coral","country":"United States"},"geometry":{"type":"Polygon","coordinates":[[[-81.751962,25.779996],[-81.304324,26.222612],[-81.466649,26.823209],[-82.084301,26.984013],[-82.536746,26.538801],[-82.366734,25.935396],[-81.751962,25.779996]]]}},{"type":"Feature","properties":{"hex_id":"834440fffffffff","population":700278,"population_year":2025,"area_km2":13258.9,"population_density":52.8,"all_players":1,"players_per_million":1.43,"player_ids":["ufc:ufcstats:a7151778b3381036"],"label":"Denham Springs","country":"United States"},"geometry":{"type":"Polygon","coordinates":[[[-91.213549,30.149237],[-90.737597,30.634218],[-90.980019,31.253903],[-91.70664,31.389766],[-92.185406,30.901967],[-91.934789,30.281145],[-91.213549,30.149237]]]}},{"type":"Feature","properties":{"hex_id":"834445fffffffff","population":545933,"population_year":2025,"area_km2":13472.5,"population_density":40.5,"all_players":1,"players_per_million":1.83,"player_ids":["ufc:ufcstats:029eaff01e6bb8f0"],"label":"Lafayette","country":"United States"},"geometry":{"type":"Polygon","coordinates":[[[-92.408822,29.788257],[-91.934789,30.281145],[-92.185406,30.901967],[-92.918138,31.030789],[-93.394592,30.534991],[-93.135951,29.913303],[-92.408822,29.788257]]]}},{"type":"Feature","properties":{"hex_id":"834446fffffffff","population":1714125,"population_year":2025,"area_km2":13142.7,"population_density":130.4,"all_players":2,"players_per_million":1.17,"player_ids":["ufc:ufcstats:9cdd2da1a9104a0b","ufc:ufcstats:d3df1add9d9a7efb"],"label":"New Orleans","country":"United States"},"geometry":{"type":"Polygon","coordinates":[[[-90.262055,29.393937],[-89.789168,29.876068],[-90.022833,30.495543],[-90.737597,30.634218],[-91.213549,30.149237],[-90.971719,29.528453],[-90.262055,29.393937]]]}},{"type":"Feature","properties":{"hex_id":"83444dfffffffff","population":380204,"population_year":2025,"area_km2":13520.8,"population_density":28.1,"all_players":1,"players_per_million":2.63,"player_ids":["ufc:ufcstats:05fa626cb33d15b8"],"label":"Atlanta","country":"United States"},"geometry":{"type":"Polygon","coordinates":[[[-94.190501,32.395718],[-93.70695,32.889054],[-93.976725,33.506269],[-94.738292,33.630749],[-95.223765,33.1347],[-94.945821,32.516906],[-94.190501,32.395718]]]}},{"type":"Feature","properties":{"hex_id":"83445afffffffff","population":236169,"population_year":2025,"area_km2":12543.2,"population_density":18.8,"all_players":1,"players_per_million":4.23,"player_ids":["ufc:ufcstats:67c1d46f4ed16f9e"],"label":"Amory","country":"United States"},"geometry":{"type":"Polygon","coordinates":[[[-88.327561,32.99028],[-87.839892,33.446999],[-88.065886,34.059836],[-88.788416,34.217794],[-89.27994,33.758738],[-89.045119,33.144082],[-88.327561,32.99028]]]}},{"type":"Feature","properties":{"hex_id":"83446cfffffffff","population":6104544,"population_year":2025,"area_km2":13866.8,"population_density":440.2,"all_players":1,"players_per_million":0.16,"player_ids":["ufc:ufcstats:cdb96af67d096b1e"],"label":"Houston","country":"United States"},"geometry":{"type":"Polygon","coordinates":[[[-94.808948,29.022702],[-94.340041,29.530809],[-94.606515,30.15309],[-95.34958,30.267602],[-95.820095,29.756435],[-95.546005,29.133838],[-94.808948,29.022702]]]}},{"type":"Feature","properties":{"hex_id":"8344a1fffffffff","population":5763886,"population_year":2025,"area_km2":11010.2,"population_density":523.5,"all_players":1,"players_per_million":0.17,"player_ids":["ufc:ufcstats:e00a3dee329a51f7"],"label":"Miami","country":"United States"},"geometry":{"type":"Polygon","coordinates":[[[-79.949065,25.306967],[-79.508022,25.739732],[-79.655984,26.333663],[-80.252477,26.497928],[-80.698565,26.062694],[-80.543111,25.465679],[-79.949065,25.306967]]]}},{"type":"Feature","properties":{"hex_id":"8344c1fffffffff","population":5328708,"population_year":2025,"area_km2":11678.0,"population_density":456.3,"all_players":1,"players_per_million":0.19,"player_ids":["ufc:ufcstats:7f6ed67d3ed3c036"],"label":"Covington","country":"United States"},"geometry":{"type":"Polygon","coordinates":[[[-83.883855,33.049852],[-83.401132,33.478441],[-83.591669,34.083947],[-84.273825,34.263584],[-84.761579,33.833075],[-84.562163,33.224865],[-83.883855,33.049852]]]}},{"type":"Feature","properties":{"hex_id":"8344d5fffffffff","population":734655,"population_year":2025,"area_km2":11155.0,"population_density":65.9,"all_players":1,"players_per_million":1.36,"player_ids":["ufc:ufcstats:2f181c0467965b98"],"label":"Beaufort","country":"United States"},"geometry":{"type":"Polygon","coordinates":[[[-81.078665,31.726077],[-80.607929,32.142536],[-80.773736,32.742682],[-81.4188,32.929579],[-81.895015,32.511356],[-81.720688,31.908012],[-81.078665,31.726077]]]}},{"type":"Feature","properties":{"hex_id":"8344dcfffffffff","population":460619,"population_year":2025,"area_km2":11155.0,"population_density":41.3,"all_players":1,"players_per_million":2.17,"player_ids":["ufc:ufcstats:f14f644d41ade29f"],"label":"Chapin","country":"United States"},"geometry":{"type":"Polygon","coordinates":[[[-81.592393,33.531156],[-81.112257,33.942579],[-81.285062,34.542036],[-81.94686,34.733211],[-82.432568,34.320173],[-82.250909,33.717588],[-81.592393,33.531156]]]}},{"type":"Feature","properties":{"hex_id":"8344ddfffffffff","population":1270062,"population_year":2025,"area_km2":11273.1,"population_density":112.7,"all_players":1,"players_per_million":0.79,"player_ids":["ufc:ufcstats:4a28cb716c19157a"],"label":"Simpsonville","country":"United States"},"geometry":{"type":"Polygon","coordinates":[[[-82.432568,34.320173],[-81.94686,34.733211],[-82.12783,35.333393],[-82.803555,35.523528],[-83.294745,35.108864],[-83.104736,34.505705],[-82.432568,34.320173]]]}},{"type":"Feature","properties":{"hex_id":"834648fffffffff","population":378494,"population_year":2025,"area_km2":14123.1,"population_density":26.8,"all_players":1,"players_per_million":2.64,"player_ids":["ufc:ufcstats:150ff4cc642270b9"],"label":"Waianae","country":"United States"},"geometry":{"type":"Polygon","coordinates":[[[-158.853309,22.334675],[-159.061948,21.698861],[-158.575873,21.222572],[-157.879487,21.381338],[-157.666804,22.018121],[-158.154507,22.495186],[-158.853309,22.334675]]]}},{"type":"Feature","properties":{"hex_id":"834649fffffffff","population":186212,"population_year":2025,"area_km2":14254.2,"population_density":13.1,"all_players":1,"players_per_million":5.37,"player_ids":["ufc:ufcstats:0c6d9ea8306c029e"],"label":"Kailua","country":"United States"},"geometry":{"type":"Polygon","coordinates":[[[-157.666804,22.018121],[-157.879487,21.381338],[-157.394228,20.899442],[-156.694945,21.053526],[-156.478386,21.691033],[-156.96494,22.17375],[-157.666804,22.018121]]]}},{"type":"Feature","properties":{"hex_id":"83464bfffffffff","population":438801,"population_year":2025,"area_km2":14263.0,"population_density":30.8,"all_players":1,"players_per_million":2.28,"player_ids":["ufc:ufcstats:82a5152216251682"],"label":"Honolulu","country":"United States"},"geometry":{"type":"Polygon","coordinates":[[[-158.575873,21.222572],[-158.784523,20.583695],[-158.300801,20.102693],[-157.606849,20.259692],[-157.394228,20.899442],[-157.879487,21.381338],[-158.575873,21.222572]]]}},{"type":"Feature","properties":{"hex_id":"83464efffffffff","population":72868,"population_year":2025,"area_km2":13976.9,"population_density":5.2,"all_players":1,"players_per_million":13.72,"player_ids":["ufc:ufcstats:64facb6cc564262d"],"label":"Wailua","country":"United States"},"geometry":{"type":"Polygon","coordinates":[[[-160.036893,22.640458],[-160.24133,22.005854],[-159.754854,21.535411],[-159.061948,21.698861],[-158.853309,22.334675],[-159.341739,22.805845],[-160.036893,22.640458]]]}},{"type":"Feature","properties":{"hex_id":"83481efffffffff","population":175085,"population_year":2025,"area_km2":14884.3,"population_density":11.8,"all_players":1,"players_per_million":5.71,"player_ids":["ufc:ufcstats:cbf5e6f231b55443"],"label":"Hidalgo del Parral","country":"Mexico"},"geometry":{"type":"Polygon","coordinates":[[[-105.458826,26.091205],[-105.028152,26.651299],[-105.355741,27.266213],[-106.119137,27.319051],[-106.547735,26.755979],[-106.215112,26.143058],[-105.458826,26.091205]]]}},{"type":"Feature","properties":{"hex_id":"83485bfffffffff","population":1470479,"population_year":2025,"area_km2":14254.2,"population_density":103.2,"all_players":1,"players_per_million":0.68,"player_ids":["ufc:ufcstats:5ef94841c4bc3f86"],"label":"Mexicali","country":"Mexico"},"geometry":{"type":"Polygon","coordinates":[[[-114.472395,32.284104],[-114.065608,32.860784],[-114.455074,33.435885],[-115.254005,33.431536],[-115.655316,32.853419],[-115.263286,32.281084],[-114.472395,32.284104]]]}},{"type":"Feature","properties":{"hex_id":"834880fffffffff","population":559617,"population_year":2025,"area_km2":14495.3,"population_density":38.6,"all_players":1,"players_per_million":1.79,"player_ids":["ufc:ufcstats:077e3ace32b72be9"],"label":"Laredo","country":"United States"},"geometry":{"type":"Polygon","coordinates":[[[-99.618117,27.323267],[-99.164459,27.858633],[-99.459906,28.480513],[-100.215657,28.566256],[-100.669249,28.027691],[-100.367242,27.406601],[-99.618117,27.323267]]]}},{"type":"Feature","properties":{"hex_id":"834895fffffffff","population":468331,"population_year":2025,"area_km2":14280.6,"population_density":32.8,"all_players":1,"players_per_million":2.14,"player_ids":["ufc:ufcstats:d4c9dcd330403612"],"label":"Corpus Christi","country":"United States"},"geometry":{"type":"Polygon","coordinates":[[[-97.392235,27.051296],[-96.934862,27.577046],[-97.214868,28.200278],[-97.959283,28.297437],[-98.417355,27.768419],[-98.13039,27.145531],[-97.392235,27.051296]]]}},{"type":"Feature","properties":{"hex_id":"83489efffffffff","population":1808578,"population_year":2025,"area_km2":14123.1,"population_density":128.1,"all_players":1,"players_per_million":0.55,"player_ids":["ufc:ufcstats:b997be68943010fc"],"label":"Austin","country":"United States"},"geometry":{"type":"Polygon","coordinates":[[[-97.034246,29.345255],[-96.567347,29.863731],[-96.850284,30.485306],[-97.607496,30.588286],[-98.075247,30.066766],[-97.785013,29.445331],[-97.034246,29.345255]]]}},{"type":"Feature","properties":{"hex_id":"8348d8fffffffff","population":986719,"population_year":2025,"area_km2":14123.1,"population_density":69.9,"all_players":1,"players_per_million":1.01,"player_ids":["ufc:ufcstats:97cf1a2c7c5e7889"],"label":"Albuquerque","country":"United States"},"geometry":{"type":"Polygon","coordinates":[[[-105.854904,34.885496],[-105.392452,35.425897],[-105.747797,36.019809],[-106.57143,36.071785],[-107.031302,35.529111],[-106.670244,34.936744],[-105.854904,34.885496]]]}},{"type":"Feature","properties":{"hex_id":"83498cfffffffff","population":3417141,"population_year":2025,"area_km2":14715.5,"population_density":232.2,"all_players":1,"players_per_million":0.29,"player_ids":["ufc:ufcstats:e8b731feff72294b"],"label":"Guadalajara","country":"Mexico"},"geometry":{"type":"Polygon","coordinates":[[[-102.651462,20.548282],[-102.229831,21.099852],[-102.527823,21.715825],[-103.252796,21.778355],[-103.673415,21.223091],[-103.370154,20.609007],[-102.651462,20.548282]]]}},{"type":"Feature","properties":{"hex_id":"834995fffffffff","population":24440832,"population_year":2025,"area_km2":14280.6,"population_density":1711.5,"all_players":2,"players_per_million":0.08,"player_ids":["ufc:ufcstats:4148802ae4a50768","ufc:ufcstats:9a97acbfd5a08bfa"],"label":"Mexico City","country":"Mexico"},"geometry":{"type":"Polygon","coordinates":[[[-98.549393,18.976465],[-98.122773,19.512595],[-98.392604,20.126692],[-99.095052,20.20349],[-99.521944,19.663326],[-99.246183,19.050422],[-98.549393,18.976465]]]}},{"type":"Feature","properties":{"hex_id":"834a26fffffffff","population":1322682,"population_year":2025,"area_km2":11454.2,"population_density":115.5,"all_players":1,"players_per_million":0.76,"player_ids":["ufc:ufcstats:4461d7e47375a895"],"label":"Naha","country":"Japan"},"geometry":{"type":"Polygon","coordinates":[[[127.274433,26.446523],[127.394983,25.883021],[128.038499,25.722512],[128.563929,26.127538],[128.443599,26.691973],[127.797591,26.850475],[127.274433,26.446523]]]}},{"type":"Feature","properties":{"hex_id":"83588afffffffff","population":3037768,"population_year":2025,"area_km2":10435.0,"population_density":291.1,"all_players":1,"players_per_million":0.33,"player_ids":["ufc:ufcstats:f1b2aa7853d1ed6e"],"label":"Benin City","country":"Nigeria"},"geometry":{"type":"Polygon","coordinates":[[[5.119015,6.428789],[5.185461,5.870381],[5.720322,5.590237],[6.194103,5.866324],[6.132279,6.427746],[5.592015,6.710091],[5.119015,6.428789]]]}},{"type":"Feature","properties":{"hex_id":"83589cfffffffff","population":5739412,"population_year":2025,"area_km2":10098.6,"population_density":568.3,"all_players":2,"players_per_million":0.35,"player_ids":["ufc:ufcstats:1338e2c7480bdf9e","ufc:ufcstats:94426bb170c88115"],"label":"Lagos","country":"Nigeria"},"geometry":{"type":"Polygon","coordinates":[[[3.125247,6.42502],[3.20051,5.87309],[3.728868,5.597837],[4.187454,5.872618],[4.116527,6.427858],[3.582639,6.705027],[3.125247,6.42502]]]}},{"type":"Feature","properties":{"hex_id":"835f08fffffffff","population":154195,"population_year":2025,"area_km2":12679.7,"population_density":12.2,"all_players":1,"players_per_million":6.49,"player_ids":["ufc:ufcstats:a53d30163304aa6e"],"label":"Skeldon","country":"Guyana"},"geometry":{"type":"Polygon","coordinates":[[[-57.310907,5.509444],[-56.974726,6.064089],[-57.266576,6.611265],[-57.89137,6.603547],[-58.225018,6.051922],[-57.936434,5.505008],[-57.310907,5.509444]]]}},{"type":"Feature","properties":{"hex_id":"835f1cfffffffff","population":413449,"population_year":2025,"area_km2":13235.5,"population_density":31.2,"all_players":1,"players_per_million":2.42,"player_ids":["ufc:ufcstats:2cd428e9606856fd"],"label":"Paramaribo","country":"Suriname"},"geometry":{"type":"Polygon","coordinates":[[[-54.471472,4.960947],[-54.129045,5.521895],[-54.430631,6.07999],[-55.071781,6.077103],[-55.412135,5.518909],[-55.113446,4.960859],[-54.471472,4.960947]]]}},{"type":"Feature","properties":{"hex_id":"8366a5fffffffff","population":2547366,"population_year":2025,"area_km2":12543.2,"population_density":203.1,"all_players":1,"players_per_million":0.39,"player_ids":["ufc:ufcstats:f9ab66e67240db7b"],"label":"Panama City","country":"Panama"},"geometry":{"type":"Polygon","coordinates":[[[-79.962738,9.630944],[-80.344484,9.148051],[-80.079391,8.585331],[-79.43171,8.508112],[-79.051509,8.993518],[-79.317401,9.553624],[-79.962738,9.630944]]]}},{"type":"Feature","properties":{"hex_id":"836732fffffffff","population":1350242,"population_year":2025,"area_km2":10173.5,"population_density":132.7,"all_players":1,"players_per_million":0.74,"player_ids":["ufc:ufcstats:f1fac969a1d70b08"],"label":"Kingston","country":"Jamaica"},"geometry":{"type":"Polygon","coordinates":[[[-77.077591,18.147356],[-77.440592,17.734561],[-77.180408,17.235914],[-76.556909,17.152691],[-76.195921,17.567912],[-76.45638,18.063927],[-77.077591,18.147356]]]}},{"type":"Feature","properties":{"hex_id":"836941fffffffff","population":9684129,"population_year":2025,"area_km2":12374.3,"population_density":782.6,"all_players":1,"players_per_million":0.1,"player_ids":["ufc:ufcstats:cad24459b28592ca"],"label":"Clark Air Base","country":"Philippines"},"geometry":{"type":"Polygon","coordinates":[[[120.103586,15.510196],[120.221419,14.8995],[120.818686,14.722923],[121.301266,15.160283],[121.18304,15.773842],[120.582607,15.947189],[120.103586,15.510196]]]}},{"type":"Feature","properties":{"hex_id":"836ac1fffffffff","population":3889823,"population_year":2025,"area_km2":13642.7,"population_density":285.1,"all_players":1,"players_per_million":0.26,"player_ids":["ufc:ufcstats:ffe9703408fb5964"],"label":"Kyangwali Refugee Settlement","country":"Uganda"},"geometry":{"type":"Polygon","coordinates":[[[31.442175,0.380031],[31.469937,1.021249],[30.913151,1.369609],[30.326951,1.079303],[30.296135,0.437983],[30.854568,0.08704],[31.442175,0.380031]]]}},{"type":"Feature","properties":{"hex_id":"837576fffffffff","population":4725916,"population_year":2025,"area_km2":9127.4,"population_density":517.8,"all_players":1,"players_per_million":0.21,"player_ids":["ufc:ufcstats:eae431e70064e046"],"label":"Accra","country":"Ghana"},"geometry":{"type":"Polygon","coordinates":[[[-1.048007,5.588679],[-0.956372,5.058902],[-0.449615,4.795252],[-0.028986,5.059994],[-0.11701,5.593496],[-0.629315,5.858542],[-1.048007,5.588679]]]}},{"type":"Feature","properties":{"hex_id":"838008fffffffff","population":1574583,"population_year":2025,"area_km2":14884.3,"population_density":105.8,"all_players":1,"players_per_million":0.64,"player_ids":["ufc:ufcstats:4126a78111c0855a"],"label":"São Luís","country":"Brazil"},"geometry":{"type":"Polygon","coordinates":[[[-43.694199,-2.724587],[-43.340729,-2.141797],[-43.668789,-1.545749],[-44.349361,-1.532034],[-44.702911,-2.113846],[-44.375858,-2.710349],[-43.694199,-2.724587]]]}},{"type":"Feature","properties":{"hex_id":"838044fffffffff","population":1264876,"population_year":2025,"area_km2":14549.9,"population_density":86.9,"all_players":1,"players_per_million":0.79,"player_ids":["ufc:ufcstats:3df5493bb279226f"],"label":"Belém","country":"Brazil"},"geometry":{"type":"Polygon","coordinates":[[[-48.764703,-2.023474],[-48.411898,-1.445736],[-48.731466,-0.853662],[-49.401882,-0.839466],[-49.753679,-1.415614],[-49.436112,-2.007544],[-48.764703,-2.023474]]]}},{"type":"Feature","properties":{"hex_id":"838046fffffffff","population":1879402,"population_year":2025,"area_km2":14613.9,"population_density":128.6,"all_players":1,"players_per_million":0.53,"player_ids":["ufc:ufcstats:aa72b0f831d0bfe5"],"label":"Soure","country":"Brazil"},"geometry":{"type":"Polygon","coordinates":[[[-47.738229,-1.460561],[-47.385187,-0.881815],[-47.706559,-0.289793],[-48.379214,-0.276462],[-48.731466,-0.853662],[-48.411898,-1.445736],[-47.738229,-1.460561]]]}},{"type":"Feature","properties":{"hex_id":"838110fffffffff","population":1630827,"population_year":2025,"area_km2":14495.3,"population_density":112.5,"all_players":2,"players_per_million":1.23,"player_ids":["ufc:ufcstats:7dda2cf308f24a02","ufc:ufcstats:b1f21ce050035d58"],"label":"Feira de Santana","country":"Brazil"},"geometry":{"type":"Polygon","coordinates":[[[-38.726375,-12.787448],[-38.373011,-12.211],[-38.708846,-11.628772],[-39.398124,-11.622921],[-39.752678,-12.199994],[-39.416814,-12.782291],[-38.726375,-12.787448]]]}},{"type":"Feature","properties":{"hex_id":"838124fffffffff","population":490108,"population_year":2025,"area_km2":13951.3,"population_density":35.1,"all_players":1,"players_per_million":2.04,"player_ids":["ufc:ufcstats:886264a0c9f4ea5e"],"label":"Montes Claros","country":"Brazil"},"geometry":{"type":"Polygon","coordinates":[[[-42.974527,-17.295269],[-42.614114,-16.739827],[-42.94977,-16.166875],[-43.644994,-16.15015],[-44.005653,-16.706137],[-43.670894,-17.278303],[-42.974527,-17.295269]]]}},{"type":"Feature","properties":{"hex_id":"83815cfffffffff","population":260067,"population_year":2025,"area_km2":14659.9,"population_density":17.7,"all_players":1,"players_per_million":3.85,"player_ids":["ufc:ufcstats:9673a497a9da119a"],"label":"São Geraldo do Araguaia","country":"Brazil"},"geometry":{"type":"Polygon","coordinates":[[[-47.898087,-7.331624],[-47.542215,-6.755733],[-47.865913,-6.158402],[-48.543663,-6.137545],[-48.898696,-6.712518],[-48.576864,-7.309264],[-47.898087,-7.331624]]]}},{"type":"Feature","properties":{"hex_id":"83818dfffffffff","population":511596,"population_year":2025,"area_km2":14799.5,"population_density":34.6,"all_players":1,"players_per_million":1.95,"player_ids":["ufc:ufcstats:12ebd7d157e91701"],"label":"Cajazeiras","country":"Brazil"},"geometry":{"type":"Polygon","coordinates":[[[-37.621911,-7.544231],[-37.272986,-6.959711],[-37.606362,-6.368205],[-38.288975,-6.360484],[-38.63931,-6.945246],[-38.305671,-7.537486],[-37.621911,-7.544231]]]}},{"type":"Feature","properties":{"hex_id":"8381a3fffffffff","population":112718,"population_year":2025,"area_km2":14468.2,"population_density":7.8,"all_players":1,"players_per_million":8.87,"player_ids":["ufc:ufcstats:9c393e836a852f30"],"label":"Coruripe","country":"Brazil"},"geometry":{"type":"Polygon","coordinates":[[[-35.615332,-11.055865],[-35.26868,-10.474948],[-35.6031,-9.893974],[-36.284909,-9.893325],[-36.633406,-10.475075],[-36.298296,-11.05664],[-35.615332,-11.055865]]]}},{"type":"Feature","properties":{"hex_id":"8382d2fffffffff","population":4576418,"population_year":2025,"area_km2":10857.3,"population_density":421.5,"all_players":1,"players_per_million":0.22,"player_ids":["ufc:ufcstats:2f815ed5f8278ba6"],"label":"Douala","country":"Cameroon"},"geometry":{"type":"Polygon","coordinates":[[[10.254928,4.099556],[10.330435,4.686394],[9.867156,4.989684],[9.330927,4.710126],[9.253768,4.12698],[9.714466,3.819691],[10.254928,4.099556]]]}},{"type":"Feature","properties":{"hex_id":"8382dafffffffff","population":11624145,"population_year":2025,"area_km2":10482.3,"population_density":1108.9,"all_players":1,"players_per_million":0.09,"player_ids":["ufc:ufcstats:8667caa0451d245b"],"label":"Imo State","country":"Nigeria"},"geometry":{"type":"Polygon","coordinates":[[[6.731779,5.583806],[6.790367,5.027556],[7.325363,4.745189],[7.806921,5.016634],[7.753094,5.575558],[7.212915,5.860392],[6.731779,5.583806]]]}},{"type":"Feature","properties":{"hex_id":"83831efffffffff","population":10664916,"population_year":2025,"area_km2":13313.8,"population_density":801.0,"all_players":1,"players_per_million":0.09,"player_ids":["ufc:ufcstats:5d1b7e3dd9e11074"],"label":"Luanda","country":"Angola"},"geometry":{"type":"Polygon","coordinates":[[[13.982713,-9.390913],[14.055441,-8.737647],[13.539375,-8.360313],[12.952801,-8.633275],[12.877846,-9.282796],[13.391665,-9.663109],[13.982713,-9.390913]]]}},{"type":"Feature","properties":{"hex_id":"838a0bfffffffff","population":776,"population_year":2025,"area_km2":12395.2,"population_density":0.1,"all_players":1,"players_per_million":1288.66,"player_ids":["ufc:ufcstats:f53d4f21d1b5f2dc"],"label":"Amazonas","country":"Brazil"},"geometry":{"type":"Polygon","coordinates":[[[-64.728104,-3.684742],[-65.062275,-4.205741],[-64.786997,-4.786319],[-64.17931,-4.842012],[-63.849477,-4.320875],[-64.122965,-3.74417],[-64.728104,-3.684742]]]}},{"type":"Feature","properties":{"hex_id":"838a23fffffffff","population":338666,"population_year":2025,"area_km2":12458.3,"population_density":27.2,"all_players":1,"players_per_million":2.95,"player_ids":["ufc:ufcstats:d1c65d2cf2925ddd"],"label":"Porto Velho","country":"Brazil"},"geometry":{"type":"Polygon","coordinates":[[[-64.07325,-8.738798],[-64.409123,-9.274814],[-64.130296,-9.850551],[-63.517508,-9.886822],[-63.186182,-9.35142],[-63.463069,-8.779125],[-64.07325,-8.738798]]]}},{"type":"Feature","properties":{"hex_id":"838ae4fffffffff","population":61797,"population_year":2025,"area_km2":12167.3,"population_density":5.1,"all_players":1,"players_per_million":16.18,"player_ids":["ufc:ufcstats:9256f591b30c073e"],"label":"Coari","country":"Brazil"},"geometry":{"type":"Polygon","coordinates":[[[-63.794611,-3.227687],[-64.122965,-3.74417],[-63.849477,-4.320875],[-63.249517,-4.377108],[-62.926194,-3.840473],[-63.198163,-3.276296],[-63.395825,-3.267833],[-63.794611,-3.227687]]]}},{"type":"Feature","properties":{"hex_id":"838af6fffffffff","population":2308189,"population_year":2025,"area_km2":12892.8,"population_density":179.0,"all_players":3,"players_per_million":1.3,"player_ids":["ufc:ufcstats:b9706f80d005036c","ufc:ufcstats:d0f3959b4a9747e6","ufc:ufcstats:f166e93d04a8c274"],"label":"Manaus","country":"Brazil"},"geometry":{"type":"Polygon","coordinates":[[[-59.55205,-3.425308],[-59.21739,-2.873596],[-59.504555,-2.29987],[-60.1228,-2.279468],[-60.454529,-2.828867],[-60.17097,-3.400976],[-59.55205,-3.425308]]]}},{"type":"Feature","properties":{"hex_id":"838e62fffffffff","population":11162205,"population_year":2025,"area_km2":14586.4,"population_density":765.2,"all_players":2,"players_per_million":0.18,"player_ids":["ufc:ufcstats:850266b3dc4e506e","ufc:ufcstats:d747eb273a40a920"],"label":"Lima","country":"Peru"},"geometry":{"type":"Polygon","coordinates":[[[-77.098584,-11.775261],[-77.498036,-12.328229],[-77.211806,-12.942278],[-76.525741,-13.00159],[-76.128726,-12.448314],[-76.415289,-11.836039],[-77.098584,-11.775261]]]}},{"type":"Feature","properties":{"hex_id":"838f2cfffffffff","population":1065682,"population_year":2025,"area_km2":14227.8,"population_density":74.9,"all_players":1,"players_per_million":0.94,"player_ids":["ufc:ufcstats:7c7332319c14094c"],"label":"Chone","country":"Ecuador"},"geometry":{"type":"Polygon","coordinates":[[[-79.982821,0.245335],[-80.376021,-0.285156],[-80.103039,-0.893531],[-79.43596,-0.969107],[-79.044395,-0.436733],[-79.318227,0.16933],[-79.982821,0.245335]]]}},{"type":"Feature","properties":{"hex_id":"83a726fffffffff","population":1846194,"population_year":2025,"area_km2":9765.8,"population_density":189.0,"all_players":3,"players_per_million":1.62,"player_ids":["ufc:ufcstats:17734443a833cdf7","ufc:ufcstats:32ab52e5de93092d","ufc:ufcstats:6b453bc35a823c3f"],"label":"Perth","country":"Australia"},"geometry":{"type":"Polygon","coordinates":[[[116.156806,-31.717896],[115.668386,-31.333698],[115.004431,-31.434051],[114.818313,-31.922938],[115.307453,-32.314951],[115.982101,-32.210194],[116.156806,-31.717896]]]}},{"type":"Feature","properties":{"hex_id":"83a808fffffffff","population":622901,"population_year":2025,"area_km2":12479.4,"population_density":49.9,"all_players":1,"players_per_million":1.61,"player_ids":["ufc:ufcstats:c0d5c0c95c59050b"],"label":"Presidente Prudente","country":"Brazil"},"geometry":{"type":"Polygon","coordinates":[[[-51.443045,-22.360202],[-51.082091,-21.856255],[-51.404803,-21.299013],[-52.085885,-21.247684],[-52.445193,-21.751941],[-52.125109,-22.30722],[-51.443045,-22.360202]]]}},{"type":"Feature","properties":{"hex_id":"83a810fffffffff","population":24232036,"population_year":2025,"area_km2":12479.4,"population_density":1941.8,"all_players":6,"players_per_million":0.25,"player_ids":["ufc:ufcstats:07225ba28ae309b6","ufc:ufcstats:095854a135e6db55","ufc:ufcstats:253076a23d03dcd0","ufc:ufcstats:528b071cf3da7c56","ufc:ufcstats:64d47ef881a437a4","ufc:ufcstats:e5549c82bfb5582d"],"label":"São Paulo","country":"Brazil"},"geometry":{"type":"Polygon","coordinates":[[[-46.29901,-24.248724],[-45.933728,-23.740374],[-46.268552,-23.19855],[-46.967078,-23.166485],[-47.331841,-23.675521],[-46.998649,-24.215936],[-46.29901,-24.248724]]]}},{"type":"Feature","properties":{"hex_id":"83a811fffffffff","population":4526712,"population_year":2025,"area_km2":12550.3,"population_density":360.7,"all_players":2,"players_per_million":0.44,"player_ids":["ufc:ufcstats:294aa73dbf37d281","ufc:ufcstats:d945aae53e3e54e6"],"label":"Piracicaba","country":"Brazil"},"geometry":{"type":"Polygon","coordinates":[[[-47.331841,-23.675521],[-46.967078,-23.166485],[-47.299771,-22.619816],[-47.995432,-22.583696],[-48.35944,-23.093332],[-48.028592,-23.638488],[-47.331841,-23.675521]]]}},{"type":"Feature","properties":{"hex_id":"83a812fffffffff","population":2354312,"population_year":2025,"area_km2":12636.3,"population_density":186.3,"all_players":1,"players_per_million":0.42,"player_ids":["ufc:ufcstats:7ee0fd831c0fe7c3"],"label":"Taubaté","country":"Brazil"},"geometry":{"type":"Polygon","coordinates":[[[-45.232774,-23.768137],[-44.867828,-23.253515],[-45.204057,-22.710396],[-45.90388,-22.683194],[-46.268552,-23.19855],[-45.933728,-23.740374],[-45.232774,-23.768137]]]}},{"type":"Feature","properties":{"hex_id":"83a813fffffffff","population":3194695,"population_year":2025,"area_km2":12716.0,"population_density":251.2,"all_players":1,"players_per_million":0.31,"player_ids":["ufc:ufcstats:1ae8f3c723aacff4"],"label":"Campinas","country":"Brazil"},"geometry":{"type":"Polygon","coordinates":[[[-46.268552,-23.19855],[-45.90388,-22.683194],[-46.238194,-22.13513],[-46.93561,-22.103817],[-47.299771,-22.619816],[-46.967078,-23.166485],[-46.268552,-23.19855]]]}},{"type":"Feature","properties":{"hex_id":"83a829fffffffff","population":361337,"population_year":2025,"area_km2":11831.3,"population_density":30.5,"all_players":1,"players_per_million":2.77,"player_ids":["ufc:ufcstats:6a1901c62ab3870f"],"label":"Umuarama","country":"Brazil"},"geometry":{"type":"Polygon","coordinates":[[[-53.562991,-24.267236],[-53.203932,-23.784445],[-53.521607,-23.23677],[-54.195369,-23.174089],[-54.552341,-23.657242],[-54.237679,-24.202718],[-53.562991,-24.267236]]]}},{"type":"Feature","properties":{"hex_id":"83a831fffffffff","population":3481652,"population_year":2025,"area_km2":11889.7,"population_density":292.8,"all_players":2,"players_per_million":0.57,"player_ids":["ufc:ufcstats:6551c64fbcd1a467","ufc:ufcstats:68d35296f566792b"],"label":"Curitiba","country":"Brazil"},"geometry":{"type":"Polygon","coordinates":[[[-48.461028,-26.195141],[-48.095234,-25.707467],[-48.427056,-25.175061],[-49.122632,-25.131953],[-49.487409,-25.620271],[-49.157677,-26.151054],[-48.461028,-26.195141]]]}},{"type":"Feature","properties":{"hex_id":"83a870fffffffff","population":410754,"population_year":2025,"area_km2":12047.7,"population_density":34.1,"all_players":1,"players_per_million":2.43,"player_ids":["ufc:ufcstats:9d62c2d8ee151f08"],"label":"Dourados","country":"Brazil"},"geometry":{"type":"Polygon","coordinates":[[[-54.509641,-22.623099],[-54.153187,-22.13259],[-54.46707,-21.576348],[-55.134298,-21.512938],[-55.488495,-22.00366],[-55.17776,-22.557583],[-54.509641,-22.623099]]]}},{"type":"Feature","properties":{"hex_id":"83a881fffffffff","population":2871054,"population_year":2025,"area_km2":13361.1,"population_density":214.9,"all_players":3,"players_per_million":1.04,"player_ids":["ufc:ufcstats:2e5c2aa8e4ab9d82","ufc:ufcstats:71171fc96445bf65","ufc:ufcstats:d3f5d33d61cd00c9"],"label":"Belo Horizonte","country":"Brazil"},"geometry":{"type":"Polygon","coordinates":[[[-43.049294,-20.61768],[-42.687026,-20.078722],[-43.024289,-19.521358],[-43.722951,-19.503925],[-44.08545,-20.043635],[-43.749109,-20.600024],[-43.049294,-20.61768]]]}},{"type":"Feature","properties":{"hex_id":"83a895fffffffff","population":2054532,"population_year":2025,"area_km2":13235.5,"population_density":155.2,"all_players":1,"players_per_million":0.49,"player_ids":["ufc:ufcstats:351c4ec637380ad5"],"label":"Vila Velha","country":"Brazil"},"geometry":{"type":"Polygon","coordinates":[[[-39.90892,-21.205613],[-39.549413,-20.663645],[-39.889159,-20.11585],[-40.588232,-20.110707],[-40.948691,-20.653736],[-40.609178,-21.200843],[-39.90892,-21.205613]]]}},{"type":"Feature","properties":{"hex_id":"83a8a0fffffffff","population":8274783,"population_year":2025,"area_km2":12679.7,"population_density":652.6,"all_players":5,"players_per_million":0.6,"player_ids":["ufc:ufcstats:23024fdfc966410a","ufc:ufcstats:260e9e0d4954aea6","ufc:ufcstats:a0f0004aadf10b71","ufc:ufcstats:b9f28e7045fdfce7","ufc:ufcstats:c21f26bbde777573"],"label":"Rio de Janeiro","country":"Brazil"},"geometry":{"type":"Polygon","coordinates":[[[-43.124812,-23.832505],[-42.760671,-23.312736],[-43.099555,-22.773798],[-43.801686,-22.755715],[-44.166042,-23.27637],[-43.828106,-23.81422],[-43.124812,-23.832505]]]}},{"type":"Feature","properties":{"hex_id":"83a8a2fffffffff","population":2464028,"population_year":2025,"area_km2":12803.9,"population_density":192.4,"all_players":2,"players_per_million":0.81,"player_ids":["ufc:ufcstats:64a50dad704d1d49","ufc:ufcstats:f5779a2303ed76ec"],"label":"Nova Friburgo","country":"Brazil"},"geometry":{"type":"Polygon","coordinates":[[[-42.057507,-23.326224],[-41.694455,-22.80075],[-42.034051,-22.260838],[-42.736041,-22.247372],[-43.099555,-22.773798],[-42.760671,-23.312736],[-42.057507,-23.326224]]]}},{"type":"Feature","properties":{"hex_id":"83a8a8fffffffff","population":782042,"population_year":2025,"area_km2":13096.6,"population_density":59.7,"all_players":1,"players_per_million":1.28,"player_ids":["ufc:ufcstats:beecb672a279223e"],"label":"Varginha","country":"Brazil"},"geometry":{"type":"Polygon","coordinates":[[[-45.175436,-21.639616],[-44.811721,-21.111596],[-45.146908,-20.556317],[-45.844479,-20.530299],[-46.207935,-21.058958],[-45.874131,-21.612996],[-45.175436,-21.639616]]]}},{"type":"Feature","properties":{"hex_id":"83a8c2fffffffff","population":3148012,"population_year":2025,"area_km2":13816.5,"population_density":227.8,"all_players":2,"players_per_million":0.64,"player_ids":["ufc:ufcstats:36541f1e6c5d4955","ufc:ufcstats:ae7fe94f117f98cf"],"label":"Anápolis","country":"Brazil"},"geometry":{"type":"Polygon","coordinates":[[[-48.159186,-16.550202],[-47.798704,-16.003258],[-48.126183,-15.422507],[-48.812224,-15.390072],[-49.171786,-15.937051],[-48.846275,-16.51643],[-48.159186,-16.550202]]]}},{"type":"Feature","properties":{"hex_id":"83a8d1fffffffff","population":1307414,"population_year":2025,"area_km2":13968.4,"population_density":93.6,"all_players":1,"players_per_million":0.76,"player_ids":["ufc:ufcstats:01641ba5df0c69b0"],"label":"Brasília","country":"Brazil"},"geometry":{"type":"Polygon","coordinates":[[[-47.109521,-16.03319],[-46.748934,-15.481233],[-47.078169,-14.899273],[-47.766284,-14.870479],[-48.126183,-15.422507],[-47.798704,-16.003258],[-47.109521,-16.03319]]]}},{"type":"Feature","properties":{"hex_id":"83a8f5fffffffff","population":818890,"population_year":2025,"area_km2":13258.9,"population_density":61.8,"all_players":2,"players_per_million":2.44,"player_ids":["ufc:ufcstats:b67d6bacc68d4c92","ufc:ufcstats:cc8c623cca88f54f"],"label":"Uberlândia","country":"Brazil"},"geometry":{"type":"Polygon","coordinates":[[[-48.25883,-19.873495],[-47.896593,-19.343886],[-48.225509,-18.776397],[-48.914703,-18.740054],[-49.275989,-19.269969],[-48.949081,-19.835922],[-48.25883,-19.873495]]]}},{"type":"Feature","properties":{"hex_id":"83a901fffffffff","population":2069471,"population_year":2025,"area_km2":10503.5,"population_density":197.0,"all_players":1,"players_per_million":0.48,"player_ids":["ufc:ufcstats:18d01f7f8338ae72"],"label":"Porto Alegre","country":"Brazil"},"geometry":{"type":"Polygon","coordinates":[[[-50.731849,-30.918964],[-50.364839,-30.477299],[-50.694112,-29.975751],[-51.387869,-29.917536],[-51.753337,-30.359872],[-51.426638,-30.859753],[-50.731849,-30.918964]]]}},{"type":"Feature","properties":{"hex_id":"83a92dfffffffff","population":149104,"population_year":2025,"area_km2":9913.0,"population_density":15.0,"all_players":1,"players_per_million":6.71,"player_ids":["ufc:ufcstats:cd2c4d30c6e13b47"],"label":"Bagé","country":"Brazil"},"geometry":{"type":"Polygon","coordinates":[[[-53.898689,-32.004109],[-53.535315,-31.584902],[-53.856272,-31.088574],[-54.537492,-31.013337],[-54.898655,-31.433197],[-54.58085,-31.927643],[-53.898689,-32.004109]]]}},{"type":"Feature","properties":{"hex_id":"83a952fffffffff","population":544877,"population_year":2025,"area_km2":11344.9,"population_density":48.0,"all_players":1,"players_per_million":1.84,"player_ids":["ufc:ufcstats:8adcbd525fab8d9b"],"label":"Francisco Beltrão","country":"Brazil"},"geometry":{"type":"Polygon","coordinates":[[[-52.645284,-26.881699],[-52.283234,-26.414766],[-52.605017,-25.883021],[-53.286011,-25.82025],[-53.646141,-26.287714],[-53.32724,-26.81742],[-52.645284,-26.881699]]]}},{"type":"Feature","properties":{"hex_id":"83a95efffffffff","population":1101618,"population_year":2025,"area_km2":11381.2,"population_density":96.8,"all_players":1,"players_per_million":0.91,"player_ids":["ufc:ufcstats:52ef95b5860fb28c"],"label":"Foz do Iguaçu","country":"Brazil"},"geometry":{"type":"Polygon","coordinates":[[[-54.638131,-25.686005],[-54.280118,-25.218062],[-54.595171,-24.678341],[-55.265077,-24.608855],[-55.620786,-25.077223],[-55.308933,-25.614656],[-54.638131,-25.686005]]]}},{"type":"Feature","properties":{"hex_id":"83b35efffffffff","population":782803,"population_year":2025,"area_km2":11640.2,"population_density":67.2,"all_players":1,"players_per_million":1.28,"player_ids":["ufc:ufcstats:323d4ca260dfa0ba"],"label":"Salta","country":"Argentina"},"geometry":{"type":"Polygon","coordinates":[[[-65.930919,-24.664263],[-66.296233,-25.199133],[-65.999507,-25.720165],[-65.339294,-25.704972],[-64.978816,-25.171988],[-65.273679,-24.652318],[-65.930919,-24.664263]]]}},{"type":"Feature","properties":{"hex_id":"83bb50fffffffff","population":1759286,"population_year":2025,"area_km2":13096.6,"population_density":134.3,"all_players":4,"players_per_million":2.27,"player_ids":["ufc:ufcstats:193b9d1858bc4df3","ufc:ufcstats:9014c02eff8b3d62","ufc:ufcstats:c15fa95b9a12fde4","ufc:ufcstats:e13abac8089a801a"],"label":"Auckland","country":"New Zealand"},"geometry":{"type":"Polygon","coordinates":[[[175.568271,-36.884501],[175.227336,-36.30045],[174.454886,-36.252874],[174.011624,-36.792406],[174.349024,-37.382116],[175.133375,-37.426619],[175.568271,-36.884501]]]}},{"type":"Feature","properties":{"hex_id":"83bcdcfffffffff","population":5083336,"population_year":2025,"area_km2":13976.9,"population_density":363.7,"all_players":1,"players_per_million":0.2,"player_ids":["ufc:ufcstats:3c8a5200436e19f3"],"label":"Pretoria","country":"South Africa"},"geometry":{"type":"Polygon","coordinates":[[[28.952033,-25.669244],[28.990355,-25.017922],[28.373062,-24.660342],[27.716088,-24.953664],[27.674042,-25.604797],[28.292681,-25.962826],[28.952033,-25.669244]]]}},{"type":"Feature","properties":{"hex_id":"83bceafffffffff","population":458566,"population_year":2025,"area_km2":13456.5,"population_density":34.1,"all_players":1,"players_per_million":2.18,"player_ids":["ufc:ufcstats:0d7b51c9d2649a6e"],"label":"Welkom","country":"South Africa"},"geometry":{"type":"Polygon","coordinates":[[[26.835002,-28.455298],[26.880067,-27.820109],[26.259296,-27.461202],[25.592669,-27.737086],[25.543874,-28.371706],[26.165419,-28.731042],[26.835002,-28.455298]]]}},{"type":"Feature","properties":{"hex_id":"83be08fffffffff","population":3715576,"population_year":2025,"area_km2":14884.3,"population_density":249.6,"all_players":1,"players_per_million":0.27,"player_ids":["ufc:ufcstats:e1248941344b3288"],"label":"Wollongong","country":"Australia"},"geometry":{"type":"Polygon","coordinates":[[[151.210157,-34.25249],[151.038963,-33.586023],[150.264159,-33.373537],[149.651925,-33.824078],[149.812161,-34.491757],[150.595673,-34.707733],[151.210157,-34.25249]]]}},{"type":"Feature","properties":{"hex_id":"83be0afffffffff","population":256709,"population_year":2025,"area_km2":14884.3,"population_density":17.2,"all_players":1,"players_per_million":3.9,"player_ids":["ufc:ufcstats:af9f42e6894047fc"],"label":"Central Coast","country":"Australia"},"geometry":{"type":"Polygon","coordinates":[[[151.64327,-33.128216],[151.470866,-32.462772],[150.704674,-32.253721],[150.102358,-32.706727],[150.264159,-33.373537],[151.038963,-33.586023],[151.64327,-33.128216]]]}},{"type":"Feature","properties":{"hex_id":"83be63fffffffff","population":5389912,"population_year":2025,"area_km2":14468.2,"population_density":372.5,"all_players":1,"players_per_million":0.19,"player_ids":["ufc:ufcstats:a845f0735bc67405"],"label":"Melbourne","country":"Australia"},"geometry":{"type":"Polygon","coordinates":[[[145.46356,-38.204698],[145.333886,-37.53716],[144.549504,-37.286204],[143.887418,-37.698406],[144.004411,-38.36545],[144.796215,-38.620841],[145.46356,-38.204698]]]}},{"type":"Feature","properties":{"hex_id":"83c203fffffffff","population":691818,"population_year":2025,"area_km2":7725.5,"population_density":89.5,"all_players":1,"players_per_million":1.45,"player_ids":["ufc:ufcstats:239d8e5359022f3b"],"label":"Mar del Plata","country":"Argentina"},"geometry":{"type":"Polygon","coordinates":[[[-57.33946,-38.763897],[-56.978292,-38.422884],[-57.291796,-37.980681],[-57.962724,-37.880975],[-58.295648,-38.352175],[-57.99771,-38.728564],[-57.787802,-38.697249],[-57.33946,-38.763897]]]}},{"type":"Feature","properties":{"hex_id":"83c2e2fffffffff","population":832474,"population_year":2025,"area_km2":8604.7,"population_density":96.7,"all_players":1,"players_per_million":1.2,"player_ids":["ufc:ufcstats:6d1bffff14897645"],"label":"La Plata","country":"Argentina"},"geometry":{"type":"Polygon","coordinates":[[[-57.14966,-35.542611],[-56.790499,-35.17012],[-57.102564,-34.700194],[-57.770125,-34.604602],[-58.126426,-34.977792],[-57.818061,-35.445874],[-57.14966,-35.542611]]]}},{"type":"Feature","properties":{"hex_id":"83ce8afffffffff","population":645054,"population_year":2025,"area_km2":10435.0,"population_density":61.8,"all_players":1,"players_per_million":1.55,"player_ids":["ufc:ufcstats:9e8f6c728eb01124"],"label":"Temucuicui","country":"Chile"},"geometry":{"type":"Polygon","coordinates":[[[-72.022646,-38.849168],[-71.773156,-38.321768],[-72.21322,-37.830135],[-72.904092,-37.858631],[-73.165918,-38.384509],[-72.724646,-38.883475],[-72.022646,-38.849168]]]}}]}