{"type":"FeatureCollection","metadata":{"population_source":"WorldPop Global 2 R2025A","population_source_url":"https://hub.worldpop.org/project/categories?id=3","population_license":"CC BY 4.0","population_year":2025,"raster_resolution":"1km","h3_resolution":3,"population_method":"official_country_rasters","occupied_cells":545,"mapped_players":2423},"features":[{"type":"Feature","properties":{"hex_id":"830742fffffffff","population":5221,"population_year":2025,"area_km2":10924.8,"population_density":0.5,"all_players":2,"players_per_million":383.07,"player_ids":["top5:hakon-haraldsson:2003","top5:hakon-valdimarsson:2001"],"label":"Iceland","country":"Iceland"},"geometry":{"type":"Polygon","coordinates":[[[-18.602733,65.687078],[-19.881894,65.86264],[-20.90437,65.434808],[-20.632368,64.842839],[-19.392838,64.678405],[-18.386232,65.095046],[-18.602733,65.687078]]]}},{"type":"Feature","properties":{"hex_id":"83075dfffffffff","population":294528,"population_year":2025,"area_km2":11149.1,"population_density":26.4,"all_players":4,"players_per_million":13.58,"player_ids":["top5:albert-gumundsson:1997","top5:mikael-ellertsson:2002","top5:orir-johann-helgason:2000","top5:orri-steinn-oskarsson:2004"],"label":"Reykjavík","country":"Iceland"},"geometry":{"type":"Polygon","coordinates":[[[-21.60635,64.407745],[-22.864489,64.553188],[-23.803361,64.100076],[-23.475347,63.513245],[-22.257384,63.377933],[-21.32794,63.819532],[-21.60635,64.407745]]]}},{"type":"Feature","properties":{"hex_id":"830802fffffffff","population":77171,"population_year":2025,"area_km2":7725.5,"population_density":10.0,"all_players":1,"players_per_million":12.96,"player_ids":["top5:warren-kamanzi:2000"],"label":"Namsos Municipality","country":"Norway"},"geometry":{"type":"Polygon","coordinates":[[[10.618775,64.2637],[10.699671,63.822428],[11.792822,63.67262],[12.823919,63.960727],[12.525591,64.483992],[11.529258,64.595949],[11.305776,64.459678],[10.618775,64.2637]]]}},{"type":"Feature","properties":{"hex_id":"830815fffffffff","population":329673,"population_year":2025,"area_km2":7890.8,"population_density":41.8,"all_players":4,"players_per_million":12.13,"player_ids":["top5:alexander-srloth:1995","top5:marius-broholm:2004","top5:sander-tangvik:2002","top5:torbjrn-heggem:1999"],"label":"Trondheim","country":"Norway"},"geometry":{"type":"Polygon","coordinates":[[[9.693861,63.519707],[9.782461,63.071538],[10.856626,62.924851],[11.860961,63.22328],[11.792822,63.67262],[10.699671,63.822428],[9.693861,63.519707]]]}},{"type":"Feature","properties":{"hex_id":"830829fffffffff","population":63840,"population_year":2025,"area_km2":8291.7,"population_density":7.7,"all_players":1,"players_per_million":15.66,"player_ids":["top5:andreas-hanche-olsen:1997"],"label":"Bodø","country":"Norway"},"geometry":{"type":"Polygon","coordinates":[[[14.838562,66.535682],[15.528131,66.912505],[14.813659,67.351769],[13.378476,67.400289],[12.719428,67.011021],[13.463342,66.585639],[14.838562,66.535682]]]}},{"type":"Feature","properties":{"hex_id":"830832fffffffff","population":84385,"population_year":2025,"area_km2":8154.3,"population_density":10.3,"all_players":1,"players_per_million":11.85,"player_ids":["top5:leo-skiri-stigard:1999"],"label":"Molde Municipality","country":"Norway"},"geometry":{"type":"Polygon","coordinates":[[[7.873606,63.139464],[6.966744,62.937386],[7.050817,62.418189],[8.014813,62.103539],[8.89917,62.303935],[8.841794,62.820583],[7.873606,63.139464]]]}},{"type":"Feature","properties":{"hex_id":"830886fffffffff","population":2640375,"population_year":2025,"area_km2":9267.4,"population_density":284.9,"all_players":15,"players_per_million":5.68,"player_ids":["top5:alexander-isak:1999","top5:carl-starfelt:1995","top5:daniel-svensson:2002","top5:hjalmar-ekdal:1998","top5:isak-hien:1999","top5:isak-vural:2006","top5:jesper-karlstrom:1995","top5:joel-asoro:1999","top5:love-arrhov:2008","top5:lucas-bergvall:2006","top5:mayckel-lahdo:2002","top5:victor-lindelof:1994","top5:viktor-gyokeres:1998","top5:williot-swedberg:2004","top5:yasin-ayari:2003"],"label":"Stockholm","country":"Sweden"},"geometry":{"type":"Polygon","coordinates":[[[16.278958,59.64339],[16.300028,59.146064],[17.2862,58.926343],[18.263528,59.200793],[18.261053,59.698623],[17.262594,59.921571],[16.278958,59.64339]]]}},{"type":"Feature","properties":{"hex_id":"83089dfffffffff","population":385080,"population_year":2025,"area_km2":9177.2,"population_density":42.0,"all_players":1,"players_per_million":2.6,"player_ids":["top5:lucas-bergstrom:2002"],"label":"Pargas","country":"Finland"},"geometry":{"type":"Polygon","coordinates":[[[21.262732,59.972327],[22.247654,59.719041],[22.58675,59.797765],[23.118061,60.034583],[23.009481,60.610921],[22.080946,60.825166],[21.289182,60.46251],[21.262732,59.972327]]]}},{"type":"Feature","properties":{"hex_id":"8308a3fffffffff","population":176922,"population_year":2025,"area_km2":8798.2,"population_density":20.1,"all_players":2,"players_per_million":11.3,"player_ids":["top5:alieu-njie:2005","top5:patrik-carlgren:1992"],"label":"Falun","country":"Sweden"},"geometry":{"type":"Polygon","coordinates":[[[14.187909,61.0171],[14.229578,60.536136],[15.246287,60.34036],[16.235599,60.62239],[16.213285,61.104087],[15.182199,61.303091],[14.187909,61.0171]]]}},{"type":"Feature","properties":{"hex_id":"8308a4fffffffff","population":300383,"population_year":2025,"area_km2":8704.4,"population_density":34.5,"all_players":1,"players_per_million":3.33,"player_ids":["top5:aron-dnnum:1998"],"label":"Eidsvoll Municipality","country":"Norway"},"geometry":{"type":"Polygon","coordinates":[[[10.200246,60.75467],[10.279089,60.275949],[11.292042,60.110099],[12.242598,60.420411],[12.182044,60.90038],[11.152473,61.068853],[10.200246,60.75467]]]}},{"type":"Feature","properties":{"hex_id":"8308b3fffffffff","population":468401,"population_year":2025,"area_km2":9468.7,"population_density":49.5,"all_players":1,"players_per_million":2.13,"player_ids":["top5:pontus-almqvist:1999"],"label":"Nyköping","country":"Sweden"},"geometry":{"type":"Polygon","coordinates":[[[15.337944,58.85726],[15.367369,58.352457],[16.341003,58.135723],[17.297675,58.420875],[17.2862,58.926343],[16.300028,59.146064],[15.337944,58.85726]]]}},{"type":"Feature","properties":{"hex_id":"8308b6fffffffff","population":456401,"population_year":2025,"area_km2":9617.6,"population_density":47.5,"all_players":2,"players_per_million":4.38,"player_ids":["top5:hugo-bolin:2003","top5:isak-jansson:2002"],"label":"Borås","country":"Sweden"},"geometry":{"type":"Polygon","coordinates":[[[12.52887,57.942851],[12.583033,57.431753],[13.543636,57.232114],[14.463717,57.541165],[14.42648,58.053358],[13.452122,58.255469],[12.52887,57.942851]]]}},{"type":"Feature","properties":{"hex_id":"8308d1fffffffff","population":268286,"population_year":2025,"area_km2":9468.7,"population_density":28.3,"all_players":1,"players_per_million":3.73,"player_ids":["top5:tuomas-ollila:2000"],"label":"Finland","country":"Finland"},"geometry":{"type":"Polygon","coordinates":[[[25.186121,64.562344],[26.241034,64.343024],[27.24471,64.693887],[27.198004,65.271757],[26.107236,65.493326],[25.099653,65.134667],[25.186121,64.562344]]]}},{"type":"Feature","properties":{"hex_id":"8308edfffffffff","population":108348,"population_year":2025,"area_km2":9127.4,"population_density":11.9,"all_players":1,"players_per_million":9.23,"player_ids":["top5:isak-hansen-aaren:2004"],"label":"Tromsø Municipality","country":"Norway"},"geometry":{"type":"Polygon","coordinates":[[[19.452199,68.805825],[20.345556,69.184214],[19.653636,69.667111],[18.017064,69.75712],[17.152179,69.363207],[17.892928,68.894856],[19.452199,68.805825]]]}},{"type":"Feature","properties":{"hex_id":"830981fffffffff","population":464108,"population_year":2025,"area_km2":8833.8,"population_density":52.5,"all_players":2,"players_per_million":4.31,"player_ids":["top5:david-mller-wolfe:2002","top5:joel-mvuka:2002"],"label":"Bergen","country":"Norway"},"geometry":{"type":"Polygon","coordinates":[[[5.479069,60.921986],[4.617141,60.68665],[4.728491,60.147218],[5.676795,59.845508],[6.519601,60.078952],[6.433065,60.615921],[5.479069,60.921986]]]}},{"type":"Feature","properties":{"hex_id":"830982fffffffff","population":391428,"population_year":2025,"area_km2":9089.8,"population_density":43.1,"all_players":2,"players_per_million":5.11,"player_ids":["top5:kristian-thorstvedt:1999","top5:sebastian-sebulonsen:2000"],"label":"Stavanger","country":"Norway"},"geometry":{"type":"Polygon","coordinates":[[[5.771834,59.301905],[4.942609,59.057498],[5.045595,58.507349],[5.954743,58.204311],[6.766113,58.447096],[6.686042,58.994472],[5.771834,59.301905]]]}},{"type":"Feature","properties":{"hex_id":"830991fffffffff","population":63638,"population_year":2025,"area_km2":9177.2,"population_density":6.9,"all_players":2,"players_per_million":31.43,"player_ids":["top5:julian-ryerson:1997","top5:mathias-rasmussen:1997"],"label":"Flekkefjord Municipality","country":"Norway"},"geometry":{"type":"Polygon","coordinates":[[[5.954743,58.204311],[6.042789,57.650466],[6.337434,57.548298],[6.974929,57.449891],[7.83591,57.799925],[7.739213,58.299457],[6.766113,58.447096],[5.954743,58.204311]]]}},{"type":"Feature","properties":{"hex_id":"830998fffffffff","population":314973,"population_year":2025,"area_km2":9064.9,"population_density":34.7,"all_players":1,"players_per_million":3.17,"player_ids":["top5:dennis-johnsen:1998"],"label":"Skien","country":"Norway"},"geometry":{"type":"Polygon","coordinates":[[[8.530744,59.133732],[8.621993,58.641064],[9.60198,58.479613],[10.506961,58.80883],[10.432407,59.303039],[9.435996,59.466549],[8.530744,59.133732]]]}},{"type":"Feature","properties":{"hex_id":"830999fffffffff","population":1719569,"population_year":2025,"area_km2":8885.6,"population_density":193.5,"all_players":10,"players_per_million":5.82,"player_ids":["top5:alexander-rssing-lelesiit:2007","top5:antonio-nusa:2005","top5:fredrik-oppegard:2002","top5:jones-el-abdellaoui:2006","top5:kristoffer-ajer:1998","top5:martin-degaard:1998","top5:morten-thorsby:1996","top5:osame-sahraoui:2001","top5:oscar-bobb:2003","top5:sander-berge:1998"],"label":"Oslo","country":"Norway"},"geometry":{"type":"Polygon","coordinates":[[[9.350687,59.952276],[9.435996,59.466549],[10.432407,59.303039],[11.359873,59.622978],[11.292042,60.110099],[10.279089,60.275949],[9.350687,59.952276]]]}},{"type":"Feature","properties":{"hex_id":"83099bfffffffff","population":300161,"population_year":2025,"area_km2":9127.4,"population_density":32.9,"all_players":2,"players_per_million":6.66,"player_ids":["top5:jrgen-strand-larsen:2000","top5:kjetil-haug:1998"],"label":"Halden","country":"Norway"},"geometry":{"type":"Polygon","coordinates":[[[10.432407,59.303039],[10.506961,58.80883],[11.491807,58.6332],[12.417538,58.949451],[12.360313,59.444957],[11.359873,59.622978],[10.432407,59.303039]]]}},{"type":"Feature","properties":{"hex_id":"8309abfffffffff","population":65272,"population_year":2025,"area_km2":8566.9,"population_density":7.6,"all_players":1,"players_per_million":15.32,"player_ids":["top5:rjan-nyland:1990"],"label":"Volda Municipality","country":"Norway"},"geometry":{"type":"Polygon","coordinates":[[[5.161766,62.508955],[4.264511,62.282475],[4.385278,61.754338],[5.376175,61.454733],[6.25291,61.679006],[6.159096,62.205005],[5.161766,62.508955]]]}},{"type":"Feature","properties":{"hex_id":"830b96fffffffff","population":806272,"population_year":2025,"area_km2":13900.5,"population_density":58.0,"all_players":1,"players_per_million":1.24,"player_ids":["top5:aleksandr-golovin:1996"],"label":"Kaltan","country":"Russia"},"geometry":{"type":"Polygon","coordinates":[[[86.420321,53.471368],[86.724855,52.830545],[87.772964,52.654203],[88.537534,53.11311],[88.258617,53.755486],[87.189215,53.937503],[86.420321,53.471368]]]}},{"type":"Feature","properties":{"hex_id":"830c73fffffffff","population":435443,"population_year":2025,"area_km2":10947.5,"population_density":39.8,"all_players":1,"players_per_million":2.3,"player_ids":["top5:obed-vargas:2005"],"label":"Anchorage","country":"United States"},"geometry":{"type":"Polygon","coordinates":[[[-150.392556,61.956278],[-151.272097,61.5061],[-150.922388,60.973132],[-149.734494,60.884637],[-148.855808,61.3207],[-149.163316,61.859163],[-150.392556,61.956278]]]}},{"type":"Feature","properties":{"hex_id":"831081fffffffff","population":2290644,"population_year":2025,"area_km2":13361.1,"population_density":171.4,"all_players":1,"players_per_million":0.44,"player_ids":["top5:arsen-zakharyan:2003"],"label":"Samara","country":"Russia"},"geometry":{"type":"Polygon","coordinates":[[[49.181376,53.396763],[49.90654,52.931103],[50.939936,53.088444],[51.269287,53.717269],[50.540162,54.190111],[49.485347,54.026852],[49.181376,53.396763]]]}},{"type":"Feature","properties":{"hex_id":"831124fffffffff","population":384155,"population_year":2025,"area_km2":9491.0,"population_density":40.5,"all_players":1,"players_per_million":2.6,"player_ids":["top5:glen-kamara:1995"],"label":"Tampere","country":"Finland"},"geometry":{"type":"Polygon","coordinates":[[[23.838471,60.96689],[24.776007,60.739129],[25.642328,61.087458],[25.572963,61.67092],[24.606482,61.900041],[23.738785,61.54427],[23.838471,60.96689]]]}},{"type":"Feature","properties":{"hex_id":"831126fffffffff","population":1368524,"population_year":2025,"area_km2":9668.2,"population_density":141.5,"all_players":1,"players_per_million":0.73,"player_ids":["top5:ville-koski:2002"],"label":"Tuusula","country":"Finland"},"geometry":{"type":"Polygon","coordinates":[[[24.856526,60.156524],[25.77412,59.916287],[26.638012,60.257092],[26.587158,60.845587],[25.642328,61.087458],[24.776007,60.739129],[24.856526,60.156524]]]}},{"type":"Feature","properties":{"hex_id":"831134fffffffff","population":113304,"population_year":2025,"area_km2":9751.8,"population_density":11.6,"all_players":1,"players_per_million":8.83,"player_ids":["top5:karol-mets:1993"],"label":"Viljandi","country":"Estonia"},"geometry":{"type":"Polygon","coordinates":[[[25.082722,58.401545],[25.956114,58.150723],[26.780743,58.484415],[26.734724,59.076383],[25.836775,59.328818],[25.00976,58.98761],[25.082722,58.401545]]]}},{"type":"Feature","properties":{"hex_id":"831136fffffffff","population":252250,"population_year":2025,"area_km2":9914.9,"population_density":25.4,"all_players":1,"players_per_million":3.96,"player_ids":["top5:karl-jakob-hein:2002"],"label":"Põlva","country":"Estonia"},"geometry":{"type":"Polygon","coordinates":[[[25.950722,57.598497],[26.868471,57.29788],[27.689922,57.623979],[27.659381,58.220074],[26.780743,58.484415],[25.956114,58.150723],[25.984773,57.855633],[25.950722,57.598497]]]}},{"type":"Feature","properties":{"hex_id":"831196fffffffff","population":2285765,"population_year":2025,"area_km2":11481.1,"population_density":199.1,"all_players":1,"players_per_million":0.44,"player_ids":["top5:vladyslav-krapyvtsov:2005"],"label":"Kharkiv","country":"Ukraine"},"geometry":{"type":"Polygon","coordinates":[[[35.368851,50.173554],[36.116724,49.779343],[36.931433,50.025114],[37.034158,50.647341],[36.300322,51.020528],[35.476624,50.766895],[35.435884,50.45735],[35.368851,50.173554]]]}},{"type":"Feature","properties":{"hex_id":"8312ccfffffffff","population":1434940,"population_year":2025,"area_km2":11792.7,"population_density":121.7,"all_players":1,"players_per_million":0.7,"player_ids":["top5:fikayo-tomori:1997"],"label":"Calgary","country":"Canada"},"geometry":{"type":"Polygon","coordinates":[[[-114.293343,51.131925],[-114.651332,50.586397],[-114.07578,50.077443],[-113.145489,50.103732],[-112.766876,50.644307],[-113.338768,51.163639],[-114.293343,51.131925]]]}},{"type":"Feature","properties":{"hex_id":"831820fffffffff","population":46723,"population_year":2025,"area_km2":11509.5,"population_density":4.1,"all_players":1,"players_per_million":21.4,"player_ids":["top5:seamus-coleman:1988"],"label":"Donegal","country":"Ireland"},"geometry":{"type":"Polygon","coordinates":[[[-9.231276,55.432864],[-9.983808,55.050579],[-9.70528,54.467301],[-8.694917,54.266187],[-7.94931,54.644476],[-8.206991,55.227804],[-9.231276,55.432864]]]}},{"type":"Feature","properties":{"hex_id":"831825fffffffff","population":616884,"population_year":2025,"area_km2":11308.9,"population_density":54.5,"all_players":2,"players_per_million":3.24,"player_ids":["top5:conor-bradley:2003","top5:trai-hume:2002"],"label":"Castlederg","country":"United Kingdom"},"geometry":{"type":"Polygon","coordinates":[[[-7.446442,55.596185],[-8.206991,55.227804],[-7.94931,54.644476],[-6.952147,54.429814],[-6.199841,54.79442],[-6.436337,55.37739],[-7.446442,55.596185]]]}},{"type":"Feature","properties":{"hex_id":"83182afffffffff","population":755657,"population_year":2025,"area_km2":12027.7,"population_density":62.8,"all_players":2,"players_per_million":2.65,"player_ids":["top5:caoimhin-kelleher:1998","top5:jake-o-brien:2001"],"label":"Cork","country":"Ireland"},"geometry":{"type":"Polygon","coordinates":[[[-8.906839,52.6944],[-9.623919,52.29691],[-9.362891,51.696863],[-8.403582,51.494545],[-7.692979,51.888231],[-7.935083,52.487974],[-8.906839,52.6944]]]}},{"type":"Feature","properties":{"hex_id":"83182cfffffffff","population":2322217,"population_year":2025,"area_km2":11583.9,"population_density":200.5,"all_players":6,"players_per_million":2.58,"player_ids":["top5:andrew-omobamidele:2002","top5:corrie-ndaba:1999","top5:dennis-cirkin:2002","top5:evan-ferguson:2004","top5:matt-doherty:1992","top5:nathan-collins:2001"],"label":"Dublin","country":"Ireland"},"geometry":{"type":"Polygon","coordinates":[[[-6.713499,53.841054],[-7.451495,53.466543],[-7.210985,52.872185],[-6.252288,52.652997],[-5.522484,53.023946],[-5.743092,53.617578],[-6.713499,53.841054]]]}},{"type":"Feature","properties":{"hex_id":"83182efffffffff","population":649153,"population_year":2025,"area_km2":11792.7,"population_density":55.0,"all_players":1,"players_per_million":1.54,"player_ids":["top5:alex-murphy:2004"],"label":"Galway","country":"Ireland"},"geometry":{"type":"Polygon","coordinates":[[[-8.435871,53.677083],[-9.166993,53.289084],[-8.906839,52.6944],[-7.935083,52.487974],[-7.210985,52.872185],[-7.451495,53.466543],[-8.435871,53.677083]]]}},{"type":"Feature","properties":{"hex_id":"831844fffffffff","population":910662,"population_year":2025,"area_km2":11994.6,"population_density":75.9,"all_players":4,"players_per_million":4.39,"player_ids":["top5:eli-junior-kroupi:2006","top5:enzo-le-fee:2000","top5:georginio-rutter:2002","top5:maxime-dupe:1993"],"label":"Lorient","country":"France"},"geometry":{"type":"Polygon","coordinates":[[[-3.243656,48.547301],[-3.923403,48.167068],[-3.742166,47.548576],[-2.897787,47.312264],[-2.226613,47.68955],[-2.39122,48.306043],[-3.243656,48.547301]]]}},{"type":"Feature","properties":{"hex_id":"831845fffffffff","population":1574554,"population_year":2025,"area_km2":11948.5,"population_density":131.8,"all_players":6,"players_per_million":3.81,"player_ids":["top5:abdoulaye-toure:1994","top5:batista-mendy:2000","top5:junior-diaz:2003","top5:lohann-doucet:2002","top5:marius-louer:2007","top5:quentin-merlin:2002"],"label":"Nantes","country":"France"},"geometry":{"type":"Polygon","coordinates":[[[-2.226613,47.68955],[-2.897787,47.312264],[-2.730177,46.691785],[-1.907502,46.450836],[-1.245119,46.825327],[-1.396608,47.443512],[-2.226613,47.68955]]]}},{"type":"Feature","properties":{"hex_id":"831849fffffffff","population":803503,"population_year":2025,"area_km2":12148.2,"population_density":66.1,"all_players":2,"players_per_million":2.49,"player_ids":["top5:jon-karrikaburu:2002","top5:jon-pacheco:2001"],"label":"Elizondo","country":"Spain"},"geometry":{"type":"Polygon","coordinates":[[[-1.30697,43.954767],[-1.941313,43.565989],[-1.792726,42.937258],[-1.024123,42.699916],[-0.397973,43.08589],[-0.532232,43.711967],[-1.30697,43.954767]]]}},{"type":"Feature","properties":{"hex_id":"83184bfffffffff","population":2215141,"population_year":2025,"area_km2":12395.2,"population_density":178.7,"all_players":51,"players_per_million":23.02,"player_ids":["top5:aitor-fernandez:1991","top5:aitor-paredes:2000","top5:alejandro-rego:2003","top5:alex-padilla:2003","top5:alex-sola:1999","top5:alvaro-nunez:2000","top5:alvaro-odriozola:1995","top5:ander-barrenetxea:2001","top5:ander-guevara:1997","top5:andoni-gorosabel:1996","top5:aritz-elustondo:1994","top5:arkaitz-mariezkurrena:2005","top5:asier-hierro:2005","top5:benat-turrientes:2002","top5:daniel-vivian:1999","top5:eder-garcia:2004","top5:gorka-carrera:2005","top5:gorka-guruzeta:1996","top5:ibai-aguirre:2007","top5:igor-zubeldia:1997","top5:inaki-williams:1994","top5:inigo-lekue:1993","top5:inigo-ruiz-de-galarreta:1993","top5:ivan-martin:1999","top5:jon-gorrotxategi:2002","top5:jon-guridi:1995","top5:jon-martin:2006","top5:julen-agirrezabala:2000","top5:kepa-arrizabalaga:1994","top5:lander-astiazaran:2006","top5:luken-beitia:2004","top5:maroan-sannadi:2001","top5:martin-zubimendi:1999","top5:mikel-goti:2002","top5:mikel-jauregizar:2003","top5:mikel-oyarzabal:1997","top5:mikel-vesga:1993","top5:oier-luengo:1997","top5:oier-zarraga:1999","top5:selton-sanchez:2007","top5:unai-elgezabal:1993","top5:unai-gomez:2003","top5:unai-lopez:1995","top5:unai-marrero:2001","top5:unai-nunez:1997","top5:unai-simon:1997","top5:unai-vencedor-paris:2000","top5:urko-gonzalez:2001","top5:urko-izeta:1999","top5:yeray-alvarez:1995","top5:yuri-berchiche:1990"],"label":"San Sebastián","country":"Spain"},"geometry":{"type":"Polygon","coordinates":[[[-2.729364,43.8003],[-3.362059,43.400471],[-3.199092,42.769427],[-2.417796,42.54048],[-1.792726,42.937258],[-1.941313,43.565989],[-2.729364,43.8003]]]}},{"type":"Feature","properties":{"hex_id":"83184dfffffffff","population":1318484,"population_year":2025,"area_km2":11988.0,"population_density":110.0,"all_players":3,"players_per_million":2.28,"player_ids":["top5:jonathan-gradit:1992","top5:mehdi-leris:1998","top5:pierre-lees-melou:1993"],"label":"Langon","country":"France"},"geometry":{"type":"Polygon","coordinates":[[[-0.808824,44.961184],[-1.452621,44.580726],[-1.30697,43.954767],[-0.532232,43.711967],[0.102941,44.089763],[-0.028005,44.712978],[-0.808824,44.961184]]]}},{"type":"Feature","properties":{"hex_id":"83185bfffffffff","population":755918,"population_year":2025,"area_km2":12945.1,"population_density":58.4,"all_players":6,"players_per_million":7.94,"player_ids":["top5:alvaro-fidalgo:1997","top5:borja-sanchez-laborde:1996","top5:lucas-ahijado:1995","top5:marco-esteban:2006","top5:pablo-agudin:2007","top5:santi-cazorla:1984"],"label":"Oviedo","country":"Spain"},"geometry":{"type":"Polygon","coordinates":[[[-6.626676,44.274787],[-7.25963,43.849202],[-7.054985,43.215758],[-6.231988,43.009176],[-5.605093,43.431163],[-5.795078,44.06328],[-6.626676,44.274787]]]}},{"type":"Feature","properties":{"hex_id":"831860fffffffff","population":881207,"population_year":2025,"area_km2":11552.8,"population_density":76.3,"all_players":4,"players_per_million":4.54,"player_ids":["top5:jessy-deminguet:1998","top5:johann-lepenant:2002","top5:paul-argney:2006","top5:youssef-el-arabi:1987"],"label":"Granville","country":"France"},"geometry":{"type":"Polygon","coordinates":[[[-1.177569,49.64515],[-1.870585,49.286392],[-1.70924,48.674191],[-0.871944,48.423111],[-0.188757,48.779293],[-0.333038,49.389078],[-1.177569,49.64515]]]}},{"type":"Feature","properties":{"hex_id":"831861fffffffff","population":893054,"population_year":2025,"area_km2":11509.5,"population_density":77.6,"all_players":3,"players_per_million":3.36,"player_ids":["top5:francis-coquelin:1991","top5:marius-courcoul:2007","top5:pierre-emerick-aubameyang:1989"],"label":"Laval","country":"France"},"geometry":{"type":"Polygon","coordinates":[[[-0.188757,48.779293],[-0.871944,48.423111],[-0.723924,47.808976],[0.090797,47.553677],[0.764026,47.90745],[0.632478,48.518882],[-0.188757,48.779293]]]}},{"type":"Feature","properties":{"hex_id":"831862fffffffff","population":445951,"population_year":2025,"area_km2":11792.7,"population_density":37.8,"all_players":4,"players_per_million":8.97,"player_ids":["top5:alex-scott:2003","top5:julien-le-cardinal:1997","top5:justin-bourgault:2005","top5:robin-le-normand:1996"],"label":"Saint-Brieuc","country":"France"},"geometry":{"type":"Polygon","coordinates":[[[-2.731064,49.532558],[-3.422137,49.161561],[-3.243656,48.547301],[-2.39122,48.306043],[-1.70924,48.674191],[-1.870585,49.286392],[-2.731064,49.532558]]]}},{"type":"Feature","properties":{"hex_id":"831863fffffffff","population":1308894,"population_year":2025,"area_km2":11754.3,"population_density":111.4,"all_players":4,"players_per_million":3.06,"player_ids":["top5:arthur-atta:2003","top5:daren-mosengo:2006","top5:lesley-ugochukwu:2004","top5:wilson-isidor:2000"],"label":"Rennes","country":"France"},"geometry":{"type":"Polygon","coordinates":[[[-1.70924,48.674191],[-2.39122,48.306043],[-2.226613,47.68955],[-1.396608,47.443512],[-0.723924,47.808976],[-0.871944,48.423111],[-1.70924,48.674191]]]}},{"type":"Feature","properties":{"hex_id":"831865fffffffff","population":1601186,"population_year":2025,"area_km2":11308.9,"population_density":141.6,"all_players":8,"players_per_million":5.0,"player_ids":["top5:alimami-gory:1996","top5:aurelien-tchouameni:2000","top5:dayot-upamecano:1998","top5:enzo-koffi-vinette:2006","top5:florent-hanin:1990","top5:himad-abdelli:1999","top5:iliman-ndiaye:2000","top5:samba-konate:2009"],"label":"Rouen","country":"France"},"geometry":{"type":"Polygon","coordinates":[[[0.360856,49.735742],[-0.333038,49.389078],[-0.188757,48.779293],[0.632478,48.518882],[1.315872,48.863254],[1.18851,49.470279],[0.360856,49.735742]]]}},{"type":"Feature","properties":{"hex_id":"831866fffffffff","population":163309,"population_year":2025,"area_km2":11583.9,"population_density":14.1,"all_players":1,"players_per_million":6.12,"player_ids":["top5:frederic-guilbert:1994"],"label":"Valognes","country":"France"},"geometry":{"type":"Polygon","coordinates":[[[-2.20387,50.503806],[-2.906528,50.142292],[-2.731064,49.532558],[-1.870585,49.286392],[-1.177569,49.64515],[-1.335378,50.252773],[-2.20387,50.503806]]]}},{"type":"Feature","properties":{"hex_id":"831869fffffffff","population":748390,"population_year":2025,"area_km2":11565.2,"population_density":64.7,"all_players":1,"players_per_million":1.34,"player_ids":["top5:benoit-badiashile:2001"],"label":"Limoges","country":"France"},"geometry":{"type":"Polygon","coordinates":[[[1.142642,46.06284],[0.488948,45.702291],[0.61635,45.082293],[1.382481,44.825952],[2.026569,45.184249],[1.914105,45.801097],[1.142642,46.06284]]]}},{"type":"Feature","properties":{"hex_id":"83186afffffffff","population":958526,"population_year":2025,"area_km2":11889.7,"population_density":80.6,"all_players":1,"players_per_million":1.04,"player_ids":["top5:oumar-ngom:2004"],"label":"Niort","country":"France"},"geometry":{"type":"Polygon","coordinates":[[[-1.245119,46.825327],[-1.907502,46.450836],[-1.752798,45.828917],[-0.951317,45.584011],[-0.297888,45.955847],[-0.436987,46.575197],[-1.245119,46.825327]]]}},{"type":"Feature","properties":{"hex_id":"83186cfffffffff","population":913316,"population_year":2025,"area_km2":11454.2,"population_density":79.7,"all_players":6,"players_per_million":6.57,"player_ids":["top5:aladji-bamba:2006","top5:dan-sinate:2006","top5:felix-lemarechal:2003","top5:ilane-toure:2006","top5:mouctar-diakhaby:1996","top5:sofiane-diop:2000"],"label":"Tours","country":"France"},"geometry":{"type":"Polygon","coordinates":[[[0.764026,47.90745],[0.090797,47.553677],[0.226253,46.938132],[1.019027,46.679286],[1.682214,47.030807],[1.562644,47.64338],[0.764026,47.90745]]]}},{"type":"Feature","properties":{"hex_id":"83186efffffffff","population":1186155,"population_year":2025,"area_km2":11703.3,"population_density":101.4,"all_players":6,"players_per_million":5.06,"player_ids":["top5:bahereba-guirassy:2006","top5:desire-doue:2005","top5:guela-doue:2002","top5:lilian-raolisoa:2000","top5:louis-leroux:2006","top5:matthis-abline:2003"],"label":"Angers","country":"France"},"geometry":{"type":"Polygon","coordinates":[[[-0.723924,47.808976],[-1.396608,47.443512],[-1.245119,46.825327],[-0.436987,46.575197],[0.226253,46.938132],[0.090797,47.553677],[-0.723924,47.808976]]]}},{"type":"Feature","properties":{"hex_id":"831871fffffffff","population":628431,"population_year":2025,"area_km2":12027.7,"population_density":52.2,"all_players":4,"players_per_million":6.37,"player_ids":["top5:axel-camblan:2003","top5:brendan-chardonnet:1994","top5:pierre-yves-hamel:1994","top5:theo-le-bris:2002"],"label":"Brest","country":"France"},"geometry":{"type":"Polygon","coordinates":[[[-4.297538,49.397333],[-4.985584,49.013993],[-4.78997,48.398043],[-3.923403,48.167068],[-3.243656,48.547301],[-3.422137,49.161561],[-4.297538,49.397333]]]}},{"type":"Feature","properties":{"hex_id":"831909fffffffff","population":1893258,"population_year":2025,"area_km2":10857.3,"population_density":174.4,"all_players":6,"players_per_million":3.17,"player_ids":["top5:andrew-robertson:1994","top5:ben-gannon-doak:2005","top5:billy-gilmour:2001","top5:john-mcginn:1994","top5:justin-devenny:2003","top5:nathan-patterson:2001"],"label":"Glasgow","country":"United Kingdom"},"geometry":{"type":"Polygon","coordinates":[[[-5.121114,56.653173],[-5.903325,56.308916],[-5.669297,55.731906],[-4.675173,55.499857],[-3.903181,55.840606],[-4.115017,56.416836],[-5.121114,56.653173]]]}},{"type":"Feature","properties":{"hex_id":"83190dfffffffff","population":99947,"population_year":2025,"area_km2":10610.3,"population_density":9.4,"all_players":1,"players_per_million":10.01,"player_ids":["top5:aaron-hickey:2002"],"label":"Scotland","country":"United Kingdom"},"geometry":{"type":"Polygon","coordinates":[[[-4.554504,57.557917],[-5.352333,57.22407],[-5.121114,56.653173],[-4.115017,56.416836],[-3.328181,56.747182],[-3.536381,57.317288],[-4.554504,57.557917]]]}},{"type":"Feature","properties":{"hex_id":"831926fffffffff","population":53525,"population_year":2025,"area_km2":9668.2,"population_density":5.5,"all_players":1,"players_per_million":18.68,"player_ids":["top5:andrias-edmundsson:2000"],"label":"Toftir","country":"Faroe Islands"},"geometry":{"type":"Polygon","coordinates":[[[-6.835223,62.486698],[-7.720042,62.172199],[-7.428499,61.640322],[-6.280529,61.422326],[-5.407397,61.73225],[-5.670384,62.264646],[-6.835223,62.486698]]]}},{"type":"Feature","properties":{"hex_id":"83192bfffffffff","population":170189,"population_year":2025,"area_km2":10362.1,"population_density":16.4,"all_players":1,"players_per_million":5.88,"player_ids":["top5:ryan-christie:1995"],"label":"Inverness","country":"United Kingdom"},"geometry":{"type":"Polygon","coordinates":[[[-3.968639,58.445873],[-4.782542,58.12257],[-4.554504,57.557917],[-3.536381,57.317288],[-2.7343,57.637095],[-2.938461,58.200945],[-3.968639,58.445873]]]}},{"type":"Feature","properties":{"hex_id":"831940fffffffff","population":887315,"population_year":2025,"area_km2":10697.0,"population_density":82.9,"all_players":2,"players_per_million":2.25,"player_ids":["top5:daniel-james:1997","top5:keane-lewis-potter:2001"],"label":"Kingston upon Hull","country":"United Kingdom"},"geometry":{"type":"Polygon","coordinates":[[[0.062038,54.239312],[-0.689598,53.917795],[-0.529171,53.3287],[0.362999,53.063327],[1.10247,53.382419],[0.961913,53.969246],[0.062038,54.239312]]]}},{"type":"Feature","properties":{"hex_id":"831941fffffffff","population":1011316,"population_year":2025,"area_km2":10691.6,"population_density":94.6,"all_players":1,"players_per_million":0.99,"player_ids":["top5:angus-gunn:1996"],"label":"Norwich","country":"United Kingdom"},"geometry":{"type":"Polygon","coordinates":[[[1.10247,53.382419],[0.362999,53.063327],[0.508374,52.470966],[1.3741,52.20023],[2.101314,52.517134],[1.975021,53.106903],[1.10247,53.382419]]]}},{"type":"Feature","properties":{"hex_id":"831942fffffffff","population":7293042,"population_year":2025,"area_km2":10924.8,"population_density":667.6,"all_players":22,"players_per_million":3.02,"player_ids":["top5:cj-egan-riley:2003","top5:danny-welbeck:1990","top5:dominic-calvert-lewin:1997","top5:dwight-mcneil:1999","top5:erling-haaland:2000","top5:harry-maguire:1993","top5:harvey-barnes:1997","top5:jahmai-simpson-pusey:2005","top5:james-milner:1986","top5:james-tarkowski:1992","top5:jamie-vardy:1987","top5:john-stones:1994","top5:kobbie-mainoo:2005","top5:kyle-walker:1990","top5:lewis-cook:1997","top5:marcus-rashford:1997","top5:marcus-tavernier:1999","top5:mason-greenwood:2001","top5:michael-keane:1993","top5:phil-foden:2000","top5:tyler-fletcher:2007","top5:tyrhys-dolan:2001"],"label":"Manchester","country":"United Kingdom"},"geometry":{"type":"Polygon","coordinates":[[[-1.609057,54.177066],[-2.359345,53.842543],[-2.178886,53.251551],[-1.268165,52.996914],[-0.529171,53.3287],[-0.689598,53.917795],[-1.609057,54.177066]]]}},{"type":"Feature","properties":{"hex_id":"831943fffffffff","population":3138363,"population_year":2025,"area_km2":10924.8,"population_density":287.3,"all_players":7,"players_per_million":2.23,"player_ids":["top5:brennan-johnson:2001","top5:che-adams:1996","top5:joe-worrall:1997","top5:jonathan-rowe:2003","top5:kiernan-dewsbury-hall:1998","top5:ryan-yates:1997","top5:tom-cairney:1991"],"label":"Nottingham","country":"United Kingdom"},"geometry":{"type":"Polygon","coordinates":[[[-0.529171,53.3287],[-1.268165,52.996914],[-1.103494,52.402317],[-0.219137,52.141681],[0.508374,52.470966],[0.362999,53.063327],[-0.529171,53.3287]]]}},{"type":"Feature","properties":{"hex_id":"831946fffffffff","population":1540753,"population_year":2025,"area_km2":10691.6,"population_density":144.1,"all_players":4,"players_per_million":2.6,"player_ids":["top5:archie-gray:2006","top5:gio-reyna:2002","top5:jordan-henderson:1990","top5:tom-watson:2006"],"label":"Sunderland","country":"United Kingdom"},"geometry":{"type":"Polygon","coordinates":[[[-1.021902,55.086581],[-1.785543,54.762388],[-1.609057,54.177066],[-0.689598,53.917795],[0.062038,54.239312],[-0.093784,54.822708],[-1.021902,55.086581]]]}},{"type":"Feature","properties":{"hex_id":"831948fffffffff","population":1353290,"population_year":2025,"area_km2":10891.0,"population_density":124.3,"all_players":1,"players_per_million":0.74,"player_ids":["top5:lucas-chevalier:2001"],"label":"Calais","country":"France"},"geometry":{"type":"Polygon","coordinates":[[[1.505381,51.605101],[0.789471,51.278095],[0.925401,50.677831],[1.759362,50.407376],[2.463609,50.732311],[2.345517,51.329719],[1.505381,51.605101]]]}},{"type":"Feature","properties":{"hex_id":"831949fffffffff","population":2002678,"population_year":2025,"area_km2":10857.3,"population_density":184.5,"all_players":5,"players_per_million":2.5,"player_ids":["top5:enzo-ebosse:1999","top5:fode-sylla:2006","top5:lucas-tousart:1997","top5:maxime-colin:1991","top5:timothee-kolodziejczak:1991"],"label":"Arras","country":"France"},"geometry":{"type":"Polygon","coordinates":[[[2.463609,50.732311],[1.759362,50.407376],[1.882244,49.805032],[2.692197,49.530714],[3.384772,49.85377],[3.279015,50.452975],[2.463609,50.732311]]]}},{"type":"Feature","properties":{"hex_id":"83194afffffffff","population":6871941,"population_year":2025,"area_km2":11131.6,"population_density":617.3,"all_players":44,"players_per_million":6.4,"player_ids":["top5:aaron-wan-bissaka:1997","top5:abu-kamara:2003","top5:adam-smith:1991","top5:ademola-lookman:1997","top5:antoine-semenyo:2000","top5:brooke-norton-cuffy:2004","top5:callum-hudson-odoi:2000","top5:conor-gallagher:2000","top5:daniel-oyegoke:2003","top5:declan-rice:1999","top5:djed-spence:2000","top5:eberechi-eze:1998","top5:eddie-nketiah:1999","top5:emile-smith-rowe:2000","top5:ethan-pinnock:1993","top5:finley-stevens:2003","top5:freddie-woodman:1997","top5:harrison-reed:1995","top5:jack-hinshelwood:2005","top5:jadon-sancho:2000","top5:jamie-gittens:2004","top5:joe-gomez:1997","top5:jordan-zemura:1999","top5:jun-ai-byfield:2008","top5:lewis-dunk:1991","top5:luke-shaw:1995","top5:martial-godo:2003","top5:max-kilman:1997","top5:michael-olise:2001","top5:mika-biereth:2003","top5:nathaniel-clyne:1991","top5:ola-aina:1996","top5:omari-hutchinson:2003","top5:ovie-ejaria:1997","top5:patrick-roberts:1997","top5:reiss-nelson:1999","top5:romain-esse:2005","top5:romaine-mundle:2003","top5:ruben-loftus-cheek:1996","top5:ryan-sessegnon:2000","top5:solly-march:1994","top5:tammy-abraham:1997","top5:tyrique-george:2006","top5:valentino-livramento:2002"],"label":"London","country":"United Kingdom"},"geometry":{"type":"Polygon","coordinates":[[[-0.069294,51.543996],[-0.785076,51.204689],[-0.631095,50.601911],[0.220599,50.340898],[0.925401,50.677831],[0.789471,51.278095],[-0.069294,51.543996]]]}},{"type":"Feature","properties":{"hex_id":"83194dfffffffff","population":3875640,"population_year":2025,"area_km2":10650.2,"population_density":363.9,"all_players":23,"players_per_million":5.93,"player_ids":["top5:adrien-tameze:1994","top5:arthur-masuaku:1993","top5:badredine-bouanani:2004","top5:charles-de-ketelaere:2001","top5:charles-vanhoutte:1998","top5:ismael-doukoure:2003","top5:ismaelo-ganiou:2005","top5:jari-vandeputte:1996","top5:jean-butez:1995","top5:justin-noel-kalumba:2004","top5:kevin-de-bruyne:1991","top5:leander-dendoncker:1995","top5:martin-terrier:1997","top5:maxim-de-cuyper:2000","top5:maxima-goffi:2008","top5:moussa-niakhate:1996","top5:nabil-bentaleb:1994","top5:noah-cadiou:1998","top5:pierrick-capelle:1987","top5:rabby-nzingoula:2005","top5:remy-descamps:1996","top5:senne-lammens:2002","top5:soriba-diaoune:2007"],"label":"Lille","country":"France"},"geometry":{"type":"Polygon","coordinates":[[[3.060444,51.644656],[2.345517,51.329719],[2.463609,50.732311],[3.279015,50.452975],[3.630009,50.610463],[3.996418,50.807584],[3.881134,51.360376],[3.060444,51.644656]]]}},{"type":"Feature","properties":{"hex_id":"83194efffffffff","population":5747074,"population_year":2025,"area_km2":10913.5,"population_density":526.6,"all_players":21,"players_per_million":3.65,"player_ids":["top5:ainsley-maitland-niles:1997","top5:angel-gomes:2000","top5:daniel-bentley:1993","top5:ethan-nwaneri:2007","top5:ezra-mayers:2007","top5:ezri-konsa:1997","top5:freddie-potts:2003","top5:george-earthy:2004","top5:harry-kane:1993","top5:jaidon-anthony:1999","top5:joe-willock:1999","top5:josh-cullen:1996","top5:josh-dasilva:1998","top5:josh-laurent:1995","top5:kyle-walker-peters:1997","top5:max-dowman:2009","top5:nick-pope:1992","top5:reece-james:1999","top5:rio-ngumoha:2008","top5:sam-byram:1993","top5:tawanda-chirewa:2003"],"label":"Chelmsford","country":"United Kingdom"},"geometry":{"type":"Polygon","coordinates":[[[0.508374,52.470966],[-0.219137,52.141681],[-0.069294,51.543996],[0.789471,51.278095],[1.505381,51.605101],[1.3741,52.20023],[0.508374,52.470966]]]}},{"type":"Feature","properties":{"hex_id":"831950fffffffff","population":96625,"population_year":2025,"area_km2":11131.6,"population_density":8.7,"all_players":1,"players_per_million":10.35,"player_ids":["top5:dean-henderson:1997"],"label":"Whitehaven","country":"United Kingdom"},"geometry":{"type":"Polygon","coordinates":[[[-4.460077,54.917652],[-5.21762,54.566658],[-4.999608,53.978646],[-4.044754,53.742706],[-3.297175,54.090428],[-3.494429,54.677292],[-4.460077,54.917652]]]}},{"type":"Feature","properties":{"hex_id":"831951fffffffff","population":5457858,"population_year":2025,"area_km2":11149.1,"population_density":489.5,"all_players":18,"players_per_million":3.3,"player_ids":["top5:adam-wharton:2004","top5:anthony-gordon:2001","top5:charlie-cresswell:2002","top5:cole-palmer:2002","top5:curtis-jones:2001","top5:david-brooks:1997","top5:harrison-armstrong:2007","top5:harry-wilson:1997","top5:james-garner:2001","top5:jarell-quansah:2003","top5:kieran-trippier:1990","top5:max-oyedele:2004","top5:neco-williams:2001","top5:rico-lewis:2004","top5:ross-barkley:1993","top5:sam-johnstone:1993","top5:trent-alexander-arnold:1998","top5:tyler-morton:2002"],"label":"Liverpool","country":"United Kingdom"},"geometry":{"type":"Polygon","coordinates":[[[-3.297175,54.090428],[-4.044754,53.742706],[-3.844199,53.150199],[-2.916127,52.906861],[-2.178886,53.251551],[-2.359345,53.842543],[-3.297175,54.090428]]]}},{"type":"Feature","properties":{"hex_id":"831954fffffffff","population":536321,"population_year":2025,"area_km2":10891.0,"population_density":49.2,"all_players":2,"players_per_million":3.73,"player_ids":["top5:lennon-miller:2006","top5:lewis-ferguson:1999"],"label":"Hamilton","country":"United Kingdom"},"geometry":{"type":"Polygon","coordinates":[[[-3.903181,55.840606],[-4.675173,55.499857],[-4.460077,54.917652],[-3.494429,54.677292],[-2.733111,55.014799],[-2.926718,55.595835],[-3.903181,55.840606]]]}},{"type":"Feature","properties":{"hex_id":"831955fffffffff","population":646976,"population_year":2025,"area_km2":10913.5,"population_density":59.3,"all_players":3,"players_per_million":4.64,"player_ids":["top5:james-trafford:2002","top5:jarrad-branthwaite:2002","top5:scott-mctominay:1996"],"label":"Carlisle","country":"United Kingdom"},"geometry":{"type":"Polygon","coordinates":[[[-2.733111,55.014799],[-3.494429,54.677292],[-3.297175,54.090428],[-2.359345,53.842543],[-1.609057,54.177066],[-1.785543,54.762388],[-2.733111,55.014799]]]}},{"type":"Feature","properties":{"hex_id":"831958fffffffff","population":4033735,"population_year":2025,"area_km2":11381.2,"population_density":354.4,"all_players":7,"players_per_million":1.74,"player_ids":["top5:ashley-barnes:1989","top5:eric-dier:1994","top5:james-hill:2002","top5:jarrod-bowen:1996","top5:lloyd-kelly:1998","top5:max-alleyne:2005","top5:tyrone-mings:1993"],"label":"Bristol","country":"United Kingdom"},"geometry":{"type":"Polygon","coordinates":[[[-2.732038,52.310399],[-3.456535,51.955725],[-3.269136,51.354012],[-2.376039,51.108741],[-1.661533,51.460545],[-1.830112,52.060429],[-2.732038,52.310399]]]}},{"type":"Feature","properties":{"hex_id":"831959fffffffff","population":2822038,"population_year":2025,"area_km2":11369.1,"population_density":248.2,"all_players":6,"players_per_million":2.13,"player_ids":["top5:ben-white:1997","top5:faustino-anjorin:2001","top5:james-ward-prowse:1994","top5:levi-colwill:2003","top5:liam-delap:2003","top5:mason-mount:1999"],"label":"Poole","country":"United Kingdom"},"geometry":{"type":"Polygon","coordinates":[[[-1.661533,51.460545],[-2.376039,51.108741],[-2.20387,50.503806],[-1.335378,50.252773],[-0.631095,50.601911],[-0.785076,51.204689],[-1.661533,51.460545]]]}},{"type":"Feature","properties":{"hex_id":"83195afffffffff","population":1195403,"population_year":2025,"area_km2":11608.9,"population_density":103.0,"all_players":2,"players_per_million":1.67,"player_ids":["top5:ben-davies:1993","top5:joe-rodon:1997"],"label":"Swansea","country":"United Kingdom"},"geometry":{"type":"Polygon","coordinates":[[[-4.374849,52.194492],[-5.095975,51.826891],[-4.88976,51.223728],[-3.981187,50.989554],[-3.269136,51.354012],[-3.456535,51.955725],[-4.374849,52.194492]]]}},{"type":"Feature","properties":{"hex_id":"83195bfffffffff","population":1404618,"population_year":2025,"area_km2":11602.6,"population_density":121.1,"all_players":4,"players_per_million":2.85,"player_ids":["top5:bashir-humphreys:2003","top5:ethan-ampadu:2000","top5:ollie-watkins:1995","top5:tyler-dibling:2006"],"label":"Exeter","country":"United Kingdom"},"geometry":{"type":"Polygon","coordinates":[[[-3.269136,51.354012],[-3.981187,50.989554],[-3.790778,50.382829],[-2.906528,50.142292],[-2.20387,50.503806],[-2.376039,51.108741],[-3.269136,51.354012]]]}},{"type":"Feature","properties":{"hex_id":"83195cfffffffff","population":7086124,"population_year":2025,"area_km2":11155.0,"population_density":635.2,"all_players":16,"players_per_million":2.26,"player_ids":["top5:aaron-ramsdale:1998","top5:callum-wilson:1992","top5:george-hemmings:2007","top5:isak-johannesson:2003","top5:jack-grealish:1995","top5:jack-harrison:1996","top5:jacob-ramsey:2001","top5:jamaal-lascelles:1993","top5:jamaldeen-jimoh:2006","top5:james-maddison:1996","top5:jobe-bellingham:2005","top5:jude-bellingham:2003","top5:morgan-gibbs-white:2000","top5:morgan-rogers:2002","top5:rico-henry:1997","top5:tim-iroegbunam:2003"],"label":"Birmingham","country":"United Kingdom"},"geometry":{"type":"Polygon","coordinates":[[[-2.178886,53.251551],[-2.916127,52.906861],[-2.732038,52.310399],[-1.830112,52.060429],[-1.103494,52.402317],[-1.268165,52.996914],[-2.178886,53.251551]]]}},{"type":"Feature","properties":{"hex_id":"83195dfffffffff","population":9049238,"population_year":2025,"area_km2":11149.1,"population_density":811.7,"all_players":34,"players_per_million":3.76,"player_ids":["top5:antonee-robinson:1997","top5:armando-broja:2001","top5:ayden-heaven:2006","top5:ben-chilwell:1996","top5:bukayo-saka:2001","top5:dane-scarlett:2004","top5:daniel-ballard:1999","top5:danny-loader:2000","top5:dapo-afolayan:1997","top5:dominic-solanke:1997","top5:gabriel-osho:1998","top5:harvey-elliott:2003","top5:jacob-murphy:1995","top5:james-justin:1998","top5:james-rowswell:2006","top5:jayden-bogle:2000","top5:karl-darlow:1990","top5:keinan-davis:1998","top5:lewis-hall:2004","top5:luke-o-nien:1994","top5:marcus-edwards:1998","top5:matt-o-riley:2000","top5:matty-cash:1997","top5:myles-lewis-skelly:2006","top5:myles-peart-harris:2002","top5:nathan-tella:1999","top5:noni-madueke:2002","top5:rio-cardines:2006","top5:samuel-iling-junior:2003","top5:tariq-lamptey:2000","top5:tosin-adarabioyo:1997","top5:trey-nyoni:2007","top5:tyrick-mitchell:1999","top5:will-hughes:1995"],"label":"Reading","country":"United Kingdom"},"geometry":{"type":"Polygon","coordinates":[[[-1.103494,52.402317],[-1.830112,52.060429],[-1.661533,51.460545],[-0.785076,51.204689],[-0.069294,51.543996],[-0.219137,52.141681],[-1.103494,52.402317]]]}},{"type":"Feature","properties":{"hex_id":"831968fffffffff","population":1217337,"population_year":2025,"area_km2":10260.8,"population_density":118.6,"all_players":7,"players_per_million":5.75,"player_ids":["top5:donyell-malen:1999","top5:jeffrey-gouweleeuw:1991","top5:joel-veltman:1992","top5:kenneth-taylor:2002","top5:marco-bizot:1991","top5:micky-van-de-ven:2001","top5:teun-koopmeiners:1998"],"label":"Wieringen","country":"Netherlands"},"geometry":{"type":"Polygon","coordinates":[[[4.302502,53.422988],[3.565733,53.128505],[3.67324,52.541669],[4.225481,52.349359],[4.515848,52.296999],[5.280448,52.68056],[5.171662,53.221433],[4.58117,53.325469],[4.302502,53.422988]]]}},{"type":"Feature","properties":{"hex_id":"831969fffffffff","population":7268023,"population_year":2025,"area_km2":10482.3,"population_density":693.4,"all_players":45,"players_per_million":6.19,"player_ids":["top5:bart-verbruggen:2002","top5:brian-brobbey:2002","top5:calvin-stengs:1998","top5:calvin-verdonk:1997","top5:cas-odenthal:2000","top5:daley-blind:1990","top5:dean-huijsen:2005","top5:devyne-rensch:2003","top5:donny-van-de-beek:1997","top5:ferdi-kadioglu:1999","top5:frenkie-de-jong:1997","top5:immanuel-pherai:2001","top5:jayden-addai:2005","top5:jaydon-amauri-banel:2004","top5:jeffrey-de-lange:1998","top5:jenson-seelt:2003","top5:jeremie-frimpong:2000","top5:joel-piroe:1999","top5:jozhua-vertrouwd:2004","top5:jurgen-ekkelenkamp:2000","top5:jurrien-timber:2001","top5:justin-kluivert:1999","top5:kenny-tete:1995","top5:kevin-diks:1996","top5:ki-jana-hoever:2002","top5:martijn-kaars:1999","top5:mitchel-bakker:2000","top5:oussama-el-azzouzi:2001","top5:pablo-rosario:1997","top5:quinten-timber:2001","top5:ramon-hendriks:2001","top5:rav-van-den-berg:2004","top5:robin-roefs:2003","top5:ruben-kluivert:2001","top5:ryan-gravenberch:2002","top5:sam-beukema:1998","top5:sepp-van-den-berg:2001","top5:sheraldo-becker:1995","top5:sofyan-amrabat:1996","top5:stefan-de-vrij:1992","top5:sven-botman:2000","top5:tijjani-noslin:1999","top5:tijjani-reijnders:1998","top5:xavi-simons:2003","top5:zian-flemming:1998"],"label":"Amsterdam","country":"Netherlands"},"geometry":{"type":"Polygon","coordinates":[[[4.515848,52.296999],[4.628032,51.750066],[5.492877,51.584097],[6.259687,51.96477],[6.159603,52.514255],[5.280448,52.68056],[4.515848,52.296999]]]}},{"type":"Feature","properties":{"hex_id":"83196bfffffffff","population":3269727,"population_year":2025,"area_km2":10449.9,"population_density":312.9,"all_players":22,"players_per_million":6.73,"player_ids":["top5:abdou-harroui:1998","top5:antoni-milambo:2005","top5:crysencio-summerville:2001","top5:danilho-doekhi:1998","top5:denzel-dumfries:1996","top5:emanuel-emegha:2003","top5:ian-maatsen:2002","top5:jan-paul-van-hecke:2000","top5:jorrel-hato:2006","top5:joshua-zirkzee:2001","top5:justin-bijlow:1998","top5:lamare-bogarde:2004","top5:lutsharel-geertruida:2000","top5:marten-de-roon:1991","top5:matthijs-de-ligt:1999","top5:nathan-ake:1995","top5:noa-lang:1999","top5:noussair-mazraoui:1997","top5:quilindschy-hartman:2001","top5:tyrell-malacia:1999","top5:wouter-burger:2001","top5:zakaria-aboukhlal:2000"],"label":"Rotterdam","country":"Netherlands"},"geometry":{"type":"Polygon","coordinates":[[[3.67324,52.541669],[2.947471,52.236888],[3.060444,51.644656],[3.881134,51.360376],[4.628032,51.750066],[4.515848,52.296999],[4.225481,52.349359],[3.67324,52.541669]]]}},{"type":"Feature","properties":{"hex_id":"83196dfffffffff","population":1707984,"population_year":2025,"area_km2":10331.1,"population_density":165.3,"all_players":1,"players_per_million":0.59,"player_ids":["top5:thijs-dallinga:2000"],"label":"Groningen","country":"Netherlands"},"geometry":{"type":"Polygon","coordinates":[[[5.171662,53.221433],[5.280448,52.68056],[6.159603,52.514255],[6.944351,52.888298],[6.848229,53.43156],[5.954532,53.598437],[5.171662,53.221433]]]}},{"type":"Feature","properties":{"hex_id":"831972fffffffff","population":1944595,"population_year":2025,"area_km2":10648.1,"population_density":182.6,"all_players":4,"players_per_million":2.06,"player_ids":["top5:andy-irving:2000","top5:josh-doig:2002","top5:kieron-bowie:2002","top5:oliver-burke:1997"],"label":"Kirkcaldy","country":"United Kingdom"},"geometry":{"type":"Polygon","coordinates":[[[-3.328181,56.747182],[-4.115017,56.416836],[-3.903181,55.840606],[-2.926718,55.595835],[-2.151313,55.922966],[-2.340901,56.498009],[-3.328181,56.747182]]]}},{"type":"Feature","properties":{"hex_id":"831973fffffffff","population":1485946,"population_year":2025,"area_km2":10675.2,"population_density":139.2,"all_players":9,"players_per_million":6.06,"player_ids":["top5:adam-armstrong:1997","top5:chris-rigg:2007","top5:dan-burn:1992","top5:dan-neil:2001","top5:elliot-anderson:2002","top5:jordan-pickford:1994","top5:lewis-miley:2006","top5:sean-longstaff:1997","top5:sean-neave:2007"],"label":"Newcastle upon Tyne","country":"United Kingdom"},"geometry":{"type":"Polygon","coordinates":[[[-2.151313,55.922966],[-2.926718,55.595835],[-2.733111,55.014799],[-1.785543,54.762388],[-1.021902,55.086581],[-1.194049,55.666051],[-2.151313,55.922966]]]}},{"type":"Feature","properties":{"hex_id":"831e00fffffffff","population":1460894,"population_year":2025,"area_km2":12188.8,"population_density":119.9,"all_players":3,"players_per_million":2.05,"player_ids":["top5:david-hancko:1997","top5:denis-vavro:1996","top5:martin-valjent:1995"],"label":"Prievidza","country":"Slovakia"},"geometry":{"type":"Polygon","coordinates":[[[17.464633,49.038043],[17.473049,48.4415],[18.304795,48.159109],[19.136367,48.471139],[19.141281,49.068365],[18.301266,49.352938],[17.464633,49.038043]]]}},{"type":"Feature","properties":{"hex_id":"831e01fffffffff","population":915763,"population_year":2025,"area_km2":12229.6,"population_density":74.9,"all_players":2,"players_per_million":2.18,"player_ids":["top5:mario-sauer:2004","top5:tomas-suslov:2002"],"label":"Spišská Nová Ves","country":"Slovakia"},"geometry":{"type":"Polygon","coordinates":[[[19.141281,49.068365],[19.136367,48.471139],[19.964297,48.176504],[20.804571,48.476776],[20.822886,49.074367],[19.987519,49.371383],[19.141281,49.068365]]]}},{"type":"Feature","properties":{"hex_id":"831e02fffffffff","population":1856223,"population_year":2025,"area_km2":12374.3,"population_density":150.0,"all_players":3,"players_per_million":1.62,"player_ids":["top5:adam-obert:2002","top5:dominik-greif:1997","top5:lukas-hradecky:1989"],"label":"Bratislava","country":"Slovakia"},"geometry":{"type":"Polygon","coordinates":[[[16.651518,48.117989],[16.6662,47.515042],[17.489488,47.234679],[18.306518,47.555293],[18.304795,48.159109],[17.473049,48.4415],[16.651518,48.117989]]]}},{"type":"Feature","properties":{"hex_id":"831e03fffffffff","population":3409653,"population_year":2025,"area_km2":12423.2,"population_density":274.5,"all_players":2,"players_per_million":0.59,"player_ids":["top5:alex-toth:2005","top5:peter-gulacsi:1990"],"label":"Budapest","country":"Hungary"},"geometry":{"type":"Polygon","coordinates":[[[18.304795,48.159109],[18.306518,47.555293],[19.12677,47.262899],[19.952961,47.57214],[19.964297,48.176504],[19.136367,48.471139],[18.304795,48.159109]]]}},{"type":"Feature","properties":{"hex_id":"831e05fffffffff","population":3013854,"population_year":2025,"area_km2":11994.6,"population_density":251.3,"all_players":2,"players_per_million":0.66,"player_ids":["top5:arkadiusz-milik:1994","top5:martin-dubravka:1989"],"label":"Žilina","country":"Slovakia"},"geometry":{"type":"Polygon","coordinates":[[[18.299459,49.942801],[18.301266,49.352938],[19.141281,49.068365],[19.987519,49.371383],[19.999412,49.961747],[19.15135,50.248654],[18.299459,49.942801]]]}},{"type":"Feature","properties":{"hex_id":"831e06fffffffff","population":2442016,"population_year":2025,"area_km2":12134.7,"population_density":201.2,"all_players":3,"players_per_million":1.23,"player_ids":["top5:adam-hlozek:2002","top5:ladislav-krejci:1999","top5:patrick-wimmer:2001"],"label":"Rosice","country":"Czech Republic"},"geometry":{"type":"Polygon","coordinates":[[[15.795773,48.983666],[15.817384,48.388123],[16.651518,48.117989],[17.473049,48.4415],[17.464633,49.038043],[16.621447,49.310134],[15.795773,48.983666]]]}},{"type":"Feature","properties":{"hex_id":"831e0cfffffffff","population":1362175,"population_year":2025,"area_km2":12257.0,"population_density":111.1,"all_players":1,"players_per_million":0.73,"player_ids":["top5:alex-kral:1998"],"label":"Košice","country":"Slovakia"},"geometry":{"type":"Polygon","coordinates":[[[20.822886,49.074367],[20.804571,48.476776],[21.627265,48.169971],[22.474847,48.458263],[22.506565,49.055897],[21.677309,49.365257],[20.822886,49.074367]]]}},{"type":"Feature","properties":{"hex_id":"831e10fffffffff","population":1516552,"population_year":2025,"area_km2":12479.4,"population_density":121.5,"all_players":9,"players_per_million":5.93,"player_ids":["top5:florian-kainz:1992","top5:jaka-bijol:1999","top5:kevin-danso:1998","top5:luka-topalovic:2006","top5:michael-gregoritsch:1994","top5:romano-schmid:2000","top5:samson-baidoo:2004","top5:stefan-posch:1997","top5:valentino-lazaro:1996"],"label":"Graz","country":"Austria"},"geometry":{"type":"Polygon","coordinates":[[[14.239654,47.109297],[14.272671,46.501617],[15.088333,46.234909],[15.880209,46.574304],[15.859594,47.183359],[15.034644,47.451699],[14.239654,47.109297]]]}},{"type":"Feature","properties":{"hex_id":"831e11fffffffff","population":929289,"population_year":2025,"area_km2":12550.3,"population_density":74.0,"all_players":1,"players_per_million":1.08,"player_ids":["top5:andras-schafer:1999"],"label":"Szombathely","country":"Hungary"},"geometry":{"type":"Polygon","coordinates":[[[15.859594,47.183359],[15.880209,46.574304],[16.694884,46.295817],[17.497516,46.624566],[17.489488,47.234679],[16.6662,47.515042],[15.859594,47.183359]]]}},{"type":"Feature","properties":{"hex_id":"831e12fffffffff","population":1600283,"population_year":2025,"area_km2":12636.3,"population_density":126.6,"all_players":4,"players_per_million":2.5,"player_ids":["top5:jan-oblak:1993","top5:tarik-muharemovic:2003","top5:tjas-begic:2003","top5:tommaso-pobega:1999"],"label":"Kranj","country":"Slovenia"},"geometry":{"type":"Polygon","coordinates":[[[13.492667,46.151948],[13.53091,45.538666],[14.337206,45.273432],[15.114564,45.62006],[15.088333,46.234909],[14.272671,46.501617],[13.492667,46.151948]]]}},{"type":"Feature","properties":{"hex_id":"831e13fffffffff","population":1925428,"population_year":2025,"area_km2":12716.0,"population_density":151.4,"all_players":10,"players_per_million":5.19,"player_ids":["top5:adrian-semper:1998","top5:andrej-kramaric:1991","top5:benjamin-sesko:2003","top5:borna-sosa:1998","top5:josip-brekalo:1998","top5:josip-juranovic:1995","top5:josko-gvardiol:2002","top5:lovro-majer:1998","top5:sandro-kulenovic:1999","top5:toma-basic:1996"],"label":"Zagreb","country":"Croatia"},"geometry":{"type":"Polygon","coordinates":[[[15.088333,46.234909],[15.114564,45.62006],[15.920499,45.343301],[16.708897,45.679719],[16.694884,46.295817],[15.880209,46.574304],[15.088333,46.234909]]]}},{"type":"Feature","properties":{"hex_id":"831e14fffffffff","population":918722,"population_year":2025,"area_km2":12236.4,"population_density":75.1,"all_players":3,"players_per_million":3.27,"player_ids":["top5:kevin-stoger:1993","top5:marcel-sabitzer:1994","top5:nicolas-seiwald:2001"],"label":"Wels","country":"Austria"},"geometry":{"type":"Polygon","coordinates":[[[13.374348,47.965938],[13.414399,47.365675],[14.239654,47.109297],[15.034644,47.451699],[15.007166,48.053459],[14.172058,48.311376],[13.374348,47.965938]]]}},{"type":"Feature","properties":{"hex_id":"831e15fffffffff","population":2436530,"population_year":2025,"area_km2":12312.0,"population_density":197.9,"all_players":10,"players_per_million":4.1,"player_ids":["top5:carney-chukwuemeka:2003","top5:christopher-trimmel:1987","top5:david-affengruber:2001","top5:david-alaba:1992","top5:leopold-querfeld:2003","top5:mathias-honsak:1996","top5:maximilian-wober:1998","top5:philipp-lienhart:1996","top5:phillipp-mwene:1994","top5:sasa-kalajdzic:1997"],"label":"Vienna","country":"Austria"},"geometry":{"type":"Polygon","coordinates":[[[15.007166,48.053459],[15.034644,47.451699],[15.859594,47.183359],[16.6662,47.515042],[16.651518,48.117989],[15.817384,48.388123],[15.007166,48.053459]]]}},{"type":"Feature","properties":{"hex_id":"831e16fffffffff","population":460178,"population_year":2025,"area_km2":12395.2,"population_density":37.1,"all_players":2,"players_per_million":4.35,"player_ids":["top5:nikolas-veratschnig:2003","top5:sandi-lovric:1998"],"label":"Lienz","country":"Austria"},"geometry":{"type":"Polygon","coordinates":[[[12.632139,47.012951],[12.677318,46.406957],[13.492667,46.151948],[14.272671,46.501617],[14.239654,47.109297],[13.414399,47.365675],[12.632139,47.012951]]]}},{"type":"Feature","properties":{"hex_id":"831e18fffffffff","population":736616,"population_year":2025,"area_km2":12833.4,"population_density":57.4,"all_players":1,"players_per_million":1.36,"player_ids":["top5:marko-dmitrovic:1992"],"label":"Subotica","country":"Serbia"},"geometry":{"type":"Polygon","coordinates":[[[18.309883,46.334273],[18.311527,45.717251],[19.112925,45.417356],[19.919997,45.732363],[19.930814,46.349978],[19.122083,46.652051],[18.309883,46.334273]]]}},{"type":"Feature","properties":{"hex_id":"831e19fffffffff","population":1241784,"population_year":2025,"area_km2":12870.5,"population_density":96.5,"all_players":2,"players_per_million":1.61,"player_ids":["top5:marius-marin:1998","top5:razvan-sava:2002"],"label":"Timișoara","country":"Romania"},"geometry":{"type":"Polygon","coordinates":[[[19.930814,46.349978],[19.919997,45.732363],[20.717203,45.42096],[21.531792,45.724863],[21.555106,46.342738],[20.751334,46.65651],[19.930814,46.349978]]]}},{"type":"Feature","properties":{"hex_id":"831e1bfffffffff","population":2841412,"population_year":2025,"area_km2":13050.9,"population_density":217.7,"all_players":16,"players_per_million":5.63,"player_ids":["top5:adam-marusic:1992","top5:danel-sinani:1997","top5:dusan-vlahovic:2000","top5:emir-sahiti:1998","top5:mihailo-ristic:1995","top5:milos-kerkez:2003","top5:nemanja-gudelj:1991","top5:nemanja-matic:1988","top5:nikola-krstovic:2000","top5:nikola-milenkovic:1997","top5:nikola-stulic:2001","top5:petar-ratkov:2003","top5:sasa-lukic:1996","top5:strahinja-pavlovic:2001","top5:uros-radakovic:1994","top5:veljko-birmancevic:1998"],"label":"Belgrade","country":"Serbia"},"geometry":{"type":"Polygon","coordinates":[[[19.112925,45.417356],[19.10845,44.793707],[19.898853,44.48456],[20.700526,44.796864],[20.717203,45.42096],[19.919997,45.732363],[19.112925,45.417356]]]}},{"type":"Feature","properties":{"hex_id":"831e1cfffffffff","population":972881,"population_year":2025,"area_km2":12607.6,"population_density":77.2,"all_players":1,"players_per_million":1.03,"player_ids":["top5:dominik-szoboszlai:2000"],"label":"Székesfehérvár","country":"Hungary"},"geometry":{"type":"Polygon","coordinates":[[[17.489488,47.234679],[17.497516,46.624566],[18.309883,46.334273],[19.122083,46.652051],[19.12677,47.262899],[18.306518,47.555293],[17.489488,47.234679]]]}},{"type":"Feature","properties":{"hex_id":"831e22fffffffff","population":1379775,"population_year":2025,"area_km2":11703.3,"population_density":117.9,"all_players":1,"players_per_million":0.72,"player_ids":["top5:piotr-zielinski:1994"],"label":"Ząbkowice Śląskie","country":"Poland"},"geometry":{"type":"Polygon","coordinates":[[[15.728823,50.742054],[15.751501,50.160699],[16.606047,49.899182],[17.447388,50.217015],[17.438554,50.79931],[16.574486,51.062894],[15.728823,50.742054]]]}},{"type":"Feature","properties":{"hex_id":"831e23fffffffff","population":3151478,"population_year":2025,"area_km2":11754.3,"population_density":268.1,"all_players":3,"players_per_million":0.95,"player_ids":["top5:jakub-kaminski:2002","top5:kamil-grabara:1999","top5:ukasz-skorupski:1991"],"label":"Ruda Śląska","country":"Poland"},"geometry":{"type":"Polygon","coordinates":[[[17.438554,50.79931],[17.447388,50.217015],[18.299459,49.942801],[19.15135,50.248654],[19.156508,50.831582],[18.295755,51.108086],[17.438554,50.79931]]]}},{"type":"Feature","properties":{"hex_id":"831e2cfffffffff","population":1131772,"population_year":2025,"area_km2":11583.9,"population_density":97.7,"all_players":2,"players_per_million":1.77,"player_ids":["top5:arkadiusz-pyrka:2002","top5:radosaw-majecki:1999"],"label":"Starachowice","country":"Poland"},"geometry":{"type":"Polygon","coordinates":[[[20.036282,51.703743],[20.023789,51.127987],[20.879639,50.838592],[21.755473,51.122377],[21.782395,51.698278],[20.919057,51.990314],[20.036282,51.703743]]]}},{"type":"Feature","properties":{"hex_id":"831e2efffffffff","population":2409979,"population_year":2025,"area_km2":11792.7,"population_density":204.4,"all_players":1,"players_per_million":0.41,"player_ids":["top5:adam-buksa:1996"],"label":"Kraków","country":"Poland"},"geometry":{"type":"Polygon","coordinates":[[[19.156508,50.831582],[19.15135,50.248654],[19.999412,49.961747],[20.860413,50.255342],[20.879639,50.838592],[20.023789,51.127987],[19.156508,50.831582]]]}},{"type":"Feature","properties":{"hex_id":"831e30fffffffff","population":1145888,"population_year":2025,"area_km2":11818.4,"population_density":97.0,"all_players":2,"players_per_million":1.75,"player_ids":["top5:robin-hranac:2000","top5:vaclav-cerny:1997"],"label":"Plzeň","country":"Czech Republic"},"geometry":{"type":"Polygon","coordinates":[[[13.250346,49.739353],[13.292336,49.152852],[14.137456,48.90561],[14.950892,49.243294],[14.922075,49.831219],[14.066577,50.080093],[13.250346,49.739353]]]}},{"type":"Feature","properties":{"hex_id":"831e31fffffffff","population":1076104,"population_year":2025,"area_km2":11889.7,"population_density":90.5,"all_players":1,"players_per_million":0.93,"player_ids":["top5:tomas-soucek:1995"],"label":"Havlíčkův Brod","country":"Czech Republic"},"geometry":{"type":"Polygon","coordinates":[[[14.922075,49.831219],[14.950892,49.243294],[15.795773,48.983666],[16.621447,49.310134],[16.606047,49.899182],[15.751501,50.160699],[14.922075,49.831219]]]}},{"type":"Feature","properties":{"hex_id":"831e33fffffffff","population":1014912,"population_year":2025,"area_km2":12067.7,"population_density":84.1,"all_players":5,"players_per_million":4.93,"player_ids":["top5:alexander-prass:2001","top5:christoph-baumgartner:1999","top5:luka-sucic:2002","top5:mateo-kovacic:1994","top5:xaver-schlager:1997"],"label":"Linz","country":"Austria"},"geometry":{"type":"Polygon","coordinates":[[[14.137456,48.90561],[14.172058,48.311376],[15.007166,48.053459],[15.817384,48.388123],[15.795773,48.983666],[14.950892,49.243294],[14.137456,48.90561]]]}},{"type":"Feature","properties":{"hex_id":"831e34fffffffff","population":1255753,"population_year":2025,"area_km2":11565.2,"population_density":108.6,"all_players":2,"players_per_million":1.59,"player_ids":["top5:pavel-sulc:2000","top5:yannick-eduardo:2006"],"label":"Kadaň","country":"Czech Republic"},"geometry":{"type":"Polygon","coordinates":[[[12.345747,50.554275],[12.39539,49.975696],[13.250346,49.739353],[14.066577,50.080093],[14.030273,50.660207],[13.164316,50.898103],[12.345747,50.554275]]]}},{"type":"Feature","properties":{"hex_id":"831e35fffffffff","population":2996250,"population_year":2025,"area_km2":11640.2,"population_density":257.4,"all_players":5,"players_per_million":1.67,"player_ids":["top5:adam-karabec:2003","top5:antonin-kinsky:2003","top5:martin-vitik:2003","top5:patrik-schick:1996","top5:vladimir-coufal:1992"],"label":"Prague","country":"Czech Republic"},"geometry":{"type":"Polygon","coordinates":[[[14.030273,50.660207],[14.066577,50.080093],[14.922075,49.831219],[15.751501,50.160699],[15.728823,50.742054],[14.863027,50.992748],[14.030273,50.660207]]]}},{"type":"Feature","properties":{"hex_id":"831e36fffffffff","population":1228992,"population_year":2025,"area_km2":11735.1,"population_density":104.7,"all_players":4,"players_per_million":3.25,"player_ids":["top5:can-uzun:2005","top5:eric-martel:2002","top5:kenan-yldz:2005","top5:nathaniel-brown:2003"],"label":"Regensburg","country":"Germany"},"geometry":{"type":"Polygon","coordinates":[[[11.593536,49.624128],[11.648396,49.039345],[12.492328,48.804358],[13.292336,49.152852],[13.250346,49.739353],[12.39539,49.975696],[11.593536,49.624128]]]}},{"type":"Feature","properties":{"hex_id":"831e62fffffffff","population":589825,"population_year":2025,"area_km2":11792.7,"population_density":50.0,"all_players":2,"players_per_million":3.39,"player_ids":["top5:oleksandr-zinchenko:1996","top5:ruslan-malinovskyi:1993"],"label":"Zhytomyr","country":"Ukraine"},"geometry":{"type":"Polygon","coordinates":[[[27.761754,50.612737],[27.687013,50.031314],[28.492806,49.683116],[29.376228,49.913355],[29.464293,50.49356],[28.655699,50.844802],[27.761754,50.612737]]]}},{"type":"Feature","properties":{"hex_id":"831e63fffffffff","population":3667328,"population_year":2025,"area_km2":11754.3,"population_density":312.0,"all_players":1,"players_per_million":0.27,"player_ids":["top5:illia-zabarnyi:2002"],"label":"Kyiv","country":"Ukraine"},"geometry":{"type":"Polygon","coordinates":[[[29.464293,50.49356],[29.376228,49.913355],[30.169488,49.553741],[31.052695,49.771325],[31.153726,50.350024],[30.358689,50.712701],[29.464293,50.49356]]]}},{"type":"Feature","properties":{"hex_id":"831e69fffffffff","population":550576,"population_year":2025,"area_km2":11565.2,"population_density":47.6,"all_players":1,"players_per_million":1.82,"player_ids":["top5:andriy-lunin:1999"],"label":"Berestyn","country":"Ukraine"},"geometry":{"type":"Polygon","coordinates":[[[34.482441,49.992207],[34.356774,49.417348],[35.105802,49.026097],[35.979486,49.206792],[36.116724,49.779343],[35.368851,50.173554],[34.482441,49.992207]]]}},{"type":"Feature","properties":{"hex_id":"831e6afffffffff","population":753322,"population_year":2025,"area_km2":11889.7,"population_density":63.4,"all_players":3,"players_per_million":3.98,"player_ids":["top5:artem-dovbyk:1997","top5:nikita-contini-baranovsky:1996","top5:vitaliy-mykolenko:1999"],"label":"Cherkasy","country":"Ukraine"},"geometry":{"type":"Polygon","coordinates":[[[31.832247,49.400701],[31.727373,48.815581],[32.491778,48.437419],[33.361547,48.641405],[33.478495,49.224589],[32.713722,49.605773],[31.832247,49.400701]]]}},{"type":"Feature","properties":{"hex_id":"831e6bfffffffff","population":804249,"population_year":2025,"area_km2":11818.4,"population_density":68.1,"all_players":1,"players_per_million":1.24,"player_ids":["top5:yehor-yarmoliuk:2004"],"label":"Verkhnodniprovsk","country":"Ukraine"},"geometry":{"type":"Polygon","coordinates":[[[33.478495,49.224589],[33.361547,48.641405],[34.111141,48.253134],[34.97725,48.445115],[35.105802,49.026097],[34.356774,49.417348],[33.478495,49.224589]]]}},{"type":"Feature","properties":{"hex_id":"831e73fffffffff","population":838851,"population_year":2025,"area_km2":12257.0,"population_density":68.4,"all_players":1,"players_per_million":1.19,"player_ids":["top5:vladyslav-vanat:2002"],"label":"Kamianets-Podilskyi","country":"Ukraine"},"geometry":{"type":"Polygon","coordinates":[[[25.868535,48.945524],[25.81028,48.348764],[26.609008,48.006457],[27.469819,48.258057],[27.541073,48.853906],[26.738582,49.199125],[25.868535,48.945524]]]}},{"type":"Feature","properties":{"hex_id":"831e76fffffffff","population":1612634,"population_year":2025,"area_km2":12054.3,"population_density":133.8,"all_players":1,"players_per_million":0.62,"player_ids":["top5:roman-yaremchuk:1995"],"label":"Lviv","country":"Ukraine"},"geometry":{"type":"Polygon","coordinates":[[[23.407039,49.924886],[23.367705,49.334469],[24.189413,49.012922],[25.055768,49.279044],[25.108696,49.869012],[24.281716,50.193368],[23.407039,49.924886]]]}},{"type":"Feature","properties":{"hex_id":"831e80fffffffff","population":4856406,"population_year":2025,"area_km2":13258.9,"population_density":366.3,"all_players":23,"players_per_million":4.74,"player_ids":["top5:arturo-calabresi:1996","top5:danilo-cataldi:1994","top5:davide-frattesi:1999","top5:davide-zappacosta:1992","top5:edoardo-iannoni:2001","top5:emanuele-valeri:1998","top5:gianluca-scamacca:1999","top5:lorenzo-de-silvestri:1988","top5:lorenzo-pellegrini:1996","top5:luca-lezzerini:1995","top5:luca-mazzitelli:1995","top5:luca-pellegrini:1999","top5:matteo-cancellieri:2002","top5:matteo-politano:1993","top5:mattia-felici:2001","top5:mattia-perin:1992","top5:michael-folorunsho:1998","top5:niccolo-pisilli:2004","top5:nicola-zalewski:2002","top5:riccardo-calafiori:2002","top5:simone-perilli:1995","top5:stefano-sabelli:1993","top5:wladimiro-falcone:1995"],"label":"Rome","country":"Italy"},"geometry":{"type":"Polygon","coordinates":[[[12.199341,42.319259],[12.245097,41.684753],[13.015322,41.413495],[13.748722,41.775618],[13.713746,42.412148],[12.934527,42.684579],[12.199341,42.319259]]]}},{"type":"Feature","properties":{"hex_id":"831e81fffffffff","population":950250,"population_year":2025,"area_km2":13361.1,"population_density":71.1,"all_players":1,"players_per_million":1.05,"player_ids":["top5:nicolo-cavuoti:2003"],"label":"Vasto","country":"Italy"},"geometry":{"type":"Polygon","coordinates":[[[13.713746,42.412148],[13.748722,41.775618],[14.519585,41.49381],[15.263913,41.847143],[15.239936,42.485371],[14.460581,42.768618],[13.713746,42.412148]]]}},{"type":"Feature","properties":{"hex_id":"831e82fffffffff","population":199633,"population_year":2025,"area_km2":13361.1,"population_density":14.9,"all_players":1,"players_per_million":5.01,"player_ids":["top5:alessio-romagnoli:1995"],"label":"Anzio","country":"Italy"},"geometry":{"type":"Polygon","coordinates":[[[11.523477,41.314244],[11.573444,40.675788],[12.334661,40.405578],[13.054853,40.772822],[13.015322,41.413495],[12.245097,41.684753],[11.523477,41.314244]]]}},{"type":"Feature","properties":{"hex_id":"831e83fffffffff","population":4036054,"population_year":2025,"area_km2":13472.5,"population_density":299.6,"all_players":7,"players_per_million":1.73,"player_ids":["top5:gianluca-gaetano:2000","top5:giuseppe-ambrosino:2003","top5:giuseppe-pezzella:1997","top5:honest-ahanor:2008","top5:pasquale-mazzocchi:1995","top5:pietro-terracciano:1990","top5:rolando-mandragora:1997"],"label":"Naples","country":"Italy"},"geometry":{"type":"Polygon","coordinates":[[[13.015322,41.413495],[13.054853,40.772822],[13.817173,40.492332],[14.548451,40.851244],[14.519585,41.49381],[13.748722,41.775618],[13.015322,41.413495]]]}},{"type":"Feature","properties":{"hex_id":"831e84fffffffff","population":1240283,"population_year":2025,"area_km2":13035.7,"population_density":95.1,"all_players":5,"players_per_million":4.03,"player_ids":["top5:daniel-boloca:1998","top5:leonardo-spinazzola:1993","top5:samuele-angori:2003","top5:simone-canestrelli:2000","top5:tommaso-barbieri:2002"],"label":"Italy","country":"Italy"},"geometry":{"type":"Polygon","coordinates":[[[11.369193,43.208977],[11.421367,42.580966],[12.199341,42.319259],[12.934527,42.684579],[12.893237,43.314735],[12.105806,43.577473],[11.369193,43.208977]]]}},{"type":"Feature","properties":{"hex_id":"831e85fffffffff","population":1157314,"population_year":2025,"area_km2":13142.7,"population_density":88.1,"all_players":2,"players_per_million":1.73,"player_ids":["top5:riccardo-orsolini:1997","top5:walid-cheddira:1998"],"label":"Ascoli Piceno","country":"Italy"},"geometry":{"type":"Polygon","coordinates":[[[12.893237,43.314735],[12.934527,42.684579],[13.713746,42.412148],[14.460581,42.768618],[14.430423,43.400602],[13.642239,43.674337],[12.893237,43.314735]]]}},{"type":"Feature","properties":{"hex_id":"831e8bfffffffff","population":1468642,"population_year":2025,"area_km2":13841.6,"population_density":106.1,"all_players":2,"players_per_million":1.36,"player_ids":["top5:michele-collocolo:1999","top5:sebastiano-luperto:1996"],"label":"Lecce","country":"Italy"},"geometry":{"type":"Polygon","coordinates":[[[16.813716,40.609369],[16.825973,39.959711],[17.578247,39.650065],[18.32526,39.988178],[18.323823,40.638905],[17.564526,40.950502],[16.813716,40.609369]]]}},{"type":"Feature","properties":{"hex_id":"831e8efffffffff","population":1356542,"population_year":2025,"area_km2":13569.3,"population_density":100.0,"all_players":2,"players_per_million":1.47,"player_ids":["top5:fabiano-parisi:2000","top5:gennaro-borrelli:2000"],"label":"Campobasso","country":"Italy"},"geometry":{"type":"Polygon","coordinates":[[[14.519585,41.49381],[14.548451,40.851244],[15.310833,40.5604],[16.052337,40.910596],[16.034326,41.554723],[15.263913,41.847143],[14.519585,41.49381]]]}},{"type":"Feature","properties":{"hex_id":"831e92fffffffff","population":413947,"population_year":2025,"area_km2":13376.9,"population_density":30.9,"all_players":1,"players_per_million":2.42,"player_ids":["top5:nicolo-barella:1997"],"label":"Cagliari","country":"Italy"},"geometry":{"type":"Polygon","coordinates":[[[8.791439,39.152477],[8.858598,38.510286],[9.598985,38.251433],[10.281466,38.63427],[10.223799,39.279363],[9.474082,39.538754],[8.791439,39.152477]]]}},{"type":"Feature","properties":{"hex_id":"831e94fffffffff","population":318017,"population_year":2025,"area_km2":13096.6,"population_density":24.3,"all_players":1,"players_per_million":3.14,"player_ids":["top5:antonio-caracciolo:1990"],"label":"Tempio Pausania","country":"Italy"},"geometry":{"type":"Polygon","coordinates":[[[8.584299,41.06115],[8.654309,40.428048],[9.410321,40.178027],[10.10603,40.560666],[10.045892,41.196594],[9.28009,41.447097],[8.584299,41.06115]]]}},{"type":"Feature","properties":{"hex_id":"831e96fffffffff","population":473582,"population_year":2025,"area_km2":13165.8,"population_density":36.0,"all_players":2,"players_per_million":4.22,"player_ids":["top5:alessandro-deiola:1995","top5:riyad-idrissi:2005"],"label":"San Gavino Monreale","country":"Italy"},"geometry":{"type":"Polygon","coordinates":[[[7.971856,40.038397],[8.045142,39.402136],[8.791439,39.152477],[9.474082,39.538754],[9.410321,40.178027],[8.654309,40.428048],[7.971856,40.038397]]]}},{"type":"Feature","properties":{"hex_id":"831e9afffffffff","population":1406199,"population_year":2025,"area_km2":13841.6,"population_density":101.6,"all_players":1,"players_per_million":0.71,"player_ids":["top5:antonino-gallo:2000"],"label":"Palermo","country":"Italy"},"geometry":{"type":"Polygon","coordinates":[[[12.464332,38.463476],[12.506362,37.810465],[13.244313,37.523712],[13.948364,37.888752],[13.916255,38.543908],[13.170122,38.831924],[12.464332,38.463476]]]}},{"type":"Feature","properties":{"hex_id":"831e9dfffffffff","population":1307869,"population_year":2025,"area_km2":13675.5,"population_density":95.6,"all_players":4,"players_per_million":3.06,"player_ids":["top5:ciro-immobile:1990","top5:gaetano-oristanio:2002","top5:gianluigi-donnarumma:1999","top5:sebastiano-esposito:2002"],"label":"Castellammare di Stabia","country":"Italy"},"geometry":{"type":"Polygon","coordinates":[[[13.817173,40.492332],[13.85067,39.845847],[14.604953,39.556469],[15.333791,39.912158],[15.310833,40.5604],[14.548451,40.851244],[13.817173,40.492332]]]}},{"type":"Feature","properties":{"hex_id":"831ea0fffffffff","population":2317839,"population_year":2025,"area_km2":12679.7,"population_density":182.8,"all_players":7,"players_per_million":3.02,"player_ids":["top5:cesare-casadei:2003","top5:federico-ravaglia:1999","top5:giacomo-raspadori:2000","top5:luca-moro:2001","top5:matteo-cocchi:2007","top5:matteo-prati:2003","top5:youssef-maleh:1998"],"label":"Ravenna","country":"Italy"},"geometry":{"type":"Polygon","coordinates":[[[11.207993,45.07018],[11.262523,44.453696],[12.057997,44.200939],[12.808805,44.563667],[12.765636,45.182217],[11.960221,45.436022],[11.207993,45.07018]]]}},{"type":"Feature","properties":{"hex_id":"831ea2fffffffff","population":2390766,"population_year":2025,"area_km2":12803.9,"population_density":186.7,"all_players":5,"players_per_million":2.09,"player_ids":["top5:eddy-kouadio:2006","top5:gianluca-mancini:1996","top5:mattia-viti:2002","top5:riccardo-braschi:2006","top5:tommaso-baldanzi:2003"],"label":"Prato","country":"Italy"},"geometry":{"type":"Polygon","coordinates":[[[10.524864,44.082048],[10.583646,43.46084],[11.369193,43.208977],[12.105806,43.577473],[12.057997,44.200939],[11.262523,44.453696],[10.524864,44.082048]]]}},{"type":"Feature","properties":{"hex_id":"831ea3fffffffff","population":1273055,"population_year":2025,"area_km2":12915.2,"population_density":98.6,"all_players":4,"players_per_million":3.14,"player_ids":["top5:alessandro-di-pardo:1999","top5:filippo-romagna:1997","top5:marco-carnesecchi:2000","top5:mattia-zaccagni:1995"],"label":"Rimini","country":"Italy"},"geometry":{"type":"Polygon","coordinates":[[[12.057997,44.200939],[12.105806,43.577473],[12.893237,43.314735],[13.642239,43.674337],[13.605684,44.299755],[12.808805,44.563667],[12.057997,44.200939]]]}},{"type":"Feature","properties":{"hex_id":"831ea4fffffffff","population":3171424,"population_year":2025,"area_km2":12437.2,"population_density":255.0,"all_players":12,"players_per_million":3.78,"player_ids":["top5:caleb-ekuban:1994","top5:destiny-udogie:2002","top5:diego-coppola:2003","top5:elia-caprile:2001","top5:federico-baschirotto:1996","top5:filippo-terracciano:2003","top5:giovanni-fabbian:2003","top5:manuel-lazzari:1993","top5:marash-kumbulla:2000","top5:nadir-zortea:1999","top5:nicola-leali:1993","top5:nicolo-casale:1998"],"label":"Verona","country":"Italy"},"geometry":{"type":"Polygon","coordinates":[[[10.343213,45.921928],[10.404667,45.312696],[11.207993,45.07018],[11.960221,45.436022],[11.910221,46.047428],[11.096453,46.290866],[10.343213,45.921928]]]}},{"type":"Feature","properties":{"hex_id":"831ea5fffffffff","population":2508313,"population_year":2025,"area_km2":12543.2,"population_density":200.0,"all_players":6,"players_per_million":2.39,"player_ids":["top5:alex-meret:1997","top5:bryan-cristante:1995","top5:guglielmo-vicario:1996","top5:ivan-provedel:1994","top5:pietro-comuzzo:2005","top5:simone-scuffet:1996"],"label":"Udine","country":"Italy"},"geometry":{"type":"Polygon","coordinates":[[[11.910221,46.047428],[11.960221,45.436022],[12.765636,45.182217],[13.53091,45.538666],[13.492667,46.151948],[12.677318,46.406957],[11.910221,46.047428]]]}},{"type":"Feature","properties":{"hex_id":"831ea6fffffffff","population":2293027,"population_year":2025,"area_km2":12564.6,"population_density":182.5,"all_players":11,"players_per_million":4.8,"player_ids":["top5:alessandro-bastoni:1999","top5:alessandro-circati:2003","top5:alessandro-zanoli:2000","top5:andrea-ghion:2000","top5:edoardo-corvi:2001","top5:gabriele-piccinini:2001","top5:giovanni-di-lorenzo:1993","top5:khephren-thuram:2001","top5:marco-silvestri:1991","top5:marcus-thuram:1997","top5:nicholas-pierini:1998"],"label":"Parma","country":"Italy"},"geometry":{"type":"Polygon","coordinates":[[[9.666362,44.937924],[9.731941,44.323805],[10.524864,44.082048],[11.262523,44.453696],[11.207993,45.07018],[10.404667,45.312696],[9.666362,44.937924]]]}},{"type":"Feature","properties":{"hex_id":"831ea8fffffffff","population":270806,"population_year":2025,"area_km2":13096.6,"population_density":20.7,"all_players":2,"players_per_million":7.39,"player_ids":["top5:duje-caleta-car:1996","top5:luka-modric:1985"],"label":"Zadar","country":"Croatia"},"geometry":{"type":"Polygon","coordinates":[[[15.165843,44.377946],[15.190908,43.750895],[15.978683,43.466084],[16.749675,43.806687],[16.736287,44.435047],[15.940187,44.721551],[15.165843,44.377946]]]}},{"type":"Feature","properties":{"hex_id":"831ea9fffffffff","population":761063,"population_year":2025,"area_km2":13165.8,"population_density":57.8,"all_players":2,"players_per_million":2.63,"player_ids":["top5:ante-budimir:1991","top5:petar-sucic:2003"],"label":"Livno","country":"Bosnia and Herzegovina"},"geometry":{"type":"Polygon","coordinates":[[[16.736287,44.435047],[16.749675,43.806687],[17.535856,43.510771],[18.316311,43.841343],[18.31474,44.47068],[17.520869,44.768523],[16.736287,44.435047]]]}},{"type":"Feature","properties":{"hex_id":"831eabfffffffff","population":507434,"population_year":2025,"area_km2":13313.8,"population_density":38.1,"all_players":6,"players_per_million":11.82,"player_ids":["top5:domagoj-bradaric:1999","top5:kristijan-jakic:1997","top5:luka-vuskovic:2007","top5:martin-baturina:2003","top5:nikola-moro:1998","top5:nikola-vlasic:1997"],"label":"Split","country":"Croatia"},"geometry":{"type":"Polygon","coordinates":[[[15.978683,43.466084],[15.997505,42.832597],[16.775858,42.538488],[17.543183,42.876114],[17.535856,43.510771],[16.749675,43.806687],[15.978683,43.466084]]]}},{"type":"Feature","properties":{"hex_id":"831eacfffffffff","population":327172,"population_year":2025,"area_km2":12870.5,"population_density":25.4,"all_players":1,"players_per_million":3.06,"player_ids":["top5:ivan-smolcic:2000"],"label":"Gospić","country":"Croatia"},"geometry":{"type":"Polygon","coordinates":[[[14.337206,45.273432],[14.368746,44.653123],[15.165843,44.377946],[15.940187,44.721551],[15.920499,45.343301],[15.114564,45.62006],[14.337206,45.273432]]]}},{"type":"Feature","properties":{"hex_id":"831eb2fffffffff","population":143417,"population_year":2025,"area_km2":12870.5,"population_density":11.1,"all_players":3,"players_per_million":20.92,"player_ids":["top5:evann-guessand:2001","top5:matteo-tramoni:2000","top5:remy-cabella:1990"],"label":"Ajaccio","country":"France"},"geometry":{"type":"Polygon","coordinates":[[[7.74579,41.92813],[7.822202,41.301527],[8.584299,41.06115],[9.28009,41.447097],[9.213581,42.076629],[8.441288,42.317324],[7.74579,41.92813]]]}},{"type":"Feature","properties":{"hex_id":"831eb5fffffffff","population":1045035,"population_year":2025,"area_km2":12679.7,"population_density":82.4,"all_players":13,"players_per_million":12.44,"player_ids":["top5:daniele-ghilardi:2003","top5:daniele-rugani:1994","top5:federico-bernardeschi:1994","top5:federico-ceccherini:1992","top5:jacopo-fazzini:2003","top5:leonardo-pavoletti:1988","top5:luca-marianucci:2004","top5:luca-ranieri:1999","top5:niccolo-fortini:2006","top5:nicolo-bertola:2003","top5:nicolo-zaniolo:1999","top5:patrizio-masini:2001","top5:samuele-ricci:2001"],"label":"Livorno","country":"Italy"},"geometry":{"type":"Polygon","coordinates":[[[9.008239,43.943707],[9.077677,43.325053],[9.86025,43.0839],[10.583646,43.46084],[10.524864,44.082048],[9.731941,44.323805],[9.008239,43.943707]]]}},{"type":"Feature","properties":{"hex_id":"831ec2fffffffff","population":974766,"population_year":2025,"area_km2":13816.5,"population_density":70.6,"all_players":2,"players_per_million":2.05,"player_ids":["top5:kostas-tsimikas:1996","top5:stefanos-tzimas:2006"],"label":"Thessaloniki","country":"Greece"},"geometry":{"type":"Polygon","coordinates":[[[22.156565,41.597915],[22.130152,40.951006],[22.87671,40.608844],[23.654599,40.911034],[23.692137,41.557755],[22.940681,41.902528],[22.156565,41.597915]]]}},{"type":"Feature","properties":{"hex_id":"831ec4fffffffff","population":1259329,"population_year":2025,"area_km2":13472.5,"population_density":93.5,"all_players":1,"players_per_million":0.79,"player_ids":["top5:ilia-gruev:2000"],"label":"Sofia","country":"Bulgaria"},"geometry":{"type":"Polygon","coordinates":[[[22.238177,43.517311],[22.210569,42.881199],[22.973375,42.544131],[23.768882,42.840643],[23.808112,43.476547],[23.040234,43.816203],[22.238177,43.517311]]]}},{"type":"Feature","properties":{"hex_id":"831ec6fffffffff","population":1055383,"population_year":2025,"area_km2":13642.7,"population_density":77.4,"all_players":3,"players_per_million":2.84,"player_ids":["top5:bojan-miovski:1999","top5:elif-elmas:1999","top5:stole-dimitrievski:1993"],"label":"Štip","country":"North Macedonia"},"geometry":{"type":"Polygon","coordinates":[[[21.420399,42.574093],[21.399102,41.932468],[22.156565,41.597915],[22.940681,41.902528],[22.973375,42.544131],[22.210569,42.881199],[21.420399,42.574093]]]}},{"type":"Feature","properties":{"hex_id":"831ec9fffffffff","population":17744064,"population_year":2025,"area_km2":13716.7,"population_density":1293.6,"all_players":3,"players_per_million":0.17,"player_ids":["top5:bertug-yldrm:2002","top5:emirhan-ilkhan:2004","top5:semih-klcsoy:2005"],"label":"Gaziosmanpaşa","country":"Turkey"},"geometry":{"type":"Polygon","coordinates":[[[28.27582,41.315589],[28.205616,40.671538],[28.920766,40.29157],[29.708204,40.552644],[29.788911,41.195121],[29.071743,41.578147],[28.27582,41.315589]]]}},{"type":"Feature","properties":{"hex_id":"831ed1fffffffff","population":540804,"population_year":2025,"area_km2":13968.4,"population_density":38.7,"all_players":1,"players_per_million":1.85,"player_ids":["top5:dimitris-giannoulis:1995"],"label":"Katerini","country":"Greece"},"geometry":{"type":"Polygon","coordinates":[[[21.357434,40.638763],[21.337049,39.98696],[22.078459,39.647346],[22.845414,39.957039],[22.87671,40.608844],[22.130152,40.951006],[21.357434,40.638763]]]}},{"type":"Feature","properties":{"hex_id":"831ed4fffffffff","population":1951269,"population_year":2025,"area_km2":13766.4,"population_density":141.7,"all_players":1,"players_per_million":0.51,"player_ids":["top5:kristjan-asllani:2002"],"label":"Elbasan","country":"Albania"},"geometry":{"type":"Polygon","coordinates":[[[19.087059,41.616885],[19.082968,40.970664],[19.839096,40.648758],[20.605556,40.970873],[20.620805,41.617615],[19.858429,41.941774],[19.087059,41.616885]]]}},{"type":"Feature","properties":{"hex_id":"831edafffffffff","population":3954535,"population_year":2025,"area_km2":14263.0,"population_density":277.3,"all_players":5,"players_per_million":1.26,"player_ids":["top5:anastasios-douvikas:1999","top5:babis-lykogiannis:1993","top5:charalampos-kostoulas:2007","top5:konstantinos-mavropanos:1997","top5:panos-katseris:2001"],"label":"Athens","country":"Greece"},"geometry":{"type":"Polygon","coordinates":[[[22.784149,38.644236],[22.754162,37.983543],[23.474781,37.630343],[24.229741,37.935113],[24.27013,38.595464],[23.545178,38.951439],[22.784149,38.644236]]]}},{"type":"Feature","properties":{"hex_id":"831ee5fffffffff","population":833575,"population_year":2025,"area_km2":12900.3,"population_density":64.6,"all_players":2,"players_per_million":2.4,"player_ids":["top5:andrei-ratiu:1998","top5:nicolae-stanciu:1993"],"label":"Cricău","country":"Romania"},"geometry":{"type":"Polygon","coordinates":[[[23.180153,46.312464],[23.144369,45.694663],[23.929396,45.360633],[24.755175,45.641782],[24.803345,46.259176],[24.013384,46.595885],[23.180153,46.312464]]]}},{"type":"Feature","properties":{"hex_id":"831ee6fffffffff","population":492025,"population_year":2025,"area_km2":13081.4,"population_density":37.6,"all_players":2,"players_per_million":4.06,"player_ids":["top5:ore-petrovic:1999","top5:veljko-milosavljevic:2007"],"label":"Požarevac","country":"Serbia"},"geometry":{"type":"Polygon","coordinates":[[[20.717203,45.42096],[20.700526,44.796864],[21.486223,44.476503],[22.294649,44.777859],[22.323534,45.402064],[21.531792,45.724863],[20.717203,45.42096]]]}},{"type":"Feature","properties":{"hex_id":"831eeafffffffff","population":586189,"population_year":2025,"area_km2":13456.5,"population_density":43.6,"all_players":1,"players_per_million":1.71,"player_ids":["top5:rosen-bozhinov:2005"],"label":"Veliko Tarnovo","country":"Bulgaria"},"geometry":{"type":"Polygon","coordinates":[[[25.375376,43.414339],[25.324619,42.778989],[26.072885,42.421413],[26.875502,42.696397],[26.937637,43.330852],[26.185824,43.691272],[25.375376,43.414339]]]}},{"type":"Feature","properties":{"hex_id":"831eecfffffffff","population":3103366,"population_year":2025,"area_km2":13081.4,"population_density":237.2,"all_players":2,"players_per_million":0.64,"player_ids":["top5:ionut-radu:1997","top5:radu-dragusin:2002"],"label":"Bucharest","country":"Romania"},"geometry":{"type":"Polygon","coordinates":[[[25.532273,45.296738],[25.479185,44.673329],[26.243563,44.320374],[27.064702,44.588046],[27.129673,45.210555],[26.361675,45.566347],[25.532273,45.296738]]]}},{"type":"Feature","properties":{"hex_id":"831ef0fffffffff","population":477585,"population_year":2025,"area_km2":13424.6,"population_density":35.6,"all_players":2,"players_per_million":4.19,"player_ids":["top5:andrija-bulatovic:2006","top5:andrija-maksimovic:2007"],"label":"Kolašin","country":"Montenegro"},"geometry":{"type":"Polygon","coordinates":[[[19.099702,43.53434],[19.095425,42.898853],[19.86831,42.58307],[20.651982,42.900591],[20.667921,43.536564],[19.888519,43.854586],[19.099702,43.53434]]]}},{"type":"Feature","properties":{"hex_id":"831ef1fffffffff","population":831141,"population_year":2025,"area_km2":13456.5,"population_density":61.8,"all_players":3,"players_per_million":3.61,"player_ids":["top5:ardian-ismajli:1996","top5:ivan-ilic:2001","top5:luka-ilic:1999"],"label":"Niš","country":"Serbia"},"geometry":{"type":"Polygon","coordinates":[[[20.667921,43.536564],[20.651982,42.900591],[21.420399,42.574093],[22.210569,42.881199],[22.238177,43.517311],[21.463952,43.846234],[20.667921,43.536564]]]}},{"type":"Feature","properties":{"hex_id":"831ef2fffffffff","population":666105,"population_year":2025,"area_km2":13577.5,"population_density":49.1,"all_players":2,"players_per_million":3.0,"player_ids":["top5:elseid-hysaj:1994","top5:vasilije-adzic:2006"],"label":"Nikšić","country":"Montenegro"},"geometry":{"type":"Polygon","coordinates":[[[18.319382,42.571144],[18.320884,41.930526],[19.087059,41.616885],[19.858429,41.941774],[19.86831,42.58307],[19.095425,42.898853],[18.319382,42.571144]]]}},{"type":"Feature","properties":{"hex_id":"831ef3fffffffff","population":470687,"population_year":2025,"area_km2":13618.2,"population_density":34.6,"all_players":3,"players_per_million":6.37,"player_ids":["top5:amir-rrahmani:1994","top5:elvis-rexhbecaj:1997","top5:vedat-muriqi:1994"],"label":"Prizren","country":"Kosovo"},"geometry":{"type":"Polygon","coordinates":[[[19.86831,42.58307],[19.858429,41.941774],[20.620805,41.617615],[21.399102,41.932468],[21.420399,42.574093],[20.651982,42.900591],[19.86831,42.58307]]]}},{"type":"Feature","properties":{"hex_id":"831ef4fffffffff","population":1035172,"population_year":2025,"area_km2":13220.0,"population_density":78.3,"all_players":2,"players_per_million":1.93,"player_ids":["top5:edin-dzeko:1986","top5:milan-uric:1990"],"label":"Tuzla","country":"Bosnia and Herzegovina"},"geometry":{"type":"Polygon","coordinates":[[[18.31474,44.47068],[18.316311,43.841343],[19.099702,43.53434],[19.888519,43.854586],[19.898853,44.48456],[19.10845,44.793707],[18.31474,44.47068]]]}},{"type":"Feature","properties":{"hex_id":"831ef5fffffffff","population":1319316,"population_year":2025,"area_km2":13258.9,"population_density":99.5,"all_players":3,"players_per_million":2.27,"player_ids":["top5:filip-kostic:1992","top5:jovan-milosevic:2005","top5:kosta-nedeljkovic:2005"],"label":"Kragujevac","country":"Serbia"},"geometry":{"type":"Polygon","coordinates":[[[19.898853,44.48456],[19.888519,43.854586],[20.667921,43.536564],[21.463952,43.846234],[21.486223,44.476503],[20.700526,44.796864],[19.898853,44.48456]]]}},{"type":"Feature","properties":{"hex_id":"831ef6fffffffff","population":403736,"population_year":2025,"area_km2":13376.9,"population_density":30.2,"all_players":1,"players_per_million":2.48,"player_ids":["top5:nikola-vasilj:1995"],"label":"Mostar","country":"Bosnia and Herzegovina"},"geometry":{"type":"Polygon","coordinates":[[[17.535856,43.510771],[17.543183,42.876114],[18.319382,42.571144],[19.095425,42.898853],[19.099702,43.53434],[18.316311,43.841343],[17.535856,43.510771]]]}},{"type":"Feature","properties":{"hex_id":"831f04fffffffff","population":736355,"population_year":2025,"area_km2":10178.5,"population_density":72.3,"all_players":4,"players_per_million":5.43,"player_ids":["top5:kristoffer-lund:2002","top5:mads-hermansen:2000","top5:oliver-christensen:1999","top5:oscar-fraulo:2003"],"label":"Kerteminde","country":"Denmark"},"geometry":{"type":"Polygon","coordinates":[[[10.065692,55.394879],[10.138365,54.862761],[11.057592,54.669026],[11.917787,55.005749],[11.860105,55.539449],[10.927107,55.734903],[10.065692,55.394879]]]}},{"type":"Feature","properties":{"hex_id":"831f05fffffffff","population":2284708,"population_year":2025,"area_km2":10249.3,"population_density":222.9,"all_players":25,"players_per_million":10.94,"player_ids":["top5:adam-daghim:2005","top5:amin-sarr:2001","top5:anthony-elanga:2002","top5:christian-nrgaard:1994","top5:filip-jrgensen:2002","top5:gabriel-gudmundsson:1999","top5:henrik-meister:2003","top5:jacob-bruun-larsen:1998","top5:jesper-lindstrm:2000","top5:joachim-andersen:1996","top5:jonas-wind:1999","top5:jonathan-fischer:2001","top5:mattias-svanberg:1999","top5:nikolas-nartey:2000","top5:nils-zatterstrom:2005","top5:noah-nartey:2005","top5:oliver-sonne:2000","top5:oscar-hjlund:2005","top5:patrick-dorgu:2004","top5:pierre-hjbjerg:1995","top5:rasmus-hjlund:2003","top5:william-bving:2003","top5:younes-namli:1994","top5:yussuf-poulsen:1994","top5:zachary-athekame:2004"],"label":"Copenhagen","country":"Denmark"},"geometry":{"type":"Polygon","coordinates":[[[11.860105,55.539449],[11.917787,55.005749],[12.839846,54.798544],[13.717125,55.123081],[13.674893,55.658102],[12.739823,55.867327],[11.860105,55.539449]]]}},{"type":"Feature","properties":{"hex_id":"831f06fffffffff","population":1165446,"population_year":2025,"area_km2":10356.9,"population_density":112.5,"all_players":1,"players_per_million":0.86,"player_ids":["top5:tom-rothe:2004"],"label":"Rendsburg","country":"Germany"},"geometry":{"type":"Polygon","coordinates":[[[9.296563,54.514365],[9.374531,53.975514],[10.280052,53.783253],[11.121177,54.128426],[11.057592,54.669026],[10.138365,54.862761],[9.296563,54.514365]]]}},{"type":"Feature","properties":{"hex_id":"831f08fffffffff","population":530989,"population_year":2025,"area_km2":10812.7,"population_density":49.1,"all_players":1,"players_per_million":1.88,"player_ids":["top5:adrian-przyborek:2007"],"label":"Koszalin","country":"Poland"},"geometry":{"type":"Polygon","coordinates":[[[15.584564,54.126458],[15.609631,53.574966],[16.508143,53.331202],[17.392114,53.636628],[17.382346,54.188943],[16.47325,54.435073],[15.584564,54.126458]]]}},{"type":"Feature","properties":{"hex_id":"831f09fffffffff","population":1353146,"population_year":2025,"area_km2":10857.3,"population_density":124.6,"all_players":1,"players_per_million":0.74,"player_ids":["top5:przemysaw-frankowski:1995"],"label":"Gdańsk","country":"Poland"},"geometry":{"type":"Polygon","coordinates":[[[17.382346,54.188943],[17.392114,53.636628],[18.287967,53.379322],[19.183628,53.671807],[19.189333,54.224652],[18.283871,54.484548],[17.382346,54.188943]]]}},{"type":"Feature","properties":{"hex_id":"831f0afffffffff","population":615713,"population_year":2025,"area_km2":11010.2,"population_density":55.9,"all_players":1,"players_per_million":1.62,"player_ids":["top5:sebastian-walukiewicz:2000"],"label":"Gorzów Wielkopolski","country":"Poland"},"geometry":{"type":"Polygon","coordinates":[[[14.738933,53.256941],[14.770737,52.698373],[15.658506,52.45677],[16.525149,52.771637],[16.508143,53.331202],[15.609631,53.574966],[14.738933,53.256941]]]}},{"type":"Feature","properties":{"hex_id":"831f0efffffffff","population":838996,"population_year":2025,"area_km2":10757.4,"population_density":78.0,"all_players":1,"players_per_million":1.19,"player_ids":["top5:adrian-benedyczak:2000"],"label":"Kamień Pomorski","country":"Poland"},"geometry":{"type":"Polygon","coordinates":[[[13.799424,54.037627],[13.839529,53.487245],[14.738933,53.256941],[15.609631,53.574966],[15.584564,54.126458],[14.673682,54.358877],[13.799424,54.037627]]]}},{"type":"Feature","properties":{"hex_id":"831f10fffffffff","population":2433093,"population_year":2025,"area_km2":10697.0,"population_density":227.5,"all_players":5,"players_per_million":2.05,"player_ids":["top5:edon-zhegrova:1999","top5:felix-agu:1999","top5:nicolas-gerrit-kuhn:2000","top5:omar-traore:1998","top5:pascal-stenzel:1996"],"label":"Osnabrück","country":"Germany"},"geometry":{"type":"Polygon","coordinates":[[[7.8306,52.709811],[7.918,52.158001],[8.796415,51.967973],[9.600787,52.328809],[9.526612,52.882702],[8.634702,53.073729],[7.8306,52.709811]]]}},{"type":"Feature","properties":{"hex_id":"831f11fffffffff","population":2278320,"population_year":2025,"area_km2":10790.5,"population_density":211.1,"all_players":5,"players_per_million":2.19,"player_ids":["top5:charles-herrmann:2006","top5:lars-ritzka:1998","top5:maximilian-eggestein:1996","top5:niclas-fullkrug:1993","top5:phillip-tietz:1997"],"label":"Hanover","country":"Germany"},"geometry":{"type":"Polygon","coordinates":[[[9.526612,52.882702],[9.600787,52.328809],[10.483886,52.126246],[11.305631,52.476318],[11.24517,53.03204],[10.349128,53.235917],[9.526612,52.882702]]]}},{"type":"Feature","properties":{"hex_id":"831f12fffffffff","population":4974727,"population_year":2025,"area_km2":10857.3,"population_density":458.2,"all_players":12,"players_per_million":2.41,"player_ids":["top5:alexander-nubel:1996","top5:amos-pieper:1998","top5:chris-fuhrich:1998","top5:daniel-heuer-fernandes:1992","top5:ilyas-ansah:2004","top5:jan-niklas-beste:1999","top5:julian-niehues:2001","top5:leon-goretzka:1995","top5:lukas-klostermann:1996","top5:paris-brunner:2006","top5:patrick-mainka:1994","top5:tim-oermann:2003"],"label":"Bochum","country":"Germany"},"geometry":{"type":"Polygon","coordinates":[[[7.131986,51.786954],[7.223571,51.228954],[8.088631,51.039696],[8.875324,51.407718],[8.796415,51.967973],[7.918,52.158001],[7.131986,51.786954]]]}},{"type":"Feature","properties":{"hex_id":"831f13fffffffff","population":1933075,"population_year":2025,"area_km2":10958.8,"population_density":176.4,"all_players":6,"players_per_million":3.1,"player_ids":["top5:ansgar-knauff:2002","top5:marvin-friedrich:1995","top5:patrick-osterhage:2000","top5:stefan-ortega:1992","top5:timo-hubers:1996","top5:yannik-engelhardt:2001"],"label":"Göttingen","country":"Germany"},"geometry":{"type":"Polygon","coordinates":[[[8.796415,51.967973],[8.875324,51.407718],[9.745557,51.206245],[10.549623,51.56399],[10.483886,52.126246],[9.600787,52.328809],[8.796415,51.967973]]]}},{"type":"Feature","properties":{"hex_id":"831f14fffffffff","population":1611302,"population_year":2025,"area_km2":10435.0,"population_density":154.4,"all_players":3,"players_per_million":1.86,"player_ids":["top5:deniz-undav:1996","top5:fabio-chiarodia:2005","top5:hans-hateboer:1994"],"label":"Oldenburg","country":"Germany"},"geometry":{"type":"Polygon","coordinates":[[[6.848229,53.43156],[6.944351,52.888298],[7.8306,52.709811],[8.634702,53.073729],[8.551833,53.61915],[7.651457,53.798545],[6.848229,53.43156]]]}},{"type":"Feature","properties":{"hex_id":"831f15fffffffff","population":4282236,"population_year":2025,"area_km2":10530.0,"population_density":406.7,"all_players":25,"players_per_million":5.84,"player_ids":["top5:almugera-kabar:2006","top5:anton-stach:1998","top5:christian-conteh:1999","top5:derrick-kohn:1999","top5:elias-saad:1999","top5:eren-dinkci:2001","top5:ermedin-demirovic:1998","top5:ernest-poku:2004","top5:fabio-balde:2005","top5:felix-nmecha:2000","top5:hauke-wahl:1994","top5:jonathan-tah:1996","top5:josha-vagnoman:2000","top5:julian-brandt:1996","top5:justin-njinmah:2000","top5:keke-topp:2004","top5:leart-paqarada:1994","top5:lucas-holer:1994","top5:lukas-nmecha:1998","top5:marnon-busch:1994","top5:mick-schmetgens:2007","top5:nick-woltemade:2002","top5:otto-stange:2007","top5:sirlord-conteh:1996","top5:vitaly-janelt:1998"],"label":"Hamburg","country":"Germany"},"geometry":{"type":"Polygon","coordinates":[[[8.551833,53.61915],[8.634702,53.073729],[9.526612,52.882702],[10.349128,53.235917],[10.280052,53.783253],[9.374531,53.975514],[8.551833,53.61915]]]}},{"type":"Feature","properties":{"hex_id":"831f16fffffffff","population":2404526,"population_year":2025,"area_km2":10594.2,"population_density":227.0,"all_players":3,"players_per_million":1.25,"player_ids":["top5:marius-bulter:1993","top5:mats-wieffer:1999","top5:nicolai-remberg:2000"],"label":"Borne","country":"Germany"},"geometry":{"type":"Polygon","coordinates":[[[6.159603,52.514255],[6.259687,51.96477],[7.131986,51.786954],[7.918,52.158001],[7.8306,52.709811],[6.944351,52.888298],[6.159603,52.514255]]]}},{"type":"Feature","properties":{"hex_id":"831f18fffffffff","population":3075422,"population_year":2025,"area_km2":11131.6,"population_density":276.3,"all_players":5,"players_per_million":1.63,"player_ids":["top5:arne-maier:1999","top5:kevin-schade:2001","top5:merlin-rohl:2002","top5:robert-andrich:1994","top5:tim-kleindienst:1995"],"label":"Potsdam","country":"Germany"},"geometry":{"type":"Polygon","coordinates":[[[12.191895,52.260945],[12.24402,51.696953],[13.120243,51.470233],[13.955866,51.805879],[13.917733,52.371333],[13.029893,52.599737],[12.191895,52.260945]]]}},{"type":"Feature","properties":{"hex_id":"831f1afffffffff","population":2852514,"population_year":2025,"area_km2":11308.9,"population_density":252.2,"all_players":4,"players_per_million":1.4,"player_ids":["top5:armindo-sieb:2003","top5:jordan-torunarigha:1997","top5:leonardo-bittencourt:1993","top5:tom-krau:2001"],"label":"Leipzig","country":"Germany"},"geometry":{"type":"Polygon","coordinates":[[[11.423602,51.350013],[11.48116,50.779522],[12.345747,50.554275],[13.164316,50.898103],[13.120243,51.470233],[12.24402,51.696953],[11.423602,51.350013]]]}},{"type":"Feature","properties":{"hex_id":"831f1bfffffffff","population":1866083,"population_year":2025,"area_km2":11387.2,"population_density":163.9,"all_players":2,"players_per_million":1.07,"player_ids":["top5:linus-guther:2010","top5:maximilian-arnold:1994"],"label":"Spremberg","country":"Germany"},"geometry":{"type":"Polygon","coordinates":[[[13.120243,51.470233],[13.164316,50.898103],[14.030273,50.660207],[14.863027,50.992748],[14.832771,51.566231],[13.955866,51.805879],[13.120243,51.470233]]]}},{"type":"Feature","properties":{"hex_id":"831f1cfffffffff","population":479882,"population_year":2025,"area_km2":10874.1,"population_density":44.1,"all_players":1,"players_per_million":2.08,"player_ids":["top5:maximilian-beier:2002"],"label":"Brandenburg an der Havel","country":"Germany"},"geometry":{"type":"Polygon","coordinates":[[[11.24517,53.03204],[11.305631,52.476318],[12.191895,52.260945],[13.029893,52.599737],[12.983579,53.157021],[12.085015,53.37401],[11.24517,53.03204]]]}},{"type":"Feature","properties":{"hex_id":"831f1dfffffffff","population":2731825,"population_year":2025,"area_km2":10947.5,"population_density":249.5,"all_players":24,"players_per_million":8.79,"player_ids":["top5:aljoscha-kemlein:2004","top5:anton-kade:2004","top5:antonio-rudiger:1993","top5:bence-dardai:2006","top5:david-odogu:2006","top5:derry-scherhant:2002","top5:fisnik-asllani:2002","top5:ibrahim-maza:2005","top5:idrissa-toure:1998","top5:jessic-ngankam:2000","top5:lazar-samardzic:2002","top5:lennard-maloney:1999","top5:linton-maina:1999","top5:louis-oppie:2002","top5:luca-netz:2003","top5:lukas-ullrich:2004","top5:matteo-palma:2008","top5:maximilian-mittelstadt:1997","top5:maximilian-philipp:1994","top5:moritz-jenz:1999","top5:muhammed-damar:2004","top5:patrice-covic:2007","top5:ransford-konigsdorffer:2001","top5:reda-khadra:2001"],"label":"Berlin","country":"Germany"},"geometry":{"type":"Polygon","coordinates":[[[12.983579,53.157021],[13.029893,52.599737],[13.917733,52.371333],[14.770737,52.698373],[14.738933,53.256941],[13.839529,53.487245],[12.983579,53.157021]]]}},{"type":"Feature","properties":{"hex_id":"831f1efffffffff","population":1236434,"population_year":2025,"area_km2":11050.4,"population_density":111.9,"all_players":2,"players_per_million":1.62,"player_ids":["top5:jan-burger:2007","top5:tim-siersleben:2000"],"label":"Magdeburg","country":"Germany"},"geometry":{"type":"Polygon","coordinates":[[[10.483886,52.126246],[10.549623,51.56399],[11.423602,51.350013],[12.24402,51.696953],[12.191895,52.260945],[11.305631,52.476318],[10.483886,52.126246]]]}},{"type":"Feature","properties":{"hex_id":"831f20fffffffff","population":209070,"population_year":2025,"area_km2":9742.4,"population_density":21.5,"all_players":1,"players_per_million":4.78,"player_ids":["top5:laurs-skjellerup:2002"],"label":"Mariager","country":"Denmark"},"geometry":{"type":"Polygon","coordinates":[[[9.839975,56.960452],[9.916531,56.44374],[10.860149,56.260141],[11.741681,56.591404],[11.680885,57.109629],[10.722652,57.295139],[9.839975,56.960452]]]}},{"type":"Feature","properties":{"hex_id":"831f21fffffffff","population":258303,"population_year":2025,"area_km2":9808.2,"population_density":26.3,"all_players":1,"players_per_million":3.87,"player_ids":["top5:eric-smith:1997"],"label":"Halmstad","country":"Sweden"},"geometry":{"type":"Polygon","coordinates":[[[11.680885,57.109629],[11.741681,56.591404],[12.688484,56.393983],[13.588169,56.712632],[13.543636,57.232114],[12.583033,57.431753],[11.680885,57.109629]]]}},{"type":"Feature","properties":{"hex_id":"831f22fffffffff","population":1078499,"population_year":2025,"area_km2":9922.7,"population_density":108.7,"all_players":11,"players_per_million":10.2,"player_ids":["top5:christian-eriksen:1992","top5:frederik-rnnow:1992","top5:jens-stage:1996","top5:mads-pedersen:1996","top5:martin-frese:1998","top5:oliver-jensen:2002","top5:rasmus-kristensen:1997","top5:rasmus-nicolaisen:1997","top5:thomas-kristensen:2002","top5:tobias-slotsager:2006","top5:william-osula:2003"],"label":"Denmark","country":"Denmark"},"geometry":{"type":"Polygon","coordinates":[[[9.054551,56.10039],[9.136608,55.576825],[10.065692,55.394879],[10.927107,55.734903],[10.860149,56.260141],[9.916531,56.44374],[9.054551,56.10039]]]}},{"type":"Feature","properties":{"hex_id":"831f23fffffffff","population":869269,"population_year":2025,"area_km2":9995.4,"population_density":87.0,"all_players":9,"players_per_million":10.35,"player_ids":["top5:andreas-christensen:1996","top5:andreas-skov-olsen:1999","top5:conrad-harder:2005","top5:jens-odgaard:1999","top5:lucas-hgsberg:2006","top5:mikkel-damsgaard:2000","top5:morten-frendrup:2001","top5:sebastian-otoa:2004","top5:victor-nelsson:1998"],"label":"Hillerød","country":"Denmark"},"geometry":{"type":"Polygon","coordinates":[[[10.860149,56.260141],[10.927107,55.734903],[11.860105,55.539449],[12.739823,55.867327],[12.688484,56.393983],[11.741681,56.591404],[10.860149,56.260141]]]}},{"type":"Feature","properties":{"hex_id":"831f24fffffffff","population":372307,"population_year":2025,"area_km2":9491.0,"population_density":39.2,"all_players":4,"players_per_million":10.74,"player_ids":["top5:joakim-mhle:1997","top5:malthe-hojholt:2001","top5:mathias-jensen:1996","top5:mikkel-kaufmann:2001"],"label":"Jerslev","country":"Denmark"},"geometry":{"type":"Polygon","coordinates":[[[8.799628,57.640256],[8.8861,57.132116],[9.839975,56.960452],[10.722652,57.295139],[10.652048,57.804881],[9.682736,57.978393],[8.799628,57.640256]]]}},{"type":"Feature","properties":{"hex_id":"831f25fffffffff","population":1051015,"population_year":2025,"area_km2":9558.5,"population_density":110.0,"all_players":1,"players_per_million":0.95,"player_ids":["top5:emil-holm:2000"],"label":"Kungsbacka parish","country":"Sweden"},"geometry":{"type":"Polygon","coordinates":[[[10.652048,57.804881],[10.722652,57.295139],[11.680885,57.109629],[12.583033,57.431753],[12.52887,57.942851],[11.555978,58.130531],[10.652048,57.804881]]]}},{"type":"Feature","properties":{"hex_id":"831f26fffffffff","population":490387,"population_year":2025,"area_km2":9668.2,"population_density":50.7,"all_players":1,"players_per_million":2.04,"player_ids":["top5:gustav-isaksen:2001"],"label":"Over Hjerk","country":"Denmark"},"geometry":{"type":"Polygon","coordinates":[[[8.024252,56.785427],[8.115982,56.270471],[9.054551,56.10039],[9.916531,56.44374],[9.839975,56.960452],[8.8861,57.132116],[8.024252,56.785427]]]}},{"type":"Feature","properties":{"hex_id":"831f2afffffffff","population":78051,"population_year":2025,"area_km2":10310.6,"population_density":7.6,"all_players":1,"players_per_million":12.81,"player_ids":["top5:hugo-larsson:2004"],"label":"Svarte","country":"Sweden"},"geometry":{"type":"Polygon","coordinates":[[[13.674893,55.658102],[13.717125,55.123081],[14.640207,54.902182],[15.533114,55.214069],[15.506708,55.750138],[14.571482,55.973336],[13.674893,55.658102]]]}},{"type":"Feature","properties":{"hex_id":"831f2cfffffffff","population":227590,"population_year":2025,"area_km2":9865.2,"population_density":23.1,"all_players":1,"players_per_million":4.39,"player_ids":["top5:emil-krafth:1994"],"label":"Ljungby","country":"Sweden"},"geometry":{"type":"Polygon","coordinates":[[[13.543636,57.232114],[13.588169,56.712632],[14.5362,56.501146],[15.452474,56.806705],[15.42462,57.327177],[14.463717,57.541165],[13.543636,57.232114]]]}},{"type":"Feature","properties":{"hex_id":"831f2dfffffffff","population":158941,"population_year":2025,"area_km2":9913.0,"population_density":16.0,"all_players":1,"players_per_million":6.29,"player_ids":["top5:melker-ellborg:2003"],"label":"Kalmar","country":"Sweden"},"geometry":{"type":"Polygon","coordinates":[[[15.42462,57.327177],[15.452474,56.806705],[16.399712,56.580977],[17.330858,56.873029],[17.319999,57.394216],[16.36093,57.622703],[15.42462,57.327177]]]}},{"type":"Feature","properties":{"hex_id":"831f2efffffffff","population":588838,"population_year":2025,"area_km2":10059.1,"population_density":58.5,"all_players":3,"players_per_million":5.09,"player_ids":["top5:jacob-ondrejka:2002","top5:karl-johan-johnsson:1990","top5:sebastian-nanasi:2002"],"label":"Landskrona","country":"Sweden"},"geometry":{"type":"Polygon","coordinates":[[[12.688484,56.393983],[12.739823,55.867327],[13.674893,55.658102],[14.571482,55.973336],[14.5362,56.501146],[13.588169,56.712632],[12.688484,56.393983]]]}},{"type":"Feature","properties":{"hex_id":"831f53fffffffff","population":3001674,"population_year":2025,"area_km2":11369.1,"population_density":264.0,"all_players":4,"players_per_million":1.33,"player_ids":["top5:adam-dzwigaa:1995","top5:jan-ziokowski:2005","top5:robert-lewandowski:1988","top5:wojciech-szczesny:1990"],"label":"Warsaw","country":"Poland"},"geometry":{"type":"Polygon","coordinates":[[[20.939264,52.558682],[20.919057,51.990314],[21.782395,51.698278],[22.6731,51.971887],[22.708089,52.540228],[21.837606,52.835053],[20.939264,52.558682]]]}},{"type":"Feature","properties":{"hex_id":"831f56fffffffff","population":1167426,"population_year":2025,"area_km2":11102.5,"population_density":105.2,"all_players":1,"players_per_million":0.86,"player_ids":["top5:jakub-piotrowski:1997"],"label":"Toruń","country":"Poland"},"geometry":{"type":"Polygon","coordinates":[[[18.287967,53.379322],[18.289963,52.819052],[19.172506,52.550795],[20.061903,52.840266],[20.075041,53.400943],[19.183628,53.671807],[18.287967,53.379322]]]}},{"type":"Feature","properties":{"hex_id":"831f5efffffffff","population":757923,"population_year":2025,"area_km2":11381.2,"population_density":66.6,"all_players":1,"players_per_million":1.32,"player_ids":["top5:sebastian-szymanski:1999"],"label":"Biała Podlaska","country":"Poland"},"geometry":{"type":"Polygon","coordinates":[[[22.708089,52.540228],[22.6731,51.971887],[23.528959,51.666899],[24.42593,51.927392],[24.475614,52.495402],[23.613669,52.803315],[22.708089,52.540228]]]}},{"type":"Feature","properties":{"hex_id":"831f62fffffffff","population":284700,"population_year":2025,"area_km2":10234.0,"population_density":27.8,"all_players":1,"players_per_million":3.51,"player_ids":["top5:gvidas-gineitis:2004"],"label":"Mažeikiai","country":"Lithuania"},"geometry":{"type":"Polygon","coordinates":[[[22.046487,56.651929],[22.015051,56.1223],[22.931053,55.842561],[23.885873,56.089223],[23.934088,56.618589],[23.010739,56.901625],[22.046487,56.651929]]]}},{"type":"Feature","properties":{"hex_id":"831f80fffffffff","population":1678454,"population_year":2025,"area_km2":11552.8,"population_density":145.3,"all_players":4,"players_per_million":2.38,"player_ids":["top5:oliver-baumann:1990","top5:pablo-pagis:2002","top5:robin-risser:2004","top5:yannik-keitel:2000"],"label":"Breisach","country":"Germany"},"geometry":{"type":"Polygon","coordinates":[[[6.091769,48.180305],[6.186355,47.596926],[7.006321,47.39767],[7.743929,47.781588],[7.660516,48.367674],[6.828196,48.567179],[6.091769,48.180305]]]}},{"type":"Feature","properties":{"hex_id":"831f81fffffffff","population":2649958,"population_year":2025,"area_km2":11678.0,"population_density":226.9,"all_players":10,"players_per_million":3.77,"player_ids":["top5:adam-kolle:2006","top5:christian-gunter:1993","top5:jonas-fohrenbach:1996","top5:joshua-kimmich:1995","top5:matthias-ginter:1994","top5:max-rosenfelder:2003","top5:noah-atubolu:2002","top5:rouven-tarnutzer:2007","top5:thilo-kehrer:1996","top5:umut-tohumcu:2004"],"label":"Freiburg im Breisgau","country":"Germany"},"geometry":{"type":"Polygon","coordinates":[[[7.660516,48.367674],[7.743929,47.781588],[8.569415,47.571079],[9.323357,47.94614],[9.251571,48.534678],[8.414101,48.74575],[7.660516,48.367674]]]}},{"type":"Feature","properties":{"hex_id":"831f82fffffffff","population":1207399,"population_year":2025,"area_km2":11678.0,"population_density":103.4,"all_players":2,"players_per_million":1.66,"player_ids":["top5:rassoul-ndiaye:2001","top5:yann-sommer:1988"],"label":"Morges","country":"Switzerland"},"geometry":{"type":"Polygon","coordinates":[[[5.465773,47.204706],[5.563563,46.616214],[6.371339,46.417017],[7.093391,46.806293],[7.006321,47.39767],[6.186355,47.596926],[5.465773,47.204706]]]}},{"type":"Feature","properties":{"hex_id":"831f83fffffffff","population":4695898,"population_year":2025,"area_km2":11812.0,"population_density":397.6,"all_players":28,"players_per_million":5.96,"player_ids":["top5:albian-hajdari:2003","top5:ardon-jashari:2002","top5:arijanet-muric:1998","top5:aurele-amenda:2003","top5:berat-djimsiti:1993","top5:charles-pickel:1997","top5:djibril-sow:1997","top5:eray-comert:1998","top5:fabian-rieder:2002","top5:felix-mambimbi:2001","top5:filip-stojilkovic:2000","top5:filip-ugrinic:1999","top5:granit-xhaka:1992","top5:gregor-kobel:1997","top5:haris-tabakovic:1994","top5:joel-schmied:1998","top5:leon-avdullahu:2004","top5:luca-jaquez:2003","top5:medon-berisha:2003","top5:michel-aebischer:1997","top5:miro-muheim:1998","top5:nico-elvedi:1996","top5:noah-okafor:2000","top5:ricardo-rodriguez:1992","top5:ruben-vargas:1998","top5:sascha-britschgi:2006","top5:silvan-widmer:1993","top5:simon-sohm:2001"],"label":"Zurich","country":"Switzerland"},"geometry":{"type":"Polygon","coordinates":[[[7.006321,47.39767],[7.093391,46.806293],[7.907014,46.596156],[8.645314,46.977068],[8.569415,47.571079],[7.743929,47.781588],[7.006321,47.39767]]]}},{"type":"Feature","properties":{"hex_id":"831f84fffffffff","population":1230363,"population_year":2025,"area_km2":11291.0,"population_density":109.0,"all_players":4,"players_per_million":3.25,"player_ids":["top5:believe-munongo:2009","top5:matthieu-udol:1996","top5:neil-el-aynaoui:2001","top5:remi-himbert:2008"],"label":"Metz","country":"France"},"geometry":{"type":"Polygon","coordinates":[[[5.163511,48.943764],[5.26578,48.368556],[6.091769,48.180305],[6.828196,48.567179],[6.737081,49.14516],[5.898249,49.333537],[5.163511,48.943764]]]}},{"type":"Feature","properties":{"hex_id":"831f85fffffffff","population":2967770,"population_year":2025,"area_km2":11417.6,"population_density":259.9,"all_players":10,"players_per_million":3.37,"player_ids":["top5:anthony-caci:1997","top5:dominique-heintz:1993","top5:joseph-nduquidi:2004","top5:kevin-akpoguma:1995","top5:montrell-culbreath:2007","top5:robin-koch:1996","top5:samir-el-mourabet:2005","top5:willi-orban:1992","top5:william-mikelbrencis:2004","top5:zoumana-diallo:2005"],"label":"Forbach","country":"Germany"},"geometry":{"type":"Polygon","coordinates":[[[6.737081,49.14516],[6.828196,48.567179],[7.660516,48.367674],[8.414101,48.74575],[8.334632,49.326261],[7.489806,49.526212],[6.737081,49.14516]]]}},{"type":"Feature","properties":{"hex_id":"831f88fffffffff","population":1355168,"population_year":2025,"area_km2":12047.7,"population_density":112.5,"all_players":1,"players_per_million":0.74,"player_ids":["top5:florian-neuhaus:1997"],"label":"Landsberg am Lech","country":"Germany"},"geometry":{"type":"Polygon","coordinates":[[[10.15318,47.724095],[10.217491,47.127717],[11.039404,46.894874],[11.80791,47.257481],[11.755564,47.855947],[10.922654,48.089769],[10.15318,47.724095]]]}},{"type":"Feature","properties":{"hex_id":"831f89fffffffff","population":1433896,"population_year":2025,"area_km2":12148.2,"population_density":118.0,"all_players":4,"players_per_million":2.79,"player_ids":["top5:jusuf-gazibegovic:2000","top5:konrad-laimer:1997","top5:marco-friedl:1998","top5:marco-grull:1998"],"label":"Salzburg","country":"Austria"},"geometry":{"type":"Polygon","coordinates":[[[11.755564,47.855947],[11.80791,47.257481],[12.632139,47.012951],[13.414399,47.365675],[13.374348,47.965938],[12.53966,48.211734],[11.755564,47.855947]]]}},{"type":"Feature","properties":{"hex_id":"831f8afffffffff","population":338414,"population_year":2025,"area_km2":12188.8,"population_density":27.8,"all_players":2,"players_per_million":5.91,"player_ids":["top5:andrea-pinamonti:1999","top5:mattia-mosconi:2007"],"label":"Grosio","country":"Italy"},"geometry":{"type":"Polygon","coordinates":[[[9.463672,46.755704],[9.53225,46.153971],[10.343213,45.921928],[11.096453,46.290866],[11.039404,46.894874],[10.217491,47.127717],[9.463672,46.755704]]]}},{"type":"Feature","properties":{"hex_id":"831f8bfffffffff","population":651537,"population_year":2025,"area_km2":12298.2,"population_density":53.0,"all_players":1,"players_per_million":1.53,"player_ids":["top5:manuel-de-luca:1998"],"label":"Bolzano","country":"Italy"},"geometry":{"type":"Polygon","coordinates":[[[11.039404,46.894874],[11.096453,46.290866],[11.910221,46.047428],[12.677318,46.406957],[12.632139,47.012951],[11.80791,47.257481],[11.039404,46.894874]]]}},{"type":"Feature","properties":{"hex_id":"831f8cfffffffff","population":2480992,"population_year":2025,"area_km2":11792.7,"population_density":210.4,"all_players":3,"players_per_million":1.21,"player_ids":["top5:mario-gotze:1992","top5:tim-skarke:1996","top5:tobias-weigel:2007"],"label":"Heidenheim an der Brenz","country":"Germany"},"geometry":{"type":"Polygon","coordinates":[[[9.251571,48.534678],[9.323357,47.94614],[10.15318,47.724095],[10.922654,48.089769],[10.86291,48.68049],[10.021547,48.903405],[9.251571,48.534678]]]}},{"type":"Feature","properties":{"hex_id":"831f8dfffffffff","population":4306262,"population_year":2025,"area_km2":11896.2,"population_density":362.0,"all_players":16,"players_per_million":3.72,"player_ids":["top5:aleksandar-pavlovic:2004","top5:angelo-stiller:2001","top5:benedict-hollerbach:2001","top5:deniz-ofli:2007","top5:dzenan-pejcinovic:2005","top5:felipe-chavez:2007","top5:josip-stanisic:2000","top5:karim-adeyemi:2002","top5:kingsley-ehizibue:1995","top5:marin-pongracic:1997","top5:mert-komur:2005","top5:michael-zetterer:1995","top5:robert-glatzel:1994","top5:thomas-keller:1999","top5:wisdom-mike:2008","top5:ylber-ramadani:1996"],"label":"Munich","country":"Germany"},"geometry":{"type":"Polygon","coordinates":[[[10.86291,48.68049],[10.922654,48.089769],[11.755564,47.855947],[12.53966,48.211734],[12.492328,48.804358],[11.648396,49.039345],[10.86291,48.68049]]]}},{"type":"Feature","properties":{"hex_id":"831f8efffffffff","population":2930596,"population_year":2025,"area_km2":11935.4,"population_density":245.5,"all_players":6,"players_per_million":2.05,"player_ids":["top5:fabian-schar:1991","top5:janik-haberer:1994","top5:leonidas-stergiou:2002","top5:manuel-akanji:1995","top5:nicolas-hofler:1990","top5:remo-freuler:1992"],"label":"Ennenda","country":"Switzerland"},"geometry":{"type":"Polygon","coordinates":[[[8.569415,47.571079],[8.645314,46.977068],[9.463672,46.755704],[10.217491,47.127717],[10.15318,47.724095],[9.323357,47.94614],[8.569415,47.571079]]]}},{"type":"Feature","properties":{"hex_id":"831f90fffffffff","population":2771086,"population_year":2025,"area_km2":11640.2,"population_density":238.1,"all_players":20,"players_per_million":7.22,"player_ids":["top5:anthony-lopes:1990","top5:bouna-sarr:1992","top5:bradley-barcola:2002","top5:castello-lukeba:2002","top5:corentin-tolisso:1994","top5:gaetan-perrin:1996","top5:georges-mikautadze:2000","top5:junior-mwanga:2003","top5:leo-petrot:1997","top5:louis-mouton:2002","top5:lucas-da-cunha:2001","top5:mathys-de-carvalho:2005","top5:maxence-caqueret:2000","top5:melvin-bard:2000","top5:pierre-kalulu:2000","top5:rayan-cherki:2003","top5:romain-del-castillo:1996","top5:steeve-kango:2006","top5:thierno-barry:2002","top5:willem-geubbels:2001"],"label":"Lyon","country":"France"},"geometry":{"type":"Polygon","coordinates":[[[3.369712,46.003392],[3.480263,45.413387],[4.268915,45.224369],[4.959125,45.625827],[4.858384,46.21913],[4.057494,46.407711],[3.369712,46.003392]]]}},{"type":"Feature","properties":{"hex_id":"831f91fffffffff","population":2475194,"population_year":2025,"area_km2":11792.7,"population_density":209.9,"all_players":12,"players_per_million":4.85,"player_ids":["top5:amine-gouiri:2000","top5:boulaye-dia:1996","top5:dan-ndoye:2000","top5:denis-zakaria:1996","top5:enzo-molebe:2007","top5:johan-manzambi:2005","top5:khalis-merah:2007","top5:malo-gusto:2003","top5:mathieu-gorgelin:1990","top5:olivier-giroud:1986","top5:rachid-ghezzal:1992","top5:zeki-amdouni:2000"],"label":"Geneva","country":"France"},"geometry":{"type":"Polygon","coordinates":[[[4.858384,46.21913],[4.959125,45.625827],[5.754884,45.426507],[6.461796,45.82065],[6.371339,46.417017],[5.563563,46.616214],[4.858384,46.21913]]]}},{"type":"Feature","properties":{"hex_id":"831f93fffffffff","population":1564726,"population_year":2025,"area_km2":11896.2,"population_density":131.5,"all_players":2,"players_per_million":1.28,"player_ids":["top5:fabien-centonze:1996","top5:ruben-aguilar:1993"],"label":"Grenoble","country":"France"},"geometry":{"type":"Polygon","coordinates":[[[4.268915,45.224369],[4.372371,44.626573],[5.156296,44.426959],[5.848477,44.82547],[5.754884,45.426507],[4.959125,45.625827],[4.268915,45.224369]]]}},{"type":"Feature","properties":{"hex_id":"831f95fffffffff","population":826894,"population_year":2025,"area_km2":11534.2,"population_density":71.7,"all_players":3,"players_per_million":3.63,"player_ids":["top5:antoine-griezmann:1991","top5:gaby-jean:2000","top5:valentin-rongier:1994"],"label":"Mâcon","country":"France"},"geometry":{"type":"Polygon","coordinates":[[[3.949466,46.993079],[4.057494,46.407711],[4.858384,46.21913],[5.563563,46.616214],[5.465773,47.204706],[4.652435,47.393027],[3.949466,46.993079]]]}},{"type":"Feature","properties":{"hex_id":"831f96fffffffff","population":692470,"population_year":2025,"area_km2":11481.1,"population_density":60.3,"all_players":1,"players_per_million":1.44,"player_ids":["top5:mathias-pereira-lage:1996"],"label":"Clermont-Ferrand","country":"France"},"geometry":{"type":"Polygon","coordinates":[[[1.914105,45.801097],[2.026569,45.184249],[2.807218,45.005182],[3.480263,45.413387],[3.369712,46.003392],[2.576666,46.181707],[2.240322,45.976639],[1.914105,45.801097]]]}},{"type":"Feature","properties":{"hex_id":"831f98fffffffff","population":3290090,"population_year":2025,"area_km2":12188.8,"population_density":269.9,"all_players":10,"players_per_million":3.04,"player_ids":["top5:alessandro-buongiorno:1999","top5:alessio-zerbin:1999","top5:edoardo-motta:2005","top5:federico-gatti:1998","top5:francesco-coppola:2005","top5:lorenzo-lucca:2000","top5:lorenzo-montipo:1996","top5:louis-buffon:2007","top5:michael-kayode:2004","top5:moise-kean:2000"],"label":"Turin","country":"Italy"},"geometry":{"type":"Polygon","coordinates":[[[7.263691,45.610704],[7.346976,45.00667],[8.142693,44.786129],[8.866286,45.169339],[8.793725,45.776109],[7.98674,45.996975],[7.263691,45.610704]]]}},{"type":"Feature","properties":{"hex_id":"831f99fffffffff","population":8499702,"population_year":2025,"area_km2":12318.9,"population_density":690.0,"all_players":44,"players_per_million":5.18,"player_ids":["top5:alberto-dossena:1998","top5:alberto-grassi:1995","top5:alberto-paleari:1992","top5:alessandro-marcandalli:2002","top5:andrea-belotti:1993","top5:cher-ndour:2004","top5:cristiano-biraghi:1992","top5:daniel-maldini:2001","top5:daniele-padelli:1985","top5:davide-bartesaghi:2005","top5:edoardo-goldaniga:1993","top5:enrico-delprato:1999","top5:federico-bonazzoli:1997","top5:federico-dimarco:1997","top5:francesco-acerbi:1988","top5:francesco-camarda:2008","top5:gabriele-zappa:1999","top5:giorgio-scalvini:2003","top5:giovanni-bonfanti:2003","top5:lorenzo-bernasconi:2003","top5:lorenzo-colombo:2002","top5:manuel-locatelli:1998","top5:marco-brescianini:2000","top5:marco-palestra:2005","top5:marco-sportiello:1992","top5:massimo-pessina:2007","top5:matteo-bianchetti:1993","top5:matteo-darmian:1989","top5:matteo-gabbia:1999","top5:matteo-lavelli:2006","top5:matteo-ruggeri:2002","top5:michele-di-gregorio:1997","top5:nicolo-cambiaghi:2000","top5:nicolo-fagioli:2001","top5:nicolo-rovella:2001","top5:patrick-cutrone:1998","top5:raffaele-di-gennaro:1993","top5:raoul-bellanova:2000","top5:riccardo-sottil:1999","top5:roberto-gagliardini:1994","top5:roberto-piccoli:2001","top5:sandro-tonali:2000","top5:stefano-moreo:1993","top5:stefano-turati:2001"],"label":"Milan","country":"Italy"},"geometry":{"type":"Polygon","coordinates":[[[8.793725,45.776109],[8.866286,45.169339],[9.666362,44.937924],[10.404667,45.312696],[10.343213,45.921928],[9.53225,46.153971],[8.793725,45.776109]]]}},{"type":"Feature","properties":{"hex_id":"831f9afffffffff","population":818838,"population_year":2025,"area_km2":12298.2,"population_density":66.6,"all_players":1,"players_per_million":1.22,"player_ids":["top5:fabio-miretti:2003"],"label":"Pinerolo","country":"Italy"},"geometry":{"type":"Polygon","coordinates":[[[6.638788,44.61554],[6.725378,44.00699],[7.509948,43.786609],[8.21897,44.174659],[8.142693,44.786129],[7.346976,45.00667],[6.638788,44.61554]]]}},{"type":"Feature","properties":{"hex_id":"831f9bfffffffff","population":1573619,"population_year":2025,"area_km2":12437.2,"population_density":126.5,"all_players":7,"players_per_million":4.45,"player_ids":["top5:andrea-cambiaso:2000","top5:daniele-sommariva:1997","top5:federico-chiesa:1997","top5:jeff-ekhator:2006","top5:lorenzo-venturino:2006","top5:luca-lipani:2005","top5:stephan-el-shaarawy:1992"],"label":"Genoa","country":"Italy"},"geometry":{"type":"Polygon","coordinates":[[[8.142693,44.786129],[8.21897,44.174659],[9.008239,43.943707],[9.731941,44.323805],[9.666362,44.937924],[8.866286,45.169339],[8.142693,44.786129]]]}},{"type":"Feature","properties":{"hex_id":"831f9cfffffffff","population":1272633,"population_year":2025,"area_km2":11935.4,"population_density":106.6,"all_players":6,"players_per_million":4.71,"player_ids":["top5:calvin-bassey:1999","top5:cameron-puertas:1998","top5:cedric-zesiger:1998","top5:hans-nicolussi-caviglia:2000","top5:isaac-schmidt:1999","top5:nicolo-savona:2003"],"label":"Aosta","country":"Switzerland"},"geometry":{"type":"Polygon","coordinates":[[[6.371339,46.417017],[6.461796,45.82065],[7.263691,45.610704],[7.98674,45.996975],[7.907014,46.596156],[7.093391,46.806293],[6.371339,46.417017]]]}},{"type":"Feature","properties":{"hex_id":"831f9dfffffffff","population":953379,"population_year":2025,"area_km2":12067.7,"population_density":79.0,"all_players":1,"players_per_million":1.05,"player_ids":["top5:wilfried-gnonto:2003"],"label":"Verbania","country":"Italy"},"geometry":{"type":"Polygon","coordinates":[[[7.907014,46.596156],[7.98674,45.996975],[8.793725,45.776109],[9.53225,46.153971],[9.463672,46.755704],[8.645314,46.977068],[7.907014,46.596156]]]}},{"type":"Feature","properties":{"hex_id":"831f9efffffffff","population":454237,"population_year":2025,"area_km2":12047.7,"population_density":37.7,"all_players":1,"players_per_million":2.2,"player_ids":["top5:adrien-thomasson:1993"],"label":"Bourg-Saint-Maurice","country":"France"},"geometry":{"type":"Polygon","coordinates":[[[5.754884,45.426507],[5.848477,44.82547],[6.638788,44.61554],[7.346976,45.00667],[7.263691,45.610704],[6.461796,45.82065],[5.754884,45.426507]]]}},{"type":"Feature","properties":{"hex_id":"831fa0fffffffff","population":2952753,"population_year":2025,"area_km2":10891.0,"population_density":271.1,"all_players":15,"players_per_million":5.08,"player_ids":["top5:adrien-truffert:2001","top5:arnaud-bodart:1998","top5:arthur-theate:2000","top5:axel-witsel:1989","top5:clinton-mata:1992","top5:diego-moreira:2004","top5:kai-havertz:1999","top5:leandro-trossard:1994","top5:lois-openda:2000","top5:mark-flekken:1993","top5:mike-penders:2005","top5:sadik-fofana:2003","top5:thomas-meunier:1991","top5:vincent-burlet:2005","top5:yannick-gerhardt:1994"],"label":"Liège","country":"Belgium"},"geometry":{"type":"Polygon","coordinates":[[[4.847197,50.641723],[4.954255,50.080409],[5.79925,49.903255],[6.550588,50.287239],[6.455143,50.851215],[5.5966,51.028589],[4.847197,50.641723]]]}},{"type":"Feature","properties":{"hex_id":"831fa1fffffffff","population":5025928,"population_year":2025,"area_km2":11010.2,"population_density":456.5,"all_players":8,"players_per_million":1.59,"player_ids":["top5:florian-wirtz:2003","top5:jonas-meffert:1994","top5:jonas-urbig:2003","top5:luca-waldschmidt:1996","top5:lukas-kubler:1992","top5:salih-ozcan:1998","top5:stefan-bell:1991","top5:yann-aurel-bisseck:2000"],"label":"Cologne","country":"Germany"},"geometry":{"type":"Polygon","coordinates":[[[6.455143,50.851215],[6.550588,50.287239],[7.402448,50.098529],[8.171926,50.473294],[8.088631,51.039696],[7.223571,51.228954],[6.455143,50.851215]]]}},{"type":"Feature","properties":{"hex_id":"831fa2fffffffff","population":620016,"population_year":2025,"area_km2":11027.4,"population_density":56.2,"all_players":1,"players_per_million":1.61,"player_ids":["top5:timothy-castagne:1995"],"label":"Arlon","country":"Belgium"},"geometry":{"type":"Polygon","coordinates":[[[4.221736,49.687797],[4.331848,49.120911],[5.163511,48.943764],[5.898249,49.333537],[5.79925,49.903255],[4.954255,50.080409],[4.221736,49.687797]]]}},{"type":"Feature","properties":{"hex_id":"831fa3fffffffff","population":2213474,"population_year":2025,"area_km2":11155.0,"population_density":198.4,"all_players":7,"players_per_million":3.16,"player_ids":["top5:aiman-dardari:2005","top5:david-daiber:2007","top5:dominik-kohr:1994","top5:gauthier-hein:1996","top5:jan-thielmann:2002","top5:kevin-trapp:1990","top5:luca-kerber:2002"],"label":"Luxembourg","country":"Germany"},"geometry":{"type":"Polygon","coordinates":[[[5.79925,49.903255],[5.898249,49.333537],[6.737081,49.14516],[7.489806,49.526212],[7.402448,50.098529],[6.550588,50.287239],[5.79925,49.903255]]]}},{"type":"Feature","properties":{"hex_id":"831fa4fffffffff","population":7133777,"population_year":2025,"area_km2":10626.5,"population_density":671.3,"all_players":37,"players_per_million":5.19,"player_ids":["top5:adnan-januzaj:1995","top5:alexis-saelemaekers:1999","top5:arthur-vermeeren:2005","top5:bilal-el-khannouss:2004","top5:branco-van-den-boomen:1995","top5:cody-gakpo:1999","top5:cyril-ngonge:2000","top5:dodi-lukebakio:1997","top5:ibrahim-salah:2001","top5:ignace-van-der-brempt:2002","top5:jackson-tchatchoua:2001","top5:jeremy-doku:2002","top5:johan-bakayoko:2003","top5:jordan-teze:1999","top5:koni-de-winter:2002","top5:largie-ramazani:2001","top5:maarten-vandevoordt:2002","top5:malick-fofana:2005","top5:mandela-keita:2002","top5:matias-fernandez-pardo:2005","top5:matz-sels:1992","top5:michy-batshuayi:1993","top5:mile-svilar:1999","top5:nathan-ngoy:2003","top5:noah-sadiki:2004","top5:olivier-deman:2000","top5:orel-mangala:1998","top5:pascal-struijk:1999","top5:rafik-belghali:2002","top5:romelu-lukaku:1993","top5:romeo-lavia:2004","top5:samuel-mbangula:2004","top5:sebastiaan-bornauw:1999","top5:senne-lynen:1999","top5:virgil-van-dijk:1991","top5:wout-faes:1998","top5:youri-tielemans:1997"],"label":"Brussels","country":"Belgium"},"geometry":{"type":"Polygon","coordinates":[[[3.881134,51.360376],[3.996418,50.807584],[4.847197,50.641723],[5.5966,51.028589],[5.492877,51.584097],[4.628032,51.750066],[3.881134,51.360376]]]}},{"type":"Feature","properties":{"hex_id":"831fa5fffffffff","population":7783236,"population_year":2025,"area_km2":10746.4,"population_density":724.3,"all_players":21,"players_per_million":2.7,"player_ids":["top5:assan-ouedraogo:2006","top5:atakan-karazor:1996","top5:benjamin-henrichs:1997","top5:danny-da-costa:1993","top5:jamil-siebert:2002","top5:janis-blaswich:1991","top5:jay-idzes:2000","top5:kevin-kampl:1990","top5:maduka-okoye:1999","top5:malick-thiaw:2001","top5:manuel-neuer:1986","top5:marc-andre-ter-stegen:1992","top5:max-finkgrafe:2004","top5:maxim-leitsch:1998","top5:mio-backhaus:2004","top5:moritz-nicolas:1997","top5:nnamdi-collins:2004","top5:philipp-kohn:1998","top5:robin-gosens:1994","top5:said-el-mala:2006","top5:thibaut-courtois:1992"],"label":"Düsseldorf","country":"Germany"},"geometry":{"type":"Polygon","coordinates":[[[5.492877,51.584097],[5.5966,51.028589],[6.455143,50.851215],[7.223571,51.228954],[7.131986,51.786954],[6.259687,51.96477],[5.492877,51.584097]]]}},{"type":"Feature","properties":{"hex_id":"831fa6fffffffff","population":2653610,"population_year":2025,"area_km2":10765.0,"population_density":246.5,"all_players":8,"players_per_million":3.01,"player_ids":["top5:albert-sambi-lokonga:1999","top5:alessio-castro-montes:1997","top5:aster-vranckx:2002","top5:benjamin-pavard:1996","top5:chemsdine-talbi:2005","top5:mike-tresor:1999","top5:samuel-nibombe:2007","top5:thibault-de-smet:1998"],"label":"Belgium","country":"Belgium"},"geometry":{"type":"Polygon","coordinates":[[[3.279015,50.452975],[3.384772,49.85377],[4.221736,49.687797],[4.954255,50.080409],[4.847197,50.641723],[3.996418,50.807584],[3.630009,50.610463],[3.279015,50.452975]]]}},{"type":"Feature","properties":{"hex_id":"831fa8fffffffff","population":1719909,"population_year":2025,"area_km2":11381.2,"population_density":151.1,"all_players":5,"players_per_million":2.91,"player_ids":["top5:aaron-zehnter:2004","top5:damion-downs:2004","top5:kilian-fischer:2000","top5:lennart-karl:2008","top5:tom-bischof:2005"],"label":"Frammersbach","country":"Germany"},"geometry":{"type":"Polygon","coordinates":[[[9.029395,50.272688],[9.104617,49.69802],[9.954177,49.486187],[10.740578,49.848107],[10.677944,50.424867],[9.816208,50.637667],[9.029395,50.272688]]]}},{"type":"Feature","properties":{"hex_id":"831fa9fffffffff","population":1406142,"population_year":2025,"area_km2":11478.7,"population_density":122.5,"all_players":3,"players_per_million":2.13,"player_ids":["top5:marius-wolf:1995","top5:mergim-vojvoda:1995","top5:niklas-dorsch:1998"],"label":"Coburg","country":"Germany"},"geometry":{"type":"Polygon","coordinates":[[[10.677944,50.424867],[10.740578,49.848107],[11.593536,49.624128],[12.39539,49.975696],[12.345747,50.554275],[11.48116,50.779522],[10.677944,50.424867]]]}},{"type":"Feature","properties":{"hex_id":"831faafffffffff","population":5382251,"population_year":2025,"area_km2":11534.2,"population_density":466.6,"all_players":24,"players_per_million":4.46,"player_ids":["top5:benedikt-gimber:1997","top5:bernd-leno:1992","top5:brajan-gruda:2004","top5:carl-klaus:1994","top5:daniel-elfadli:1997","top5:diant-ramaj:2001","top5:frank-feller:2004","top5:grischa-promel:1995","top5:jamal-musiala:2003","top5:jean-philippe-krasso:1997","top5:jeremy-toljan:1994","top5:jonas-hofmann:1992","top5:keven-schlotterbeck:1997","top5:luka-uric:2003","top5:max-wei:2004","top5:nico-schlotterbeck:1999","top5:odysseas-vlachodimos:1994","top5:rani-khedira:1994","top5:robin-hack:1998","top5:sead-kolasinac:1993","top5:serge-gnabry:1995","top5:sven-ulreich:1988","top5:timo-werner:1996","top5:vincenzo-grifo:1993"],"label":"Stuttgart","country":"Germany"},"geometry":{"type":"Polygon","coordinates":[[[8.334632,49.326261],[8.414101,48.74575],[9.251571,48.534678],[10.021547,48.903405],[9.954177,49.486187],[9.104617,49.69802],[8.334632,49.326261]]]}},{"type":"Feature","properties":{"hex_id":"831fabfffffffff","population":2386212,"population_year":2025,"area_km2":11640.2,"population_density":205.0,"all_players":8,"players_per_million":3.35,"player_ids":["top5:adrian-beck:1997","top5:arijon-ibrahimovic:2005","top5:daniel-batz:1991","top5:david-raum:1998","top5:finn-jeltsch:2006","top5:jamie-leweling:2001","top5:malik-tillman:2002","top5:niklas-stark:1995"],"label":"Nuremberg","country":"Germany"},"geometry":{"type":"Polygon","coordinates":[[[9.954177,49.486187],[10.021547,48.903405],[10.86291,48.68049],[11.648396,49.039345],[11.593536,49.624128],[10.740578,49.848107],[9.954177,49.486187]]]}},{"type":"Feature","properties":{"hex_id":"831facfffffffff","population":1703247,"population_year":2025,"area_km2":11119.9,"population_density":153.2,"all_players":6,"players_per_million":3.52,"player_ids":["top5:ben-bobzien:2003","top5:clemens-riedel:2003","top5:jan-schoppner:1999","top5:marc-oliver-kempf:1995","top5:matheo-raab:1998","top5:paul-nebel:2002"],"label":"Lich","country":"Germany"},"geometry":{"type":"Polygon","coordinates":[[[8.088631,51.039696],[8.171926,50.473294],[9.029395,50.272688],[9.816208,50.637667],[9.745557,51.206245],[8.875324,51.407718],[8.088631,51.039696]]]}},{"type":"Feature","properties":{"hex_id":"831fadfffffffff","population":1370400,"population_year":2025,"area_km2":11219.7,"population_density":122.1,"all_players":9,"players_per_million":6.57,"player_ids":["top5:al-musrati:1996","top5:cassiano-kiala:2009","top5:igor-matanovic:2003","top5:marvin-pieringer:1999","top5:philipp-sander:1998","top5:philipp-treu:2000","top5:rocco-reitz:2002","top5:stefan-schimmer:1994","top5:yannik-wagner:2007"],"label":"Germany","country":"Germany"},"geometry":{"type":"Polygon","coordinates":[[[9.745557,51.206245],[9.816208,50.637667],[10.677944,50.424867],[11.48116,50.779522],[11.423602,51.350013],[10.549623,51.56399],[9.745557,51.206245]]]}},{"type":"Feature","properties":{"hex_id":"831faefffffffff","population":5917556,"population_year":2025,"area_km2":11273.1,"population_density":524.9,"all_players":25,"players_per_million":4.22,"player_ids":["top5:denis-huseinbasic:2001","top5:elias-baum:2005","top5:emre-can:1994","top5:finn-dahmen:1998","top5:hakan-calhanoglu:1994","top5:jan-urbich:2004","top5:jonathan-burkardt:2000","top5:julian-chabot:1998","top5:lasse-rie:2001","top5:livan-burcu:2004","top5:mario-pasalic:1995","top5:marvin-schwabe:1995","top5:max-moerstedt:2006","top5:nadiem-amiri:1996","top5:nelson-weiper:2005","top5:niklas-sule:1995","top5:pascal-gro:1991","top5:ragnar-ache:1998","top5:ridle-baku:1998","top5:robin-fellhauer:1998","top5:robin-zentner:1994","top5:suat-serdar:1997","top5:tim-lemperle:2002","top5:timothy-chandler:1990","top5:younes-ebnoutalib:2003"],"label":"Frankfurt","country":"Germany"},"geometry":{"type":"Polygon","coordinates":[[[7.402448,50.098529],[7.489806,49.526212],[8.334632,49.326261],[9.104617,49.69802],[9.029395,50.272688],[8.171926,50.473294],[7.402448,50.098529]]]}},{"type":"Feature","properties":{"hex_id":"831fb0fffffffff","population":2519655,"population_year":2025,"area_km2":11057.7,"population_density":227.9,"all_players":21,"players_per_million":8.33,"player_ids":["top5:andreas-hountondji:2002","top5:christopher-nkunku:1997","top5:el-chadaille-bitshiabu:2005","top5:elye-wahi:2003","top5:geoffrey-kondogbia:1993","top5:godson-kyeremeh:2000","top5:jean-luc-dompe:1995","top5:jean-victor-makengo:1998","top5:lucas-gourna-douath:2003","top5:maxence-lacroix:2000","top5:michel-ndary-adopo:2000","top5:noah-nsoki:2007","top5:oumar-solet:2000","top5:paul-pogba:1993","top5:quentin-ndjantou-mbitcha:2007","top5:rudy-matondo:2008","top5:samir-chergui:1999","top5:stanis-idumbo:2005","top5:tidiane-devernois:2007","top5:warren-bondo:2003","top5:yoane-wissa:1996"],"label":"Villeneuve-Saint-Georges","country":"France"},"geometry":{"type":"Polygon","coordinates":[[[2.120222,48.594025],[2.235478,47.985628],[2.758126,47.804469],[3.028335,47.748075],[3.728605,48.150804],[3.615703,48.72301],[3.06661,48.834678],[2.802853,48.926779],[2.120222,48.594025]]]}},{"type":"Feature","properties":{"hex_id":"831fb1fffffffff","population":554906,"population_year":2025,"area_km2":11155.0,"population_density":49.7,"all_players":3,"players_per_million":5.41,"player_ids":["top5:aissa-mandi:1991","top5:djibril-sidibe:1992","top5:jonathan-clauss:1992"],"label":"Troyes","country":"France"},"geometry":{"type":"Polygon","coordinates":[[[3.615703,48.72301],[3.728605,48.150804],[4.547162,47.973458],[5.26578,48.368556],[5.163511,48.943764],[4.331848,49.120911],[3.615703,48.72301]]]}},{"type":"Feature","properties":{"hex_id":"831fb2fffffffff","population":523691,"population_year":2025,"area_km2":11218.7,"population_density":46.7,"all_players":7,"players_per_million":13.37,"player_ids":["top5:baptiste-santamaria:1995","top5:djaoui-cisse:2004","top5:loic-bade:2000","top5:mathieu-cafaro:1997","top5:morgan-sanson:1994","top5:thomas-delaine:1992","top5:vincent-marchetti:1997"],"label":"France","country":"France"},"geometry":{"type":"Polygon","coordinates":[[[2.235478,47.985628],[1.562644,47.64338],[1.682214,47.030807],[2.458902,46.763731],[3.143783,47.170817],[3.028335,47.748075],[2.758126,47.804469],[2.235478,47.985628]]]}},{"type":"Feature","properties":{"hex_id":"831fb3fffffffff","population":307372,"population_year":2025,"area_km2":11273.1,"population_density":27.3,"all_players":2,"players_per_million":6.51,"player_ids":["top5:bryan-mbeumo:1999","top5:esteban-lepaul:2000"],"label":"Auxerre","country":"France"},"geometry":{"type":"Polygon","coordinates":[[[3.028335,47.748075],[3.143783,47.170817],[3.949466,46.993079],[4.652435,47.393027],[4.547162,47.973458],[3.728605,48.150804],[3.028335,47.748075]]]}},{"type":"Feature","properties":{"hex_id":"831fb4fffffffff","population":10916515,"population_year":2025,"area_km2":11061.9,"population_density":986.9,"all_players":129,"players_per_million":11.82,"player_ids":["top5:aboubaka-soumahoro:2005","top5:adama-camara:1996","top5:adil-hamdani:2009","top5:adrien-rabiot:1995","top5:alexis-claude-maurice:1998","top5:alexis-vossah:2008","top5:allan-nyom:1988","top5:allan-saint-maximin:1997","top5:alphonse-areola:1993","top5:andrea-le-borgne:2006","top5:andy-diouf:2003","top5:ange-yoan-bonny:2003","top5:anthony-bermont:2005","top5:antoine-bernede:1999","top5:armand-lauriente:1998","top5:armel-bella-kotchap:2001","top5:arnaud-kalimuendo:2002","top5:arnaud-nordin:1998","top5:axel-disasi:1998","top5:ayyoub-bouaddi:2007","top5:balthazar-pierret:2000","top5:bilal-brahimi:2000","top5:bingourou-kamara:1996","top5:bradley-locko:2002","top5:cedric-bakambu:1991","top5:chrislain-matsima:2002","top5:christ-owen-kouassi:2003","top5:christopher-wooh:2001","top5:clement-akpa:2001","top5:clement-lenglet:1995","top5:dan-axel-zagadou:1999","top5:darryl-bakola:2007","top5:dehmaine-assoumani:2005","top5:dilane-bakwa:2002","top5:dimitri-foulquier:1993","top5:dimitri-lucea:2007","top5:elisha-owusu:1997","top5:ethan-mbappe:2006","top5:ferland-mendy:1995","top5:florian-lejeune:1991","top5:fode-ballo-toure:1997","top5:haissem-hassan:2002","top5:han-noah-massengo:2001","top5:hannibal-mejbri:2003","top5:haris-belkebla:1994","top5:hassane-kamara:1994","top5:ibrahim-mbaye:2008","top5:ibrahima-konate:1999","top5:ismael-gharbi:2004","top5:ismael-guerti:2004","top5:jaydee-canvot:2006","top5:jean-matteo-bahoya:2005","top5:jean-philippe-mateta:1997","top5:jean-ricner-bellegarde:1998","top5:jeremy-jacquet:2005","top5:jonathan-ikone:1998","top5:jordan-lefort:1993","top5:jordy-makengo:2001","top5:jules-kounde:1998","top5:junior-dina-ebimbe:2000","top5:kassoum-ouattara:2004","top5:kenny-lala:1991","top5:kylian-mbappe:1998","top5:kyllian-antonio:2008","top5:lamine-sy:2002","top5:leny-yoro:2005","top5:lilian-brassier:1999","top5:logan-costa:2001","top5:loic-nego:1991","top5:lucas-michal:2005","top5:ludovic-blas:1997","top5:maghnes-akliouche:2002","top5:mamadou-coulibaly:2004","top5:manu-kone:2001","top5:marvin-senaya:2001","top5:mathis-amougou:2006","top5:mathis-jangeal:2008","top5:mathys-tel:2005","top5:matteo-guendouzi:1999","top5:mohamed-ali-cho:2004","top5:montassar-talbi:1998","top5:mory-diaw:1993","top5:moussa-diarra:2000","top5:neal-maupay:1996","top5:nesta-elphege:2001","top5:nhoa-sangui:2006","top5:nicolas-pepe:1995","top5:niels-nkounkou:2000","top5:noah-edjouma:2005","top5:nordi-mukiele:1997","top5:nouha-dicko:1992","top5:obed-nkambadio:2003","top5:obite-n-dicka:1999","top5:ousmane-dembele:1997","top5:pape-gueye:1999","top5:prosper-peter:2007","top5:randal-kolo-muani:1998","top5:randy-nteka:1997","top5:raphael-guerreiro:1993","top5:rayan-ait-nouri:2001","top5:rayan-fofana:2006","top5:reda-belahyane:2004","top5:robinio-vaz:2007","top5:romain-faivre:1998","top5:ryan-rodin:2006","top5:sacha-boey:2000","top5:samuel-essende:1998","top5:seko-fofana:1995","top5:sekou-mara:2002","top5:senny-mayulu:2006","top5:skelly-alvero:2002","top5:sofiane-boufal:1993","top5:soumaila-coulibaly:2003","top5:soungoutou-magassa:2003","top5:stanley-n-soki:1999","top5:tanguy-ndombele:1996","top5:tanguy-nianzou:2002","top5:tidiam-gomis:2006","top5:timothee-pembele:2002","top5:tylel-tati:2008","top5:valentin-gendrey:2000","top5:warren-zaire-emery:2006","top5:wesley-said:1995","top5:william-saliba:2001","top5:woyo-coulibaly:1999","top5:yassin-belkhdim:2002","top5:yassine-kechta:2002","top5:yehvann-diouf:1999","top5:youssouf-fofana:1999"],"label":"Paris","country":"France"},"geometry":{"type":"Polygon","coordinates":[[[1.882244,49.805032],[1.18851,49.470279],[1.315872,48.863254],[2.120222,48.594025],[2.802853,48.926779],[2.692197,49.530714],[1.882244,49.805032]]]}},{"type":"Feature","properties":{"hex_id":"831fb5fffffffff","population":1170344,"population_year":2025,"area_km2":10906.9,"population_density":107.3,"all_players":6,"players_per_million":5.13,"player_ids":["top5:hugo-ekitike:2002","top5:ibrahima-sissoko:1997","top5:lionel-mpasi:1994","top5:lucas-digne:1993","top5:noham-kamara:2007","top5:wilson-odobert:2004"],"label":"Meaux","country":"France"},"geometry":{"type":"Polygon","coordinates":[[[2.692197,49.530714],[2.802853,48.926779],[3.06661,48.834678],[3.615703,48.72301],[4.331848,49.120911],[4.221736,49.687797],[3.384772,49.85377],[2.692197,49.530714]]]}},{"type":"Feature","properties":{"hex_id":"831fb6fffffffff","population":1021743,"population_year":2025,"area_km2":11261.2,"population_density":90.7,"all_players":2,"players_per_million":1.96,"player_ids":["top5:florian-thauvin:1993","top5:mohamed-kaba:2001"],"label":"Orléans","country":"France"},"geometry":{"type":"Polygon","coordinates":[[[1.315872,48.863254],[0.632478,48.518882],[0.764026,47.90745],[1.562644,47.64338],[2.235478,47.985628],[2.120222,48.594025],[1.315872,48.863254]]]}},{"type":"Feature","properties":{"hex_id":"8320a1fffffffff","population":3515322,"population_year":2025,"area_km2":14752.7,"population_density":238.3,"all_players":1,"players_per_million":0.28,"player_ids":["top5:waldemar-anton:1996"],"label":"Olmaliq","country":"Uzbekistan"},"geometry":{"type":"Polygon","coordinates":[[[68.934371,40.802563],[69.364517,40.209768],[70.252313,40.188829],[70.727187,40.760544],[70.306377,41.359581],[69.401078,41.380665],[68.934371,40.802563]]]}},{"type":"Feature","properties":{"hex_id":"8320a5fffffffff","population":3597809,"population_year":2025,"area_km2":14771.4,"population_density":243.6,"all_players":1,"players_per_million":0.28,"player_ids":["top5:abdukodir-khusanov:2004"],"label":"Tashkent","country":"Uzbekistan"},"geometry":{"type":"Polygon","coordinates":[[[67.590997,41.401521],[68.038119,40.813152],[68.934371,40.802563],[69.401078,41.380665],[68.962725,41.97551],[68.048608,41.985775],[67.590997,41.401521]]]}},{"type":"Feature","properties":{"hex_id":"8326c8fffffffff","population":4676776,"population_year":2025,"area_km2":13766.4,"population_density":339.7,"all_players":1,"players_per_million":0.21,"player_ids":["top5:weston-mckennie:1998"],"label":"Little Elm","country":"United States"},"geometry":{"type":"Polygon","coordinates":[[[-96.471973,32.747056],[-95.990106,33.251328],[-96.277437,33.86704],[-97.054564,33.978612],[-97.53754,33.471612],[-97.242365,32.855789],[-96.471973,32.747056]]]}},{"type":"Feature","properties":{"hex_id":"832a10fffffffff","population":17834994,"population_year":2025,"area_km2":12479.4,"population_density":1429.2,"all_players":9,"players_per_million":0.5,"player_ids":["top5:folarin-balogun:2001","top5:james-sands:2000","top5:joe-scally:2002","top5:johnny-cardoso:2001","top5:jonathan-david:2000","top5:luca-koleosho:2004","top5:timothy-weah:2000","top5:yunus-musah:2002","top5:zion-suzuki:2002"],"label":"New York City","country":"United States"},"geometry":{"type":"Polygon","coordinates":[[[-73.803296,41.465407],[-74.532183,41.140409],[-74.501617,40.535843],[-73.761104,40.255982],[-73.041153,40.572801],[-73.052763,41.177546],[-73.803296,41.465407]]]}},{"type":"Feature","properties":{"hex_id":"832a13fffffffff","population":5451326,"population_year":2025,"area_km2":12270.7,"population_density":444.3,"all_players":1,"players_per_million":0.18,"player_ids":["top5:brenden-aaronson:2000"],"label":"Medford","country":"United States"},"geometry":{"type":"Polygon","coordinates":[[[-74.501617,40.535843],[-75.211791,40.210041],[-75.173274,39.612676],[-74.442775,39.340569],[-73.740804,39.658184],[-73.761104,40.255982],[-74.501617,40.535843]]]}},{"type":"Feature","properties":{"hex_id":"832a16fffffffff","population":914573,"population_year":2025,"area_km2":12694.2,"population_density":72.0,"all_players":1,"players_per_million":1.09,"player_ids":["top5:tyler-adams:1999"],"label":"Wappingers Falls","country":"United States"},"geometry":{"type":"Polygon","coordinates":[[[-74.595759,42.362982],[-75.333452,42.029564],[-75.29184,41.418569],[-74.532183,41.140409],[-73.803296,41.465407],[-73.82523,42.076868],[-74.595759,42.362982]]]}},{"type":"Feature","properties":{"hex_id":"832aa1fffffffff","population":1010405,"population_year":2025,"area_km2":12479.4,"population_density":81.0,"all_players":1,"players_per_million":0.99,"player_ids":["top5:christian-pulisic:1998"],"label":"Hershey","country":"United States"},"geometry":{"type":"Polygon","coordinates":[[[-76.7778,41.352578],[-77.484442,41.009468],[-77.416273,40.406871],[-76.660126,40.14602],[-75.960619,40.480497],[-76.010063,41.084346],[-76.7778,41.352578]]]}},{"type":"Feature","properties":{"hex_id":"832aaafffffffff","population":2320854,"population_year":2025,"area_km2":12027.7,"population_density":193.0,"all_players":1,"players_per_million":0.43,"player_ids":["top5:kevin-paredes:2003"],"label":"South Riding","country":"United States"},"geometry":{"type":"Polygon","coordinates":[[[-78.029709,39.469102],[-78.699814,39.127086],[-78.619418,38.540002],[-77.886029,38.293183],[-77.221804,38.626656],[-77.285017,39.215387],[-78.029709,39.469102]]]}},{"type":"Feature","properties":{"hex_id":"832aacfffffffff","population":3961424,"population_year":2025,"area_km2":12270.7,"population_density":322.8,"all_players":1,"players_per_million":0.25,"player_ids":["top5:mark-mckenzie:1999"],"label":"Bear","country":"United States"},"geometry":{"type":"Polygon","coordinates":[[[-75.960619,40.480497],[-76.660126,40.14602],[-76.603499,39.549602],[-75.865429,39.286605],[-75.173274,39.612676],[-75.211791,40.210041],[-75.960619,40.480497]]]}},{"type":"Feature","properties":{"hex_id":"832b83fffffffff","population":1373619,"population_year":2025,"area_km2":13472.5,"population_density":102.0,"all_players":1,"players_per_million":0.73,"player_ids":["top5:theo-bair:1999"],"label":"Ottawa","country":"Canada"},"geometry":{"type":"Polygon","coordinates":[[[-76.457016,46.068577],[-77.2427,45.709849],[-77.170666,45.075432],[-76.33587,44.798413],[-75.55918,45.147991],[-75.608214,45.783608],[-76.457016,46.068577]]]}},{"type":"Feature","properties":{"hex_id":"832b9bfffffffff","population":7907887,"population_year":2025,"area_km2":13050.9,"population_density":605.9,"all_players":3,"players_per_million":0.38,"player_ids":["top5:derek-cornelius:1997","top5:jacen-russell-rowe:2002","top5:tajon-buchanan:1999"],"label":"Ajax","country":"Canada"},"geometry":{"type":"Polygon","coordinates":[[[-79.42239,43.984339],[-80.148592,43.614015],[-80.040798,42.99531],[-79.227281,42.744533],[-78.507232,43.105571],[-78.594427,43.726557],[-79.42239,43.984339]]]}},{"type":"Feature","properties":{"hex_id":"832baafffffffff","population":4993353,"population_year":2025,"area_km2":13456.5,"population_density":371.1,"all_players":1,"players_per_million":0.2,"player_ids":["top5:moise-bombito:2000"],"label":"Montreal","country":"Canada"},"geometry":{"type":"Polygon","coordinates":[[[-73.157758,46.169919],[-73.970085,45.834008],[-73.944231,45.197835],[-73.129291,44.897538],[-72.328377,45.224875],[-72.330983,45.860952],[-73.157758,46.169919]]]}},{"type":"Feature","properties":{"hex_id":"832c01fffffffff","population":1346490,"population_year":2025,"area_km2":12423.2,"population_density":108.4,"all_players":1,"players_per_million":0.74,"player_ids":["top5:henrikh-mkhitaryan:1989"],"label":"Yerevan","country":"Armenia"},"geometry":{"type":"Polygon","coordinates":[[[44.385507,40.249321],[44.96658,39.796344],[45.728525,39.946778],[45.919921,40.556943],[45.333799,41.016526],[44.561253,40.859266],[44.385507,40.249321]]]}},{"type":"Feature","properties":{"hex_id":"832c21fffffffff","population":842882,"population_year":2025,"area_km2":12239.1,"population_density":68.9,"all_players":1,"players_per_million":1.19,"player_ids":["top5:giorgi-kvilitaia:1993"],"label":"Abasha","country":"Georgia"},"geometry":{"type":"Polygon","coordinates":[[[41.364944,42.47002],[41.206937,41.865071],[41.826862,41.425175],[42.600983,41.587585],[42.683553,41.888622],[42.762748,42.1953],[42.150674,42.631271],[41.364944,42.47002]]]}},{"type":"Feature","properties":{"hex_id":"832c2afffffffff","population":1907533,"population_year":2025,"area_km2":12458.3,"population_density":153.1,"all_players":3,"players_per_million":1.57,"player_ids":["top5:giorgi-abuashvili:2003","top5:giorgi-mamardashvili:2000","top5:khvicha-kvaratskhelia:2001"],"label":"Tbilisi","country":"Georgia"},"geometry":{"type":"Polygon","coordinates":[[[43.968072,41.309137],[44.561253,40.859266],[45.333799,41.016526],[45.523893,41.630512],[44.925265,42.086901],[44.141914,41.922712],[43.968072,41.309137]]]}},{"type":"Feature","properties":{"hex_id":"832c2cfffffffff","population":185982,"population_year":2025,"area_km2":12270.7,"population_density":15.2,"all_players":3,"players_per_million":16.13,"player_ids":["top5:budu-zivzivadze:1994","top5:giorgi-gocholeishvili:2001","top5:saba-goglichidze:2004"],"label":"Kutaisi","country":"Georgia"},"geometry":{"type":"Polygon","coordinates":[[[42.150674,42.631271],[42.762748,42.1953],[43.536194,42.368976],[43.707873,42.985777],[43.089162,43.42793],[42.305352,43.247026],[42.150674,42.631271]]]}},{"type":"Feature","properties":{"hex_id":"832c32fffffffff","population":1618472,"population_year":2025,"area_km2":12870.5,"population_density":125.8,"all_players":1,"players_per_million":0.62,"player_ids":["top5:mahmoud-dahoud:1996"],"label":"Amoudah","country":"Syria"},"geometry":{"type":"Polygon","coordinates":[[[40.903938,37.72196],[40.75682,37.093722],[41.34874,36.654081],[42.08453,36.839638],[42.238668,37.463718],[41.650108,37.906417],[40.903938,37.72196]]]}},{"type":"Feature","properties":{"hex_id":"832c93fffffffff","population":4753361,"population_year":2025,"area_km2":11988.0,"population_density":396.5,"all_players":1,"players_per_million":0.21,"player_ids":["top5:roony-bardghji:2005"],"label":"Kuwait City","country":"Kuwait"},"geometry":{"type":"Polygon","coordinates":[[[47.309999,29.462091],[47.144463,28.844189],[47.627833,28.40686],[48.272286,28.584063],[48.442127,29.196465],[47.963297,29.637157],[47.309999,29.462091]]]}},{"type":"Feature","properties":{"hex_id":"832ca0fffffffff","population":8353048,"population_year":2025,"area_km2":12679.7,"population_density":658.8,"all_players":1,"players_per_million":0.12,"player_ids":["top5:ameen-al-dakhil:2002"],"label":"Baghdad","country":"Iraq"},"geometry":{"type":"Polygon","coordinates":[[[43.475902,34.254875],[43.320505,33.62635],[43.867005,33.183139],[44.56506,33.365273],[44.726294,33.989027],[44.183738,34.435426],[43.475902,34.254875]]]}},{"type":"Feature","properties":{"hex_id":"832d33fffffffff","population":5604873,"population_year":2025,"area_km2":13675.5,"population_density":409.8,"all_players":2,"players_per_million":0.36,"player_ids":["top5:arda-guler:2005","top5:ozan-kabak:2000"],"label":"Çankaya","country":"Turkey"},"geometry":{"type":"Polygon","coordinates":[[[31.894219,40.017977],[31.800238,39.373543],[32.482171,38.972075],[33.258471,39.211877],[33.362059,39.853917],[32.679825,40.25859],[31.894219,40.017977]]]}},{"type":"Feature","properties":{"hex_id":"832d34fffffffff","population":3182122,"population_year":2025,"area_km2":13841.6,"population_density":229.9,"all_players":3,"players_per_million":0.94,"player_ids":["top5:altay-bayndr:1998","top5:enes-unal:1997","top5:zeki-celik:1997"],"label":"Osmangazi","country":"Turkey"},"geometry":{"type":"Polygon","coordinates":[[[28.920766,40.29157],[28.846869,39.643311],[29.550166,39.257827],[30.329107,39.517523],[30.413179,40.164034],[29.708204,40.552644],[28.920766,40.29157]]]}},{"type":"Feature","properties":{"hex_id":"832d51fffffffff","population":1219198,"population_year":2025,"area_km2":12257.0,"population_density":99.5,"all_players":1,"players_per_million":0.82,"player_ids":["top5:matvei-safonov:1999"],"label":"Stavropol","country":"Russia"},"geometry":{"type":"Polygon","coordinates":[[[41.193439,44.723342],[41.831897,44.296866],[42.626223,44.485081],[42.792699,45.107084],[42.146575,45.539505],[41.341591,45.343903],[41.193439,44.723342]]]}},{"type":"Feature","properties":{"hex_id":"832da6fffffffff","population":205004,"population_year":2025,"area_km2":14105.7,"population_density":14.5,"all_players":1,"players_per_million":4.88,"player_ids":["top5:grigoris-kastanos:1998"],"label":"Sotira","country":"Cyprus"},"geometry":{"type":"Polygon","coordinates":[[[33.312804,34.891282],[33.214816,34.231143],[33.851253,33.82016],[34.585465,34.065771],[34.691821,34.722984],[34.055675,35.137545],[33.312804,34.891282]]]}},{"type":"Feature","properties":{"hex_id":"832db0fffffffff","population":9235127,"population_year":2025,"area_km2":14123.1,"population_density":653.9,"all_players":4,"players_per_million":0.43,"player_ids":["top5:heorhii-tsitaishvili:2000","top5:manor-solomon:1999","top5:omri-gandelman:2000","top5:tay-abed:2004"],"label":"Kfar Saba","country":"Israel"},"geometry":{"type":"Polygon","coordinates":[[[34.376792,32.745873],[34.274424,32.083538],[34.889794,31.669446],[35.606927,31.913957],[35.717109,32.573048],[35.102423,32.990903],[34.376792,32.745873]]]}},{"type":"Feature","properties":{"hex_id":"832db3fffffffff","population":10408143,"population_year":2025,"area_km2":13968.4,"population_density":745.1,"all_players":1,"players_per_million":0.1,"player_ids":["top5:musa-al-taamari:1997"],"label":"Amman","country":"Jordan"},"geometry":{"type":"Polygon","coordinates":[[[35.717109,32.573048],[35.606927,31.913957],[36.211236,31.495261],[36.924625,31.731916],[37.042325,32.387471],[36.439201,32.809934],[35.717109,32.573048]]]}},{"type":"Feature","properties":{"hex_id":"832db5fffffffff","population":61090,"population_year":2025,"area_km2":14123.1,"population_density":4.3,"all_players":1,"players_per_million":16.37,"player_ids":["top5:viktor-tsyhankov:1997"],"label":"Nahariya","country":"Israel"},"geometry":{"type":"Polygon","coordinates":[[[33.851253,33.82016],[33.750999,33.158683],[34.376792,32.745873],[35.102423,32.990903],[35.210763,33.649292],[34.585465,34.065771],[33.851253,33.82016]]]}},{"type":"Feature","properties":{"hex_id":"832e29fffffffff","population":2455041,"population_year":2025,"area_km2":11565.2,"population_density":212.3,"all_players":1,"players_per_million":0.41,"player_ids":["top5:koki-machida:1997"],"label":"Ibaraki Prefecture","country":"Japan"},"geometry":{"type":"Polygon","coordinates":[[[141.144608,36.719484],[140.954697,37.327278],[140.25243,37.488186],[139.752005,37.04344],[139.948213,36.441778],[140.638685,36.278739],[141.144608,36.719484]]]}},{"type":"Feature","properties":{"hex_id":"832e60fffffffff","population":10118954,"population_year":2025,"area_km2":10697.0,"population_density":946.0,"all_players":3,"players_per_million":0.3,"player_ids":["top5:shuto-machino:1999","top5:takuma-asano:1994","top5:tomoya-ando:1999"],"label":"Mie Prefecture","country":"Japan"},"geometry":{"type":"Polygon","coordinates":[[[137.382008,34.835332],[137.176248,35.42312],[136.516951,35.566991],[136.074341,35.125905],[136.284758,34.544565],[136.933247,34.397885],[137.382008,34.835332]]]}},{"type":"Feature","properties":{"hex_id":"832e61fffffffff","population":16062419,"population_year":2025,"area_km2":10435.0,"population_density":1539.3,"all_players":3,"players_per_million":0.19,"player_ids":["top5:ayumu-seko:2000","top5:ritsu-doan:1998","top5:takumi-minamino:1995"],"label":"Amagasaki","country":"Japan"},"geometry":{"type":"Polygon","coordinates":[[[136.284758,34.544565],[136.074341,35.125905],[135.425844,35.264059],[134.998437,34.823901],[135.213088,34.249062],[135.851025,34.107905],[136.284758,34.544565]]]}},{"type":"Feature","properties":{"hex_id":"832e64fffffffff","population":1111799,"population_year":2025,"area_km2":10857.3,"population_density":102.4,"all_players":2,"players_per_million":1.8,"player_ids":["top5:hiroki-ito:1999","top5:yukinari-sugawara:2000"],"label":"Hamamatsu","country":"Japan"},"geometry":{"type":"Polygon","coordinates":[[[138.240188,34.090249],[138.040892,34.682811],[137.382008,34.835332],[136.933247,34.397885],[137.137408,33.811747],[137.785583,33.656652],[138.240188,34.090249]]]}},{"type":"Feature","properties":{"hex_id":"832e68fffffffff","population":1686930,"population_year":2025,"area_km2":10010.0,"population_density":168.5,"all_players":1,"players_per_million":0.59,"player_ids":["top5:kaishu-sano:2000"],"label":"Tsuyama","country":"Japan"},"geometry":{"type":"Polygon","coordinates":[[[134.360868,34.956664],[134.140195,35.526385],[133.503297,35.650678],[133.097527,35.208672],[133.321804,34.645482],[133.948357,34.517795],[134.360868,34.956664]]]}},{"type":"Feature","properties":{"hex_id":"832f58fffffffff","population":951972,"population_year":2025,"area_km2":11381.2,"population_density":83.6,"all_players":1,"players_per_million":1.05,"player_ids":["top5:yuito-suzuki:2001"],"label":"Hayama","country":"Japan"},"geometry":{"type":"Polygon","coordinates":[[[140.520831,34.62949],[140.332575,35.234652],[139.653549,35.399825],[139.174011,34.961977],[139.368009,34.363069],[140.035927,34.195767],[140.520831,34.62949]]]}},{"type":"Feature","properties":{"hex_id":"832f5afffffffff","population":24486504,"population_year":2025,"area_km2":11478.7,"population_density":2133.2,"all_players":5,"players_per_million":0.2,"player_ids":["top5:joel-fujita:2002","top5:kaoru-mitoma:1997","top5:kento-shiogai:2005","top5:taichi-hara:1999","top5:takefusa-kubo:2001"],"label":"Tokyo","country":"Japan"},"geometry":{"type":"Polygon","coordinates":[[[140.827794,35.672072],[140.638685,36.278739],[139.948213,36.441778],[139.458427,36.000295],[139.653549,35.399825],[140.332575,35.234652],[140.827794,35.672072]]]}},{"type":"Feature","properties":{"hex_id":"832f5bfffffffff","population":13410110,"population_year":2025,"area_km2":11219.7,"population_density":1195.2,"all_players":4,"players_per_million":0.3,"player_ids":["top5:ao-tanaka:1998","top5:kota-takai:2004","top5:sota-kawasaki:2001","top5:wataru-endo:1993"],"label":"Yokohama","country":"Japan"},"geometry":{"type":"Polygon","coordinates":[[[139.653549,35.399825],[139.458427,36.000295],[138.778095,36.156603],[138.304265,35.714832],[138.504933,35.120661],[139.174011,34.961977],[139.653549,35.399825]]]}},{"type":"Feature","properties":{"hex_id":"8330c1fffffffff","population":8756452,"population_year":2025,"area_km2":9089.8,"population_density":963.3,"all_players":1,"players_per_million":0.11,"player_ids":["top5:lee-jae-sung:1992"],"label":"Ulsan","country":"South Korea"},"geometry":{"type":"Polygon","coordinates":[[[128.213849,35.631454],[128.33623,35.151585],[128.993984,35.025737],[129.53177,35.381031],[129.409707,35.861246],[128.749512,35.985844],[128.213849,35.631454]]]}},{"type":"Feature","properties":{"hex_id":"8330c3fffffffff","population":519333,"population_year":2025,"area_km2":9297.6,"population_density":55.9,"all_players":1,"players_per_million":1.93,"player_ids":["top5:kim-min-jae:1996"],"label":"Tongyeong","country":"South Korea"},"geometry":{"type":"Polygon","coordinates":[[[127.802999,34.79083],[127.925279,34.303292],[128.58054,34.176082],[129.115986,34.537795],[128.993984,35.025737],[128.33623,35.151585],[127.802999,34.79083]]]}},{"type":"Feature","properties":{"hex_id":"8330c5fffffffff","population":1974465,"population_year":2025,"area_km2":8863.2,"population_density":222.8,"all_players":1,"players_per_million":0.51,"player_ids":["top5:hong-hyunseok:1999"],"label":"South Korea","country":"South Korea"},"geometry":{"type":"Polygon","coordinates":[[[127.435291,36.221993],[127.558004,35.750168],[128.213849,35.631454],[128.749512,35.985844],[128.688296,36.222593],[128.564929,36.489084],[127.968639,36.57549],[127.435291,36.221993]]]}},{"type":"Feature","properties":{"hex_id":"8330e0fffffffff","population":13687509,"population_year":2025,"area_km2":8441.3,"population_density":1621.5,"all_players":2,"players_per_million":0.15,"player_ids":["top5:jeong-woo-yeong:1999","top5:lee-kang-in:2001"],"label":"Incheon","country":"South Korea"},"geometry":{"type":"Polygon","coordinates":[[[125.884029,37.357823],[126.007266,36.901954],[126.658592,36.797418],[127.012201,37.032929],[127.123933,37.181378],[126.867787,37.702666],[126.277216,37.773186],[126.059782,37.475499],[125.884029,37.357823]]]}},{"type":"Feature","properties":{"hex_id":"8330e1fffffffff","population":11601660,"population_year":2025,"area_km2":8646.7,"population_density":1341.8,"all_players":1,"players_per_million":0.09,"player_ids":["top5:hwang-hee-chan:1996"],"label":"Chuncheon","country":"South Korea"},"geometry":{"type":"Polygon","coordinates":[[[128.064451,37.550301],[127.809941,38.077868],[127.206753,38.151759],[126.867787,37.702666],[127.123933,37.181378],[127.717502,37.10294],[128.064451,37.550301]]]}},{"type":"Feature","properties":{"hex_id":"83344cfffffffff","population":916949,"population_year":2025,"area_km2":14210.2,"population_density":64.5,"all_players":7,"players_per_million":7.63,"player_ids":["top5:alberto-moleiro:2003","top5:ayoze-perez:1993","top5:jairo-izquierdo:1993","top5:javi-lopez:2002","top5:nicolas-paz:2004","top5:omar-mascarell:1993","top5:pedro:1987"],"label":"Santa Cruz de Tenerife","country":"Spain"},"geometry":{"type":"Polygon","coordinates":[[[-16.393328,28.514587],[-16.88721,28.002408],[-16.638744,27.377068],[-15.905271,27.262132],[-15.411983,27.76893],[-15.651483,28.396006],[-16.393328,28.514587]]]}},{"type":"Feature","properties":{"hex_id":"833469fffffffff","population":271736,"population_year":2025,"area_km2":14019.6,"population_density":19.4,"all_players":1,"players_per_million":3.68,"player_ids":["top5:saul-coco:1999"],"label":"Lanzarote","country":"Spain"},"geometry":{"type":"Polygon","coordinates":[[[-13.904935,29.277544],[-14.4118,28.776827],[-14.181546,28.148352],[-13.453847,28.019496],[-12.948555,28.514936],[-13.169309,29.144467],[-13.904935,29.277544]]]}},{"type":"Feature","properties":{"hex_id":"83346afffffffff","population":35647,"population_year":2025,"area_km2":14280.6,"population_density":2.5,"all_players":1,"players_per_million":28.05,"player_ids":["top5:pedri:2002"],"label":"Tegueste","country":"Spain"},"geometry":{"type":"Polygon","coordinates":[[[-16.141721,29.655414],[-16.643022,29.143468],[-16.393328,28.514587],[-15.651483,28.396006],[-15.150893,28.902643],[-15.391343,29.53313],[-16.141721,29.655414]]]}},{"type":"Feature","properties":{"hex_id":"83346bfffffffff","population":667753,"population_year":2025,"area_km2":14123.1,"population_density":47.3,"all_players":4,"players_per_million":5.99,"player_ids":["top5:fabio-moreno-fell:2000","top5:jorge-cabello:2004","top5:raul-asencio:2003","top5:yeremi-pino:2002"],"label":"Las Palmas de Gran Canaria","country":"Spain"},"geometry":{"type":"Polygon","coordinates":[[[-15.150893,28.902643],[-15.651483,28.396006],[-15.411983,27.76893],[-14.681053,27.647052],[-14.181546,28.148352],[-14.4118,28.776827],[-15.150893,28.902643]]]}},{"type":"Feature","properties":{"hex_id":"833810fffffffff","population":276173,"population_year":2025,"area_km2":12479.4,"population_density":22.1,"all_players":1,"players_per_million":3.62,"player_ids":["top5:hicham-boudaoui:1999"],"label":"Béchar","country":"Algeria"},"geometry":{"type":"Polygon","coordinates":[[[-2.726704,32.015057],[-3.267954,31.580357],[-3.129128,30.954767],[-2.459585,30.765823],[-1.92392,31.196484],[-2.052202,31.820087],[-2.726704,32.015057]]]}},{"type":"Feature","properties":{"hex_id":"833824fffffffff","population":710009,"population_year":2025,"area_km2":12636.3,"population_density":56.2,"all_players":1,"players_per_million":1.41,"player_ids":["top5:alex-baena:2001"],"label":"Roquetas de Mar","country":"Spain"},"geometry":{"type":"Polygon","coordinates":[[[-2.72793,37.921041],[-3.311341,37.499409],[-3.161409,36.864345],[-2.440294,36.653153],[-1.863369,37.071291],[-2.001062,37.704074],[-2.72793,37.921041]]]}},{"type":"Feature","properties":{"hex_id":"833825fffffffff","population":1247478,"population_year":2025,"area_km2":12395.2,"population_density":100.6,"all_players":10,"players_per_million":8.02,"player_ids":["top5:german-valera:2002","top5:gonzalo-villar:1998","top5:hugo-lopez:2007","top5:john-donald:2000","top5:mourad-el-ghezouani:1998","top5:patric:1993","top5:rafa-mir:1997","top5:robert-sanchez:1997","top5:toni-martinez:1997","top5:yellu-santiago:2004"],"label":"Murcia","country":"Spain"},"geometry":{"type":"Polygon","coordinates":[[[-1.416234,38.115997],[-2.001062,37.704074],[-1.863369,37.071291],[-1.153048,36.852999],[-0.575154,37.26165],[-0.700647,37.891827],[-1.416234,38.115997]]]}},{"type":"Feature","properties":{"hex_id":"833829fffffffff","population":5791016,"population_year":2025,"area_km2":12694.2,"population_density":456.2,"all_players":1,"players_per_million":0.17,"player_ids":["top5:abde-rebbach:1998"],"label":"Blida","country":"Algeria"},"geometry":{"type":"Polygon","coordinates":[[[2.230374,36.409442],[2.3359,35.778432],[3.036593,35.554607],[3.641582,35.962599],[3.543589,36.597898],[2.832979,36.820934],[2.230374,36.409442]]]}},{"type":"Feature","properties":{"hex_id":"833835fffffffff","population":931900,"population_year":2025,"area_km2":12781.8,"population_density":72.9,"all_players":1,"players_per_million":1.07,"player_ids":["top5:adam-boayar:2005"],"label":"Melilla","country":"Spain"},"geometry":{"type":"Polygon","coordinates":[[[-3.584806,35.801656],[-4.152217,35.368521],[-3.998423,34.733837],[-3.288834,34.534237],[-2.727294,34.963563],[-2.869453,35.596255],[-3.584806,35.801656]]]}},{"type":"Feature","properties":{"hex_id":"83384cfffffffff","population":1287028,"population_year":2025,"area_km2":13968.4,"population_density":92.1,"all_players":1,"players_per_million":0.78,"player_ids":["top5:ali-abdi:1993"],"label":"Sfax","country":"Tunisia"},"geometry":{"type":"Polygon","coordinates":[[[10.558256,35.370372],[10.611412,34.711014],[11.324779,34.427525],[11.993117,34.802427],[11.948996,35.46449],[11.227441,35.748985],[10.558256,35.370372]]]}},{"type":"Feature","properties":{"hex_id":"833862fffffffff","population":3502930,"population_year":2025,"area_km2":13282.4,"population_density":263.7,"all_players":1,"players_per_million":0.29,"player_ids":["top5:ramy-bensebaini:1995"],"label":"Constantine","country":"Algeria"},"geometry":{"type":"Polygon","coordinates":[[[6.230313,36.936047],[6.312194,36.292881],[7.029881,36.043675],[7.675042,36.437609],[7.601711,37.084318],[6.874585,37.333579],[6.230313,36.936047]]]}},{"type":"Feature","properties":{"hex_id":"833875fffffffff","population":3692964,"population_year":2025,"area_km2":13096.6,"population_density":282.0,"all_players":1,"players_per_million":0.27,"player_ids":["top5:mohamed-amoura:2000"],"label":"Taher","country":"Algeria"},"geometry":{"type":"Polygon","coordinates":[[[4.877235,36.773674],[4.967341,36.134318],[5.680045,35.893794],[6.312194,36.292881],[6.230313,36.936047],[5.50797,37.176342],[4.877235,36.773674]]]}},{"type":"Feature","properties":{"hex_id":"833902fffffffff","population":431572,"population_year":2025,"area_km2":13361.1,"population_density":32.3,"all_players":1,"players_per_million":2.32,"player_ids":["top5:javi-galan:1994"],"label":"Badajoz","country":"Spain"},"geometry":{"type":"Polygon","coordinates":[[[-7.279403,39.151542],[-7.868285,38.702677],[-7.6715,38.062225],[-6.898506,37.871743],[-6.31462,38.316599],[-6.498678,38.9559],[-7.279403,39.151542]]]}},{"type":"Feature","properties":{"hex_id":"833903fffffffff","population":325216,"population_year":2025,"area_km2":13142.7,"population_density":24.7,"all_players":1,"players_per_million":3.07,"player_ids":["top5:pedro-porro:1999"],"label":"Don Benito","country":"Spain"},"geometry":{"type":"Polygon","coordinates":[[[-5.90594,39.394783],[-6.498678,38.9559],[-6.31462,38.316599],[-5.550612,38.117649],[-4.963456,38.552712],[-5.134684,39.1905],[-5.90594,39.394783]]]}},{"type":"Feature","properties":{"hex_id":"833904fffffffff","population":671687,"population_year":2025,"area_km2":13361.1,"population_density":50.3,"all_players":1,"players_per_million":1.49,"player_ids":["top5:fabio-cardoso:1994"],"label":"Freguesia de Águeda","country":"Portugal"},"geometry":{"type":"Polygon","coordinates":[[[-7.877634,41.069006],[-8.480681,40.6223],[-8.272779,39.982898],[-7.475134,39.791176],[-6.877085,40.23394],[-7.071618,40.87232],[-7.877634,41.069006]]]}},{"type":"Feature","properties":{"hex_id":"833908fffffffff","population":366924,"population_year":2025,"area_km2":12679.7,"population_density":28.9,"all_players":1,"players_per_million":2.73,"player_ids":["top5:ivan-romero:2001"],"label":"La Solana","country":"Spain"},"geometry":{"type":"Polygon","coordinates":[[[-3.179494,39.825314],[-3.777805,39.406656],[-3.619465,38.770735],[-2.875699,38.555641],[-2.284055,38.970898],[-2.429494,39.604608],[-3.179494,39.825314]]]}},{"type":"Feature","properties":{"hex_id":"833909fffffffff","population":321997,"population_year":2025,"area_km2":12437.2,"population_density":25.9,"all_players":1,"players_per_million":3.11,"player_ids":["top5:alfon:1999"],"label":"Albacete","country":"Spain"},"geometry":{"type":"Polygon","coordinates":[[[-1.829461,40.013095],[-2.429494,39.604608],[-2.284055,38.970898],[-1.551451,38.74818],[-0.95858,39.153492],[-1.091146,39.784657],[-1.829461,40.013095]]]}},{"type":"Feature","properties":{"hex_id":"83390cfffffffff","population":6740566,"population_year":2025,"area_km2":12803.9,"population_density":526.4,"all_players":46,"players_per_million":6.82,"player_ids":["top5:achraf-hakimi:1998","top5:adrian-de-la-fuente:1999","top5:alejandro-garnacho:2004","top5:alex-jimenez:2005","top5:alex-sanchez:2006","top5:alex-sancris:1997","top5:alvaro-morata:1992","top5:borja-mayoral:1997","top5:carlos-martin:2002","top5:dani-carvajal:1992","top5:daniel-parejo:1989","top5:david-de-gea:1990","top5:david-jimenez:2004","top5:david-soria:1993","top5:diego-aguado:2007","top5:diego-llorente:1993","top5:federico-redondo:2003","top5:fer-lopez:2004","top5:fran-beltran:1999","top5:gonzalo-garcia:2004","top5:hugo-duro:1999","top5:iker-luque:2005","top5:jacobo-ramon:2005","top5:javier-bonar:2005","top5:javier-munoz:1995","top5:jeremy-sarmiento:2002","top5:jorge-cuenca:1999","top5:jose-luis-morales:1987","top5:juan-cruz-armada:1992","top5:julio-diaz:2005","top5:koke:1992","top5:luis-milla:1994","top5:manu-sanchez:2000","top5:marcos-alonso:1990","top5:mario-hermoso:1995","top5:mario-martin:2004","top5:miguel-gutierrez:2001","top5:oscar-valentin:1994","top5:pablo-barrios:2003","top5:pol-lozano:1999","top5:rodri:1996","top5:rodrigo-riquelme:2000","top5:samu-becerra:2006","top5:sergio-camello:2001","top5:victor-parada:2002","top5:youssef-lekhedim:2005"],"label":"Madrid","country":"Spain"},"geometry":{"type":"Polygon","coordinates":[[[-4.103433,40.678157],[-4.708227,40.256026],[-4.538804,39.619302],[-3.777805,39.406656],[-3.179494,39.825314],[-3.335672,40.460048],[-4.103433,40.678157]]]}},{"type":"Feature","properties":{"hex_id":"833911fffffffff","population":631279,"population_year":2025,"area_km2":13448.5,"population_density":46.9,"all_players":5,"players_per_million":7.92,"player_ids":["top5:davinchi:2007","top5:goncalo-ramos:2001","top5:joao-neves:2004","top5:mateus-fernandes:2004","top5:vitinha:2000"],"label":"Olhão","country":"Portugal"},"geometry":{"type":"Polygon","coordinates":[[[-7.6715,38.062225],[-8.251432,37.607698],[-8.053726,36.966874],[-7.288392,36.781553],[-6.713159,37.231941],[-6.898506,37.871743],[-7.6715,38.062225]]]}},{"type":"Feature","properties":{"hex_id":"833915fffffffff","population":487773,"population_year":2025,"area_km2":13569.3,"population_density":35.9,"all_players":1,"players_per_million":2.05,"player_ids":["top5:rui-modesto:1999"],"label":"Vendas Novas","country":"Portugal"},"geometry":{"type":"Polygon","coordinates":[[[-8.657648,38.889432],[-9.241968,38.430723],[-9.032603,37.789487],[-8.251432,37.607698],[-7.6715,38.062225],[-7.868285,38.702677],[-8.657648,38.889432]]]}},{"type":"Feature","properties":{"hex_id":"833918fffffffff","population":1266165,"population_year":2025,"area_km2":13096.6,"population_density":96.7,"all_players":6,"players_per_million":4.74,"player_ids":["top5:isco:1992","top5:javi-rueda:2002","top5:juanmi:1993","top5:kike-salas:2002","top5:luis-rioja:1993","top5:robert-skov:1996"],"label":"Alozaina","country":"Spain"},"geometry":{"type":"Polygon","coordinates":[[[-5.377737,37.479229],[-5.956355,37.038332],[-5.78198,36.399721],[-5.041156,36.203564],[-4.468042,36.640556],[-4.630214,37.277566],[-5.377737,37.479229]]]}},{"type":"Feature","properties":{"hex_id":"833919fffffffff","population":1714556,"population_year":2025,"area_km2":12870.5,"population_density":133.2,"all_players":3,"players_per_million":1.75,"player_ids":["top5:brahim-diaz:1999","top5:bryan-zaragoza:2001","top5:paco-cortes:2007"],"label":"Málaga","country":"Spain"},"geometry":{"type":"Polygon","coordinates":[[[-4.048871,37.708867],[-4.630214,37.277566],[-4.468042,36.640556],[-3.736744,36.43675],[-3.161409,36.864345],[-3.311341,37.499409],[-4.048871,37.708867]]]}},{"type":"Feature","properties":{"hex_id":"83391afffffffff","population":1417320,"population_year":2025,"area_km2":13165.8,"population_density":107.7,"all_players":3,"players_per_million":2.12,"player_ids":["top5:bryan-gil:2001","top5:kevin-carlos:2001","top5:tete-morente:1996"],"label":"La Línea de la Concepción","country":"Spain"},"geometry":{"type":"Polygon","coordinates":[[[-5.78198,36.399721],[-6.352241,35.953427],[-6.176507,35.315072],[-5.442348,35.124424],[-4.877295,35.566667],[-5.041156,36.203564],[-5.78198,36.399721]]]}},{"type":"Feature","properties":{"hex_id":"83391cfffffffff","population":1819644,"population_year":2025,"area_km2":13235.5,"population_density":137.5,"all_players":12,"players_per_million":6.59,"player_ids":["top5:adrian:1987","top5:alberto-moreno:1992","top5:alvaro-garcia:1992","top5:carlos-alvarez:2003","top5:dani-ceballos:1996","top5:fabian-ruiz-pena:1996","top5:gavi:2004","top5:ivan-corralejo:2007","top5:juan-miranda:2000","top5:juanlu-sanchez:2003","top5:manuel-angel:2004","top5:rafa-marin:2002"],"label":"Seville","country":"Spain"},"geometry":{"type":"Polygon","coordinates":[[[-6.31462,38.316599],[-6.898506,37.871743],[-6.713159,37.231941],[-5.956355,37.038332],[-5.377737,37.479229],[-5.550612,38.117649],[-6.31462,38.316599]]]}},{"type":"Feature","properties":{"hex_id":"83391dfffffffff","population":788816,"population_year":2025,"area_km2":13012.9,"population_density":60.6,"all_players":3,"players_per_million":3.8,"player_ids":["top5:alfonso-pedraza:1996","top5:antonio-blanco:2000","top5:antonio-raillo:1991"],"label":"Montalbán de Córdoba","country":"Spain"},"geometry":{"type":"Polygon","coordinates":[[[-4.963456,38.552712],[-5.550612,38.117649],[-5.377737,37.479229],[-4.630214,37.277566],[-4.048871,37.708867],[-4.209206,38.345549],[-4.963456,38.552712]]]}},{"type":"Feature","properties":{"hex_id":"83391efffffffff","population":880126,"population_year":2025,"area_km2":13313.8,"population_density":66.1,"all_players":3,"players_per_million":3.41,"player_ids":["top5:daniel-yanez:2007","top5:isaac-romero:2000","top5:manu-bueno:2004"],"label":"Cádiz","country":"Spain"},"geometry":{"type":"Polygon","coordinates":[[[-6.713159,37.231941],[-7.288392,36.781553],[-7.101894,36.141695],[-6.352241,35.953427],[-5.78198,36.399721],[-5.956355,37.038332],[-6.713159,37.231941]]]}},{"type":"Feature","properties":{"hex_id":"833920fffffffff","population":1541450,"population_year":2025,"area_km2":13313.8,"population_density":115.8,"all_players":22,"players_per_million":14.27,"player_ids":["top5:andres-antanon:2007","top5:borja-iglesias:1993","top5:brais-mendez:1997","top5:damian-rodriguez:2003","top5:david-costas:1995","top5:denis-suarez:1994","top5:dro-fernandez:2008","top5:hugo-alvarez:2003","top5:hugo-bueno:2002","top5:hugo-sotelo:2003","top5:iago-aspas:1987","top5:iker-losada:2001","top5:javi-rodriguez:2003","top5:jonny-castro:1994","top5:miguel-roman:2002","top5:pablo-duran:2001","top5:santi-comesana:1996","top5:sergio-carreira:2000","top5:tomas-esteves:2002","top5:vanja-milinkovic-savic:1997","top5:yago-santiago:2003","top5:yoel-lago:2004"],"label":"Vigo","country":"Spain"},"geometry":{"type":"Polygon","coordinates":[[[-8.510499,42.979425],[-9.128239,42.535464],[-8.908305,41.898766],[-8.084602,41.706837],[-7.471834,42.1469],[-7.67772,42.782741],[-8.510499,42.979425]]]}},{"type":"Feature","properties":{"hex_id":"833922fffffffff","population":3258630,"population_year":2025,"area_km2":13448.5,"population_density":242.3,"all_players":15,"players_per_million":4.6,"player_ids":["top5:andre-gomes:1993","top5:andre-silva:1995","top5:bruno-fernandes:1994","top5:danilo-veiga:2002","top5:diogo-dalot:1999","top5:diogo-leite:1999","top5:domingos-andre-ribeiro-almeida:2000","top5:fabio-silva:2002","top5:fabio-vieira:2000","top5:jose-sa:1993","top5:jota-silva:1999","top5:martim-neto:2003","top5:pablo:2004","top5:pedro-neto:2000","top5:rodrigo-ribeiro:2005"],"label":"Gondomar","country":"Portugal"},"geometry":{"type":"Polygon","coordinates":[[[-8.908305,41.898766],[-9.515993,41.448057],[-9.295415,40.80947],[-8.480681,40.6223],[-7.877634,41.069006],[-8.084602,41.706837],[-8.908305,41.898766]]]}},{"type":"Feature","properties":{"hex_id":"833923fffffffff","population":400491,"population_year":2025,"area_km2":13235.5,"population_density":30.3,"all_players":1,"players_per_million":2.5,"player_ids":["top5:afonso-moreira:2005"],"label":"Lamego","country":"Portugal"},"geometry":{"type":"Polygon","coordinates":[[[-7.471834,42.1469],[-8.084602,41.706837],[-7.877634,41.069006],[-7.071618,40.87232],[-6.464182,41.30856],[-6.657366,41.94526],[-7.471834,42.1469]]]}},{"type":"Feature","properties":{"hex_id":"833924fffffffff","population":172148,"population_year":2025,"area_km2":13376.9,"population_density":12.9,"all_players":1,"players_per_million":5.81,"player_ids":["top5:angelino:1997"],"label":"Silván","country":"Spain"},"geometry":{"type":"Polygon","coordinates":[[[-9.580917,43.804877],[-10.203219,43.356947],[-9.969781,42.72198],[-9.128239,42.535464],[-8.510499,42.979425],[-8.729648,43.61382],[-9.580917,43.804877]]]}},{"type":"Feature","properties":{"hex_id":"833925fffffffff","population":909878,"population_year":2025,"area_km2":13165.8,"population_density":69.1,"all_players":5,"players_per_million":5.5,"player_ids":["top5:alvaro-carreras:2003","top5:dani-rodriguez:1988","top5:diego-pampin:2000","top5:lucas-vazquez:1991","top5:manu-fernandez:2001"],"label":"Narón","country":"Spain"},"geometry":{"type":"Polygon","coordinates":[[[-8.101589,44.050631],[-8.729648,43.61382],[-8.510499,42.979425],[-7.67772,42.782741],[-7.054985,43.215758],[-7.25963,43.849202],[-8.101589,44.050631]]]}},{"type":"Feature","properties":{"hex_id":"833928fffffffff","population":604363,"population_year":2025,"area_km2":12781.8,"population_density":47.3,"all_players":1,"players_per_million":1.65,"player_ids":["top5:fernando-calero:1995"],"label":"Boecillo","country":"Spain"},"geometry":{"type":"Polygon","coordinates":[[[-4.615502,42.581981],[-5.236029,42.163499],[-5.056751,41.528299],[-4.270886,41.313394],[-3.656987,41.728461],[-3.822291,42.361801],[-4.615502,42.581981]]]}},{"type":"Feature","properties":{"hex_id":"833929fffffffff","population":528990,"population_year":2025,"area_km2":12543.2,"population_density":42.2,"all_players":4,"players_per_million":7.56,"player_ids":["top5:diego-rico:1993","top5:iker-benito:2002","top5:pablo-marin:2003","top5:sergio-herrera:1993"],"label":"Miranda de Ebro","country":"Spain"},"geometry":{"type":"Polygon","coordinates":[[[-3.199092,42.769427],[-3.822291,42.361801],[-3.656987,41.728461],[-2.882457,41.504916],[-2.266484,41.909354],[-2.417796,42.54048],[-3.199092,42.769427]]]}},{"type":"Feature","properties":{"hex_id":"83392afffffffff","population":269634,"population_year":2025,"area_km2":12915.2,"population_density":20.9,"all_players":1,"players_per_million":3.71,"player_ids":["top5:miguel-cubo:2008"],"label":"Ortigosa del Monte","country":"Spain"},"geometry":{"type":"Polygon","coordinates":[[[-5.056751,41.528299],[-5.667805,41.102619],[-5.486771,40.465629],[-4.708227,40.256026],[-4.103433,40.678157],[-4.270886,41.313394],[-5.056751,41.528299]]]}},{"type":"Feature","properties":{"hex_id":"83392bfffffffff","population":1038811,"population_year":2025,"area_km2":12679.7,"population_density":81.9,"all_players":1,"players_per_million":0.96,"player_ids":["top5:jorge-de-frutos:1997"],"label":"Navares de Enmedio","country":"Spain"},"geometry":{"type":"Polygon","coordinates":[[[-3.656987,41.728461],[-4.270886,41.313394],[-4.103433,40.678157],[-3.335672,40.460048],[-2.728618,40.871785],[-2.882457,41.504916],[-3.656987,41.728461]]]}},{"type":"Feature","properties":{"hex_id":"83392cfffffffff","population":433768,"population_year":2025,"area_km2":12870.5,"population_density":33.7,"all_players":2,"players_per_million":4.61,"player_ids":["top5:abel-bretones:2000","top5:pedro-diaz:1998"],"label":"Langreo","country":"Spain"},"geometry":{"type":"Polygon","coordinates":[[[-5.605093,43.431163],[-6.231988,43.009176],[-6.040316,42.374568],[-5.236029,42.163499],[-4.615502,42.581981],[-4.792849,43.214988],[-5.605093,43.431163]]]}},{"type":"Feature","properties":{"hex_id":"83392dfffffffff","population":571746,"population_year":2025,"area_km2":12636.3,"population_density":45.2,"all_players":4,"players_per_million":7.0,"player_ids":["top5:dani-raba:1995","top5:jeremy-arevalo:2005","top5:mateo-joseph:2003","top5:pablo-torre:2003"],"label":"Santander","country":"Spain"},"geometry":{"type":"Polygon","coordinates":[[[-4.162635,43.625899],[-4.792849,43.214988],[-4.615502,42.581981],[-3.822291,42.361801],[-3.199092,42.769427],[-3.362059,43.400471],[-4.162635,43.625899]]]}},{"type":"Feature","properties":{"hex_id":"833931fffffffff","population":825946,"population_year":2025,"area_km2":13569.3,"population_density":60.9,"all_players":3,"players_per_million":3.63,"player_ids":["top5:david-carmo:1999","top5:francisco-conceicao:2002","top5:samu-costa:2000"],"label":"Aveiro","country":"Portugal"},"geometry":{"type":"Polygon","coordinates":[[[-9.295415,40.80947],[-9.893311,40.352431],[-9.672222,39.712382],[-8.866346,39.529972],[-8.272779,39.982898],[-8.480681,40.6223],[-9.295415,40.80947]]]}},{"type":"Feature","properties":{"hex_id":"833933fffffffff","population":3081923,"population_year":2025,"area_km2":13675.5,"population_density":225.4,"all_players":22,"players_per_million":7.14,"player_ids":["top5:bernardo-silva:1994","top5:beto:1998","top5:dario-essugo:2005","top5:domingos-duarte:1995","top5:fabio-carvalho:2002","top5:fali-cande:1998","top5:felix-correia:2001","top5:goncalo-guedes:1996","top5:guilherme-ramos:1997","top5:joao-cancelo:1994","top5:joao-palhinha:1995","top5:nuno-mendes:2002","top5:nuno-tavares:2000","top5:rafael-leao:1999","top5:renato-veiga:2003","top5:rodrigo-gomes:2003","top5:ruben-dias:1997","top5:thierry-correia:1999","top5:tiago-gouveia:2001","top5:tiago-santos:2002","top5:tiago-tomas:2002","top5:ulisses-garcia:1996"],"label":"Lisbon","country":"Portugal"},"geometry":{"type":"Polygon","coordinates":[[[-9.672222,39.712382],[-10.260578,39.249447],[-10.0391,38.608375],[-9.241968,38.430723],[-8.657648,38.889432],[-8.866346,39.529972],[-9.672222,39.712382]]]}},{"type":"Feature","properties":{"hex_id":"833942fffffffff","population":639290,"population_year":2025,"area_km2":12229.6,"population_density":52.3,"all_players":6,"players_per_million":9.39,"player_ids":["top5:antonio-sanchez:1997","top5:chadi-riad:2003","top5:david-lopez:2003","top5:javier-llabres:2002","top5:javier-olaizola:2007","top5:pedro-bigas:1990"],"label":"Palma","country":"Spain"},"geometry":{"type":"Polygon","coordinates":[[[1.568027,40.141859],[1.682025,39.526861],[2.409691,39.323588],[3.0341,39.73632],[2.928119,40.355416],[2.189602,40.557703],[1.568027,40.141859]]]}},{"type":"Feature","properties":{"hex_id":"833943fffffffff","population":178309,"population_year":2025,"area_km2":12423.2,"population_density":14.4,"all_players":2,"players_per_million":11.22,"player_ids":["top5:abdon-prats:1992","top5:sergi-darder:1993"],"label":"Artà","country":"Spain"},"geometry":{"type":"Polygon","coordinates":[[[2.928119,40.355416],[3.0341,39.73632],[3.768973,39.524231],[4.408495,39.931959],[4.310937,40.554931],[3.565326,40.766324],[2.928119,40.355416]]]}},{"type":"Feature","properties":{"hex_id":"833944fffffffff","population":5820367,"population_year":2025,"area_km2":11948.5,"population_density":487.1,"all_players":57,"players_per_million":9.79,"player_ids":["top5:aaron-martin:1997","top5:adama-traore:1996","top5:adria-altimira:2001","top5:adria-pedrosa:1998","top5:adrian-bernabe:2001","top5:aitor-ruibal:1996","top5:alejandro-balde:2003","top5:alex-moreno:1993","top5:alex-sala:2001","top5:alex-valle:2004","top5:arnau-martinez:2003","top5:arnau-tenas:2001","top5:bambo-diaby:1997","top5:carles-alena:1998","top5:dani-cardenas:1997","top5:dani-olmo:1998","top5:david-lopez:1989","top5:david-raya:1995","top5:eric-garcia:2001","top5:ferran-jutgla:1999","top5:gerard-martin:2002","top5:gerard-moreno:1992","top5:hector-bellerin:1995","top5:hector-fort:2006","top5:iker-bravo:2005","top5:ilias-akhomach:2004","top5:ilyas-chaira:2001","top5:jan-salas:2005","top5:jan-virgili:2006","top5:javi-morcillo:2006","top5:javi-puado:1998","top5:joan-garcia:2001","top5:lamine-yamal:2007","top5:marc-bernal:2007","top5:marc-casado:2003","top5:marc-cucurella:1998","top5:marc-guiu:2006","top5:marc-pubill:2003","top5:marc-roca:1996","top5:marcos-llorente:1995","top5:mario-gila:2000","top5:omar-el-hilali:2003","top5:oriol-rey:1998","top5:oscar-mingueza:1999","top5:pablo-maffeo:1997","top5:pau-lopez:1994","top5:peque:2002","top5:pol-lirola:1997","top5:ramon-terrats:2000","top5:raul-moro:2002","top5:roberto-navarro:2002","top5:sergi-altimira:2001","top5:sergio-gomez:2000","top5:tomas-marques:2006","top5:toni-fernandez:2008","top5:victor-munoz:2003","top5:xavi-espart:2007"],"label":"Barcelona","country":"Spain"},"geometry":{"type":"Polygon","coordinates":[[[1.216871,41.967575],[1.335479,41.362336],[2.07735,41.170004],[2.711858,41.583975],[2.601521,42.193196],[1.848287,42.384487],[1.216871,41.967575]]]}},{"type":"Feature","properties":{"hex_id":"833945fffffffff","population":709742,"population_year":2025,"area_km2":12134.7,"population_density":58.5,"all_players":8,"players_per_million":11.27,"player_ids":["top5:alvaro-rodriguez:2004","top5:dawda-camara:2002","top5:gerard-gumbau:1994","top5:ivan-balliu:1992","top5:joan-jordan:1994","top5:pau-cubarsi:2007","top5:pep-chavarria:1998","top5:sergi-cardona:1999"],"label":"Estanyol","country":"Spain"},"geometry":{"type":"Polygon","coordinates":[[[2.601521,42.193196],[2.711858,41.583975],[3.46143,41.382558],[4.111804,41.791133],[4.010176,42.404119],[3.24935,42.604792],[2.601521,42.193196]]]}},{"type":"Feature","properties":{"hex_id":"833946fffffffff","population":735018,"population_year":2025,"area_km2":11997.1,"population_density":61.3,"all_players":4,"players_per_million":5.44,"player_ids":["top5:edu-exposito:1996","top5:jofre-torrents:2007","top5:marc-bartra:1991","top5:sergi-roberto:1992"],"label":"La Selva del Camp","country":"Spain"},"geometry":{"type":"Polygon","coordinates":[[[0.720675,40.962104],[0.837298,40.335353],[1.568027,40.141859],[2.189602,40.557703],[2.07735,41.170004],[1.335479,41.362336],[1.025085,41.153182],[0.720675,40.962104]]]}},{"type":"Feature","properties":{"hex_id":"833950fffffffff","population":394276,"population_year":2025,"area_km2":12102.9,"population_density":32.6,"all_players":3,"players_per_million":7.61,"player_ids":["top5:jose-luis-garcia-vaya:1998","top5:jose-luis-gaya:1995","top5:kiko-femenia:1991"],"label":"Sanet y Negrals","country":"Spain"},"geometry":{"type":"Polygon","coordinates":[[[-0.237765,38.923477],[-0.115046,38.294034],[0.355185,38.140278],[0.591769,38.074249],[1.188594,38.492342],[1.073008,39.109644],[0.592929,39.240155],[0.35567,39.31886],[-0.237765,38.923477]]]}},{"type":"Feature","properties":{"hex_id":"833951fffffffff","population":176037,"population_year":2025,"area_km2":12257.0,"population_density":14.4,"all_players":1,"players_per_million":5.68,"player_ids":["top5:leo-roman:2000"],"label":"Ibiza","country":"Spain"},"geometry":{"type":"Polygon","coordinates":[[[1.073008,39.109644],[1.188594,38.492342],[1.905611,38.287979],[2.517584,38.702027],[2.409691,39.323588],[1.682025,39.526861],[1.073008,39.109644]]]}},{"type":"Feature","properties":{"hex_id":"833954fffffffff","population":2781027,"population_year":2025,"area_km2":12188.8,"population_density":228.2,"all_players":25,"players_per_million":8.99,"player_ids":["top5:aaron-escandell:1995","top5:abel-ruiz:2000","top5:alex-fores:2001","top5:alex-grimaldo:1995","top5:carlos-espi:2005","top5:carlos-romero:2001","top5:carlos-soler:1997","top5:cesar-tarrega:2002","top5:ferran-torres:2000","top5:hugo-gonzalez:2003","top5:josep-martinez:1998","top5:mateo-pellegrino:2001","top5:nacho-perez:2008","top5:pablo-cunat:2002","top5:pablo-fornals:1996","top5:pablo-mari:1993","top5:pau-cabanes:2005","top5:pau-navarro:2005","top5:pau-torres:1997","top5:raul-albiol:1985","top5:ruben-garcia:1993","top5:sergio-lozano:1999","top5:toni-lato:1997","top5:victor-chust:2000","top5:victor-garcia:1997"],"label":"Valencia","country":"Spain"},"geometry":{"type":"Polygon","coordinates":[[[-0.49009,40.182979],[-1.091146,39.784657],[-0.95858,39.153492],[-0.237765,38.923477],[0.35567,39.31886],[0.235904,39.947158],[-0.49009,40.182979]]]}},{"type":"Feature","properties":{"hex_id":"833956fffffffff","population":2107084,"population_year":2025,"area_km2":12298.2,"population_density":171.3,"all_players":15,"players_per_million":7.12,"player_ids":["top5:anthony-jung:1991","top5:antonio-sivera:1996","top5:carlos-macia:2008","top5:cristhian-mosquera:2004","top5:inaki-pena:1999","top5:isaac-palazon-camacho:1994","top5:joaquin-martinez-gauna:2003","top5:josan:1989","top5:jose-salinas:2000","top5:lucas-torro:1994","top5:moi-gomez:1994","top5:nacho-vidal:1995","top5:portu:1992","top5:rayane-belaid:2005","top5:rodrigo-mendoza:2005"],"label":"Alicante","country":"Spain"},"geometry":{"type":"Polygon","coordinates":[[[-0.95858,39.153492],[-1.551451,38.74818],[-1.416234,38.115997],[-0.700647,37.891827],[-0.115046,38.294034],[-0.237765,38.923477],[-0.95858,39.153492]]]}},{"type":"Feature","properties":{"hex_id":"83395cfffffffff","population":233727,"population_year":2025,"area_km2":12458.3,"population_density":18.8,"all_players":1,"players_per_million":4.28,"player_ids":["top5:mateu-morey:2000"],"label":"Petra","country":"Spain"},"geometry":{"type":"Polygon","coordinates":[[[2.409691,39.323588],[2.517584,38.702027],[3.241901,38.489134],[3.868776,38.898629],[3.768973,39.524231],[3.0341,39.73632],[2.409691,39.323588]]]}},{"type":"Feature","properties":{"hex_id":"833960fffffffff","population":1981057,"population_year":2025,"area_km2":11692.4,"population_density":169.4,"all_players":11,"players_per_million":5.55,"player_ids":["top5:bafode-diakite:2001","top5:guillaume-restes:2005","top5:ilyas-azizi:2008","top5:issa-diop:1997","top5:jean-daniel-akpa-akpro:1992","top5:kelvin-amian:1998","top5:ousmane-camara:2003","top5:rafik-messali:2003","top5:romain-perraud:1997","top5:tiago-gabriel:2004","top5:valentin-rosier:1996"],"label":"Toulouse","country":"France"},"geometry":{"type":"Polygon","coordinates":[[[0.863645,43.838891],[0.983681,43.215794],[1.479021,43.047512],[1.731415,42.986442],[2.376288,43.400946],[2.261329,43.999258],[1.748812,44.119982],[1.498849,44.205806],[0.863645,43.838891]]]}},{"type":"Feature","properties":{"hex_id":"833961fffffffff","population":546462,"population_year":2025,"area_km2":11818.4,"population_density":46.2,"all_players":2,"players_per_million":3.66,"player_ids":["top5:amine-adli:2000","top5:nicolas-cozza:1999"],"label":"Béziers","country":"France"},"geometry":{"type":"Polygon","coordinates":[[[2.261329,43.999258],[2.376288,43.400946],[3.141109,43.210561],[3.802654,43.619279],[3.696702,44.221235],[2.920074,44.410858],[2.261329,43.999258]]]}},{"type":"Feature","properties":{"hex_id":"833962fffffffff","population":165903,"population_year":2025,"area_km2":11810.9,"population_density":14.0,"all_players":1,"players_per_million":6.03,"player_ids":["top5:christian-mawissa:2005"],"label":"Saint-Jean-de-Verges","country":"France"},"geometry":{"type":"Polygon","coordinates":[[[0.983681,43.215794],[0.357223,42.840548],[0.480702,42.214859],[1.216871,41.967575],[1.848287,42.384487],[1.731415,42.986442],[1.479021,43.047512],[0.983681,43.215794]]]}},{"type":"Feature","properties":{"hex_id":"833963fffffffff","population":852421,"population_year":2025,"area_km2":11889.7,"population_density":71.7,"all_players":2,"players_per_million":2.35,"player_ids":["top5:florian-sotoca:1990","top5:joel-roca:2005"],"label":"Camprodon","country":"Spain"},"geometry":{"type":"Polygon","coordinates":[[[1.731415,42.986442],[1.848287,42.384487],[2.601521,42.193196],[3.24935,42.604792],[3.141109,43.210561],[2.376288,43.400946],[1.731415,42.986442]]]}},{"type":"Feature","properties":{"hex_id":"833964fffffffff","population":647801,"population_year":2025,"area_km2":11735.1,"population_density":55.2,"all_players":4,"players_per_million":6.17,"player_ids":["top5:anthony-rouault:2001","top5:aymeric-laporte:1994","top5:frank-magri:1999","top5:jim-allevinah:1995"],"label":"Agen","country":"France"},"geometry":{"type":"Polygon","coordinates":[[[0.61635,45.082293],[-0.028005,44.712978],[0.102941,44.089763],[0.863645,43.838891],[1.498849,44.205806],[1.382481,44.825952],[0.61635,45.082293]]]}},{"type":"Feature","properties":{"hex_id":"833965fffffffff","population":438219,"population_year":2025,"area_km2":11582.8,"population_density":37.8,"all_players":1,"players_per_million":2.28,"player_ids":["top5:gregoire-coudert:1999"],"label":"Rodez","country":"France"},"geometry":{"type":"Polygon","coordinates":[[[1.382481,44.825952],[1.498849,44.205806],[1.748812,44.119982],[2.261329,43.999258],[2.920074,44.410858],[2.807218,45.005182],[2.026569,45.184249],[1.382481,44.825952]]]}},{"type":"Feature","properties":{"hex_id":"833966fffffffff","population":704443,"population_year":2025,"area_km2":11896.2,"population_density":59.2,"all_players":1,"players_per_million":1.42,"player_ids":["top5:theo-de-percin:2001"],"label":"Tarbes","country":"France"},"geometry":{"type":"Polygon","coordinates":[[[0.102941,44.089763],[-0.532232,43.711967],[-0.397973,43.08589],[0.357223,42.840548],[0.983681,43.215794],[0.863645,43.838891],[0.102941,44.089763]]]}},{"type":"Feature","properties":{"hex_id":"833968fffffffff","population":2544994,"population_year":2025,"area_km2":12236.4,"population_density":208.0,"all_players":21,"players_per_million":8.25,"player_ids":["top5:antoine-mendy:2004","top5:benjamin-stambouli:1990","top5:boubacar-kamara:1999","top5:franck-honorat:1996","top5:gessime-yassine:2005","top5:hugo-magnetti:1998","top5:ilan-kebbal:1998","top5:jeremie-boga:1997","top5:julien-lopez:1992","top5:laurent-abergel:1993","top5:lucas-hernandez:1996","top5:mahdi-camara:1998","top5:mamadou-sarr:2005","top5:maxime-lopez:1997","top5:mezian-soares:2009","top5:morgan-guilavogui:1998","top5:naouirou-ahamada:2002","top5:tadjidine-mmadi:2007","top5:wesley-fofana:2000","top5:yanis-zouaoui:1998","top5:yassine-benhattab:2002"],"label":"Marseille","country":"France"},"geometry":{"type":"Polygon","coordinates":[[[4.574932,43.41921],[4.674096,42.809849],[5.441717,42.599473],[6.121326,42.998792],[6.03167,43.611509],[5.252785,43.821585],[4.574932,43.41921]]]}},{"type":"Feature","properties":{"hex_id":"833969fffffffff","population":1583636,"population_year":2025,"area_km2":12395.2,"population_density":127.8,"all_players":9,"players_per_million":5.68,"player_ids":["top5:amir-richardson:2002","top5:benjamin-andre:1990","top5:bilal-nadir:2003","top5:eliesse-ben-seghir:2005","top5:gautier-lloris:1995","top5:lorenz-assignon:2000","top5:malang-sarr:1999","top5:olivier-boscagli:1997","top5:rayan-philippe:2000"],"label":"Nice","country":"France"},"geometry":{"type":"Polygon","coordinates":[[[6.03167,43.611509],[6.121326,42.998792],[6.894879,42.778417],[7.589687,43.17079],[7.509948,43.786609],[6.725378,44.00699],[6.03167,43.611509]]]}},{"type":"Feature","properties":{"hex_id":"83396cfffffffff","population":2034996,"population_year":2025,"area_km2":11988.0,"population_density":169.8,"all_players":5,"players_per_million":2.46,"player_ids":["top5:ellyes-skhiri:1995","top5:joris-chotard:2001","top5:kail-boudache:2006","top5:maxime-esteve:2002","top5:serhou-guirassy:1996"],"label":"Orange","country":"France"},"geometry":{"type":"Polygon","coordinates":[[[3.696702,44.221235],[3.802654,43.619279],[4.574932,43.41921],[5.252785,43.821585],[5.156296,44.426959],[4.372371,44.626573],[3.696702,44.221235]]]}},{"type":"Feature","properties":{"hex_id":"83396dfffffffff","population":337553,"population_year":2025,"area_km2":12148.2,"population_density":27.8,"all_players":1,"players_per_million":2.96,"player_ids":["top5:tom-louchet:2003"],"label":"Manosque","country":"France"},"geometry":{"type":"Polygon","coordinates":[[[5.156296,44.426959],[5.252785,43.821585],[6.03167,43.611509],[6.725378,44.00699],[6.638788,44.61554],[5.848477,44.82547],[5.156296,44.426959]]]}},{"type":"Feature","properties":{"hex_id":"833970fffffffff","population":891722,"population_year":2025,"area_km2":12188.8,"population_density":73.2,"all_players":9,"players_per_million":10.09,"player_ids":["top5:adrian-liso:2005","top5:alejandro-frances:2002","top5:alvaro-cortes:2005","top5:carlos-vicente:1999","top5:eliezer-mayenda:2005","top5:jano-monserrate:2006","top5:jorge-cestero:2006","top5:manu-morlanes:1999","top5:marc-aguado:2000"],"label":"Zaragoza","country":"Spain"},"geometry":{"type":"Polygon","coordinates":[[[-0.886769,42.071344],[-1.504055,41.677517],[-1.363813,41.046833],[-0.619824,40.812714],[-0.010441,41.203682],[-0.137149,41.831588],[-0.886769,42.071344]]]}},{"type":"Feature","properties":{"hex_id":"833971fffffffff","population":504409,"population_year":2025,"area_km2":11937.9,"population_density":42.3,"all_players":2,"players_per_million":3.97,"player_ids":["top5:aleix-febas:1996","top5:pere-milla:1992"],"label":"Lleida","country":"Spain"},"geometry":{"type":"Polygon","coordinates":[[[0.480702,42.214859],[-0.137149,41.831588],[-0.010441,41.203682],[0.720675,40.962104],[1.025085,41.153182],[1.335479,41.362336],[1.216871,41.967575],[0.480702,42.214859]]]}},{"type":"Feature","properties":{"hex_id":"833973fffffffff","population":335439,"population_year":2025,"area_km2":12067.7,"population_density":27.8,"all_players":1,"players_per_million":2.98,"player_ids":["top5:aleix-garcia:1997"],"label":"Ulldecona","country":"Spain"},"geometry":{"type":"Polygon","coordinates":[[[-0.010441,41.203682],[-0.619824,40.812714],[-0.49009,40.182979],[0.235904,39.947158],[0.837298,40.335353],[0.720675,40.962104],[-0.010441,41.203682]]]}},{"type":"Feature","properties":{"hex_id":"833974fffffffff","population":757726,"population_year":2025,"area_km2":12298.2,"population_density":61.6,"all_players":21,"players_per_million":27.71,"player_ids":["top5:aihen-munoz:1997","top5:aimar-oroz:2001","top5:alex-berenguer:1995","top5:alex-remiro:1995","top5:asier-osambela:2004","top5:benat-prados:2001","top5:cesar-azpilicueta:1989","top5:hugo-rincon:2003","top5:iker-munoz:2002","top5:inaki-ruperez:2003","top5:inigo-arguibide:2005","top5:jesus-areso:1999","top5:jon-moncayola:1998","top5:jorge-herrando:2001","top5:kike-barja:1997","top5:lander-pinillos:2003","top5:mikel-merino:1996","top5:nico-williams:2002","top5:nicolas-serrano:2003","top5:oihan-sancet:2000","top5:pablo-ibanez:1998"],"label":"Pamplona","country":"Spain"},"geometry":{"type":"Polygon","coordinates":[[[-1.792726,42.937258],[-2.417796,42.54048],[-2.266484,41.909354],[-1.504055,41.677517],[-0.886769,42.071344],[-1.024123,42.699916],[-1.792726,42.937258]]]}},{"type":"Feature","properties":{"hex_id":"833975fffffffff","population":154420,"population_year":2025,"area_km2":12047.7,"population_density":12.8,"all_players":1,"players_per_million":6.48,"player_ids":["top5:dani-calvo:1994"],"label":"Huesca","country":"Spain"},"geometry":{"type":"Polygon","coordinates":[[[-0.397973,43.08589],[-1.024123,42.699916],[-0.886769,42.071344],[-0.137149,41.831588],[0.480702,42.214859],[0.357223,42.840548],[-0.397973,43.08589]]]}},{"type":"Feature","properties":{"hex_id":"833976fffffffff","population":101356,"population_year":2025,"area_km2":12437.2,"population_density":8.1,"all_players":1,"players_per_million":9.87,"player_ids":["top5:cesar-palacios:2004"],"label":"Soria","country":"Spain"},"geometry":{"type":"Polygon","coordinates":[[[-2.266484,41.909354],[-2.882457,41.504916],[-2.728618,40.871785],[-1.972394,40.645495],[-1.363813,41.046833],[-1.504055,41.677517],[-2.266484,41.909354]]]}},{"type":"Feature","properties":{"hex_id":"833981fffffffff","population":1640771,"population_year":2025,"area_km2":13472.5,"population_density":121.8,"all_players":2,"players_per_million":1.22,"player_ids":["top5:abdelhamid-ait-boudlal:2006","top5:yassir-zabiri:2005"],"label":"Marrakech","country":"Morocco"},"geometry":{"type":"Polygon","coordinates":[[[-8.212439,32.846562],[-8.754964,32.378678],[-8.565064,31.743155],[-7.843428,31.576121],[-7.304833,32.039381],[-7.483894,32.674254],[-8.212439,32.846562]]]}},{"type":"Feature","properties":{"hex_id":"833989fffffffff","population":387840,"population_year":2025,"area_km2":12892.8,"population_density":30.1,"all_players":1,"players_per_million":2.58,"player_ids":["top5:abdelhamid-sabiri:1996"],"label":"Goulmima","country":"Morocco"},"geometry":{"type":"Polygon","coordinates":[[[-4.797481,32.586346],[-5.342031,32.139258],[-5.18348,31.508467],[-4.491141,31.326235],[-3.95164,31.769061],[-4.099405,32.398339],[-4.797481,32.586346]]]}},{"type":"Feature","properties":{"hex_id":"83398cfffffffff","population":2527454,"population_year":2025,"area_km2":13282.4,"population_density":190.3,"all_players":2,"players_per_million":0.79,"player_ids":["top5:abde-ezzalzouli:2001","top5:adam-masina:1994"],"label":"Beni Mellal","country":"Morocco"},"geometry":{"type":"Polygon","coordinates":[[[-6.93764,33.133982],[-7.483894,32.674254],[-7.304833,32.039381],[-6.590423,31.865189],[-6.048578,32.320449],[-6.216693,32.954324],[-6.93764,33.133982]]]}},{"type":"Feature","properties":{"hex_id":"8339a8fffffffff","population":1390068,"population_year":2025,"area_km2":13424.6,"population_density":103.5,"all_players":1,"players_per_million":0.72,"player_ids":["top5:nayef-aguerd:1996"],"label":"Kenitra","country":"Morocco"},"geometry":{"type":"Polygon","coordinates":[[[-7.481147,35.046768],[-8.039654,34.586685],[-7.851229,33.94808],[-7.11571,33.770469],[-6.561627,34.226187],[-6.738591,34.863835],[-7.481147,35.046768]]]}},{"type":"Feature","properties":{"hex_id":"8339a9fffffffff","population":2306426,"population_year":2025,"area_km2":13220.0,"population_density":174.5,"all_players":1,"players_per_million":0.43,"player_ids":["top5:mohamed-amine-sbai:2000"],"label":"Sidi Kacem","country":"Morocco"},"geometry":{"type":"Polygon","coordinates":[[[-6.176507,35.315072],[-6.738591,34.863835],[-6.561627,34.226187],[-5.834096,34.041041],[-5.27694,34.488085],[-5.442348,35.124424],[-6.176507,35.315072]]]}},{"type":"Feature","properties":{"hex_id":"8339aafffffffff","population":7718876,"population_year":2025,"area_km2":13456.5,"population_density":573.6,"all_players":3,"players_per_million":0.39,"player_ids":["top5:abdel-abqar:1999","top5:azzedine-ounahi:2000","top5:hamza-koutoune:2006"],"label":"Casablanca","country":"Morocco"},"geometry":{"type":"Polygon","coordinates":[[[-7.851229,33.94808],[-8.401654,33.483855],[-8.212439,32.846562],[-7.483894,32.674254],[-6.93764,33.133982],[-7.11571,33.770469],[-7.851229,33.94808]]]}},{"type":"Feature","properties":{"hex_id":"8339abfffffffff","population":2469588,"population_year":2025,"area_km2":13258.9,"population_density":186.3,"all_players":1,"players_per_million":0.4,"player_ids":["top5:hamza-igamane:2002"],"label":"Temara","country":"Morocco"},"geometry":{"type":"Polygon","coordinates":[[[-6.561627,34.226187],[-7.11571,33.770469],[-6.93764,33.133982],[-6.216693,32.954324],[-5.667272,33.405709],[-5.834096,34.041041],[-6.561627,34.226187]]]}},{"type":"Feature","properties":{"hex_id":"833e62fffffffff","population":32479140,"population_year":2025,"area_km2":14586.4,"population_density":2226.7,"all_players":2,"players_per_million":0.06,"player_ids":["top5:mostafa-mohamed:1997","top5:omar-marmoush:1999"],"label":"Cairo","country":"Egypt"},"geometry":{"type":"Polygon","coordinates":[[[30.608926,30.098179],[30.531842,29.424459],[31.156426,29.02702],[31.858904,29.299406],[31.944037,29.970681],[31.3187,30.372052],[30.608926,30.098179]]]}},{"type":"Feature","properties":{"hex_id":"833e66fffffffff","population":25495032,"population_year":2025,"area_km2":14604.7,"population_density":1745.7,"all_players":1,"players_per_million":0.04,"player_ids":["top5:mohamed-salah:1992"],"label":"Nagrig","country":"Egypt"},"geometry":{"type":"Polygon","coordinates":[[[30.048969,31.167914],[29.97458,30.494221],[30.608926,30.098179],[31.3187,30.372052],[31.401385,31.043461],[30.766057,31.44332],[30.048969,31.167914]]]}},{"type":"Feature","properties":{"hex_id":"833f24fffffffff","population":883214,"population_year":2025,"area_km2":13951.3,"population_density":63.3,"all_players":1,"players_per_million":1.13,"player_ids":["top5:domenico-berardi:1994"],"label":"Cariati","country":"Italy"},"geometry":{"type":"Polygon","coordinates":[[[16.087589,39.612646],[16.10484,38.959111],[16.849969,38.651325],[17.584961,38.995264],[17.578247,39.650065],[16.825973,39.959711],[16.087589,39.612646]]]}},{"type":"Feature","properties":{"hex_id":"833f26fffffffff","population":1002994,"population_year":2025,"area_km2":14045.3,"population_density":71.4,"all_players":1,"players_per_million":1.0,"player_ids":["top5:stanislav-lobotka:1994"],"label":"Messina","country":"Italy"},"geometry":{"type":"Polygon","coordinates":[[[15.378737,38.606652],[15.400739,37.949689],[16.138622,37.643674],[16.861714,37.992899],[16.849969,38.651325],[16.10484,38.959111],[15.378737,38.606652]]]}},{"type":"Feature","properties":{"hex_id":"833f66fffffffff","population":2932775,"population_year":2025,"area_km2":14227.8,"population_density":206.1,"all_players":2,"players_per_million":0.68,"player_ids":["top5:berke-ozer:2000","top5:cenk-ozkacar:2000"],"label":"Konak","country":"Turkey"},"geometry":{"type":"Polygon","coordinates":[[[25.753097,38.527963],[25.702401,37.868316],[26.409422,37.497495],[27.170213,37.78333],[27.23108,38.441913],[26.521028,38.815775],[25.753097,38.527963]]]}},{"type":"Feature","properties":{"hex_id":"833f72fffffffff","population":233441,"population_year":2025,"area_km2":14604.7,"population_density":16.0,"all_players":1,"players_per_million":4.28,"player_ids":["top5:konstantinos-koulierakis:2003"],"label":"Chania","country":"Greece"},"geometry":{"type":"Polygon","coordinates":[[[23.372801,35.629835],[23.339733,34.958641],[24.035998,34.596858],[24.769195,34.903321],[24.812005,35.574008],[24.1119,35.938786],[23.372801,35.629835]]]}},{"type":"Feature","properties":{"hex_id":"833f73fffffffff","population":362062,"population_year":2025,"area_km2":14586.4,"population_density":24.8,"all_players":1,"players_per_million":2.76,"player_ids":["top5:manolis-saliakas:1996"],"label":"Heraklion","country":"Greece"},"geometry":{"type":"Polygon","coordinates":[[[24.812005,35.574008],[24.769195,34.903321],[25.459174,34.53354],[26.195246,34.831357],[26.247699,35.501169],[25.55447,35.874086],[24.812005,35.574008]]]}},{"type":"Feature","properties":{"hex_id":"83446cfffffffff","population":6104544,"population_year":2025,"area_km2":13866.8,"population_density":440.2,"all_players":2,"players_per_million":0.33,"player_ids":["top5:bryan-okoh:2003","top5:cole-campbell:2006"],"label":"Houston","country":"United States"},"geometry":{"type":"Polygon","coordinates":[[[-94.808948,29.022702],[-94.340041,29.530809],[-94.606515,30.15309],[-95.34958,30.267602],[-95.820095,29.756435],[-95.546005,29.133838],[-94.808948,29.022702]]]}},{"type":"Feature","properties":{"hex_id":"8344a1fffffffff","population":5763886,"population_year":2025,"area_km2":11010.2,"population_density":523.5,"all_players":1,"players_per_million":0.17,"player_ids":["top5:alex-freeman:2004"],"label":"Fort Lauderdale","country":"United States"},"geometry":{"type":"Polygon","coordinates":[[[-79.949065,25.306967],[-79.508022,25.739732],[-79.655984,26.333663],[-80.252477,26.497928],[-80.698565,26.062694],[-80.543111,25.465679],[-79.949065,25.306967]]]}},{"type":"Feature","properties":{"hex_id":"8344ddfffffffff","population":1270062,"population_year":2025,"area_km2":11273.1,"population_density":112.7,"all_players":1,"players_per_million":0.79,"player_ids":["top5:mathis-albert:2009"],"label":"Greenville","country":"United States"},"geometry":{"type":"Polygon","coordinates":[[[-82.432568,34.320173],[-81.94686,34.733211],[-82.12783,35.333393],[-82.803555,35.523528],[-83.294745,35.108864],[-83.104736,34.505705],[-82.432568,34.320173]]]}},{"type":"Feature","properties":{"hex_id":"8344e8fffffffff","population":961978,"population_year":2025,"area_km2":12188.8,"population_density":78.9,"all_players":2,"players_per_million":2.08,"player_ids":["top5:chris-richards:2000","top5:tanner-tessmann:2001"],"label":"Birmingham","country":"United States"},"geometry":{"type":"Polygon","coordinates":[[[-86.216914,32.510814],[-85.733188,32.95662],[-85.941462,33.567307],[-86.6423,33.734447],[-87.130432,33.286432],[-86.913348,32.673504],[-86.216914,32.510814]]]}},{"type":"Feature","properties":{"hex_id":"834522fffffffff","population":974076,"population_year":2025,"area_km2":12067.7,"population_density":80.7,"all_players":1,"players_per_million":1.03,"player_ids":["top5:kervin-arriaga:1998"],"label":"Puerto Cortés","country":"Honduras"},"geometry":{"type":"Polygon","coordinates":[[[-87.186245,15.175569],[-86.767677,15.660494],[-86.954405,16.244453],[-87.566273,16.344275],[-87.987936,15.855122],[-87.794658,15.270405],[-87.186245,15.175569]]]}},{"type":"Feature","properties":{"hex_id":"8345b2fffffffff","population":1078880,"population_year":2025,"area_km2":10082.9,"population_density":107.0,"all_players":1,"players_per_million":0.93,"player_ids":["top5:leon-bailey:1997"],"label":"Jamaica","country":""},"geometry":{"type":"Polygon","coordinates":[[[-77.870577,18.769231],[-78.28054,18.332882],[-78.237608,18.144504],[-78.064877,17.815084],[-77.440592,17.734561],[-77.077591,18.147356],[-77.336996,18.638235],[-77.870577,18.769231]]]}},{"type":"Feature","properties":{"hex_id":"83464bfffffffff","population":438801,"population_year":2025,"area_km2":14263.0,"population_density":30.8,"all_players":1,"players_per_million":2.28,"player_ids":["top5:noahkai-banks:2006"],"label":"Honolulu","country":"United States"},"geometry":{"type":"Polygon","coordinates":[[[-158.575873,21.222572],[-158.784523,20.583695],[-158.300801,20.102693],[-157.606849,20.259692],[-157.394228,20.899442],[-157.879487,21.381338],[-158.575873,21.222572]]]}},{"type":"Feature","properties":{"hex_id":"83480afffffffff","population":322584,"population_year":2025,"area_km2":14884.3,"population_density":21.7,"all_players":1,"players_per_million":3.1,"player_ids":["top5:johan-vasquez:1998"],"label":"Navojoa","country":"Mexico"},"geometry":{"type":"Polygon","coordinates":[[[-108.834519,26.88267],[-108.415677,27.452727],[-108.763145,28.059391],[-109.533685,28.093516],[-109.949276,27.520887],[-109.597682,26.91671],[-108.834519,26.88267]]]}},{"type":"Feature","properties":{"hex_id":"834982fffffffff","population":2322924,"population_year":2025,"area_km2":14423.2,"population_density":161.1,"all_players":1,"players_per_million":0.43,"player_ids":["top5:raul-jimenez:1991"],"label":"Tepeji del Río de Ocampo Municipality","country":"Mexico"},"geometry":{"type":"Polygon","coordinates":[[[-99.521944,19.663326],[-99.095052,20.20349],[-99.372387,20.819245],[-100.082508,20.893524],[-100.509377,20.349423],[-100.226219,19.735003],[-99.521944,19.663326]]]}},{"type":"Feature","properties":{"hex_id":"834b65fffffffff","population":1368780,"population_year":2025,"area_km2":9786.4,"population_density":139.9,"all_players":1,"players_per_million":0.73,"player_ids":["top5:daichi-kamada:1996"],"label":"Ehime Prefecture","country":"Japan"},"geometry":{"type":"Polygon","coordinates":[[[131.763398,33.979751],[131.883964,33.475385],[132.548885,33.322249],[133.095088,33.674587],[133.035155,33.927508],[132.923863,34.208239],[132.308377,34.331159],[131.763398,33.979751]]]}},{"type":"Feature","properties":{"hex_id":"834cd4fffffffff","population":4361222,"population_year":2025,"area_km2":9182.1,"population_density":475.0,"all_players":1,"players_per_million":0.23,"player_ids":["top5:junior-firpo:1996"],"label":"Santo Domingo","country":"Dominican Republic"},"geometry":{"type":"Polygon","coordinates":[[[-70.45385,19.381759],[-70.79055,19.000618],[-70.530834,18.514249],[-69.935154,18.412077],[-69.601523,18.795461],[-69.860471,19.278779],[-70.45385,19.381759]]]}},{"type":"Feature","properties":{"hex_id":"8353a9fffffffff","population":6466070,"population_year":2025,"area_km2":13220.0,"population_density":489.1,"all_players":1,"players_per_million":0.15,"player_ids":["top5:saud-abdulhamid:1999"],"label":"Jeddah","country":"Saudi Arabia"},"geometry":{"type":"Polygon","coordinates":[[[38.999538,22.049291],[38.882852,21.404239],[39.405612,21.004993],[40.043206,21.246137],[40.165446,21.8868],[39.644605,22.290721],[38.999538,22.049291]]]}},{"type":"Feature","properties":{"hex_id":"835413fffffffff","population":1309851,"population_year":2025,"area_km2":12270.7,"population_density":106.7,"all_players":2,"players_per_million":1.53,"player_ids":["top5:ismaila-sarr:1998","top5:pape-mamadou-sy:1997"],"label":"Saint-Louis","country":"Senegal"},"geometry":{"type":"Polygon","coordinates":[[[-16.830715,16.124038],[-17.260194,15.646296],[-17.04054,15.086958],[-16.398113,15.002856],[-15.968947,15.47489],[-16.181833,16.036696],[-16.830715,16.124038]]]}},{"type":"Feature","properties":{"hex_id":"835414fffffffff","population":1541306,"population_year":2025,"area_km2":12679.7,"population_density":121.6,"all_players":1,"players_per_million":0.65,"player_ids":["top5:bahmed-deuff:2006"],"label":"Nouakchott","country":"Mauritania"},"geometry":{"type":"Polygon","coordinates":[[[-16.397045,18.232262],[-16.83792,17.746634],[-16.616266,17.172661],[-15.960817,17.081983],[-15.520407,17.561885],[-15.734916,18.138152],[-16.397045,18.232262]]]}},{"type":"Feature","properties":{"hex_id":"83541afffffffff","population":2347299,"population_year":2025,"area_km2":11831.3,"population_density":198.4,"all_players":2,"players_per_million":0.85,"player_ids":["top5:abdoulaye-faye:2004","top5:alpha-toure:2006"],"label":"Kaolack","country":"Senegal"},"geometry":{"type":"Polygon","coordinates":[[[-16.186069,14.448614],[-16.609802,13.98098],[-16.398619,13.434493],[-15.770251,13.353212],[-15.347005,13.815177],[-15.551583,14.364055],[-16.186069,14.448614]]]}},{"type":"Feature","properties":{"hex_id":"83541bfffffffff","population":933721,"population_year":2025,"area_km2":11602.6,"population_density":80.5,"all_players":2,"players_per_million":2.14,"player_ids":["top5:cheikh-tidiane-sabaly:1999","top5:fallou-cham:2006"],"label":"The Gambia","country":"The Gambia"},"geometry":{"type":"Polygon","coordinates":[[[-15.347005,13.815177],[-15.770251,13.353212],[-15.56638,12.812188],[-14.945816,12.730846],[-14.523282,13.187167],[-14.720546,13.730435],[-15.347005,13.815177]]]}},{"type":"Feature","properties":{"hex_id":"83541dfffffffff","population":67930,"population_year":2025,"area_km2":11792.7,"population_density":5.8,"all_players":2,"players_per_million":29.44,"player_ids":["top5:issa-soumare:2000","top5:nicolas-jackson:2001"],"label":"Senegal","country":"Senegal"},"geometry":{"type":"Polygon","coordinates":[[[-14.057326,15.206866],[-14.490533,14.742142],[-14.292734,14.1911],[-13.668619,14.10281],[-13.236513,14.561864],[-13.427371,15.114836],[-14.057326,15.206866]]]}},{"type":"Feature","properties":{"hex_id":"83541efffffffff","population":2254801,"population_year":2025,"area_km2":12047.7,"population_density":187.2,"all_players":1,"players_per_million":0.44,"player_ids":["top5:cheikh-niasse:2000"],"label":"Gossas","country":"Senegal"},"geometry":{"type":"Polygon","coordinates":[[[-15.968947,15.47489],[-16.398113,15.002856],[-16.186069,14.448614],[-15.551583,14.364055],[-15.122977,14.830394],[-15.32824,15.386949],[-15.968947,15.47489]]]}},{"type":"Feature","properties":{"hex_id":"835440fffffffff","population":6306696,"population_year":2025,"area_km2":10435.0,"population_density":604.4,"all_players":7,"players_per_million":1.11,"player_ids":["top5:amadou-haidara:1998","top5:amady-camara:2005","top5:boubacar-traore:2001","top5:fode-doucoure:2001","top5:kamory-doumbia:2003","top5:lassine-sinayoko:1999","top5:yves-bissouma:1996"],"label":"Bamako","country":"Mali"},"geometry":{"type":"Polygon","coordinates":[[[-8.081229,12.732918],[-8.51249,12.300034],[-8.363011,11.777266],[-7.789104,11.686452],[-7.360351,12.113966],[-7.502972,12.637618],[-8.081229,12.732918]]]}},{"type":"Feature","properties":{"hex_id":"8354a9fffffffff","population":1561704,"population_year":2025,"area_km2":11831.3,"population_density":132.0,"all_players":4,"players_per_million":2.56,"player_ids":["top5:abdoulie-ceesay:2004","top5:alieu-fadera:2001","top5:bakery-jatta:1998","top5:yankuba-minteh:2004"],"label":"Bakau","country":"The Gambia"},"geometry":{"type":"Polygon","coordinates":[[[-17.245883,14.061941],[-17.664483,13.593338],[-17.446882,13.049462],[-16.817039,12.971542],[-16.398619,13.434493],[-16.609802,13.98098],[-17.245883,14.061941]]]}},{"type":"Feature","properties":{"hex_id":"8354acfffffffff","population":2715397,"population_year":2025,"area_km2":12270.7,"population_density":221.3,"all_players":14,"players_per_million":5.16,"player_ids":["top5:abdallah-sima:2001","top5:adama-boiro:2002","top5:amadou-onana:2001","top5:assane-diousse:1997","top5:bamba-dieng:2000","top5:formose-mendy:2001","top5:habib-diarra:2004","top5:idrissa-gana-gueye:1989","top5:krepin-diatta:1999","top5:moustapha-mbow:2000","top5:nobel-mendy:2004","top5:pape-demba-diop:2003","top5:pathe-ciss:1994","top5:sambou-soumano:2001"],"label":"Dakar","country":"Senegal"},"geometry":{"type":"Polygon","coordinates":[[[-17.910453,15.729652],[-18.33442,15.250645],[-18.108203,14.694007],[-17.464517,14.61364],[-17.04054,15.086958],[-17.260194,15.646296],[-17.910453,15.729652]]]}},{"type":"Feature","properties":{"hex_id":"8354adfffffffff","population":4305640,"population_year":2025,"area_km2":12054.3,"population_density":357.2,"all_players":8,"players_per_million":1.86,"player_ids":["top5:arouna-sangante:2002","top5:assane-diao:2005","top5:habib-diallo:1995","top5:idrissa-gueye:2006","top5:malick-mbaye:2004","top5:pape-matar-sarr:2002","top5:pathe-mboup:2003","top5:paul-mendy:2007"],"label":"Mbao","country":"Senegal"},"geometry":{"type":"Polygon","coordinates":[[[-17.04054,15.086958],[-17.464517,14.61364],[-17.245883,14.061941],[-16.609802,13.98098],[-16.186069,14.448614],[-16.398113,15.002856],[-17.04054,15.086958]]]}},{"type":"Feature","properties":{"hex_id":"8354ccfffffffff","population":1552853,"population_year":2025,"area_km2":10234.0,"population_density":151.7,"all_players":2,"players_per_million":1.29,"player_ids":["top5:abdulai-juma-bah:2006","top5:trevoh-chalobah:1999"],"label":"Freetown","country":"Sierra Leone"},"geometry":{"type":"Polygon","coordinates":[[[-13.620577,9.08223],[-14.026354,8.651329],[-13.844579,8.152726],[-13.263082,8.082925],[-12.85837,8.508455],[-13.034049,9.009117],[-13.620577,9.08223]]]}},{"type":"Feature","properties":{"hex_id":"8354eafffffffff","population":3316502,"population_year":2025,"area_km2":10456.0,"population_density":317.2,"all_players":3,"players_per_million":0.9,"player_ids":["top5:abdoulaye-camara:2008","top5:ilaix-moriba:2003","top5:sidiki-cherif:2006"],"label":"Conakry","country":"Guinea"},"geometry":{"type":"Polygon","coordinates":[[[-13.392147,10.025022],[-13.802726,9.589165],[-13.620577,9.08223],[-13.034049,9.009117],[-12.624614,9.439542],[-12.800522,9.948472],[-13.392147,10.025022]]]}},{"type":"Feature","properties":{"hex_id":"8354f4fffffffff","population":1074134,"population_year":2025,"area_km2":11608.9,"population_density":92.5,"all_players":5,"players_per_million":4.65,"player_ids":["top5:alassane-diatta:2005","top5:el-hadji-malick-diouf:2004","top5:ibou-sane:2005","top5:lamine-camara:2004","top5:sadibou-sane:2004"],"label":"Diouloulou","country":"Senegal"},"geometry":{"type":"Polygon","coordinates":[[[-16.398619,13.434493],[-16.817039,12.971542],[-16.606733,12.432979],[-15.984386,12.35487],[-15.56638,12.812188],[-15.770251,13.353212],[-16.398619,13.434493]]]}},{"type":"Feature","properties":{"hex_id":"8354f5fffffffff","population":1378589,"population_year":2025,"area_km2":11381.2,"population_density":121.1,"all_players":3,"players_per_million":2.18,"player_ids":["top5:ansu-fati:2002","top5:mama-samba-balde:1995","top5:toti-gomes:1999"],"label":"Bissau","country":"Guinea-Bissau"},"geometry":{"type":"Polygon","coordinates":[[[-15.56638,12.812188],[-15.984386,12.35487],[-15.781242,11.821855],[-15.166482,11.743802],[-14.749113,12.195514],[-14.945816,12.730846],[-15.56638,12.812188]]]}},{"type":"Feature","properties":{"hex_id":"8354f6fffffffff","population":30626,"population_year":2025,"area_km2":11602.6,"population_density":2.6,"all_players":1,"players_per_million":32.65,"player_ids":["top5:abdoulaye-ndiaye:2002"],"label":"Boune","country":"Senegal"},"geometry":{"type":"Polygon","coordinates":[[[-17.446882,13.049462],[-17.860226,12.585841],[-17.643668,12.049948],[-17.019959,11.97497],[-16.606733,12.432979],[-16.817039,12.971542],[-17.446882,13.049462]]]}},{"type":"Feature","properties":{"hex_id":"83554dfffffffff","population":31329,"population_year":2025,"area_km2":10765.0,"population_density":2.9,"all_players":4,"players_per_million":127.68,"player_ids":["top5:daouda-guindo:2002","top5:hamari-traore:1992","top5:lassana-coulibaly:1996","top5:mamadou-sangare:2002"],"label":"Mali","country":"Mali"},"geometry":{"type":"Polygon","coordinates":[[[-3.760881,17.610527],[-4.218096,17.178614],[-4.093386,16.625893],[-3.51903,16.505438],[-3.292565,16.71898],[-3.071066,16.891083],[-3.182724,17.484598],[-3.760881,17.610527]]]}},{"type":"Feature","properties":{"hex_id":"83580afffffffff","population":10675045,"population_year":2025,"area_km2":12236.4,"population_density":872.4,"all_players":1,"players_per_million":0.09,"player_ids":["top5:junior-adamu:2001"],"label":"Kano","country":"Nigeria"},"geometry":{"type":"Polygon","coordinates":[[[8.155856,12.638017],[8.211223,12.02676],[8.784937,11.730952],[9.308969,12.044142],[9.259215,12.658402],[8.679778,12.956498],[8.155856,12.638017]]]}},{"type":"Feature","properties":{"hex_id":"83581bfffffffff","population":4842032,"population_year":2025,"area_km2":11735.1,"population_density":412.6,"all_players":2,"players_per_million":0.41,"player_ids":["top5:chidera-ejuke:1998","top5:umar-sadiq:1997"],"label":"Kaduna","country":"Nigeria"},"geometry":{"type":"Polygon","coordinates":[[[7.243497,10.800169],[7.302458,10.203266],[7.86484,9.911996],[8.37387,10.215394],[8.320221,10.815346],[7.752193,11.108879],[7.243497,10.800169]]]}},{"type":"Feature","properties":{"hex_id":"835851fffffffff","population":2961711,"population_year":2025,"area_km2":12803.9,"population_density":231.3,"all_players":1,"players_per_million":0.34,"player_ids":["top5:frank-onyeka:1998"],"label":"Maiduguri","country":"Nigeria"},"geometry":{"type":"Polygon","coordinates":[[[12.624635,12.692488],[12.656763,12.070623],[13.236133,11.761138],[13.788382,12.070531],[13.762355,12.69443],[13.177953,13.006938],[12.624635,12.692488]]]}},{"type":"Feature","properties":{"hex_id":"83585dfffffffff","population":2593932,"population_year":2025,"area_km2":13012.9,"population_density":199.3,"all_players":1,"players_per_million":0.39,"player_ids":["top5:loum-tchaouna:2003"],"label":"N'Djamena","country":"Chad"},"geometry":{"type":"Polygon","coordinates":[[[14.906674,12.691499],[14.926509,12.065828],[15.506033,11.74997],[16.070293,12.056446],[16.056729,12.683617],[15.472616,13.002851],[14.906674,12.691499]]]}},{"type":"Feature","properties":{"hex_id":"83588efffffffff","population":3637385,"population_year":2025,"area_km2":10530.0,"population_density":345.4,"all_players":1,"players_per_million":0.27,"player_ids":["top5:victor-boniface:2000"],"label":"Akure","country":"Nigeria"},"geometry":{"type":"Polygon","coordinates":[[[4.512076,7.271688],[4.581792,6.708567],[5.119015,6.428789],[5.592015,6.710091],[5.52691,7.27641],[4.984154,7.558251],[4.512076,7.271688]]]}},{"type":"Feature","properties":{"hex_id":"83589cfffffffff","population":5739412,"population_year":2025,"area_km2":10098.6,"population_density":568.3,"all_players":8,"players_per_million":1.39,"player_ids":["top5:alex-iwobi:1996","top5:arnaut-danjuma:1997","top5:david-okereke:1997","top5:fisayo-dele-bashiru:2001","top5:george-ilenikhena:2006","top5:rafiu-durosinmi:2003","top5:tolu-arokodare:2000","top5:tosin-aiyegun:1998"],"label":"Lagos","country":"Nigeria"},"geometry":{"type":"Polygon","coordinates":[[[3.125247,6.42502],[3.20051,5.87309],[3.728868,5.597837],[4.187454,5.872618],[4.116527,6.427858],[3.582639,6.705027],[3.125247,6.42502]]]}},{"type":"Feature","properties":{"hex_id":"8358aafffffffff","population":2438736,"population_year":2025,"area_km2":10874.1,"population_density":224.3,"all_players":1,"players_per_million":0.41,"player_ids":["top5:taiwo-awoniyi:1997"],"label":"Ilorin","country":"Nigeria"},"geometry":{"type":"Polygon","coordinates":[[[4.298769,8.985396],[4.370575,8.410175],[4.915721,8.129175],[5.394746,8.421501],[5.327669,9.000128],[4.776797,9.283044],[4.298769,8.985396]]]}},{"type":"Feature","properties":{"hex_id":"8358b0fffffffff","population":619126,"population_year":2025,"area_km2":10113.5,"population_density":61.2,"all_players":2,"players_per_million":3.23,"player_ids":["top5:dermane-karim:2003","top5:ihlas-bebou:1994"],"label":"Sokodé","country":"Togo"},"geometry":{"type":"Polygon","coordinates":[[[0.30406,8.901216],[0.393186,8.341103],[0.922659,8.072007],[1.36886,8.361732],[1.283818,8.925824],[0.748446,9.196224],[0.30406,8.901216]]]}},{"type":"Feature","properties":{"hex_id":"8358d5fffffffff","population":3658397,"population_year":2025,"area_km2":11155.0,"population_density":328.0,"all_players":2,"players_per_million":0.55,"player_ids":["top5:akor-adams:2000","top5:gift-orban:2002"],"label":"Benue State","country":"Nigeria"},"geometry":{"type":"Polygon","coordinates":[[[8.633948,7.276823],[8.684388,6.701911],[9.231858,6.412185],[9.733996,6.694735],[9.688701,7.272149],[9.136092,7.564542],[8.633948,7.276823]]]}},{"type":"Feature","properties":{"hex_id":"8358d6fffffffff","population":6768199,"population_year":2025,"area_km2":10746.4,"population_density":629.8,"all_players":1,"players_per_million":0.15,"player_ids":["top5:chidozie-awaziem:1997"],"label":"Enugu","country":"Nigeria"},"geometry":{"type":"Polygon","coordinates":[[[7.15585,6.424669],[7.212915,5.860392],[7.753094,5.575558],[8.241398,5.852538],[8.189223,6.419499],[7.643821,6.706825],[7.15585,6.424669]]]}},{"type":"Feature","properties":{"hex_id":"8358f0fffffffff","population":3749445,"population_year":2025,"area_km2":11381.2,"population_density":329.4,"all_players":4,"players_per_million":1.07,"player_ids":["top5:ebenezer-akinsanmiro:2004","top5:tani-oluwaseyi:2000","top5:terem-moffi:1999","top5:uchenna-ogundu:2006"],"label":"Nigeria","country":"Nigeria"},"geometry":{"type":"Polygon","coordinates":[[[7.418571,9.021265],[7.475743,8.436341],[8.02951,8.146733],[8.531516,8.439676],[8.479509,9.027471],[7.920295,9.319479],[7.418571,9.021265]]]}},{"type":"Feature","properties":{"hex_id":"8358f5fffffffff","population":3113322,"population_year":2025,"area_km2":11640.2,"population_density":267.5,"all_players":1,"players_per_million":0.32,"player_ids":["top5:moses-simon:1995"],"label":"Jos","country":"Nigeria"},"geometry":{"type":"Polygon","coordinates":[[[7.86484,9.911996],[7.920295,9.319479],[8.479509,9.027471],[8.988717,9.325591],[8.938568,9.920968],[8.37387,10.215394],[7.86484,9.911996]]]}},{"type":"Feature","properties":{"hex_id":"835991fffffffff","population":3520931,"population_year":2025,"area_km2":10234.0,"population_density":344.0,"all_players":2,"players_per_million":0.57,"player_ids":["top5:dango-ouattara:2002","top5:edmond-tapsoba:1999"],"label":"Ouagadougou","country":"Burkina Faso"},"geometry":{"type":"Polygon","coordinates":[[[-2.21577,12.225688],[-2.113391,11.654518],[-1.579203,11.394727],[-1.141143,11.705543],[-1.239631,12.281369],[-1.780119,12.541725],[-2.21577,12.225688]]]}},{"type":"Feature","properties":{"hex_id":"835998fffffffff","population":1897944,"population_year":2025,"area_km2":10435.0,"population_density":181.9,"all_players":1,"players_per_million":0.53,"player_ids":["top5:djene:1991"],"label":"Durum Town","country":"Togo"},"geometry":{"type":"Polygon","coordinates":[[[-0.601742,11.442192],[-0.506654,10.868788],[0.031529,10.602763],[0.48078,10.909235],[0.389819,11.487014],[-0.154569,11.753952],[-0.601742,11.442192]]]}},{"type":"Feature","properties":{"hex_id":"835e43fffffffff","population":276243,"population_year":2025,"area_km2":10249.3,"population_density":27.0,"all_players":5,"players_per_million":18.1,"player_ids":["top5:jeanuel-belocian:2005","top5:josue-casimir:2001","top5:kevin-danois:2004","top5:remy-labeau-lascary:2003","top5:thomas-lemar:1995"],"label":"Baie-Mahault","country":"France"},"geometry":{"type":"Polygon","coordinates":[[[-61.439419,15.31352],[-61.119647,15.827447],[-61.391292,16.29508],[-61.979153,16.249349],[-62.295927,15.738968],[-62.027856,15.270791],[-61.439419,15.31352]]]}},{"type":"Feature","properties":{"hex_id":"835f12fffffffff","population":159275,"population_year":2025,"area_km2":13716.7,"population_density":11.6,"all_players":3,"players_per_million":18.84,"player_ids":["top5:donovan-leon:1992","top5:jean-clair-todibo:1999","top5:mike-maignan:1995"],"label":"Cayenne","country":"France"},"geometry":{"type":"Polygon","coordinates":[[[-51.563372,4.385668],[-51.216261,4.951856],[-51.526411,5.519499],[-52.181262,5.521167],[-52.526829,4.957431],[-52.219129,4.389583],[-51.563372,4.385668]]]}},{"type":"Feature","properties":{"hex_id":"835f13fffffffff","population":34788,"population_year":2025,"area_km2":13520.8,"population_density":2.6,"all_players":1,"players_per_million":28.75,"player_ids":["top5:odsonne-edouard:1998"],"label":"Kourou","country":"France"},"geometry":{"type":"Polygon","coordinates":[[[-52.526829,4.957431],[-52.181262,5.521167],[-52.488572,6.084123],[-53.138884,6.083512],[-53.482728,5.522356],[-53.178021,4.959241],[-52.526829,4.957431]]]}},{"type":"Feature","properties":{"hex_id":"836611fffffffff","population":511778,"population_year":2025,"area_km2":12550.3,"population_density":40.8,"all_players":2,"players_per_million":3.91,"player_ids":["top5:juan-cuadrado:1988","top5:yerson-mosquera:2001"],"label":"Necoclí","country":"Colombia"},"geometry":{"type":"Polygon","coordinates":[[[-77.119422,8.753973],[-77.494342,8.270587],[-77.225743,7.703111],[-76.581882,7.621988],[-76.209101,8.107689],[-76.477999,8.672198],[-77.119422,8.753973]]]}},{"type":"Feature","properties":{"hex_id":"83661afffffffff","population":191441,"population_year":2025,"area_km2":13005.4,"population_density":14.7,"all_players":1,"players_per_million":5.22,"player_ids":["top5:jhon-arias:1997"],"label":"Quibdó","country":"Colombia"},"geometry":{"type":"Polygon","coordinates":[[[-77.332833,6.639328],[-77.710964,6.142558],[-77.440699,5.563142],[-76.791918,5.483424],[-76.415912,5.982402],[-76.686519,6.558891],[-77.332833,6.639328]]]}},{"type":"Feature","properties":{"hex_id":"83661bfffffffff","population":679298,"population_year":2025,"area_km2":13050.9,"population_density":52.0,"all_players":2,"players_per_million":2.94,"player_ids":["top5:deiver-machado:1993","top5:nelson-deossa:2000"],"label":"Tadó","country":"Colombia"},"geometry":{"type":"Polygon","coordinates":[[[-76.415912,5.982402],[-76.791918,5.483424],[-76.520453,4.901376],[-75.87276,4.821344],[-75.499073,5.322428],[-75.770717,5.901439],[-76.415912,5.982402]]]}},{"type":"Feature","properties":{"hex_id":"83661dfffffffff","population":425396,"population_year":2025,"area_km2":12650.8,"population_density":33.6,"all_players":1,"players_per_million":2.35,"player_ids":["top5:daniel-munoz:1996"],"label":"Amalfi","country":"Colombia"},"geometry":{"type":"Polygon","coordinates":[[[-75.298964,7.457427],[-75.669417,6.969499],[-75.398652,6.396072],[-74.757412,6.313764],[-74.38947,6.803825],[-74.660215,7.374064],[-75.298964,7.457427]]]}},{"type":"Feature","properties":{"hex_id":"836621fffffffff","population":319564,"population_year":2025,"area_km2":11552.8,"population_density":27.7,"all_players":1,"players_per_million":3.13,"player_ids":["top5:luis-diaz:1997"],"label":"Barrancas","country":"Colombia"},"geometry":{"type":"Polygon","coordinates":[[[-73.026839,11.305753],[-73.384205,10.849705],[-73.116359,10.301131],[-72.49151,10.211989],[-72.136993,10.670248],[-72.404437,11.215443],[-73.026839,11.305753]]]}},{"type":"Feature","properties":{"hex_id":"8366a5fffffffff","population":2547366,"population_year":2025,"area_km2":12543.2,"population_density":203.1,"all_players":1,"players_per_million":0.39,"player_ids":["top5:michael-amir-murillo:1996"],"label":"Panama City","country":"Panama"},"geometry":{"type":"Polygon","coordinates":[[[-79.962738,9.630944],[-80.344484,9.148051],[-80.079391,8.585331],[-79.43171,8.508112],[-79.051509,8.993518],[-79.317401,9.553624],[-79.962738,9.630944]]]}},{"type":"Feature","properties":{"hex_id":"8366d2fffffffff","population":482919,"population_year":2025,"area_km2":14071.2,"population_density":34.3,"all_players":3,"players_per_million":6.21,"player_ids":["top5:pervis-estupinan:1998","top5:piero-hincapie:2002","top5:willian-pacho:2001"],"label":"Esmeraldas","country":"Ecuador"},"geometry":{"type":"Polygon","coordinates":[[[-79.863467,1.375822],[-80.255007,0.849776],[-79.982821,0.245335],[-79.318227,0.16933],[-78.928337,0.697354],[-79.201345,1.299401],[-79.863467,1.375822]]]}},{"type":"Feature","properties":{"hex_id":"8366d3fffffffff","population":3614254,"population_year":2025,"area_km2":14105.7,"population_density":256.2,"all_players":1,"players_per_million":0.28,"player_ids":["top5:nilson-angulo:2003"],"label":"Quito","country":"Ecuador"},"geometry":{"type":"Polygon","coordinates":[[[-78.928337,0.697354],[-79.318227,0.16933],[-79.044395,-0.436733],[-78.379976,-0.512277],[-77.991951,0.017593],[-78.266433,0.621159],[-78.928337,0.697354]]]}},{"type":"Feature","properties":{"hex_id":"8366d4fffffffff","population":126864,"population_year":2025,"area_km2":13766.4,"population_density":9.2,"all_players":1,"players_per_million":7.88,"player_ids":["top5:juan-arizala:2005"],"label":"El Charco","country":"Colombia"},"geometry":{"type":"Polygon","coordinates":[[[-78.698736,2.938488],[-79.085307,2.420317],[-78.81312,1.822685],[-78.153717,1.745859],[-77.769034,2.266058],[-78.041821,2.861053],[-78.698736,2.938488]]]}},{"type":"Feature","properties":{"hex_id":"8366f1fffffffff","population":3771497,"population_year":2025,"area_km2":13456.5,"population_density":280.3,"all_players":6,"players_per_million":1.59,"player_ids":["top5:duvan-zapata:1991","top5:jefferson-lerma:1994","top5:jhon-lucumi:1998","top5:johan-mojica:1992","top5:juan-david-cabal:2001","top5:yerry-mina:1994"],"label":"Cali","country":"Colombia"},"geometry":{"type":"Polygon","coordinates":[[[-76.625759,3.808861],[-77.005034,3.297686],[-76.73184,2.705493],[-76.079108,2.627435],[-75.702142,3.140563],[-75.975555,3.729798],[-76.625759,3.808861]]]}},{"type":"Feature","properties":{"hex_id":"8366f4fffffffff","population":119431,"population_year":2025,"area_km2":13220.0,"population_density":9.0,"all_players":2,"players_per_million":16.75,"player_ids":["top5:daniel-mosquera:1999","top5:yaser-asprilla:2003"],"label":"Bajo Baudó","country":"Colombia"},"geometry":{"type":"Polygon","coordinates":[[[-77.440699,5.563142],[-77.820451,5.060062],[-77.549349,4.475119],[-76.898087,4.396151],[-76.520453,4.901376],[-76.791918,5.483424],[-77.440699,5.563142]]]}},{"type":"Feature","properties":{"hex_id":"836725fffffffff","population":4242774,"population_year":2025,"area_km2":9558.5,"population_density":443.9,"all_players":1,"players_per_million":0.24,"player_ids":["top5:carlens-arcus:1996"],"label":"Port-au-Prince","country":"Haiti"},"geometry":{"type":"Polygon","coordinates":[[[-72.333528,18.811341],[-72.678863,18.418699],[-72.41803,17.926354],[-71.812316,17.82962],[-71.46979,18.224552],[-71.730136,18.713931],[-72.333528,18.811341]]]}},{"type":"Feature","properties":{"hex_id":"836741fffffffff","population":2077998,"population_year":2025,"area_km2":10691.6,"population_density":194.4,"all_players":4,"players_per_million":1.92,"player_ids":["top5:cristian-casseres-jr:2000","top5:jon-aramburu:2002","top5:salomon-rondon:1989","top5:yangel-herrera:1998"],"label":"Caracas","country":"Venezuela"},"geometry":{"type":"Polygon","coordinates":[[[-67.456769,11.438356],[-67.788916,11.00055],[-67.523842,10.46129],[-66.92785,10.363738],[-66.599345,10.803502],[-66.863162,11.338874],[-67.456769,11.438356]]]}},{"type":"Feature","properties":{"hex_id":"836a8dfffffffff","population":1511766,"population_year":2025,"area_km2":13520.8,"population_density":111.8,"all_players":1,"players_per_million":0.66,"player_ids":["top5:chancel-mbemba:1994"],"label":"Kisangani","country":"Democratic Republic of the Congo"},"geometry":{"type":"Polygon","coordinates":[[[25.716358,0.667581],[25.759101,1.306773],[25.212454,1.652508],[24.62268,1.362124],[24.577063,0.724089],[25.124081,0.375252],[25.716358,0.667581]]]}},{"type":"Feature","properties":{"hex_id":"836ac5fffffffff","population":2540625,"population_year":2025,"area_km2":13472.5,"population_density":188.6,"all_players":1,"players_per_million":0.39,"player_ids":["top5:axel-tuanzebe:1997"],"label":"Bunia","country":"Democratic Republic of the Congo"},"geometry":{"type":"Polygon","coordinates":[[[30.913151,1.369609],[30.94221,2.005376],[30.388097,2.35084],[29.803399,2.063194],[29.771318,1.427455],[30.326951,1.079303],[30.913151,1.369609]]]}},{"type":"Feature","properties":{"hex_id":"836b9afffffffff","population":1558480,"population_year":2025,"area_km2":12298.2,"population_density":126.7,"all_players":1,"players_per_million":0.64,"player_ids":["top5:goduine-koyalipou:2000"],"label":"Bangui","country":"Central African Republic"},"geometry":{"type":"Polygon","coordinates":[[[18.674781,3.820371],[18.733744,4.431434],[18.220141,4.754338],[17.648684,4.46983],[17.587344,3.861201],[18.099816,3.534623],[18.674781,3.820371]]]}},{"type":"Feature","properties":{"hex_id":"837436fffffffff","population":629897,"population_year":2025,"area_km2":8338.3,"population_density":75.5,"all_players":1,"players_per_million":1.59,"player_ids":["top5:jean-philippe-gbamin:1995"],"label":"San-Pédro","country":"Ivory Coast"},"geometry":{"type":"Polygon","coordinates":[[[-6.983272,5.037588],[-7.378353,4.648344],[-7.249149,4.200534],[-6.730589,4.140762],[-6.337804,4.525186],[-6.461267,4.974162],[-6.983272,5.037588]]]}},{"type":"Feature","properties":{"hex_id":"837505fffffffff","population":1531122,"population_year":2025,"area_km2":9267.4,"population_density":165.2,"all_players":1,"players_per_million":0.65,"player_ids":["top5:ibrahim-sulemana:2003"],"label":"Sunyani","country":"Ghana"},"geometry":{"type":"Polygon","coordinates":[[[-2.866871,7.981952],[-2.766141,7.441738],[-2.256732,7.182597],[-1.842301,7.462751],[-1.939563,8.007194],[-2.454768,8.267258],[-2.866871,7.981952]]]}},{"type":"Feature","properties":{"hex_id":"837510fffffffff","population":585752,"population_year":2025,"area_km2":9064.9,"population_density":64.6,"all_players":1,"players_per_million":1.71,"player_ids":["top5:emmanuel-agbadou:1997"],"label":"Ivory Coast","country":"Ivory Coast"},"geometry":{"type":"Polygon","coordinates":[[[-5.872643,8.505641],[-6.284439,8.100559],[-6.157591,7.621057],[-5.625144,7.545796],[-5.216046,7.945844],[-5.336684,8.426143],[-5.872643,8.505641]]]}},{"type":"Feature","properties":{"hex_id":"837511fffffffff","population":1484578,"population_year":2025,"area_km2":8821.9,"population_density":168.3,"all_players":2,"players_per_million":1.35,"player_ids":["top5:bazoumana-toure:2006","top5:mohamed-bamba:2001"],"label":"Bouaké","country":"Ivory Coast"},"geometry":{"type":"Polygon","coordinates":[[[-5.216046,7.945844],[-5.625144,7.545796],[-5.503727,7.073272],[-4.979315,7.00002],[-4.572995,7.39511],[-4.688298,7.868367],[-5.216046,7.945844]]]}},{"type":"Feature","properties":{"hex_id":"837513fffffffff","population":1350760,"population_year":2025,"area_km2":8885.6,"population_density":152.0,"all_players":1,"players_per_million":0.74,"player_ids":["top5:vakoun-bayo:1997"],"label":"Daloa","country":"Ivory Coast"},"geometry":{"type":"Polygon","coordinates":[[[-6.157591,7.621057],[-6.565108,7.219661],[-6.437602,6.748037],[-5.908653,6.676867],[-5.503727,7.073272],[-5.625144,7.545796],[-6.157591,7.621057]]]}},{"type":"Feature","properties":{"hex_id":"837516fffffffff","population":358887,"population_year":2025,"area_km2":9310.6,"population_density":38.5,"all_players":1,"players_per_million":2.79,"player_ids":["top5:bamo-meite:2001"],"label":"Kani","country":"Ivory Coast"},"geometry":{"type":"Polygon","coordinates":[[[-6.54304,9.074387],[-6.957445,8.664197],[-6.825,8.177739],[-6.284439,8.100559],[-5.872643,8.505641],[-5.998783,8.992966],[-6.54304,9.074387]]]}},{"type":"Feature","properties":{"hex_id":"837519fffffffff","population":7493098,"population_year":2025,"area_km2":8378.1,"population_density":894.4,"all_players":14,"players_per_million":1.87,"player_ids":["top5:abdoulaye-bamba:1990","top5:amad-diallo:2002","top5:arsene-kouassi:2004","top5:christian-kouame:1997","top5:emmanuel-biumla:2005","top5:eric-bailly:1994","top5:hamed-junior-traore:2000","top5:ibrahim-sangare:1997","top5:ismael-kone:2002","top5:koffi-kouao:1998","top5:marc-guehi:2000","top5:maxwel-cornet:1996","top5:odilon-kossounou:2001","top5:sinaly-diomande:2001"],"label":"Abidjan","country":"Ivory Coast"},"geometry":{"type":"Polygon","coordinates":[[[-4.643005,5.55633],[-4.538451,5.04231],[-4.050861,4.788697],[-3.662397,5.048182],[-3.763949,5.566254],[-4.257009,5.820792],[-4.643005,5.55633]]]}},{"type":"Feature","properties":{"hex_id":"83751efffffffff","population":1250818,"population_year":2025,"area_km2":8646.7,"population_density":144.7,"all_players":2,"players_per_million":1.6,"player_ids":["top5:abakar-sylla:2002","top5:simon-adingra:2002"],"label":"Yamoussoukro","country":"Ivory Coast"},"geometry":{"type":"Polygon","coordinates":[[[-5.503727,7.073272],[-5.908653,6.676867],[-5.786507,6.212165],[-5.265419,6.142989],[-4.863166,6.534481],[-4.979315,7.00002],[-5.503727,7.073272]]]}},{"type":"Feature","properties":{"hex_id":"837526fffffffff","population":616168,"population_year":2025,"area_km2":9765.8,"population_density":63.1,"all_players":1,"players_per_million":1.62,"player_ids":["top5:kwasi-sibo:1998"],"label":"Wa","country":"Ghana"},"geometry":{"type":"Polygon","coordinates":[[[-2.861842,10.477113],[-2.758668,9.919773],[-2.236754,9.661253],[-1.811977,9.959417],[-1.911508,10.521291],[-2.439505,10.78047],[-2.861842,10.477113]]]}},{"type":"Feature","properties":{"hex_id":"83752efffffffff","population":737264,"population_year":2025,"area_km2":9468.7,"population_density":77.9,"all_players":6,"players_per_million":8.14,"player_ids":["top5:abdul-mumin:1998","top5:ernest-nuamah:2003","top5:kamaldeen-sulemana:2002","top5:lasso-coulibaly:2002","top5:salis-abdul-samed:2000","top5:thomas-partey:1993"],"label":"Ghana","country":"Ghana"},"geometry":{"type":"Polygon","coordinates":[[[-1.939563,8.007194],[-1.842301,7.462751],[-1.327949,7.200731],[-0.90509,7.482106],[-0.998719,8.030685],[-1.518883,8.293759],[-1.939563,8.007194]]]}},{"type":"Feature","properties":{"hex_id":"837534fffffffff","population":1540402,"population_year":2025,"area_km2":9571.3,"population_density":160.9,"all_players":2,"players_per_million":1.3,"player_ids":["top5:bertrand-traore:1995","top5:herve-koffi:1996"],"label":"Bobo-Dioulasso","country":"Burkina Faso"},"geometry":{"type":"Polygon","coordinates":[[[-4.440424,11.132862],[-4.322448,10.629687],[-4.142659,10.599362],[-3.797774,10.430837],[-3.384446,10.732906],[-3.490832,11.292526],[-4.013998,11.545296],[-4.440424,11.132862]]]}},{"type":"Feature","properties":{"hex_id":"837574fffffffff","population":475758,"population_year":2025,"area_km2":9310.6,"population_density":51.1,"all_players":1,"players_per_million":2.1,"player_ids":["top5:nathaniel-adjei:2002"],"label":"Teshie","country":"Ghana"},"geometry":{"type":"Polygon","coordinates":[[[-0.11701,5.593496],[-0.028986,5.059994],[0.482129,4.793878],[0.910723,5.059756],[0.826462,5.596881],[0.309804,5.864518],[-0.11701,5.593496]]]}},{"type":"Feature","properties":{"hex_id":"837576fffffffff","population":4725916,"population_year":2025,"area_km2":9127.4,"population_density":517.8,"all_players":8,"players_per_million":1.69,"player_ids":["top5:alidu-seidu:2000","top5:alphonso-davies:2000","top5:gideon-mensah:1998","top5:ibrahim-osman:2004","top5:jonas-adjetey:2003","top5:kojo-peprah-oppong:2004","top5:mohammed-kudus:2000","top5:mohammed-salisu:1999"],"label":"Accra","country":"Ghana"},"geometry":{"type":"Polygon","coordinates":[[[-1.048007,5.588679],[-0.956372,5.058902],[-0.449615,4.795252],[-0.028986,5.059994],[-0.11701,5.593496],[-0.629315,5.858542],[-1.048007,5.588679]]]}},{"type":"Feature","properties":{"hex_id":"8375a1fffffffff","population":1323122,"population_year":2025,"area_km2":9182.1,"population_density":144.1,"all_players":1,"players_per_million":0.76,"player_ids":["top5:yann-gboho:2001"],"label":"Man","country":"Ivory Coast"},"geometry":{"type":"Polygon","coordinates":[[[-7.779907,7.846174],[-8.187914,7.438547],[-8.048753,6.961155],[-7.5077,6.890207],[-7.101993,7.292743],[-7.23502,7.771275],[-7.779907,7.846174]]]}},{"type":"Feature","properties":{"hex_id":"8375acfffffffff","population":1009159,"population_year":2025,"area_km2":8942.0,"population_density":112.9,"all_players":1,"players_per_million":0.99,"player_ids":["top5:abdoul-ouattara:2005"],"label":"Zoukpangbeu","country":"Ivory Coast"},"geometry":{"type":"Polygon","coordinates":[[[-7.101993,7.292743],[-7.5077,6.890207],[-7.374139,6.419649],[-6.840909,6.350519],[-6.437602,6.748037],[-6.565108,7.219661],[-7.101993,7.292743]]]}},{"type":"Feature","properties":{"hex_id":"8375adfffffffff","population":1451942,"population_year":2025,"area_km2":8704.4,"population_density":166.8,"all_players":1,"players_per_million":0.69,"player_ids":["top5:david-datro-fofana:2002"],"label":"Ouragahio","country":"Ivory Coast"},"geometry":{"type":"Polygon","coordinates":[[[-6.437602,6.748037],[-6.840909,6.350519],[-6.712792,5.886813],[-6.187324,5.819587],[-5.786507,6.212165],[-5.908653,6.676867],[-6.437602,6.748037]]]}},{"type":"Feature","properties":{"hex_id":"837b4cfffffffff","population":8516700,"population_year":2025,"area_km2":13968.4,"population_density":609.7,"all_players":1,"players_per_million":0.12,"player_ids":["top5:mbwana-samatta:1992"],"label":"Dar es Salaam","country":"Tanzania"},"geometry":{"type":"Polygon","coordinates":[[[39.87875,-6.870649],[39.883923,-6.209876],[39.31658,-5.861474],[38.74058,-6.172858],[38.732243,-6.835852],[39.303077,-7.185264],[39.87875,-6.870649]]]}},{"type":"Feature","properties":{"hex_id":"838005fffffffff","population":1465325,"population_year":2025,"area_km2":14941.2,"population_density":98.1,"all_players":1,"players_per_million":0.68,"player_ids":["top5:isaac:2004"],"label":"Teresina","country":"Brazil"},"geometry":{"type":"Polygon","coordinates":[[[-42.730584,-5.697898],[-42.376227,-5.114206],[-42.706626,-4.516709],[-43.390617,-4.502626],[-43.745266,-5.085768],[-43.415682,-5.683541],[-42.730584,-5.697898]]]}},{"type":"Feature","properties":{"hex_id":"838010fffffffff","population":4321635,"population_year":2025,"area_km2":14884.3,"population_density":290.3,"all_players":1,"players_per_million":0.23,"player_ids":["top5:evanilson:1999"],"label":"Fortaleza","country":"Brazil"},"geometry":{"type":"Polygon","coordinates":[[[-38.604887,-4.587642],[-38.25575,-4.002988],[-38.587761,-3.40834],[-39.269013,-3.397421],[-39.619341,-3.981884],[-39.287275,-4.577457],[-38.604887,-4.587642]]]}},{"type":"Feature","properties":{"hex_id":"838035fffffffff","population":314039,"population_year":2025,"area_km2":14884.3,"population_density":21.1,"all_players":1,"players_per_million":3.18,"player_ids":["top5:luiz-lucio-reis-junior:2001"],"label":"Picos","country":"Brazil"},"geometry":{"type":"Polygon","coordinates":[[[-40.716093,-8.094104],[-40.362396,-7.510806],[-40.695366,-6.916109],[-41.381691,-6.904416],[-41.73613,-7.487651],[-41.403553,-8.082641],[-40.716093,-8.094104]]]}},{"type":"Feature","properties":{"hex_id":"83806afffffffff","population":607954,"population_year":2025,"area_km2":14280.6,"population_density":42.6,"all_players":1,"players_per_million":1.64,"player_ids":["top5:igor-paixao:2000"],"label":"Macapá","country":"Brazil"},"geometry":{"type":"Polygon","coordinates":[[[-50.736393,-0.810868],[-50.385805,-0.236473],[-50.700334,0.350394],[-51.363148,0.362609],[-51.712331,-0.209875],[-51.400148,-0.796479],[-50.736393,-0.810868]]]}},{"type":"Feature","properties":{"hex_id":"838113fffffffff","population":540656,"population_year":2025,"area_km2":14604.7,"population_density":37.0,"all_players":1,"players_per_million":1.85,"player_ids":["top5:andre:2001"],"label":"Algodões","country":"Brazil"},"geometry":{"type":"Polygon","coordinates":[[[-38.708846,-11.628772],[-38.356092,-11.04971],[-38.691375,-10.464278],[-39.379495,-10.457721],[-39.73344,-11.037304],[-39.398124,-11.622921],[-38.708846,-11.628772]]]}},{"type":"Feature","properties":{"hex_id":"838116fffffffff","population":3373234,"population_year":2025,"area_km2":14387.3,"population_density":234.5,"all_players":1,"players_per_million":0.3,"player_ids":["top5:dante:1983"],"label":"Salvador","country":"Brazil"},"geometry":{"type":"Polygon","coordinates":[[[-37.700435,-13.368027],[-37.348487,-12.792371],[-37.684625,-12.213924],[-38.373011,-12.211],[-38.726375,-12.787448],[-38.389987,-13.366026],[-37.700435,-13.368027]]]}},{"type":"Feature","properties":{"hex_id":"838130fffffffff","population":354008,"population_year":2025,"area_km2":14184.0,"population_density":25.0,"all_players":1,"players_per_million":2.82,"player_ids":["top5:alisson-santos:2002"],"label":"Caatiba","country":"Brazil"},"geometry":{"type":"Polygon","coordinates":[[[-39.810779,-15.646836],[-39.454383,-15.079981],[-39.791347,-14.505626],[-40.484553,-14.498431],[-40.841908,-15.066026],[-40.50515,-15.640075],[-39.810779,-15.646836]]]}},{"type":"Feature","properties":{"hex_id":"838132fffffffff","population":623196,"population_year":2025,"area_km2":14227.8,"population_density":43.8,"all_players":1,"players_per_million":1.6,"player_ids":["top5:gleison-bremer:1997"],"label":"Itapitanga","country":"Brazil"},"geometry":{"type":"Polygon","coordinates":[[[-38.761609,-15.083789],[-38.407019,-14.513907],[-38.743962,-13.939409],[-39.435567,-13.934933],[-39.791347,-14.505626],[-39.454383,-15.079981],[-38.761609,-15.083789]]]}},{"type":"Feature","properties":{"hex_id":"83815afffffffff","population":508953,"population_year":2025,"area_km2":14771.4,"population_density":34.5,"all_players":1,"players_per_million":1.96,"player_ids":["top5:wesley:2003"],"label":"Açailândia","country":"Brazil"},"geometry":{"type":"Polygon","coordinates":[[[-46.830948,-5.599958],[-46.475607,-5.020436],[-46.800487,-4.422917],[-47.479106,-4.405181],[-47.833841,-4.983697],[-47.510611,-5.580953],[-46.830948,-5.599958]]]}},{"type":"Feature","properties":{"hex_id":"838183fffffffff","population":5247099,"population_year":2025,"area_km2":14549.9,"population_density":360.6,"all_players":4,"players_per_million":0.76,"player_ids":["top5:igor:1998","top5:joelinton:1996","top5:luis-henrique:2001","top5:matheus-cunha:1999"],"label":"João Pessoa","country":"Brazil"},"geometry":{"type":"Polygon","coordinates":[[[-34.568125,-8.145351],[-34.225299,-7.561978],[-34.55771,-6.976818],[-35.233892,-6.974007],[-35.57876,-7.558052],[-35.24545,-8.144235],[-34.568125,-8.145351]]]}},{"type":"Feature","properties":{"hex_id":"8381a1fffffffff","population":1480983,"population_year":2025,"area_km2":14495.3,"population_density":102.2,"all_players":1,"players_per_million":0.68,"player_ids":["top5:luis-guilherme:2006"],"label":"Aracaju","country":"Brazil"},"geometry":{"type":"Polygon","coordinates":[[[-36.647396,-11.6365],[-36.298296,-11.05664],[-36.633406,-10.475075],[-37.318136,-10.472949],[-37.668868,-11.053571],[-37.333286,-11.635555],[-36.647396,-11.6365]]]}},{"type":"Feature","properties":{"hex_id":"838230fffffffff","population":1768910,"population_year":2025,"area_km2":12833.4,"population_density":137.8,"all_players":1,"players_per_million":0.57,"player_ids":["top5:eduardo-camavinga:2002"],"label":"Cabinda","country":"Angola"},"geometry":{"type":"Polygon","coordinates":[[[12.66948,-6.32141],[12.743919,-5.678844],[12.242809,-5.314565],[11.66966,-5.589529],[11.593176,-6.228153],[12.091858,-6.59576],[12.66948,-6.32141]]]}},{"type":"Feature","properties":{"hex_id":"838232fffffffff","population":1523729,"population_year":2025,"area_km2":12870.5,"population_density":118.4,"all_players":1,"players_per_million":0.66,"player_ids":["top5:m-bala-nzola:1996"],"label":"Buco-Zau","country":"Angola"},"geometry":{"type":"Polygon","coordinates":[[[13.3223,-5.401477],[13.39516,-4.759428],[12.891758,-4.398547],[12.317762,-4.676325],[12.242809,-5.314565],[12.743919,-5.678844],[13.3223,-5.401477]]]}},{"type":"Feature","properties":{"hex_id":"83828bfffffffff","population":4392972,"population_year":2025,"area_km2":11308.9,"population_density":388.5,"all_players":8,"players_per_million":1.82,"player_ids":["top5:andre-frank-zambo-anguissa:1995","top5:arthur-avom:2004","top5:breel-embolo:1997","top5:faris-pemi-moumbagna:2000","top5:jean-onana:2000","top5:lucien-agoume:2002","top5:simon-ebonog:2004","top5:yvon-mvogo:1994"],"label":"Yaoundé","country":"Cameroon"},"geometry":{"type":"Polygon","coordinates":[[[11.670106,3.160647],[11.743442,3.757996],[11.268593,4.070517],[10.722778,3.789625],[10.647644,3.195865],[11.120099,2.879399],[11.670106,3.160647]]]}},{"type":"Feature","properties":{"hex_id":"8382d2fffffffff","population":4576418,"population_year":2025,"area_km2":10857.3,"population_density":421.5,"all_players":7,"players_per_million":1.53,"player_ids":["top5:carlos-baleba:2004","top5:christian-kofane:2006","top5:darlin-yongwa:2000","top5:ignatius-ganago:1999","top5:karl-etta-eyong:2003","top5:mahamadou-nagida:2005","top5:yvan-neyou:1997"],"label":"Douala","country":"Cameroon"},"geometry":{"type":"Polygon","coordinates":[[[10.254928,4.099556],[10.330435,4.686394],[9.867156,4.989684],[9.330927,4.710126],[9.253768,4.12698],[9.714466,3.819691],[10.254928,4.099556]]]}},{"type":"Feature","properties":{"hex_id":"8382d8fffffffff","population":5602240,"population_year":2025,"area_km2":10260.8,"population_density":546.0,"all_players":1,"players_per_million":0.18,"player_ids":["top5:philip-otele:1999"],"label":"Port Harcourt","country":"Nigeria"},"geometry":{"type":"Polygon","coordinates":[[[7.2904,4.177102],[7.343891,4.561076],[7.325363,4.745189],[6.790367,5.027556],[6.315945,4.75663],[6.356034,4.390688],[6.328813,4.199868],[6.767341,3.900765],[7.2904,4.177102]]]}},{"type":"Feature","properties":{"hex_id":"8382dafffffffff","population":11624145,"population_year":2025,"area_km2":10482.3,"population_density":1108.9,"all_players":2,"players_per_million":0.17,"player_ids":["top5:christantus-uche:2003","top5:samuel-chukwueze:1999"],"label":"Owerri","country":"Nigeria"},"geometry":{"type":"Polygon","coordinates":[[[6.731779,5.583806],[6.790367,5.027556],[7.325363,4.745189],[7.806921,5.016634],[7.753094,5.575558],[7.212915,5.860392],[6.731779,5.583806]]]}},{"type":"Feature","properties":{"hex_id":"8382f0fffffffff","population":909450,"population_year":2025,"area_km2":11381.2,"population_density":79.9,"all_players":1,"players_per_million":1.1,"player_ids":["top5:jacques-ekomie:2003"],"label":"Libreville","country":"Gabon"},"geometry":{"type":"Polygon","coordinates":[[[9.794977,0.510567],[9.872467,1.116284],[9.405139,1.440605],[8.863026,1.163095],[8.783875,0.561431],[9.248473,0.233221],[9.794977,0.510567]]]}},{"type":"Feature","properties":{"hex_id":"838306fffffffff","population":975531,"population_year":2025,"area_km2":13472.5,"population_density":72.4,"all_players":1,"players_per_million":1.03,"player_ids":["top5:florentino-luis:1999"],"label":"Lobito","country":"Angola"},"geometry":{"type":"Polygon","coordinates":[[[14.2133,-12.397781],[14.286463,-11.741031],[13.762409,-11.354071],[13.167424,-11.621248],[13.091955,-12.274325],[13.613748,-12.663907],[14.2133,-12.397781]]]}},{"type":"Feature","properties":{"hex_id":"83831efffffffff","population":10664916,"population_year":2025,"area_km2":13313.8,"population_density":801.0,"all_players":1,"players_per_million":0.09,"player_ids":["top5:zito-luvumbo:2002"],"label":"Luanda","country":"Angola"},"geometry":{"type":"Polygon","coordinates":[[[13.982713,-9.390913],[14.055441,-8.737647],[13.539375,-8.360313],[12.952801,-8.633275],[12.877846,-9.282796],[13.391665,-9.663109],[13.982713,-9.390913]]]}},{"type":"Feature","properties":{"hex_id":"83838efffffffff","population":12029902,"population_year":2025,"area_km2":13290.2,"population_density":905.2,"all_players":5,"players_per_million":0.42,"player_ids":["top5:brice-samba:1994","top5:grady-diangana:1998","top5:nathan-mbala:2008","top5:silas-katompa:1998","top5:willy-kambwala:2004"],"label":"Kinshasa","country":"Democratic Republic of the Congo"},"geometry":{"type":"Polygon","coordinates":[[[16.173217,-4.638744],[16.239904,-3.990915],[15.72104,-3.630703],[15.137201,-3.914967],[15.068175,-4.559528],[15.585302,-4.923107],[16.173217,-4.638744]]]}},{"type":"Feature","properties":{"hex_id":"838ba6fffffffff","population":999017,"population_year":2025,"area_km2":12870.5,"population_density":77.6,"all_players":1,"players_per_million":1.0,"player_ids":["top5:igor-jesus:2001"],"label":"Cuiabá","country":"Brazil"},"geometry":{"type":"Polygon","coordinates":[[[-56.233823,-16.011274],[-55.884479,-15.488093],[-56.189435,-14.908464],[-56.840433,-14.854385],[-57.187259,-15.377045],[-56.885639,-15.95431],[-56.233823,-16.011274]]]}},{"type":"Feature","properties":{"hex_id":"838badfffffffff","population":124844,"population_year":2025,"area_km2":12437.2,"population_density":10.0,"all_players":1,"players_per_million":8.01,"player_ids":["top5:nicolas-andrade:1988"],"label":"Colorado do Oeste","country":"Brazil"},"geometry":{"type":"Polygon","coordinates":[[[-59.985418,-13.470585],[-59.647037,-12.950201],[-59.936734,-12.371956],[-60.561077,-12.316761],[-60.896379,-12.836147],[-60.610441,-13.411731],[-59.985418,-13.470585]]]}},{"type":"Feature","properties":{"hex_id":"838bb2fffffffff","population":7716,"population_year":2025,"area_km2":13520.8,"population_density":0.6,"all_players":1,"players_per_million":129.6,"player_ids":["top5:alexandre-alemao:1998"],"label":"Brazil","country":"Brazil"},"geometry":{"type":"Polygon","coordinates":[[[-53.195052,-14.571383],[-52.840755,-14.030526],[-53.154789,-13.444724],[-53.820298,-13.401681],[-54.172642,-13.942014],[-53.86147,-14.525916],[-53.195052,-14.571383]]]}},{"type":"Feature","properties":{"hex_id":"838f2bfffffffff","population":3664852,"population_year":2025,"area_km2":14495.3,"population_density":252.8,"all_players":1,"players_per_million":0.27,"player_ids":["top5:kendry-paez:2007"],"label":"Guayaquil","country":"Ecuador"},"geometry":{"type":"Polygon","coordinates":[[[-80.22413,-2.039944],[-80.620682,-2.578089],[-80.346102,-3.193039],[-79.674015,-3.267721],[-79.279066,-2.727902],[-79.554553,-2.115079],[-80.22413,-2.039944]]]}},{"type":"Feature","properties":{"hex_id":"838f2cfffffffff","population":1065682,"population_year":2025,"area_km2":14227.8,"population_density":74.9,"all_players":1,"players_per_million":0.94,"player_ids":["top5:moises-caicedo:2001"],"label":"Santo Domingo","country":"Ecuador"},"geometry":{"type":"Polygon","coordinates":[[[-79.982821,0.245335],[-80.376021,-0.285156],[-80.103039,-0.893531],[-79.43596,-0.969107],[-79.044395,-0.436733],[-79.318227,0.16933],[-79.982821,0.245335]]]}},{"type":"Feature","properties":{"hex_id":"8395a5fffffffff","population":4072032,"population_year":2025,"area_km2":11102.5,"population_density":366.8,"all_players":1,"players_per_million":0.25,"player_ids":["top5:emil-audero:1997"],"label":"Mataram","country":"Indonesia"},"geometry":{"type":"Polygon","coordinates":[[[116.019625,-8.433387],[116.13126,-9.03076],[116.680361,-9.276003],[117.120993,-8.92228],[117.008717,-8.320611],[116.456435,-8.076966],[116.019625,-8.433387]]]}},{"type":"Feature","properties":{"hex_id":"83960efffffffff","population":2898271,"population_year":2025,"area_km2":14922.2,"population_density":194.2,"all_players":1,"players_per_million":0.35,"player_ids":["top5:christian-kabasele:1991"],"label":"Lubumbashi","country":"Democratic Republic of the Congo"},"geometry":{"type":"Polygon","coordinates":[[[27.847757,-12.488185],[27.887041,-11.807394],[27.305401,-11.433719],[26.683526,-11.739059],[26.640951,-12.419226],[27.223529,-12.794703],[27.847757,-12.488185]]]}},{"type":"Feature","properties":{"hex_id":"83962efffffffff","population":2047919,"population_year":2025,"area_km2":14912.7,"population_density":137.3,"all_players":1,"players_per_million":0.49,"player_ids":["top5:lameck-banda:2001"],"label":"Lusaka","country":"Zambia"},"geometry":{"type":"Polygon","coordinates":[[[28.279926,-15.584664],[28.318506,-14.904351],[27.728587,-14.530908],[27.099006,-14.836372],[27.057034,-15.516208],[27.648023,-15.891084],[28.279926,-15.584664]]]}},{"type":"Feature","properties":{"hex_id":"83964dfffffffff","population":1195050,"population_year":2025,"area_km2":14045.3,"population_density":85.1,"all_players":1,"players_per_million":0.84,"player_ids":["top5:aurelio-buta:1997"],"label":"Angola","country":"Angola"},"geometry":{"type":"Polygon","coordinates":[[[17.648246,-12.746477],[17.713826,-12.080041],[17.169139,-11.693369],[16.560385,-11.970674],[16.49217,-12.634116],[17.035318,-13.023262],[17.648246,-12.746477]]]}},{"type":"Feature","properties":{"hex_id":"83968bfffffffff","population":3628699,"population_year":2025,"area_km2":14387.3,"population_density":252.2,"all_players":1,"players_per_million":0.28,"player_ids":["top5:youssouf-ndayishimiye:1998"],"label":"Burundi","country":"Burundi"},"geometry":{"type":"Polygon","coordinates":[[[30.644515,-4.503292],[30.67501,-3.839071],[30.107741,-3.479085],[29.508441,-3.781048],[29.474782,-4.445251],[30.04358,-4.807539],[30.644515,-4.503292]]]}},{"type":"Feature","properties":{"hex_id":"839715fffffffff","population":1248044,"population_year":2025,"area_km2":14468.2,"population_density":86.3,"all_players":1,"players_per_million":0.8,"player_ids":["top5:reinildo-mandava:1994"],"label":"Beira","country":"Mozambique"},"geometry":{"type":"Polygon","coordinates":[[[35.497316,-19.892471],[35.515606,-19.222404],[34.910312,-18.877081],[34.283797,-19.201638],[34.26188,-19.872989],[34.870107,-20.218527],[35.497316,-19.892471]]]}},{"type":"Feature","properties":{"hex_id":"839772fffffffff","population":977625,"population_year":2025,"area_km2":14604.7,"population_density":66.9,"all_players":1,"players_per_million":1.02,"player_ids":["top5:marshall-munetsi:1996"],"label":"Bulawayo","country":"Zimbabwe"},"geometry":{"type":"Polygon","coordinates":[[[28.608651,-20.684965],[28.647126,-20.014199],[28.04381,-19.645632],[27.400805,-19.946973],[27.358776,-20.617412],[27.963293,-20.986867],[28.608651,-20.684965]]]}},{"type":"Feature","properties":{"hex_id":"83a250fffffffff","population":415050,"population_year":2025,"area_km2":13424.6,"population_density":30.9,"all_players":1,"players_per_million":2.41,"player_ids":["top5:mathieu-acapandie:2004"],"label":"Saint-Pierre","country":"France"},"geometry":{"type":"Polygon","coordinates":[[[54.861802,-21.337137],[54.913545,-21.989463],[55.532596,-22.263318],[56.098565,-21.880137],[56.040083,-21.225075],[55.422385,-20.955905],[54.861802,-21.337137]]]}},{"type":"Feature","properties":{"hex_id":"83a255fffffffff","population":314152,"population_year":2025,"area_km2":13456.5,"population_density":23.3,"all_players":1,"players_per_million":3.18,"player_ids":["top5:ludovic-ajorque:1994"],"label":"Saint-Denis","country":"France"},"geometry":{"type":"Polygon","coordinates":[[[55.36818,-20.304279],[55.422385,-20.955905],[56.040083,-21.225075],[56.602125,-20.837884],[56.541261,-20.183682],[55.925026,-19.91922],[55.36818,-20.304279]]]}},{"type":"Feature","properties":{"hex_id":"83a304fffffffff","population":331759,"population_year":2025,"area_km2":13361.1,"population_density":24.8,"all_players":1,"players_per_million":3.01,"player_ids":["top5:warmed-omari:2000"],"label":"Bandraboua","country":"France"},"geometry":{"type":"Polygon","coordinates":[[[45.564824,-12.871257],[45.55442,-12.216068],[44.990611,-11.891981],[44.432655,-12.223526],[44.440017,-12.882253],[45.008396,-13.205908],[45.564824,-12.871257]]]}},{"type":"Feature","properties":{"hex_id":"83a801fffffffff","population":1218693,"population_year":2025,"area_km2":12229.6,"population_density":99.7,"all_players":1,"players_per_million":0.82,"player_ids":["top5:marcao:1996"],"label":"Londrina","country":"Brazil"},"geometry":{"type":"Polygon","coordinates":[[[-50.470198,-24.005698],[-50.107237,-23.50938],[-50.433293,-22.961569],[-51.119893,-22.911934],[-51.481406,-23.408711],[-51.157813,-23.954666],[-50.470198,-24.005698]]]}},{"type":"Feature","properties":{"hex_id":"83a810fffffffff","population":24232036,"population_year":2025,"area_km2":12479.4,"population_density":1941.8,"all_players":18,"players_per_million":0.74,"player_ids":["top5:antony:2000","top5:bernardo:1995","top5:caio-henrique-oliveira-silva:1997","top5:david-neres:1997","top5:emerson-palmieri:1994","top5:gabriel-jesus:1997","top5:gabriel-magalhaes:1997","top5:gabriel-martinelli:2001","top5:gabriel-strefezza:1997","top5:john:1996","top5:kevin:2003","top5:marquinhos:1994","top5:morato:2001","top5:murillo:2002","top5:natan:2001","top5:renato-marin:2006","top5:rodrygo:2001","top5:wesley:2005"],"label":"São Paulo","country":"Brazil"},"geometry":{"type":"Polygon","coordinates":[[[-46.29901,-24.248724],[-45.933728,-23.740374],[-46.268552,-23.19855],[-46.967078,-23.166485],[-47.331841,-23.675521],[-46.998649,-24.215936],[-46.29901,-24.248724]]]}},{"type":"Feature","properties":{"hex_id":"83a811fffffffff","population":4526712,"population_year":2025,"area_km2":12550.3,"population_density":360.7,"all_players":2,"players_per_million":0.44,"player_ids":["top5:giovane:2003","top5:lucas-beraldo:2003"],"label":"Santa Bárbara d'Oeste","country":"Brazil"},"geometry":{"type":"Polygon","coordinates":[[[-47.331841,-23.675521],[-46.967078,-23.166485],[-47.299771,-22.619816],[-47.995432,-22.583696],[-48.35944,-23.093332],[-48.028592,-23.638488],[-47.331841,-23.675521]]]}},{"type":"Feature","properties":{"hex_id":"83a812fffffffff","population":2354312,"population_year":2025,"area_km2":12636.3,"population_density":186.3,"all_players":3,"players_per_million":1.27,"player_ids":["top5:casemiro:1992","top5:dodo:1998","top5:vitor-reis:2006"],"label":"São José dos Campos","country":"Brazil"},"geometry":{"type":"Polygon","coordinates":[[[-45.232774,-23.768137],[-44.867828,-23.253515],[-45.204057,-22.710396],[-45.90388,-22.683194],[-46.268552,-23.19855],[-45.933728,-23.740374],[-45.232774,-23.768137]]]}},{"type":"Feature","properties":{"hex_id":"83a813fffffffff","population":3194695,"population_year":2025,"area_km2":12716.0,"population_density":251.2,"all_players":2,"players_per_million":0.63,"player_ids":["top5:carlos-augusto:1999","top5:lucas-perri:1997"],"label":"Campinas","country":"Brazil"},"geometry":{"type":"Polygon","coordinates":[[[-46.268552,-23.19855],[-45.90388,-22.683194],[-46.238194,-22.13513],[-46.93561,-22.103817],[-47.299771,-22.619816],[-46.967078,-23.166485],[-46.268552,-23.19855]]]}},{"type":"Feature","properties":{"hex_id":"83a819fffffffff","population":1124844,"population_year":2025,"area_km2":12870.5,"population_density":87.4,"all_players":1,"players_per_million":0.89,"player_ids":["top5:mateus-lusuardi:2004"],"label":"São José do Rio Preto","country":"Brazil"},"geometry":{"type":"Polygon","coordinates":[[[-49.346013,-21.437301],[-48.983569,-20.920303],[-49.310945,-20.359517],[-49.998582,-20.317437],[-50.359831,-20.834788],[-50.034685,-21.393867],[-49.346013,-21.437301]]]}},{"type":"Feature","properties":{"hex_id":"83a81afffffffff","population":1933015,"population_year":2025,"area_km2":13005.4,"population_density":148.6,"all_players":3,"players_per_million":1.55,"player_ids":["top5:eder-militao:1998","top5:estevao-willian:2007","top5:joao-pedro:2001"],"label":"Franca","country":"Brazil"},"geometry":{"type":"Polygon","coordinates":[[[-47.267805,-21.55115],[-46.904244,-21.028426],[-47.235943,-20.470042],[-47.929433,-20.435854],[-48.292259,-20.959067],[-47.962379,-21.515979],[-47.267805,-21.55115]]]}},{"type":"Feature","properties":{"hex_id":"83a81bfffffffff","population":547490,"population_year":2025,"area_km2":13050.9,"population_density":42.0,"all_players":1,"players_per_million":1.83,"player_ids":["top5:calebe:2000"],"label":"Monte Azul Paulista","country":"Brazil"},"geometry":{"type":"Polygon","coordinates":[[[-48.292259,-20.959067],[-47.929433,-20.435854],[-48.25883,-19.873495],[-48.949081,-19.835922],[-49.310945,-20.359517],[-48.983569,-20.920303],[-48.292259,-20.959067]]]}},{"type":"Feature","properties":{"hex_id":"83a81cfffffffff","population":1158644,"population_year":2025,"area_km2":12607.6,"population_density":91.9,"all_players":1,"players_per_million":0.86,"player_ids":["top5:diego-carlos:1993"],"label":"Barra Bonita","country":"Brazil"},"geometry":{"type":"Polygon","coordinates":[[[-48.35944,-23.093332],[-47.995432,-22.583696],[-48.325795,-22.032526],[-49.018168,-21.992612],[-49.381192,-22.50276],[-49.052877,-23.052311],[-48.35944,-23.093332]]]}},{"type":"Feature","properties":{"hex_id":"83a82afffffffff","population":1224848,"population_year":2025,"area_km2":12027.7,"population_density":101.8,"all_players":1,"players_per_million":0.82,"player_ids":["top5:romulo:2002"],"label":"Marialva","country":"Brazil"},"geometry":{"type":"Polygon","coordinates":[[[-51.519887,-24.444074],[-51.157813,-23.954666],[-51.481406,-23.408711],[-52.164456,-23.354137],[-52.524857,-23.843986],[-52.203925,-24.387971],[-51.519887,-24.444074]]]}},{"type":"Feature","properties":{"hex_id":"83a831fffffffff","population":3481652,"population_year":2025,"area_km2":11889.7,"population_density":292.8,"all_players":1,"players_per_million":0.29,"player_ids":["top5:yan-couto:2002"],"label":"Curitiba","country":"Brazil"},"geometry":{"type":"Polygon","coordinates":[[[-48.461028,-26.195141],[-48.095234,-25.707467],[-48.427056,-25.175061],[-49.122632,-25.131953],[-49.487409,-25.620271],[-49.157677,-26.151054],[-48.461028,-26.195141]]]}},{"type":"Feature","properties":{"hex_id":"83a855fffffffff","population":688852,"population_year":2025,"area_km2":12458.3,"population_density":55.3,"all_players":1,"players_per_million":1.45,"player_ids":["top5:ederson:1999"],"label":"Campo Grande","country":"Brazil"},"geometry":{"type":"Polygon","coordinates":[[[-54.424628,-20.517472],[-54.069208,-20.012866],[-54.382313,-19.446995],[-55.047763,-19.388027],[-55.400957,-19.892667],[-55.090965,-20.456245],[-54.424628,-20.517472]]]}},{"type":"Feature","properties":{"hex_id":"83a85afffffffff","population":295086,"population_year":2025,"area_km2":13005.4,"population_density":22.7,"all_players":1,"players_per_million":3.39,"player_ids":["top5:vanderson:2001"],"label":"Rondonópolis","country":"Brazil"},"geometry":{"type":"Polygon","coordinates":[[[-54.298066,-17.27356],[-53.944189,-16.74969],[-54.256132,-16.171868],[-54.918928,-16.120103],[-55.270625,-16.643686],[-54.961745,-17.219326],[-54.298066,-17.27356]]]}},{"type":"Feature","properties":{"hex_id":"83a864fffffffff","population":105402,"population_year":2025,"area_km2":11344.9,"population_density":9.3,"all_players":1,"players_per_million":9.49,"player_ids":["top5:julio-enciso:2004"],"label":"Paraguay","country":"Paraguay"},"geometry":{"type":"Polygon","coordinates":[[[-57.556366,-23.841124],[-57.205788,-23.372081],[-57.509757,-22.823136],[-58.160737,-22.74589],[-58.508508,-23.215176],[-58.208137,-23.761471],[-57.556366,-23.841124]]]}},{"type":"Feature","properties":{"hex_id":"83a881fffffffff","population":2871054,"population_year":2025,"area_km2":13361.1,"population_density":214.9,"all_players":3,"players_per_million":1.04,"player_ids":["top5:arthur:2003","top5:juan-jesus:1991","top5:junior-messias:1991"],"label":"Belo Horizonte","country":"Brazil"},"geometry":{"type":"Polygon","coordinates":[[[-43.049294,-20.61768],[-42.687026,-20.078722],[-43.024289,-19.521358],[-43.722951,-19.503925],[-44.08545,-20.043635],[-43.749109,-20.600024],[-43.049294,-20.61768]]]}},{"type":"Feature","properties":{"hex_id":"83a886fffffffff","population":832678,"population_year":2025,"area_km2":13142.7,"population_density":63.4,"all_players":1,"players_per_million":1.2,"player_ids":["top5:emersonn:2004"],"label":"Cachoeiro de Itapemirim","country":"Brazil"},"geometry":{"type":"Polygon","coordinates":[[[-40.970264,-21.737945],[-40.609178,-21.200843],[-40.948691,-20.653736],[-41.648877,-20.644542],[-42.010674,-21.182629],[-41.671628,-21.728923],[-40.970264,-21.737945]]]}},{"type":"Feature","properties":{"hex_id":"83a89efffffffff","population":404764,"population_year":2025,"area_km2":13650.9,"population_density":29.7,"all_players":2,"players_per_million":4.94,"player_ids":["top5:richarlison:1997","top5:savio:2004"],"label":"São Mateus","country":"Brazil"},"geometry":{"type":"Polygon","coordinates":[[[-39.869465,-19.014428],[-39.511209,-18.46145],[-39.849838,-17.901988],[-40.546552,-17.896061],[-40.905764,-18.449997],[-40.567357,-19.0089],[-39.869465,-19.014428]]]}},{"type":"Feature","properties":{"hex_id":"83a8a0fffffffff","population":8274783,"population_year":2025,"area_km2":12679.7,"population_density":652.6,"all_players":11,"players_per_million":1.33,"player_ids":["top5:alexsandro-ribeiro:1999","top5:andrey-santos:2004","top5:bruno-guimaraes:1997","top5:douglas-luiz:1998","top5:igor-carioca:1996","top5:joao-gomes:2001","top5:lorran:2006","top5:lucas-paqueta:1997","top5:matheus-nunes:1998","top5:rayan:2006","top5:vinicius-souza:1999"],"label":"Rio de Janeiro","country":"Brazil"},"geometry":{"type":"Polygon","coordinates":[[[-43.124812,-23.832505],[-42.760671,-23.312736],[-43.099555,-22.773798],[-43.801686,-22.755715],[-44.166042,-23.27637],[-43.828106,-23.81422],[-43.124812,-23.832505]]]}},{"type":"Feature","properties":{"hex_id":"83a8a2fffffffff","population":2464028,"population_year":2025,"area_km2":12803.9,"population_density":192.4,"all_players":1,"players_per_million":0.41,"player_ids":["top5:vinicius-junior:2000"],"label":"São Gonçalo","country":"Brazil"},"geometry":{"type":"Polygon","coordinates":[[[-42.057507,-23.326224],[-41.694455,-22.80075],[-42.034051,-22.260838],[-42.736041,-22.247372],[-43.099555,-22.773798],[-42.760671,-23.312736],[-42.057507,-23.326224]]]}},{"type":"Feature","properties":{"hex_id":"83a8a3fffffffff","population":3918067,"population_year":2025,"area_km2":12915.2,"population_density":303.4,"all_players":1,"players_per_million":0.26,"player_ids":["top5:kaua-santos:2003"],"label":"Vassouras","country":"Brazil"},"geometry":{"type":"Polygon","coordinates":[[[-43.099555,-22.773798],[-42.736041,-22.247372],[-43.074383,-21.702016],[-43.775354,-21.684143],[-44.139089,-22.211418],[-43.801686,-22.755715],[-43.099555,-22.773798]]]}},{"type":"Feature","properties":{"hex_id":"83a8acfffffffff","population":876558,"population_year":2025,"area_km2":12870.5,"population_density":68.1,"all_players":1,"players_per_million":1.14,"player_ids":["top5:hernani:1994"],"label":"São Gonçalo do Sapucaí","country":"Brazil"},"geometry":{"type":"Polygon","coordinates":[[[-45.204057,-22.710396],[-44.839728,-22.188953],[-45.175436,-21.639616],[-45.874131,-21.612996],[-46.238194,-22.13513],[-45.90388,-22.683194],[-45.204057,-22.710396]]]}},{"type":"Feature","properties":{"hex_id":"83a8c2fffffffff","population":3148012,"population_year":2025,"area_km2":13816.5,"population_density":227.8,"all_players":2,"players_per_million":0.64,"player_ids":["top5:endrick:2006","top5:igor-thiago:2001"],"label":"Gama","country":"Brazil"},"geometry":{"type":"Polygon","coordinates":[[[-48.159186,-16.550202],[-47.798704,-16.003258],[-48.126183,-15.422507],[-48.812224,-15.390072],[-49.171786,-15.937051],[-48.846275,-16.51643],[-48.159186,-16.550202]]]}},{"type":"Feature","properties":{"hex_id":"83a901fffffffff","population":2069471,"population_year":2025,"area_km2":10503.5,"population_density":197.0,"all_players":1,"players_per_million":0.48,"player_ids":["top5:raphinha:1996"],"label":"Porto Alegre","country":"Brazil"},"geometry":{"type":"Polygon","coordinates":[[[-50.731849,-30.918964],[-50.364839,-30.477299],[-50.694112,-29.975751],[-51.387869,-29.917536],[-51.753337,-30.359872],[-51.426638,-30.859753],[-50.731849,-30.918964]]]}},{"type":"Feature","properties":{"hex_id":"83a90cfffffffff","population":710816,"population_year":2025,"area_km2":10562.0,"population_density":67.3,"all_players":1,"players_per_million":1.41,"player_ids":["top5:leo-scienza:1998"],"label":"Venâncio Aires","country":"Brazil"},"geometry":{"type":"Polygon","coordinates":[[[-51.753337,-30.359872],[-51.387869,-29.917536],[-51.714121,-29.410621],[-52.403131,-29.347836],[-52.766842,-29.790821],[-52.443348,-30.295943],[-51.753337,-30.359872]]]}},{"type":"Feature","properties":{"hex_id":"83a90efffffffff","population":2931559,"population_year":2025,"area_km2":10757.4,"population_density":272.5,"all_players":1,"players_per_million":0.34,"player_ids":["top5:alisson:1992"],"label":"Novo Hamburgo","country":"Brazil"},"geometry":{"type":"Polygon","coordinates":[[[-50.694112,-29.975751],[-50.327685,-29.525999],[-50.656495,-29.017369],[-51.349222,-28.960207],[-51.714121,-29.410621],[-51.387869,-29.917536],[-50.694112,-29.975751]]]}},{"type":"Feature","properties":{"hex_id":"83a91bfffffffff","population":1545297,"population_year":2025,"area_km2":11387.2,"population_density":135.7,"all_players":1,"players_per_million":0.65,"player_ids":["top5:arthur-chaves:2001"],"label":"Florianópolis","country":"Brazil"},"geometry":{"type":"Polygon","coordinates":[[[-48.529304,-28.191965],[-48.162311,-27.719724],[-48.495111,-27.200878],[-49.192836,-27.155857],[-49.55879,-27.628793],[-49.228108,-28.146055],[-48.529304,-28.191965]]]}},{"type":"Feature","properties":{"hex_id":"83a94efffffffff","population":2779546,"population_year":2025,"area_km2":10913.5,"population_density":254.7,"all_players":3,"players_per_million":1.08,"player_ids":["top5:antonio-sanabria:1996","top5:julio-soler:2005","top5:omar-alderete:1996"],"label":"Asunción","country":"Paraguay"},"geometry":{"type":"Polygon","coordinates":[[[-57.649991,-25.83818],[-57.298468,-25.384508],[-57.60311,-24.846261],[-58.255673,-24.764298],[-58.604355,-25.218365],[-58.303347,-25.754005],[-57.649991,-25.83818]]]}},{"type":"Feature","properties":{"hex_id":"83a96afffffffff","population":108289,"population_year":2025,"area_km2":10456.0,"population_density":10.4,"all_players":1,"players_per_million":9.23,"player_ids":["top5:walter-benitez:1993"],"label":"General José de San Martín","country":"Argentina"},"geometry":{"type":"Polygon","coordinates":[[[-58.700755,-27.168645],[-58.351159,-26.730268],[-58.652486,-26.200276],[-59.299654,-26.111328],[-59.646224,-26.550185],[-59.348681,-27.077517],[-58.700755,-27.168645]]]}},{"type":"Feature","properties":{"hex_id":"83a96efffffffff","population":935538,"population_year":2025,"area_km2":10234.0,"population_density":91.4,"all_players":1,"players_per_million":1.07,"player_ids":["top5:claudio-echeverri:2006"],"label":"Resistencia","country":"Argentina"},"geometry":{"type":"Polygon","coordinates":[[[-58.749163,-28.123207],[-58.39911,-27.6928],[-58.700755,-27.168645],[-59.348681,-27.077517],[-59.695692,-27.508461],[-59.397849,-28.030002],[-58.749163,-28.123207]]]}},{"type":"Feature","properties":{"hex_id":"83b240fffffffff","population":71214,"population_year":2025,"area_km2":10435.0,"population_density":6.8,"all_players":1,"players_per_million":14.04,"player_ids":["top5:renzo-saravia:1993"],"label":"Villa de María del Río Seco","country":"Argentina"},"geometry":{"type":"Polygon","coordinates":[[[-64.277173,-29.74893],[-64.639684,-30.264771],[-64.339469,-30.742004],[-63.678922,-30.702564],[-63.321649,-30.188839],[-63.619649,-29.712448],[-64.277173,-29.74893]]]}},{"type":"Feature","properties":{"hex_id":"83b243fffffffff","population":2241166,"population_year":2025,"area_km2":10249.3,"population_density":218.7,"all_players":5,"players_per_million":2.23,"player_ids":["top5:cristian-romero:1998","top5:franco-vazquez:1989","top5:joaquin-panichelli:2002","top5:lucas-beltran:2001","top5:mariano-troilo:2003"],"label":"Córdoba","country":"Argentina"},"geometry":{"type":"Polygon","coordinates":[[[-64.339469,-30.742004],[-64.703774,-31.253366],[-64.402296,-31.723186],[-63.7387,-31.680908],[-63.379667,-31.171639],[-63.678922,-30.702564],[-64.339469,-30.742004]]]}},{"type":"Feature","properties":{"hex_id":"83b24afffffffff","population":225911,"population_year":2025,"area_km2":9808.2,"population_density":23.0,"all_players":1,"players_per_million":4.43,"player_ids":["top5:santiago-colombatto:1997"],"label":"Ucacha","country":"Argentina"},"geometry":{"type":"Polygon","coordinates":[[[-63.438178,-32.142545],[-63.798987,-32.647126],[-63.49719,-33.101224],[-62.836945,-33.050135],[-62.481573,-32.547702],[-62.780975,-32.094219],[-63.438178,-32.142545]]]}},{"type":"Feature","properties":{"hex_id":"83b24dfffffffff","population":758574,"population_year":2025,"area_km2":9668.2,"population_density":78.5,"all_players":1,"players_per_million":1.32,"player_ids":["top5:facundo-garces:1999"],"label":"Santa Fe","country":"Argentina"},"geometry":{"type":"Polygon","coordinates":[[[-61.433367,-31.026598],[-61.779796,-31.53581],[-61.482932,-31.988635],[-60.842284,-31.931555],[-60.501438,-31.424731],[-60.79563,-30.972609],[-61.433367,-31.026598]]]}},{"type":"Feature","properties":{"hex_id":"83b24efffffffff","population":133909,"population_year":2025,"area_km2":9995.4,"population_density":13.4,"all_players":2,"players_per_million":14.94,"player_ids":["top5:julian-alvarez:2000","top5:julian-vignolo:2006"],"label":"Calchín","country":"Argentina"},"geometry":{"type":"Polygon","coordinates":[[[-63.379667,-31.171639],[-63.7387,-31.680908],[-63.438178,-32.142545],[-62.780975,-32.094219],[-62.427343,-31.587133],[-62.72548,-31.126199],[-63.379667,-31.171639]]]}},{"type":"Feature","properties":{"hex_id":"83b259fffffffff","population":252176,"population_year":2025,"area_km2":9865.2,"population_density":25.6,"all_players":1,"players_per_million":3.97,"player_ids":["top5:julian-malatini:2001"],"label":"General Cabrera","country":"Argentina"},"geometry":{"type":"Polygon","coordinates":[[[-64.465659,-32.69212],[-64.8336,-33.193815],[-64.529566,-33.648488],[-63.859791,-33.600899],[-63.49719,-33.101224],[-63.798987,-32.647126],[-64.465659,-32.69212]]]}},{"type":"Feature","properties":{"hex_id":"83b25bfffffffff","population":169784,"population_year":2025,"area_km2":9913.0,"population_density":17.1,"all_players":1,"players_per_million":5.89,"player_ids":["top5:leonardo-balerdi:1999"],"label":"Villa Mercedes","country":"Argentina"},"geometry":{"type":"Polygon","coordinates":[[[-65.509524,-33.235142],[-65.884533,-33.733573],[-65.578433,-34.18878],[-64.899351,-34.14503],[-64.529566,-33.648488],[-64.8336,-33.193815],[-65.509524,-33.235142]]]}},{"type":"Feature","properties":{"hex_id":"83b25dfffffffff","population":237221,"population_year":2025,"area_km2":10059.1,"population_density":23.6,"all_players":2,"players_per_million":8.43,"player_ids":["top5:nahuel-molina:1998","top5:paulo-dybala:1993"],"label":"Embalse","country":"Argentina"},"geometry":{"type":"Polygon","coordinates":[[[-64.402296,-31.723186],[-64.76841,-32.229827],[-64.465659,-32.69212],[-63.798987,-32.647126],[-63.438178,-32.142545],[-63.7387,-31.680908],[-64.402296,-31.723186]]]}},{"type":"Feature","properties":{"hex_id":"83b271fffffffff","population":64675,"population_year":2025,"area_km2":10874.1,"population_density":5.9,"all_players":1,"players_per_million":15.46,"player_ids":["top5:luis-vazquez:2001"],"label":"Recreo","country":"Argentina"},"geometry":{"type":"Polygon","coordinates":[[[-65.173652,-28.280148],[-65.539455,-28.802239],[-65.239694,-29.294859],[-64.576135,-29.264417],[-64.2154,-28.744357],[-64.513119,-28.252718],[-65.173652,-28.280148]]]}},{"type":"Feature","properties":{"hex_id":"83b274fffffffff","population":460440,"population_year":2025,"area_km2":11308.9,"population_density":40.7,"all_players":1,"players_per_million":2.17,"player_ids":["top5:exequiel-palacios:1998"],"label":"Famaillá","country":"Argentina"},"geometry":{"type":"Polygon","coordinates":[[[-66.068669,-26.766212],[-66.437572,-27.294166],[-66.138411,-27.801849],[-65.472175,-27.780464],[-65.108163,-27.254432],[-65.405457,-26.747871],[-66.068669,-26.766212]]]}},{"type":"Feature","properties":{"hex_id":"83b275fffffffff","population":540176,"population_year":2025,"area_km2":11050.4,"population_density":48.9,"all_players":2,"players_per_million":3.7,"player_ids":["top5:oscar-trejo:1988","top5:santiago-hidalgo:2005"],"label":"Santiago del Estero","country":"Argentina"},"geometry":{"type":"Polygon","coordinates":[[[-65.108163,-27.254432],[-65.472175,-27.780464],[-65.173652,-28.280148],[-64.513119,-28.252718],[-64.154145,-27.728717],[-64.45063,-27.230124],[-65.108163,-27.254432]]]}},{"type":"Feature","properties":{"hex_id":"83b2c4fffffffff","population":1612106,"population_year":2025,"area_km2":10924.8,"population_density":147.6,"all_players":1,"players_per_million":0.62,"player_ids":["top5:lucas-cepeda:2002"],"label":"Viña del Mar","country":"Chile"},"geometry":{"type":"Polygon","coordinates":[[[-71.701009,-32.457423],[-72.107582,-32.953873],[-71.798336,-33.443175],[-71.083294,-33.435542],[-70.680815,-32.940387],[-70.98923,-32.451578],[-71.701009,-32.457423]]]}},{"type":"Feature","properties":{"hex_id":"83b2c5fffffffff","population":7706249,"population_year":2025,"area_km2":10691.6,"population_density":720.8,"all_players":5,"players_per_million":0.65,"player_ids":["top5:damian-pizarro:2005","top5:felipe-loyola:2000","top5:francisco-sierralta:1997","top5:gabriel-suazo:1997","top5:guillermo-maripan:1994"],"label":"Santiago","country":"Chile"},"geometry":{"type":"Polygon","coordinates":[[[-70.680815,-32.940387],[-71.083294,-33.435542],[-70.773643,-33.916601],[-70.062513,-33.902016],[-69.664357,-33.408238],[-69.972956,-32.927676],[-70.680815,-32.940387]]]}},{"type":"Feature","properties":{"hex_id":"83b2eefffffffff","population":1239902,"population_year":2025,"area_km2":10675.2,"population_density":116.1,"all_players":2,"players_per_million":1.61,"player_ids":["top5:valentin-castellanos:1998","top5:zaid-romero:1999"],"label":"Mendoza","country":"Argentina"},"geometry":{"type":"Polygon","coordinates":[[[-69.576807,-32.428121],[-69.972956,-32.927676],[-69.664357,-33.408238],[-68.960836,-33.388701],[-68.569208,-32.890649],[-68.87653,-32.410639],[-69.576807,-32.428121]]]}},{"type":"Feature","properties":{"hex_id":"83b319fffffffff","population":29099,"population_year":2025,"area_km2":12870.5,"population_density":2.3,"all_players":1,"players_per_million":34.37,"player_ids":["top5:alexis-sanchez:1988"],"label":"Tocopilla","country":"Chile"},"geometry":{"type":"Polygon","coordinates":[[[-70.771239,-21.925901],[-71.158236,-22.468289],[-70.860795,-23.026433],[-70.177261,-23.040783],[-69.794233,-22.499632],[-70.090723,-21.942902],[-70.771239,-21.925901]]]}},{"type":"Feature","properties":{"hex_id":"83bb50fffffffff","population":1759286,"population_year":2025,"area_km2":13096.6,"population_density":134.3,"all_players":1,"players_per_million":0.57,"player_ids":["top5:chris-wood:1991"],"label":"Auckland","country":"New Zealand"},"geometry":{"type":"Polygon","coordinates":[[[175.568271,-36.884501],[175.227336,-36.30045],[174.454886,-36.252874],[174.011624,-36.792406],[174.349024,-37.382116],[175.133375,-37.426619],[175.568271,-36.884501]]]}},{"type":"Feature","properties":{"hex_id":"83bcc3fffffffff","population":10165897,"population_year":2025,"area_km2":13816.5,"population_density":735.8,"all_players":1,"players_per_million":0.1,"player_ids":["top5:lyle-foster:2000"],"label":"Soweto","country":"South Africa"},"geometry":{"type":"Polygon","coordinates":[[[28.252135,-26.609142],[28.292681,-25.962826],[27.674042,-25.604797],[27.013681,-25.892672],[26.969404,-26.538665],[27.589205,-26.897137],[28.252135,-26.609142]]]}},{"type":"Feature","properties":{"hex_id":"83be08fffffffff","population":3715576,"population_year":2025,"area_km2":14884.3,"population_density":249.6,"all_players":1,"players_per_million":0.27,"player_ids":["top5:mathew-ryan:1992"],"label":"Plumpton","country":"Australia"},"geometry":{"type":"Polygon","coordinates":[[[151.210157,-34.25249],[151.038963,-33.586023],[150.264159,-33.373537],[149.651925,-33.824078],[149.812161,-34.491757],[150.595673,-34.707733],[151.210157,-34.25249]]]}},{"type":"Feature","properties":{"hex_id":"83be0efffffffff","population":2059884,"population_year":2025,"area_km2":14922.2,"population_density":138.0,"all_players":2,"players_per_million":0.97,"player_ids":["top5:antonio-arena:2009","top5:cristian-volpato:2003"],"label":"Sydney","country":"Australia"},"geometry":{"type":"Polygon","coordinates":[[[152.602318,-33.997],[152.420459,-33.332138],[151.64327,-33.128216],[151.038963,-33.586023],[151.210157,-34.25249],[151.996416,-34.459593],[152.602318,-33.997]]]}},{"type":"Feature","properties":{"hex_id":"83be1dfffffffff","population":537541,"population_year":2025,"area_km2":14912.7,"population_density":36.0,"all_players":1,"players_per_million":1.86,"player_ids":["top5:connor-metcalfe:1999"],"label":"Newcastle","country":"Australia"},"geometry":{"type":"Polygon","coordinates":[[[153.016202,-32.867447],[152.833486,-32.203758],[152.065246,-32.002959],[151.470866,-32.462772],[151.64327,-33.128216],[152.420459,-33.332138],[153.016202,-32.867447]]]}},{"type":"Feature","properties":{"hex_id":"83be63fffffffff","population":5389912,"population_year":2025,"area_km2":14468.2,"population_density":372.5,"all_players":1,"players_per_million":0.19,"player_ids":["top5:jackson-irvine:1993"],"label":"Melbourne","country":"Australia"},"geometry":{"type":"Polygon","coordinates":[[[145.46356,-38.204698],[145.333886,-37.53716],[144.549504,-37.286204],[143.887418,-37.698406],[144.004411,-38.36545],[144.796215,-38.620841],[145.46356,-38.204698]]]}},{"type":"Feature","properties":{"hex_id":"83c203fffffffff","population":691818,"population_year":2025,"area_km2":7725.5,"population_density":89.5,"all_players":2,"players_per_million":2.89,"player_ids":["top5:emi-buendia:1996","top5:emiliano-martinez:1992"],"label":"Mar del Plata","country":"Argentina"},"geometry":{"type":"Polygon","coordinates":[[[-57.33946,-38.763897],[-56.978292,-38.422884],[-57.291796,-37.980681],[-57.962724,-37.880975],[-58.295648,-38.352175],[-57.99771,-38.728564],[-57.787802,-38.697249],[-57.33946,-38.763897]]]}},{"type":"Feature","properties":{"hex_id":"83c229fffffffff","population":86588,"population_year":2025,"area_km2":8291.7,"population_density":10.4,"all_players":1,"players_per_million":11.55,"player_ids":["top5:franco-mastantuono:2007"],"label":"Azul","country":"Argentina"},"geometry":{"type":"Polygon","coordinates":[[[-59.788176,-36.394827],[-60.131524,-36.875693],[-59.831265,-37.274854],[-59.19066,-37.192963],[-58.853283,-36.71438],[-59.150515,-36.315414],[-59.788176,-36.394827]]]}},{"type":"Feature","properties":{"hex_id":"83c2c4fffffffff","population":109526,"population_year":2025,"area_km2":8833.8,"population_density":12.4,"all_players":2,"players_per_million":18.26,"player_ids":["top5:franco-israel:2000","top5:rodrigo-bentancur:1997"],"label":"Nueva Helvecia","country":"Uruguay"},"geometry":{"type":"Polygon","coordinates":[[[-57.102564,-34.700194],[-56.743903,-34.319664],[-57.055609,-33.842843],[-57.722331,-33.748479],[-58.07815,-34.129709],[-57.770125,-34.604602],[-57.102564,-34.700194]]]}},{"type":"Feature","properties":{"hex_id":"83c2cafffffffff","population":413710,"population_year":2025,"area_km2":9549.5,"population_density":43.3,"all_players":2,"players_per_million":4.83,"player_ids":["top5:marcos-senesi:1997","top5:mauro-arambarri:1995"],"label":"Concordia","country":"Argentina"},"geometry":{"type":"Polygon","coordinates":[[[-57.934173,-31.496656],[-57.579793,-31.091114],[-57.886462,-30.589507],[-58.543797,-30.495744],[-58.895229,-30.901959],[-58.592307,-31.401267],[-57.934173,-31.496656]]]}},{"type":"Feature","properties":{"hex_id":"83c2dafffffffff","population":170805,"population_year":2025,"area_km2":9951.6,"population_density":17.2,"all_players":1,"players_per_million":5.85,"player_ids":["top5:ronald-araujo:1999"],"label":"Rivera","country":"Uruguay"},"geometry":{"type":"Polygon","coordinates":[[[-54.898655,-31.433197],[-54.537492,-31.013337],[-54.854902,-30.51203],[-55.530207,-30.432603],[-55.888967,-30.853111],[-55.574865,-31.3524],[-54.898655,-31.433197]]]}},{"type":"Feature","properties":{"hex_id":"83c2e2fffffffff","population":832474,"population_year":2025,"area_km2":8604.7,"population_density":96.7,"all_players":4,"players_per_million":4.8,"player_ids":["top5:benjamin-dominguez:2003","top5:carlos-alcaraz:2002","top5:geronimo-rulli:1992","top5:juan-foyth:1998"],"label":"La Plata","country":"Argentina"},"geometry":{"type":"Polygon","coordinates":[[[-57.14966,-35.542611],[-56.790499,-35.17012],[-57.102564,-34.700194],[-57.770125,-34.604602],[-58.126426,-34.977792],[-57.818061,-35.445874],[-57.14966,-35.542611]]]}},{"type":"Feature","properties":{"hex_id":"83c2e3fffffffff","population":14955631,"population_year":2025,"area_km2":8646.0,"population_density":1729.8,"all_players":22,"players_per_million":1.47,"player_ids":["top5:augusto-batalla:1996","top5:christian-ordonez:2004","top5:enzo-fernandez:2001","top5:facundo-medina:1999","top5:federico-gattoni:1999","top5:franco-carboni:2003","top5:giovanni-simeone:1995","top5:giuliano-simeone:2002","top5:guido-rodriguez:1994","top5:maximo-perrone:2003","top5:nahuel-estevez:1995","top5:nicolas-dominguez:1998","top5:nicolas-gonzalez:1998","top5:nicolas-tagliafico:1992","top5:santiago-castro:2004","top5:santiago-gimenez:2001","top5:santiago-pierotti:2001","top5:thiago-almada:2001","top5:thiago-fernandez:2004","top5:valentin-barco:2004","top5:valentin-carboni:2005","top5:valentin-gomez:2003"],"label":"Buenos Aires","country":"Argentina"},"geometry":{"type":"Polygon","coordinates":[[[-58.126426,-34.977792],[-57.770125,-34.604602],[-58.07815,-34.129709],[-58.738685,-34.029993],[-59.071246,-34.523027],[-58.77656,-34.937002],[-58.567821,-34.91082],[-58.126426,-34.977792]]]}},{"type":"Feature","properties":{"hex_id":"83c2e5fffffffff","population":74417,"population_year":2025,"area_km2":8469.8,"population_density":8.8,"all_players":1,"players_per_million":13.44,"player_ids":["top5:nahuel-tenaglia:1996"],"label":"Saladillo","country":"Argentina"},"geometry":{"type":"Polygon","coordinates":[[[-59.745454,-35.502181],[-60.087137,-35.988084],[-59.788176,-36.394827],[-59.150515,-36.315414],[-58.814758,-35.83186],[-59.110712,-35.425378],[-59.745454,-35.502181]]]}},{"type":"Feature","properties":{"hex_id":"83c2e8fffffffff","population":406411,"population_year":2025,"area_km2":9064.9,"population_density":44.8,"all_players":1,"players_per_million":2.46,"player_ids":["top5:juan-musso:1994"],"label":"San Nicolás de los Arroyos","country":"Argentina"},"geometry":{"type":"Polygon","coordinates":[[[-60.592631,-33.316098],[-60.936785,-33.813988],[-60.638811,-34.243789],[-59.999496,-34.175242],[-59.661098,-33.679743],[-59.956233,-33.250409],[-60.592631,-33.316098]]]}},{"type":"Feature","properties":{"hex_id":"83c2e9fffffffff","population":263225,"population_year":2025,"area_km2":9310.6,"population_density":28.3,"all_players":1,"players_per_million":3.8,"player_ids":["top5:matias-dituro:1987"],"label":"Bigand","country":"Argentina"},"geometry":{"type":"Polygon","coordinates":[[[-61.532919,-32.938822],[-61.882735,-33.439024],[-61.583332,-33.876863],[-60.936785,-33.813988],[-60.592631,-33.316098],[-60.889334,-32.87878],[-61.532919,-32.938822]]]}},{"type":"Feature","properties":{"hex_id":"83c2eafffffffff","population":66244,"population_year":2025,"area_km2":8996.5,"population_density":7.4,"all_players":1,"players_per_million":15.1,"player_ids":["top5:lisandro-martinez:1998"],"label":"Gualeguay","country":"Argentina"},"geometry":{"type":"Polygon","coordinates":[[[-59.619454,-32.750383],[-59.956233,-33.250409],[-59.661098,-33.679743],[-59.032115,-33.608562],[-58.866248,-33.360064],[-58.68975,-33.168448],[-58.993312,-32.682213],[-59.619454,-32.750383]]]}},{"type":"Feature","properties":{"hex_id":"83c2ebfffffffff","population":1470366,"population_year":2025,"area_km2":9241.7,"population_density":159.1,"all_players":4,"players_per_million":2.72,"player_ids":["top5:ezequiel-avila:1994","top5:facundo-buonanotte:2004","top5:giovani-lo-celso:1996","top5:lautaro-valenti:1999"],"label":"Rosario","country":"Argentina"},"geometry":{"type":"Polygon","coordinates":[[[-60.546841,-32.376319],[-60.889334,-32.87878],[-60.592631,-33.316098],[-59.956233,-33.250409],[-59.619454,-32.750383],[-59.913334,-32.31362],[-60.546841,-32.376319]]]}},{"type":"Feature","properties":{"hex_id":"83c2ecfffffffff","population":213851,"population_year":2025,"area_km2":8885.6,"population_density":24.1,"all_players":1,"players_per_million":4.68,"player_ids":["top5:alejo-sarco:2006"],"label":"Alberti","country":"Argentina"},"geometry":{"type":"Polygon","coordinates":[[[-60.638811,-34.243789],[-60.984642,-34.736914],[-60.685386,-35.159145],[-60.04313,-35.087873],[-59.703097,-34.597086],[-59.999496,-34.175242],[-60.638811,-34.243789]]]}},{"type":"Feature","properties":{"hex_id":"83c2edfffffffff","population":202912,"population_year":2025,"area_km2":9127.4,"population_density":22.2,"all_players":1,"players_per_million":4.93,"player_ids":["top5:nicolas-valentini:2001"],"label":"Junín","country":"Argentina"},"geometry":{"type":"Polygon","coordinates":[[[-61.583332,-33.876863],[-61.934866,-34.37225],[-61.634178,-34.802491],[-60.984642,-34.736914],[-60.638811,-34.243789],[-60.936785,-33.813988],[-61.583332,-33.876863]]]}},{"type":"Feature","properties":{"hex_id":"83c2f1fffffffff","population":1928786,"population_year":2025,"area_km2":8798.2,"population_density":219.2,"all_players":15,"players_per_million":7.78,"player_ids":["top5:agustin-albarracin:2005","top5:alan-matturro:2004","top5:carlos-benavidez:1998","top5:federico-valverde:1998","top5:federico-vinas:1998","top5:jose-maria-gimenez:1995","top5:leandro-cabrera:1991","top5:manuel-ugarte:2001","top5:martin-satriano:2001","top5:mathias-olivera:1997","top5:matias-vecino:1991","top5:santiago-bueno:1998","top5:santiago-mourino:2002","top5:sebastian-boselli:2003","top5:thiago-borbas:2002"],"label":"Montevideo","country":"Uruguay"},"geometry":{"type":"Polygon","coordinates":[[[-56.116189,-35.261303],[-55.754858,-34.881452],[-56.070469,-34.40974],[-56.743903,-34.319664],[-57.102564,-34.700194],[-56.790499,-35.17012],[-56.116189,-35.261303]]]}},{"type":"Feature","properties":{"hex_id":"83c2f3fffffffff","population":184783,"population_year":2025,"area_km2":8990.8,"population_density":20.6,"all_players":2,"players_per_million":10.82,"player_ids":["top5:alfonso-espino:1992","top5:cristhian-stuani:1986"],"label":"Tala","country":"Uruguay"},"geometry":{"type":"Polygon","coordinates":[[[-55.075011,-34.96696],[-54.711726,-34.579691],[-55.030719,-34.106251],[-55.709654,-34.021808],[-56.070469,-34.40974],[-55.754858,-34.881452],[-55.075011,-34.96696]]]}},{"type":"Feature","properties":{"hex_id":"83c340fffffffff","population":141195,"population_year":2025,"area_km2":9064.9,"population_density":15.6,"all_players":2,"players_per_million":14.16,"player_ids":["top5:alexis-mac-allister:1998","top5:nicolas-capaldo:1998"],"label":"Santa Rosa","country":"Argentina"},"geometry":{"type":"Polygon","coordinates":[[[-64.724619,-36.439532],[-65.100038,-36.919553],[-64.790771,-37.34315],[-64.108309,-37.286414],[-63.738368,-36.808178],[-64.045371,-36.3849],[-64.724619,-36.439532]]]}},{"type":"Feature","properties":{"hex_id":"83c349fffffffff","population":59392,"population_year":2025,"area_km2":9617.6,"population_density":6.2,"all_players":1,"players_per_million":16.84,"player_ids":["top5:martin-payero:1998"],"label":"Pascanas","country":"Argentina"},"geometry":{"type":"Polygon","coordinates":[[[-63.49719,-33.101224],[-63.859791,-33.600899],[-63.556708,-34.047374],[-62.893394,-33.993649],[-62.536266,-33.496077],[-62.836945,-33.050135],[-63.49719,-33.101224]]]}},{"type":"Feature","properties":{"hex_id":"83c34bfffffffff","population":131913,"population_year":2025,"area_km2":9371.5,"population_density":14.1,"all_players":2,"players_per_million":15.16,"player_ids":["top5:lucas-boye:1996","top5:paulo-gazzaniga:1992"],"label":"San Gregorio","country":"Argentina"},"geometry":{"type":"Polygon","coordinates":[[[-62.536266,-33.496077],[-62.893394,-33.993649],[-62.591428,-34.431976],[-61.934866,-34.37225],[-61.583332,-33.876863],[-61.882735,-33.439024],[-62.536266,-33.496077]]]}},{"type":"Feature","properties":{"hex_id":"83c34efffffffff","population":124231,"population_year":2025,"area_km2":9228.9,"population_density":13.5,"all_players":1,"players_per_million":8.05,"player_ids":["top5:aaron-anselmino:2005"],"label":"Bernardo Larroudé","country":"Argentina"},"geometry":{"type":"Polygon","coordinates":[[[-63.61674,-34.980731],[-63.982977,-35.470017],[-63.677291,-35.901065],[-63.007756,-35.842443],[-62.647066,-35.355151],[-62.950329,-34.924495],[-63.61674,-34.980731]]]}},{"type":"Feature","properties":{"hex_id":"83c350fffffffff","population":374583,"population_year":2025,"area_km2":8441.3,"population_density":44.4,"all_players":1,"players_per_million":2.67,"player_ids":["top5:lautaro-martinez:1997"],"label":"Bahía Blanca","country":"Argentina"},"geometry":{"type":"Polygon","coordinates":[[[-62.816892,-38.046353],[-63.06065,-38.360526],[-63.10695,-38.529825],[-62.643086,-38.956683],[-62.046138,-38.870939],[-61.961768,-38.533389],[-61.841997,-38.376751],[-62.147932,-37.977212],[-62.816892,-38.046353]]]}}]}