{"type":"FeatureCollection","metadata":{"population_source":"WorldPop Global 2 R2025A","population_source_url":"https://hub.worldpop.org/project/categories?id=3","population_license":"CC BY 4.0","population_year":2025,"raster_resolution":"1km","h3_resolution":1,"population_method":"official_country_rasters","occupied_cells":119,"reference_cells":145,"total_cells":264,"mapped_players":2423},"features":[{"type":"Feature","properties":{"hex_id":"8101bffffffffff","population":2822,"population_year":2025,"area_km2":565620.1,"population_density":0.0,"all_players":0,"reference_cell":true,"players_per_million":0.0,"player_ids":[],"label":"Mapped area","country":"Russia"},"geometry":{"type":"Polygon","coordinates":[[[50.524201,68.529879],[62.345345,69.393596],[67.048172,73.267466],[55.653768,76.667436],[40.011399,75.012318],[41.097497,70.96472],[46.472291,69.828553],[50.524201,68.529879]]]}},{"type":"Feature","properties":{"hex_id":"8102fffffffffff","population":2338,"population_year":2025,"area_km2":647632.6,"population_density":0.0,"all_players":0,"reference_cell":true,"players_per_million":0.0,"player_ids":[],"label":"Mapped area","country":"Canada"},"geometry":{"type":"Polygon","coordinates":[[[-115.601683,75.133107],[-120.27955,70.853402],[-112.535759,67.413217],[-100.82187,67.535924],[-92.691228,71.229128],[-98.251892,75.422962],[-115.601683,75.133107]]]}},{"type":"Feature","properties":{"hex_id":"81037ffffffffff","population":691,"population_year":2025,"area_km2":602082.0,"population_density":0.0,"all_players":0,"reference_cell":true,"players_per_million":0.0,"player_ids":[],"label":"Mapped area","country":"Greenland"},"geometry":{"type":"Polygon","coordinates":[[[-51.704878,84.935556],[-90.381097,82.85349],[-88.037104,81.480857],[-84.348954,78.735601],[-65.32649,76.667577],[-45.91067,77.635897],[-34.758418,81.271372],[-51.704878,84.935556]]]}},{"type":"Feature","properties":{"hex_id":"8104bffffffffff","population":31189,"population_year":2025,"area_km2":707475.0,"population_density":0.0,"all_players":0,"reference_cell":true,"players_per_million":0.0,"player_ids":[],"label":"Mapped area","country":"Russia"},"geometry":{"type":"Polygon","coordinates":[[[129.384261,66.949156],[135.198558,62.994515],[145.336138,62.492156],[152.881553,65.789618],[149.987129,70.364724],[135.695441,71.075802],[129.384261,66.949156]]]}},{"type":"Feature","properties":{"hex_id":"8104fffffffffff","population":21592,"population_year":2025,"area_km2":707475.0,"population_density":0.0,"all_players":0,"reference_cell":true,"players_per_million":0.0,"player_ids":[],"label":"Mapped area","country":"Russia"},"geometry":{"type":"Polygon","coordinates":[[[149.987129,70.364724],[152.881553,65.789618],[163.040872,64.016596],[172.861371,66.192923],[174.748939,70.794727],[161.912076,73.368862],[149.987129,70.364724]]]}},{"type":"Feature","properties":{"hex_id":"8105bffffffffff","population":21554,"population_year":2025,"area_km2":707475.0,"population_density":0.0,"all_players":0,"reference_cell":true,"players_per_million":0.0,"player_ids":[],"label":"Mapped area","country":"Russia"},"geometry":{"type":"Polygon","coordinates":[[[108.413824,69.22606],[117.812925,66.203286],[129.384261,66.949156],[135.695441,71.075802],[126.868059,75.097003],[109.858698,73.856836],[108.413824,69.22606]]]}},{"type":"Feature","properties":{"hex_id":"8106bffffffffff","population":5211,"population_year":2025,"area_km2":647632.6,"population_density":0.0,"all_players":0,"reference_cell":true,"players_per_million":0.0,"player_ids":[],"label":"Mapped area","country":"Greenland"},"geometry":{"type":"Polygon","coordinates":[[[-45.91067,77.635897],[-65.32649,76.667577],[-66.904499,72.204705],[-56.071293,69.196235],[-43.375396,69.88664],[-36.633558,73.761431],[-45.91067,77.635897]]]}},{"type":"Feature","properties":{"hex_id":"8106fffffffffff","population":41442,"population_year":2025,"area_km2":666617.1,"population_density":0.1,"all_players":0,"reference_cell":true,"players_per_million":0.0,"player_ids":[],"label":"Mapped area","country":"Greenland"},"geometry":{"type":"Polygon","coordinates":[[[-43.375396,69.88664],[-56.071293,69.196235],[-58.725708,64.659918],[-51.550083,61.330819],[-42.19853,61.972727],[-37.357894,65.96668],[-43.375396,69.88664]]]}},{"type":"Feature","properties":{"hex_id":"81077ffffffffff","population":396051,"population_year":2025,"area_km2":523941.7,"population_density":0.8,"all_players":6,"reference_cell":false,"players_per_million":15.15,"player_ids":["top5:albert-gumundsson:1997","top5:hakon-haraldsson:2003","top5:hakon-valdimarsson:2001","top5:mikael-ellertsson:2002","top5:orir-johann-helgason:2000","top5:orri-steinn-oskarsson:2004"],"label":"Reykjavík","country":"Iceland"},"geometry":{"type":"Polygon","coordinates":[[[-10.558792,67.153548],[-19.871381,68.67811],[-27.216822,65.518953],[-24.570766,61.430405],[-20.650926,60.988277],[-16.371962,60.568694],[-10.444978,63.095054],[-10.558792,67.153548]]]}},{"type":"Feature","properties":{"hex_id":"81083ffffffffff","population":933100,"population_year":2025,"area_km2":328434.6,"population_density":2.8,"all_players":7,"reference_cell":false,"players_per_million":7.5,"player_ids":["top5:alexander-srloth:1995","top5:andreas-hanche-olsen:1997","top5:leo-skiri-stigard:1999","top5:marius-broholm:2004","top5:sander-tangvik:2002","top5:torbjrn-heggem:1999","top5:warren-kamanzi:2000"],"label":"Trondheim","country":"Norway"},"geometry":{"type":"Polygon","coordinates":[[[4.012621,63.327061],[8.644221,61.890838],[11.08066,61.540515],[15.771774,62.889968],[17.535446,63.800793],[16.433697,66.327262],[14.813659,67.351769],[8.130261,67.468428],[5.239259,67.015633],[3.699933,64.525608],[4.012621,63.327061]]]}},{"type":"Feature","properties":{"hex_id":"8108bffffffffff","population":9413392,"population_year":2025,"area_km2":447684.2,"population_density":21.0,"all_players":22,"reference_cell":false,"players_per_million":2.34,"player_ids":["top5:alexander-isak:1999","top5:alieu-njie:2005","top5:carl-starfelt:1995","top5:daniel-svensson:2002","top5:glen-kamara:1995","top5:hjalmar-ekdal:1998","top5:isak-hien:1999","top5:isak-vural:2006","top5:jesper-karlstrom:1995","top5:joel-asoro:1999","top5:jrgen-strand-larsen:2000","top5:kjetil-haug:1998","top5:love-arrhov:2008","top5:lucas-bergstrom:2002","top5:lucas-bergvall:2006","top5:mayckel-lahdo:2002","top5:patrik-carlgren:1992","top5:pontus-almqvist:1999","top5:victor-lindelof:1994","top5:viktor-gyokeres:1998","top5:williot-swedberg:2004","top5:yasin-ayari:2003"],"label":"Stockholm","country":"Sweden"},"geometry":{"type":"Polygon","coordinates":[[[11.08066,61.540515],[11.555978,58.130531],[18.275236,56.632953],[25.082722,58.401545],[24.517172,62.478113],[17.535446,63.800793],[15.771774,62.889968],[11.08066,61.540515]]]}},{"type":"Feature","properties":{"hex_id":"8108fffffffffff","population":1665418,"population_year":2025,"area_km2":447684.2,"population_density":3.7,"all_players":1,"reference_cell":false,"players_per_million":0.6,"player_ids":["top5:tuomas-ollila:2000"],"label":"Finland","country":"Finland"},"geometry":{"type":"Polygon","coordinates":[[[17.535446,63.800793],[24.517172,62.478113],[31.517537,64.873037],[31.83128,68.929958],[20.597244,70.052152],[14.813659,67.351769],[16.433697,66.327262],[17.535446,63.800793]]]}},{"type":"Feature","properties":{"hex_id":"81097ffffffffff","population":212121,"population_year":2025,"area_km2":447684.2,"population_density":0.5,"all_players":1,"reference_cell":false,"players_per_million":4.71,"player_ids":["top5:isak-hansen-aaren:2004"],"label":"Tromsø Municipality","country":"Norway"},"geometry":{"type":"Polygon","coordinates":[[[14.813659,67.351769],[20.597244,70.052152],[14.551845,73.487456],[0.32561,73.310224],[-1.666586,69.273859],[5.239259,67.015633],[8.130261,67.468428],[14.813659,67.351769]]]}},{"type":"Feature","properties":{"hex_id":"8109bffffffffff","population":4354591,"population_year":2025,"area_km2":447684.2,"population_density":9.7,"all_players":19,"reference_cell":false,"players_per_million":4.36,"player_ids":["top5:alexander-rssing-lelesiit:2007","top5:antonio-nusa:2005","top5:aron-dnnum:1998","top5:david-mller-wolfe:2002","top5:dennis-johnsen:1998","top5:fredrik-oppegard:2002","top5:joel-mvuka:2002","top5:jones-el-abdellaoui:2006","top5:julian-ryerson:1997","top5:kristian-thorstvedt:1999","top5:kristoffer-ajer:1998","top5:martin-degaard:1998","top5:mathias-rasmussen:1997","top5:morten-thorsby:1996","top5:osame-sahraoui:2001","top5:oscar-bobb:2003","top5:rjan-nyland:1990","top5:sander-berge:1998","top5:sebastian-sebulonsen:2000"],"label":"Oslo","country":"Norway"},"geometry":{"type":"Polygon","coordinates":[[[4.012621,63.327061],[-2.297526,61.54551],[-0.931587,57.689497],[5.523647,55.706768],[11.555978,58.130531],[11.08066,61.540515],[8.644221,61.890838],[4.012621,63.327061]]]}},{"type":"Feature","properties":{"hex_id":"810a3ffffffffff","population":15551,"population_year":2025,"area_km2":614937.0,"population_density":0.0,"all_players":0,"reference_cell":true,"players_per_million":0.0,"player_ids":[],"label":"Mapped area","country":"Russia"},"geometry":{"type":"Polygon","coordinates":[[[82.82708,61.436708],[91.709638,60.139795],[96.240077,61.905822],[98.786556,62.669688],[97.85633,67.05472],[86.645208,68.69087],[81.658054,66.606968],[79.339924,65.556929],[82.82708,61.436708]]]}},{"type":"Feature","properties":{"hex_id":"810a7ffffffffff","population":196238,"population_year":2025,"area_km2":666617.1,"population_density":0.3,"all_players":0,"reference_cell":true,"players_per_million":0.0,"player_ids":[],"label":"Mapped area","country":"Russia"},"geometry":{"type":"Polygon","coordinates":[[[86.645208,68.69087],[97.85633,67.05472],[108.413824,69.22606],[109.858698,73.856836],[94.14309,76.163043],[82.219119,72.97478],[86.645208,68.69087]]]}},{"type":"Feature","properties":{"hex_id":"810abffffffffff","population":1212649,"population_year":2025,"area_km2":602082.0,"population_density":2.0,"all_players":0,"reference_cell":true,"players_per_million":0.0,"player_ids":[],"label":"Mapped area","country":"Russia"},"geometry":{"type":"Polygon","coordinates":[[[91.709638,60.139795],[93.387021,55.707268],[100.363977,53.907861],[106.403496,56.210611],[106.865913,60.356643],[98.786556,62.669688],[96.240077,61.905822],[91.709638,60.139795]]]}},{"type":"Feature","properties":{"hex_id":"810afffffffffff","population":76079,"population_year":2025,"area_km2":647632.6,"population_density":0.1,"all_players":0,"reference_cell":true,"players_per_million":0.0,"player_ids":[],"label":"Mapped area","country":"Russia"},"geometry":{"type":"Polygon","coordinates":[[[98.786556,62.669688],[106.865913,60.356643],[115.450927,61.840988],[117.812925,66.203286],[108.413824,69.22606],[97.85633,67.05472],[98.786556,62.669688]]]}},{"type":"Feature","properties":{"hex_id":"810b3ffffffffff","population":1901855,"population_year":2025,"area_km2":647632.6,"population_density":2.9,"all_players":0,"reference_cell":true,"players_per_million":0.0,"player_ids":[],"label":"Mapped area","country":"Russia"},"geometry":{"type":"Polygon","coordinates":[[[63.444622,62.11439],[68.256323,58.319104],[77.086922,58.009332],[82.82708,61.436708],[79.339924,65.556929],[68.434911,65.939814],[63.444622,62.11439]]]}},{"type":"Feature","properties":{"hex_id":"810b7ffffffffff","population":191910,"population_year":2025,"area_km2":602082.0,"population_density":0.3,"all_players":0,"reference_cell":true,"players_per_million":0.0,"player_ids":[],"label":"Mapped area","country":"Russia"},"geometry":{"type":"Polygon","coordinates":[[[68.434911,65.939814],[79.339924,65.556929],[81.658054,66.606968],[86.645208,68.69087],[82.219119,72.97478],[67.048172,73.267466],[62.345345,69.393596],[68.434911,65.939814]]]}},{"type":"Feature","properties":{"hex_id":"810bbffffffffff","population":8932382,"population_year":2025,"area_km2":666617.1,"population_density":13.4,"all_players":1,"reference_cell":false,"players_per_million":0.11,"player_ids":["top5:aleksandr-golovin:1996"],"label":"Kaltan","country":"Russia"},"geometry":{"type":"Polygon","coordinates":[[[77.086922,58.009332],[80.202852,53.696279],[87.772964,52.654203],[93.387021,55.707268],[91.709638,60.139795],[82.82708,61.436708],[77.086922,58.009332]]]}},{"type":"Feature","properties":{"hex_id":"810c3ffffffffff","population":42880,"population_year":2025,"area_km2":595741.2,"population_density":0.1,"all_players":0,"reference_cell":true,"players_per_million":0.0,"player_ids":[],"label":"Mapped area","country":"United States of America"},"geometry":{"type":"Polygon","coordinates":[[[-163.872968,68.219217],[-169.091718,64.2142],[-164.065588,60.729126],[-155.360739,60.701203],[-149.202517,63.948243],[-152.088489,67.932376],[-163.872968,68.219217]]]}},{"type":"Feature","properties":{"hex_id":"810c7ffffffffff","population":533626,"population_year":2025,"area_km2":510516.1,"population_density":1.0,"all_players":1,"reference_cell":false,"players_per_million":1.87,"player_ids":["top5:obed-vargas:2005"],"label":"Anchorage","country":"United States"},"geometry":{"type":"Polygon","coordinates":[[[-149.202517,63.948243],[-155.360739,60.701203],[-152.702606,57.141857],[-145.612516,56.566979],[-139.683593,59.169483],[-140.412111,62.920062],[-149.202517,63.948243]]]}},{"type":"Feature","properties":{"hex_id":"810d7ffffffffff","population":122421,"population_year":2025,"area_km2":565620.1,"population_density":0.2,"all_players":0,"reference_cell":true,"players_per_million":0.0,"player_ids":[],"label":"Mapped area","country":"United States of America"},"geometry":{"type":"Polygon","coordinates":[[[-142.919373,71.083959],[-152.088489,67.932376],[-149.202517,63.948243],[-140.412111,62.920062],[-136.546429,64.175123],[-132.520489,65.059255],[-131.708839,69.371341],[-142.919373,71.083959]]]}},{"type":"Feature","properties":{"hex_id":"810e3ffffffffff","population":13465,"population_year":2025,"area_km2":729486.9,"population_density":0.0,"all_players":0,"reference_cell":true,"players_per_million":0.0,"player_ids":[],"label":"Mapped area","country":"Canada"},"geometry":{"type":"Polygon","coordinates":[[[-78.077659,65.180967],[-86.446205,62.18753],[-84.540033,57.523646],[-76.558908,55.680396],[-69.054996,58.110019],[-68.564935,62.864504],[-78.077659,65.180967]]]}},{"type":"Feature","properties":{"hex_id":"810e7ffffffffff","population":60468,"population_year":2025,"area_km2":707475.0,"population_density":0.1,"all_players":0,"reference_cell":true,"players_per_million":0.0,"player_ids":[],"label":"Mapped area","country":"Canada"},"geometry":{"type":"Polygon","coordinates":[[[-69.054996,58.110019],[-76.558908,55.680396],[-76.057729,50.990211],[-69.719479,48.757432],[-63.200774,50.770503],[-62.078266,55.374512],[-69.054996,58.110019]]]}},{"type":"Feature","properties":{"hex_id":"810efffffffffff","population":62397,"population_year":2025,"area_km2":707475.0,"population_density":0.1,"all_players":0,"reference_cell":true,"players_per_million":0.0,"player_ids":[],"label":"Mapped area","country":"Canada"},"geometry":{"type":"Polygon","coordinates":[[[-84.540033,57.523646],[-90.651446,54.300916],[-88.654124,49.812423],[-81.919627,48.295316],[-76.057729,50.990211],[-76.558908,55.680396],[-84.540033,57.523646]]]}},{"type":"Feature","properties":{"hex_id":"810f3ffffffffff","population":11563,"population_year":2025,"area_km2":707475.0,"population_density":0.0,"all_players":0,"reference_cell":true,"players_per_million":0.0,"player_ids":[],"label":"Mapped area","country":"Canada"},"geometry":{"type":"Polygon","coordinates":[[[-66.904499,72.204705],[-79.308239,69.857286],[-78.077659,65.180967],[-68.564935,62.864504],[-58.725708,64.659918],[-56.071293,69.196235],[-66.904499,72.204705]]]}},{"type":"Feature","properties":{"hex_id":"810fbffffffffff","population":15072,"population_year":2025,"area_km2":707475.0,"population_density":0.0,"all_players":0,"reference_cell":true,"players_per_million":0.0,"player_ids":[],"label":"Mapped area","country":"Canada"},"geometry":{"type":"Polygon","coordinates":[[[-92.691228,71.229128],[-100.82187,67.535924],[-96.445263,63.251731],[-86.446205,62.18753],[-78.077659,65.180967],[-79.308239,69.857286],[-92.691228,71.229128]]]}},{"type":"Feature","properties":{"hex_id":"81103ffffffffff","population":7260528,"population_year":2025,"area_km2":595741.2,"population_density":12.2,"all_players":0,"reference_cell":true,"players_per_million":0.0,"player_ids":[],"label":"Mapped area","country":"Russia"},"geometry":{"type":"Polygon","coordinates":[[[37.661108,58.480663],[43.547482,55.820804],[51.151314,57.156372],[53.982547,61.440921],[47.556244,64.441746],[38.741468,62.771655],[37.661108,58.480663]]]}},{"type":"Feature","properties":{"hex_id":"81107ffffffffff","population":457285,"population_year":2025,"area_km2":595741.2,"population_density":0.8,"all_players":0,"reference_cell":true,"players_per_million":0.0,"player_ids":[],"label":"Mapped area","country":"Russia"},"geometry":{"type":"Polygon","coordinates":[[[47.556244,64.441746],[53.982547,61.440921],[63.444622,62.11439],[68.434911,65.939814],[62.345345,69.393596],[50.524201,68.529879],[47.556244,64.441746]]]}},{"type":"Feature","properties":{"hex_id":"8110bffffffffff","population":17682128,"population_year":2025,"area_km2":647632.6,"population_density":27.3,"all_players":1,"reference_cell":false,"players_per_million":0.06,"player_ids":["top5:arsen-zakharyan:2003"],"label":"Samara","country":"Russia"},"geometry":{"type":"Polygon","coordinates":[[[42.136829,51.409437],[47.038223,48.339942],[53.670494,49.372118],[56.286118,53.745323],[51.151314,57.156372],[43.547482,55.820804],[42.136829,51.409437]]]}},{"type":"Feature","properties":{"hex_id":"8110fffffffffff","population":15835980,"population_year":2025,"area_km2":666617.1,"population_density":23.8,"all_players":0,"reference_cell":true,"players_per_million":0.0,"player_ids":[],"label":"Mapped area","country":"Russia"},"geometry":{"type":"Polygon","coordinates":[[[51.151314,57.156372],[56.286118,53.745323],[64.158618,54.257565],[68.256323,58.319104],[63.444622,62.11439],[53.982547,61.440921],[51.151314,57.156372]]]}},{"type":"Feature","properties":{"hex_id":"81113ffffffffff","population":12600486,"population_year":2025,"area_km2":510516.1,"population_density":24.7,"all_players":3,"reference_cell":false,"players_per_million":0.24,"player_ids":["top5:karl-jakob-hein:2002","top5:karol-mets:1993","top5:ville-koski:2002"],"label":"Tuusula","country":"Estonia"},"geometry":{"type":"Polygon","coordinates":[[[25.082722,58.401545],[31.095814,56.470005],[37.661108,58.480663],[38.741468,62.771655],[31.517537,64.873037],[24.517172,62.478113],[25.082722,58.401545]]]}},{"type":"Feature","properties":{"hex_id":"81117ffffffffff","population":1086228,"population_year":2025,"area_km2":523941.7,"population_density":2.1,"all_players":0,"reference_cell":true,"players_per_million":0.0,"player_ids":[],"label":"Mapped area","country":"Russia"},"geometry":{"type":"Polygon","coordinates":[[[31.517537,64.873037],[38.741468,62.771655],[47.556244,64.441746],[50.524201,68.529879],[46.472291,69.828553],[41.097497,70.96472],[31.83128,68.929958],[31.517537,64.873037]]]}},{"type":"Feature","properties":{"hex_id":"8111bffffffffff","population":41364282,"population_year":2025,"area_km2":565620.1,"population_density":73.1,"all_players":1,"reference_cell":false,"players_per_million":0.02,"player_ids":["top5:vladyslav-krapyvtsov:2005"],"label":"Kharkiv","country":"Russia"},"geometry":{"type":"Polygon","coordinates":[[[30.654128,52.413789],[36.116724,49.779343],[42.136829,51.409437],[43.547482,55.820804],[37.661108,58.480663],[31.095814,56.470005],[31.017704,54.340219],[30.654128,52.413789]]]}},{"type":"Feature","properties":{"hex_id":"81123ffffffffff","population":259045,"population_year":2025,"area_km2":595741.2,"population_density":0.4,"all_players":0,"reference_cell":true,"players_per_million":0.0,"player_ids":[],"label":"Mapped area","country":"Canada"},"geometry":{"type":"Polygon","coordinates":[[[-125.340792,62.233521],[-126.852536,58.04535],[-121.442455,54.91665],[-114.22928,55.478388],[-110.956309,59.515942],[-116.446531,63.195772],[-125.340792,62.233521]]]}},{"type":"Feature","properties":{"hex_id":"81127ffffffffff","population":908704,"population_year":2025,"area_km2":647632.6,"population_density":1.4,"all_players":0,"reference_cell":true,"players_per_million":0.0,"player_ids":[],"label":"Mapped area","country":"Canada"},"geometry":{"type":"Polygon","coordinates":[[[-110.956309,59.515942],[-114.22928,55.478388],[-109.994611,51.754866],[-102.902298,51.556776],[-98.561848,55.218551],[-102.119965,59.471859],[-110.956309,59.515942]]]}},{"type":"Feature","properties":{"hex_id":"8112bffffffffff","population":269082,"population_year":2025,"area_km2":510516.1,"population_density":0.5,"all_players":0,"reference_cell":true,"players_per_million":0.0,"player_ids":[],"label":"Mapped area","country":"Canada"},"geometry":{"type":"Polygon","coordinates":[[[-133.521093,56.759266],[-133.851142,52.846691],[-128.909854,50.154512],[-123.122866,50.984711],[-121.442455,54.91665],[-126.852536,58.04535],[-133.521093,56.759266]]]}},{"type":"Feature","properties":{"hex_id":"8112fffffffffff","population":5303773,"population_year":2025,"area_km2":565620.1,"population_density":9.4,"all_players":1,"reference_cell":false,"players_per_million":0.19,"player_ids":["top5:fikayo-tomori:1997"],"label":"Calgary","country":"Canada"},"geometry":{"type":"Polygon","coordinates":[[[-121.442455,54.91665],[-123.122866,50.984711],[-120.907545,49.395034],[-119.232215,47.804097],[-112.788004,48.011188],[-109.994611,51.754866],[-114.22928,55.478388],[-121.442455,54.91665]]]}},{"type":"Feature","properties":{"hex_id":"81133ffffffffff","population":5236,"population_year":2025,"area_km2":595741.2,"population_density":0.0,"all_players":0,"reference_cell":true,"players_per_million":0.0,"player_ids":[],"label":"Mapped area","country":"Canada"},"geometry":{"type":"Polygon","coordinates":[[[-131.708839,69.371341],[-132.520489,65.059255],[-125.340792,62.233521],[-116.446531,63.195772],[-112.535759,67.413217],[-120.27955,70.853402],[-131.708839,69.371341]]]}},{"type":"Feature","properties":{"hex_id":"81137ffffffffff","population":23114,"population_year":2025,"area_km2":666617.1,"population_density":0.0,"all_players":0,"reference_cell":true,"players_per_million":0.0,"player_ids":[],"label":"Mapped area","country":"Canada"},"geometry":{"type":"Polygon","coordinates":[[[-112.535759,67.413217],[-116.446531,63.195772],[-110.956309,59.515942],[-102.119965,59.471859],[-96.445263,63.251731],[-100.82187,67.535924],[-112.535759,67.413217]]]}},{"type":"Feature","properties":{"hex_id":"8113bffffffffff","population":85150,"population_year":2025,"area_km2":523941.7,"population_density":0.2,"all_players":0,"reference_cell":true,"players_per_million":0.0,"player_ids":[],"label":"Mapped area","country":"Canada"},"geometry":{"type":"Polygon","coordinates":[[[-140.412111,62.920062],[-139.683593,59.169483],[-133.521093,56.759266],[-126.852536,58.04535],[-125.340792,62.233521],[-132.520489,65.059255],[-136.546429,64.175123],[-140.412111,62.920062]]]}},{"type":"Feature","properties":{"hex_id":"81143ffffffffff","population":377000,"population_year":2025,"area_km2":595741.2,"population_density":0.6,"all_players":0,"reference_cell":true,"players_per_million":0.0,"player_ids":[],"label":"Mapped area","country":"Russia"},"geometry":{"type":"Polygon","coordinates":[[[119.522746,54.65963],[124.345783,51.539549],[131.306406,51.820419],[134.931079,55.37457],[130.59503,59.102261],[121.890193,58.63844],[119.522746,54.65963]]]}},{"type":"Feature","properties":{"hex_id":"81147ffffffffff","population":22608,"population_year":2025,"area_km2":647632.6,"population_density":0.0,"all_players":0,"reference_cell":true,"players_per_million":0.0,"player_ids":[],"label":"Mapped area","country":"Russia"},"geometry":{"type":"Polygon","coordinates":[[[130.59503,59.102261],[134.931079,55.37457],[142.769061,54.986762],[148.177645,58.234439],[145.336138,62.492156],[135.198558,62.994515],[130.59503,59.102261]]]}},{"type":"Feature","properties":{"hex_id":"8114bffffffffff","population":29000700,"population_year":2025,"area_km2":510516.1,"population_density":56.8,"all_players":0,"reference_cell":true,"players_per_million":0.0,"player_ids":[],"label":"Mapped area","country":"China"},"geometry":{"type":"Polygon","coordinates":[[[122.152595,47.997963],[125.981142,45.096434],[131.774401,45.253613],[134.763936,48.418018],[131.306406,51.820419],[124.345783,51.539549],[122.152595,47.997963]]]}},{"type":"Feature","properties":{"hex_id":"8114fffffffffff","population":1113587,"population_year":2025,"area_km2":565620.1,"population_density":2.0,"all_players":0,"reference_cell":true,"players_per_million":0.0,"player_ids":[],"label":"Mapped area","country":"Russia"},"geometry":{"type":"Polygon","coordinates":[[[131.306406,51.820419],[134.763936,48.418018],[137.965723,48.304388],[140.81932,47.943535],[145.328516,51.128254],[142.769061,54.986762],[134.931079,55.37457],[131.306406,51.820419]]]}},{"type":"Feature","properties":{"hex_id":"81153ffffffffff","population":126798,"population_year":2025,"area_km2":595741.2,"population_density":0.2,"all_players":0,"reference_cell":true,"players_per_million":0.0,"player_ids":[],"label":"Mapped area","country":"Russia"},"geometry":{"type":"Polygon","coordinates":[[[106.403496,56.210611],[112.463708,53.643972],[119.522746,54.65963],[121.890193,58.63844],[115.450927,61.840988],[106.865913,60.356643],[106.403496,56.210611]]]}},{"type":"Feature","properties":{"hex_id":"81157ffffffffff","population":726333,"population_year":2025,"area_km2":666617.1,"population_density":1.1,"all_players":0,"reference_cell":true,"players_per_million":0.0,"player_ids":[],"label":"Mapped area","country":"Russia"},"geometry":{"type":"Polygon","coordinates":[[[115.450927,61.840988],[121.890193,58.63844],[130.59503,59.102261],[135.198558,62.994515],[129.384261,66.949156],[117.812925,66.203286],[115.450927,61.840988]]]}},{"type":"Feature","properties":{"hex_id":"8115bffffffffff","population":2243940,"population_year":2025,"area_km2":523941.7,"population_density":4.3,"all_players":0,"reference_cell":true,"players_per_million":0.0,"player_ids":[],"label":"Mapped area","country":"Russia"},"geometry":{"type":"Polygon","coordinates":[[[111.70886,49.606695],[116.212896,47.309451],[122.152595,47.997963],[124.345783,51.539549],[119.522746,54.65963],[112.463708,53.643972],[111.933609,51.732178],[111.70886,49.606695]]]}},{"type":"Feature","properties":{"hex_id":"81173ffffffffff","population":127147,"population_year":2025,"area_km2":666617.1,"population_density":0.2,"all_players":0,"reference_cell":true,"players_per_million":0.0,"player_ids":[],"label":"Mapped area","country":"Russia"},"geometry":{"type":"Polygon","coordinates":[[[145.336138,62.492156],[148.177645,58.234439],[156.278507,56.9607],[163.347047,59.536413],[163.040872,64.016596],[152.881553,65.789618],[145.336138,62.492156]]]}},{"type":"Feature","properties":{"hex_id":"81177ffffffffff","population":6619,"population_year":2025,"area_km2":647632.6,"population_density":0.0,"all_players":0,"reference_cell":true,"players_per_million":0.0,"player_ids":[],"label":"Mapped area","country":"Russia"},"geometry":{"type":"MultiPolygon","coordinates":[[[[180.0,61.652371],[178.579985,59.032172],[170.667381,57.359098],[163.347047,59.536413],[163.040872,64.016596],[172.861371,66.192923],[180.0,63.613575],[180.0,61.652371]]],[[[-180.0,63.613575],[-179.111175,63.292423],[-180.0,61.652371],[-180.0,63.613575]]]]}},{"type":"Feature","properties":{"hex_id":"81183ffffffffff","population":6292474,"population_year":2025,"area_km2":595741.2,"population_density":10.6,"all_players":12,"reference_cell":false,"players_per_million":1.91,"player_ids":["top5:alex-murphy:2004","top5:andrew-omobamidele:2002","top5:caoimhin-kelleher:1998","top5:conor-bradley:2003","top5:corrie-ndaba:1999","top5:dennis-cirkin:2002","top5:evan-ferguson:2004","top5:jake-o-brien:2001","top5:matt-doherty:1992","top5:nathan-collins:2001","top5:seamus-coleman:1988","top5:trai-hume:2002"],"label":"Dublin","country":"Ireland"},"geometry":{"type":"Polygon","coordinates":[[[-13.791647,56.736324],[-18.841172,53.740207],[-16.382341,49.609269],[-9.724736,48.430094],[-4.88976,51.223728],[-6.436337,55.37739],[-13.791647,56.736324]]]}},{"type":"Feature","properties":{"hex_id":"81187ffffffffff","population":21841357,"population_year":2025,"area_km2":595741.2,"population_density":36.7,"all_players":117,"reference_cell":false,"players_per_million":5.36,"player_ids":["top5:abdoulaye-toure:1994","top5:aitor-fernandez:1991","top5:aitor-paredes:2000","top5:aladji-bamba:2006","top5:alejandro-rego:2003","top5:alex-padilla:2003","top5:alex-scott:2003","top5:alex-sola:1999","top5:alimami-gory:1996","top5:alvaro-nunez:2000","top5:alvaro-odriozola:1995","top5:ander-barrenetxea:2001","top5:ander-guevara:1997","top5:andoni-gorosabel:1996","top5:aritz-elustondo:1994","top5:arkaitz-mariezkurrena:2005","top5:arthur-atta:2003","top5:asier-hierro:2005","top5:aurelien-tchouameni:2000","top5:axel-camblan:2003","top5:bahereba-guirassy:2006","top5:bashir-humphreys:2003","top5:batista-mendy:2000","top5:benat-turrientes:2002","top5:benoit-badiashile:2001","top5:brendan-chardonnet:1994","top5:dan-sinate:2006","top5:dani-raba:1995","top5:daniel-vivian:1999","top5:daren-mosengo:2006","top5:dayot-upamecano:1998","top5:desire-doue:2005","top5:eder-garcia:2004","top5:eli-junior-kroupi:2006","top5:enzo-koffi-vinette:2006","top5:enzo-le-fee:2000","top5:ethan-ampadu:2000","top5:felix-lemarechal:2003","top5:florent-hanin:1990","top5:francis-coquelin:1991","top5:frederic-guilbert:1994","top5:georginio-rutter:2002","top5:gorka-carrera:2005","top5:gorka-guruzeta:1996","top5:guela-doue:2002","top5:himad-abdelli:1999","top5:ibai-aguirre:2007","top5:igor-zubeldia:1997","top5:ilane-toure:2006","top5:iliman-ndiaye:2000","top5:inaki-williams:1994","top5:inigo-lekue:1993","top5:inigo-ruiz-de-galarreta:1993","top5:ivan-martin:1999","top5:jeremy-arevalo:2005","top5:jessy-deminguet:1998","top5:johann-lepenant:2002","top5:jon-gorrotxategi:2002","top5:jon-guridi:1995","top5:jon-karrikaburu:2002","top5:jon-martin:2006","top5:jon-pacheco:2001","top5:jonathan-gradit:1992","top5:julen-agirrezabala:2000","top5:julien-le-cardinal:1997","top5:junior-diaz:2003","top5:justin-bourgault:2005","top5:kepa-arrizabalaga:1994","top5:lander-astiazaran:2006","top5:lesley-ugochukwu:2004","top5:lilian-raolisoa:2000","top5:lohann-doucet:2002","top5:louis-leroux:2006","top5:luken-beitia:2004","top5:marius-courcoul:2007","top5:marius-louer:2007","top5:maroan-sannadi:2001","top5:martin-zubimendi:1999","top5:mateo-joseph:2003","top5:matthis-abline:2003","top5:maxime-dupe:1993","top5:mehdi-leris:1998","top5:mikel-goti:2002","top5:mikel-jauregizar:2003","top5:mikel-oyarzabal:1997","top5:mikel-vesga:1993","top5:mouctar-diakhaby:1996","top5:oier-luengo:1997","top5:oier-zarraga:1999","top5:ollie-watkins:1995","top5:oumar-ngom:2004","top5:pablo-agudin:2007","top5:pablo-torre:2003","top5:paul-argney:2006","top5:pierre-emerick-aubameyang:1989","top5:pierre-lees-melou:1993","top5:pierre-yves-hamel:1994","top5:quentin-merlin:2002","top5:robin-le-normand:1996","top5:samba-konate:2009","top5:selton-sanchez:2007","top5:sofiane-diop:2000","top5:theo-le-bris:2002","top5:tyler-dibling:2006","top5:unai-elgezabal:1993","top5:unai-gomez:2003","top5:unai-lopez:1995","top5:unai-marrero:2001","top5:unai-nunez:1997","top5:unai-simon:1997","top5:unai-vencedor-paris:2000","top5:urko-gonzalez:2001","top5:urko-izeta:1999","top5:wilson-isidor:2000","top5:yeray-alvarez:1995","top5:youssef-el-arabi:1987","top5:yuri-berchiche:1990"],"label":"San Sebastián","country":"Spain"},"geometry":{"type":"Polygon","coordinates":[[[-4.88976,51.223728],[-9.724736,48.430094],[-8.101589,44.050631],[-2.417796,42.54048],[2.026569,45.184249],[1.18851,49.470279],[-4.88976,51.223728]]]}},{"type":"Feature","properties":{"hex_id":"81193ffffffffff","population":771399,"population_year":2025,"area_km2":510516.1,"population_density":1.5,"all_players":3,"reference_cell":false,"players_per_million":3.89,"player_ids":["top5:aaron-hickey:2002","top5:andrias-edmundsson:2000","top5:ryan-christie:1995"],"label":"Inverness","country":"United Kingdom"},"geometry":{"type":"Polygon","coordinates":[[[-10.444978,63.095054],[-16.371962,60.568694],[-13.791647,56.736324],[-6.436337,55.37739],[-0.931587,57.689497],[-2.297526,61.54551],[-10.444978,63.095054]]]}},{"type":"Feature","properties":{"hex_id":"81197ffffffffff","population":88036357,"population_year":2025,"area_km2":523941.7,"population_density":168.0,"all_players":323,"reference_cell":false,"players_per_million":3.67,"player_ids":["top5:aaron-ramsdale:1998","top5:aaron-wan-bissaka:1997","top5:abdou-harroui:1998","top5:abu-kamara:2003","top5:adam-armstrong:1997","top5:adam-smith:1991","top5:adam-wharton:2004","top5:ademola-lookman:1997","top5:adrien-tameze:1994","top5:ainsley-maitland-niles:1997","top5:andrew-robertson:1994","top5:andy-irving:2000","top5:angel-gomes:2000","top5:angus-gunn:1996","top5:anthony-gordon:2001","top5:antoine-semenyo:2000","top5:antonee-robinson:1997","top5:antoni-milambo:2005","top5:archie-gray:2006","top5:armando-broja:2001","top5:arthur-masuaku:1993","top5:arthur-vermeeren:2005","top5:ashley-barnes:1989","top5:ayden-heaven:2006","top5:badredine-bouanani:2004","top5:bart-verbruggen:2002","top5:ben-chilwell:1996","top5:ben-davies:1993","top5:ben-gannon-doak:2005","top5:ben-white:1997","top5:billy-gilmour:2001","top5:brennan-johnson:2001","top5:brian-brobbey:2002","top5:brooke-norton-cuffy:2004","top5:bukayo-saka:2001","top5:callum-hudson-odoi:2000","top5:callum-wilson:1992","top5:calvin-stengs:1998","top5:calvin-verdonk:1997","top5:cas-odenthal:2000","top5:charles-de-ketelaere:2001","top5:charles-vanhoutte:1998","top5:charlie-cresswell:2002","top5:che-adams:1996","top5:chris-rigg:2007","top5:cj-egan-riley:2003","top5:cole-palmer:2002","top5:conor-gallagher:2000","top5:crysencio-summerville:2001","top5:curtis-jones:2001","top5:daley-blind:1990","top5:dan-burn:1992","top5:dan-neil:2001","top5:dane-scarlett:2004","top5:daniel-ballard:1999","top5:daniel-bentley:1993","top5:daniel-james:1997","top5:daniel-oyegoke:2003","top5:danilho-doekhi:1998","top5:danny-loader:2000","top5:danny-welbeck:1990","top5:dapo-afolayan:1997","top5:david-brooks:1997","top5:dean-henderson:1997","top5:dean-huijsen:2005","top5:declan-rice:1999","top5:denzel-dumfries:1996","top5:devyne-rensch:2003","top5:djed-spence:2000","top5:dominic-calvert-lewin:1997","top5:dominic-solanke:1997","top5:donny-van-de-beek:1997","top5:donyell-malen:1999","top5:dwight-mcneil:1999","top5:eberechi-eze:1998","top5:eddie-nketiah:1999","top5:elliot-anderson:2002","top5:emanuel-emegha:2003","top5:emile-smith-rowe:2000","top5:eric-dier:1994","top5:erling-haaland:2000","top5:ethan-nwaneri:2007","top5:ethan-pinnock:1993","top5:ezra-mayers:2007","top5:ezri-konsa:1997","top5:faustino-anjorin:2001","top5:ferdi-kadioglu:1999","top5:finley-stevens:2003","top5:freddie-potts:2003","top5:freddie-woodman:1997","top5:frenkie-de-jong:1997","top5:gabriel-osho:1998","top5:george-earthy:2004","top5:george-hemmings:2007","top5:gio-reyna:2002","top5:harrison-armstrong:2007","top5:harrison-reed:1995","top5:harry-kane:1993","top5:harry-maguire:1993","top5:harry-wilson:1997","top5:harvey-barnes:1997","top5:harvey-elliott:2003","top5:ian-maatsen:2002","top5:ignace-van-der-brempt:2002","top5:immanuel-pherai:2001","top5:isak-johannesson:2003","top5:ismael-doukoure:2003","top5:ismaelo-ganiou:2005","top5:jack-grealish:1995","top5:jack-harrison:1996","top5:jack-hinshelwood:2005","top5:jacob-murphy:1995","top5:jacob-ramsey:2001","top5:jadon-sancho:2000","top5:jahmai-simpson-pusey:2005","top5:jaidon-anthony:1999","top5:jamaal-lascelles:1993","top5:jamaldeen-jimoh:2006","top5:james-garner:2001","top5:james-hill:2002","top5:james-justin:1998","top5:james-maddison:1996","top5:james-milner:1986","top5:james-rowswell:2006","top5:james-tarkowski:1992","top5:james-trafford:2002","top5:james-ward-prowse:1994","top5:jamie-gittens:2004","top5:jamie-vardy:1987","top5:jan-paul-van-hecke:2000","top5:jarell-quansah:2003","top5:jari-vandeputte:1996","top5:jarrad-branthwaite:2002","top5:jarrod-bowen:1996","top5:jayden-addai:2005","top5:jayden-bogle:2000","top5:jaydon-amauri-banel:2004","top5:jean-butez:1995","top5:jeffrey-de-lange:1998","top5:jeffrey-gouweleeuw:1991","top5:jenson-seelt:2003","top5:jeremie-frimpong:2000","top5:jeremy-doku:2002","top5:jobe-bellingham:2005","top5:joe-gomez:1997","top5:joe-rodon:1997","top5:joe-willock:1999","top5:joe-worrall:1997","top5:joel-piroe:1999","top5:joel-veltman:1992","top5:john-mcginn:1994","top5:john-stones:1994","top5:jonathan-rowe:2003","top5:jordan-henderson:1990","top5:jordan-pickford:1994","top5:jordan-teze:1999","top5:jordan-zemura:1999","top5:jorrel-hato:2006","top5:josh-cullen:1996","top5:josh-dasilva:1998","top5:josh-doig:2002","top5:josh-laurent:1995","top5:joshua-zirkzee:2001","top5:jozhua-vertrouwd:2004","top5:jude-bellingham:2003","top5:jun-ai-byfield:2008","top5:jurgen-ekkelenkamp:2000","top5:jurrien-timber:2001","top5:justin-bijlow:1998","top5:justin-devenny:2003","top5:justin-kluivert:1999","top5:justin-noel-kalumba:2004","top5:karl-darlow:1990","top5:keane-lewis-potter:2001","top5:keinan-davis:1998","top5:kenneth-taylor:2002","top5:kenny-tete:1995","top5:kevin-de-bruyne:1991","top5:kevin-diks:1996","top5:ki-jana-hoever:2002","top5:kieran-trippier:1990","top5:kiernan-dewsbury-hall:1998","top5:kieron-bowie:2002","top5:kobbie-mainoo:2005","top5:koni-de-winter:2002","top5:kyle-walker-peters:1997","top5:kyle-walker:1990","top5:lamare-bogarde:2004","top5:leander-dendoncker:1995","top5:lennon-miller:2006","top5:levi-colwill:2003","top5:lewis-cook:1997","top5:lewis-dunk:1991","top5:lewis-ferguson:1999","top5:lewis-hall:2004","top5:lewis-miley:2006","top5:liam-delap:2003","top5:lloyd-kelly:1998","top5:lucas-chevalier:2001","top5:lucas-tousart:1997","top5:luke-o-nien:1994","top5:luke-shaw:1995","top5:lutsharel-geertruida:2000","top5:malick-fofana:2005","top5:marco-bizot:1991","top5:marcus-edwards:1998","top5:marcus-rashford:1997","top5:marcus-tavernier:1999","top5:marten-de-roon:1991","top5:martial-godo:2003","top5:martijn-kaars:1999","top5:martin-terrier:1997","top5:mason-greenwood:2001","top5:mason-mount:1999","top5:matt-o-riley:2000","top5:matthijs-de-ligt:1999","top5:matty-cash:1997","top5:matz-sels:1992","top5:max-alleyne:2005","top5:max-dowman:2009","top5:max-kilman:1997","top5:max-oyedele:2004","top5:maxim-de-cuyper:2000","top5:maxima-goffi:2008","top5:maxime-colin:1991","top5:michael-keane:1993","top5:michael-olise:2001","top5:micky-van-de-ven:2001","top5:mika-biereth:2003","top5:mile-svilar:1999","top5:mitchel-bakker:2000","top5:morgan-gibbs-white:2000","top5:morgan-rogers:2002","top5:moussa-niakhate:1996","top5:myles-lewis-skelly:2006","top5:myles-peart-harris:2002","top5:nabil-bentaleb:1994","top5:nathan-ake:1995","top5:nathan-patterson:2001","top5:nathan-tella:1999","top5:nathaniel-clyne:1991","top5:neco-williams:2001","top5:nick-pope:1992","top5:noa-lang:1999","top5:noah-cadiou:1998","top5:noni-madueke:2002","top5:noussair-mazraoui:1997","top5:ola-aina:1996","top5:oliver-burke:1997","top5:olivier-deman:2000","top5:omari-hutchinson:2003","top5:oussama-el-azzouzi:2001","top5:ovie-ejaria:1997","top5:pablo-rosario:1997","top5:pascal-struijk:1999","top5:patrick-roberts:1997","top5:phil-foden:2000","top5:pierrick-capelle:1987","top5:quilindschy-hartman:2001","top5:quinten-timber:2001","top5:rabby-nzingoula:2005","top5:ramon-hendriks:2001","top5:rav-van-den-berg:2004","top5:reece-james:1999","top5:reiss-nelson:1999","top5:remy-descamps:1996","top5:rico-henry:1997","top5:rico-lewis:2004","top5:rio-cardines:2006","top5:rio-ngumoha:2008","top5:robin-roefs:2003","top5:romain-esse:2005","top5:romaine-mundle:2003","top5:romelu-lukaku:1993","top5:ross-barkley:1993","top5:ruben-kluivert:2001","top5:ruben-loftus-cheek:1996","top5:ryan-gravenberch:2002","top5:ryan-sessegnon:2000","top5:ryan-yates:1997","top5:sam-beukema:1998","top5:sam-byram:1993","top5:sam-johnstone:1993","top5:samuel-iling-junior:2003","top5:scott-mctominay:1996","top5:sean-longstaff:1997","top5:sean-neave:2007","top5:senne-lammens:2002","top5:senne-lynen:1999","top5:sepp-van-den-berg:2001","top5:sheraldo-becker:1995","top5:sofyan-amrabat:1996","top5:solly-march:1994","top5:soriba-diaoune:2007","top5:stefan-de-vrij:1992","top5:sven-botman:2000","top5:tammy-abraham:1997","top5:tariq-lamptey:2000","top5:tawanda-chirewa:2003","top5:teun-koopmeiners:1998","top5:tijjani-noslin:1999","top5:tijjani-reijnders:1998","top5:tim-iroegbunam:2003","top5:timothee-kolodziejczak:1991","top5:tom-cairney:1991","top5:tom-watson:2006","top5:tosin-adarabioyo:1997","top5:trent-alexander-arnold:1998","top5:trey-nyoni:2007","top5:tyler-fletcher:2007","top5:tyler-morton:2002","top5:tyrell-malacia:1999","top5:tyrhys-dolan:2001","top5:tyrick-mitchell:1999","top5:tyrique-george:2006","top5:tyrone-mings:1993","top5:valentino-livramento:2002","top5:virgil-van-dijk:1991","top5:will-hughes:1995","top5:wouter-burger:2001","top5:xavi-simons:2003","top5:zakaria-aboukhlal:2000","top5:zian-flemming:1998"],"label":"Amsterdam","country":"United Kingdom"},"geometry":{"type":"Polygon","coordinates":[[[-0.931587,57.689497],[-6.436337,55.37739],[-4.88976,51.223728],[1.18851,49.470279],[3.630009,50.610463],[6.259687,51.96477],[5.523647,55.706768],[-0.931587,57.689497]]]}},{"type":"Feature","properties":{"hex_id":"811bbffffffffff","population":181669,"population_year":2025,"area_km2":666617.1,"population_density":0.3,"all_players":0,"reference_cell":true,"players_per_million":0.0,"player_ids":[],"label":"Mapped area","country":"Canada"},"geometry":{"type":"Polygon","coordinates":[[[-54.163898,56.862227],[-62.078266,55.374512],[-63.200774,50.770503],[-57.837872,47.957631],[-51.288437,49.261646],[-48.90245,53.530975],[-54.163898,56.862227]]]}},{"type":"Feature","properties":{"hex_id":"811e3ffffffffff","population":71057199,"population_year":2025,"area_km2":595741.2,"population_density":119.3,"all_players":85,"reference_cell":false,"players_per_million":1.2,"player_ids":["top5:adam-buksa:1996","top5:adam-hlozek:2002","top5:adam-karabec:2003","top5:adam-obert:2002","top5:adrian-semper:1998","top5:alex-kral:1998","top5:alex-toth:2005","top5:alexander-prass:2001","top5:andras-schafer:1999","top5:andrej-kramaric:1991","top5:antonin-kinsky:2003","top5:arkadiusz-milik:1994","top5:arkadiusz-pyrka:2002","top5:benjamin-sesko:2003","top5:borna-sosa:1998","top5:carney-chukwuemeka:2003","top5:christoph-baumgartner:1999","top5:christopher-trimmel:1987","top5:david-affengruber:2001","top5:david-alaba:1992","top5:david-hancko:1997","top5:denis-vavro:1996","top5:dominik-greif:1997","top5:dominik-szoboszlai:2000","top5:eric-martel:2002","top5:florian-kainz:1992","top5:jaka-bijol:1999","top5:jakub-kaminski:2002","top5:jan-oblak:1993","top5:josip-brekalo:1998","top5:josip-juranovic:1995","top5:josko-gvardiol:2002","top5:jusuf-gazibegovic:2000","top5:kamil-grabara:1999","top5:kevin-danso:1998","top5:kevin-stoger:1993","top5:konrad-laimer:1997","top5:ladislav-krejci:1999","top5:leopold-querfeld:2003","top5:lovro-majer:1998","top5:luka-sucic:2002","top5:luka-topalovic:2006","top5:lukas-hradecky:1989","top5:marcel-sabitzer:1994","top5:marco-grull:1998","top5:mario-sauer:2004","top5:marius-marin:1998","top5:marko-dmitrovic:1992","top5:martin-dubravka:1989","top5:martin-valjent:1995","top5:martin-vitik:2003","top5:mateo-kovacic:1994","top5:mathias-honsak:1996","top5:maximilian-wober:1998","top5:michael-gregoritsch:1994","top5:milos-kerkez:2003","top5:nicolas-seiwald:2001","top5:nikolas-veratschnig:2003","top5:patrick-wimmer:2001","top5:patrik-schick:1996","top5:pavel-sulc:2000","top5:peter-gulacsi:1990","top5:philipp-lienhart:1996","top5:phillipp-mwene:1994","top5:piotr-zielinski:1994","top5:radosaw-majecki:1999","top5:razvan-sava:2002","top5:robin-hranac:2000","top5:roman-yaremchuk:1995","top5:romano-schmid:2000","top5:samson-baidoo:2004","top5:sandi-lovric:1998","top5:sandro-kulenovic:1999","top5:sasa-kalajdzic:1997","top5:stefan-posch:1997","top5:tarik-muharemovic:2003","top5:toma-basic:1996","top5:tomas-soucek:1995","top5:tomas-suslov:2002","top5:ukasz-skorupski:1991","top5:vaclav-cerny:1997","top5:valentino-lazaro:1996","top5:vladimir-coufal:1992","top5:xaver-schlager:1997","top5:yannick-eduardo:2006"],"label":"Zagreb","country":"Austria"},"geometry":{"type":"Polygon","coordinates":[[[12.345747,50.554275],[12.677318,46.406957],[18.31474,44.47068],[24.013384,46.595885],[24.329,50.776322],[18.289963,52.819052],[12.345747,50.554275]]]}},{"type":"Feature","properties":{"hex_id":"811e7ffffffffff","population":33092235,"population_year":2025,"area_km2":595741.2,"population_density":55.5,"all_players":9,"reference_cell":false,"players_per_million":0.27,"player_ids":["top5:andriy-lunin:1999","top5:artem-dovbyk:1997","top5:illia-zabarnyi:2002","top5:nikita-contini-baranovsky:1996","top5:oleksandr-zinchenko:1996","top5:ruslan-malinovskyi:1993","top5:vitaliy-mykolenko:1999","top5:vladyslav-vanat:2002","top5:yehor-yarmoliuk:2004"],"label":"Cherkasy","country":"Ukraine"},"geometry":{"type":"Polygon","coordinates":[[[24.329,50.776322],[24.013384,46.595885],[29.387082,44.107766],[35.197789,45.672385],[36.116724,49.779343],[30.654128,52.413789],[24.329,50.776322]]]}},{"type":"Feature","properties":{"hex_id":"811ebffffffffff","population":42059136,"population_year":2025,"area_km2":647632.6,"population_density":64.9,"all_players":134,"reference_cell":false,"players_per_million":3.19,"player_ids":["top5:alessandro-bastoni:1999","top5:alessandro-circati:2003","top5:alessandro-deiola:1995","top5:alessandro-di-pardo:1999","top5:alessandro-zanoli:2000","top5:alessio-romagnoli:1995","top5:alex-meret:1997","top5:andrea-cambiaso:2000","top5:andrea-ghion:2000","top5:ante-budimir:1991","top5:antonino-gallo:2000","top5:antonio-caracciolo:1990","top5:arturo-calabresi:1996","top5:bryan-cristante:1995","top5:caleb-ekuban:1994","top5:cesare-casadei:2003","top5:ciro-immobile:1990","top5:daniel-boloca:1998","top5:daniele-ghilardi:2003","top5:daniele-rugani:1994","top5:daniele-sommariva:1997","top5:danilo-cataldi:1994","top5:davide-frattesi:1999","top5:davide-zappacosta:1992","top5:destiny-udogie:2002","top5:diego-coppola:2003","top5:domagoj-bradaric:1999","top5:domenico-berardi:1994","top5:duje-caleta-car:1996","top5:eddy-kouadio:2006","top5:edoardo-corvi:2001","top5:edoardo-iannoni:2001","top5:elia-caprile:2001","top5:emanuele-valeri:1998","top5:evann-guessand:2001","top5:fabiano-parisi:2000","top5:federico-baschirotto:1996","top5:federico-bernardeschi:1994","top5:federico-ceccherini:1992","top5:federico-chiesa:1997","top5:federico-ravaglia:1999","top5:filippo-romagna:1997","top5:filippo-terracciano:2003","top5:gabriele-piccinini:2001","top5:gaetano-oristanio:2002","top5:gennaro-borrelli:2000","top5:giacomo-raspadori:2000","top5:gianluca-gaetano:2000","top5:gianluca-mancini:1996","top5:gianluca-scamacca:1999","top5:gianluigi-donnarumma:1999","top5:giovanni-di-lorenzo:1993","top5:giovanni-fabbian:2003","top5:giuseppe-ambrosino:2003","top5:giuseppe-pezzella:1997","top5:guglielmo-vicario:1996","top5:honest-ahanor:2008","top5:ivan-provedel:1994","top5:ivan-smolcic:2000","top5:jacopo-fazzini:2003","top5:jeff-ekhator:2006","top5:khephren-thuram:2001","top5:kristijan-jakic:1997","top5:leonardo-pavoletti:1988","top5:leonardo-spinazzola:1993","top5:lorenzo-de-silvestri:1988","top5:lorenzo-pellegrini:1996","top5:lorenzo-venturino:2006","top5:luca-lezzerini:1995","top5:luca-lipani:2005","top5:luca-marianucci:2004","top5:luca-mazzitelli:1995","top5:luca-moro:2001","top5:luca-pellegrini:1999","top5:luca-ranieri:1999","top5:luka-modric:1985","top5:luka-vuskovic:2007","top5:manuel-lazzari:1993","top5:marash-kumbulla:2000","top5:marco-carnesecchi:2000","top5:marco-silvestri:1991","top5:marcus-thuram:1997","top5:martin-baturina:2003","top5:matteo-cancellieri:2002","top5:matteo-cocchi:2007","top5:matteo-politano:1993","top5:matteo-prati:2003","top5:matteo-tramoni:2000","top5:mattia-felici:2001","top5:mattia-perin:1992","top5:mattia-viti:2002","top5:mattia-zaccagni:1995","top5:michael-folorunsho:1998","top5:michele-collocolo:1999","top5:nadir-zortea:1999","top5:niccolo-fortini:2006","top5:niccolo-pisilli:2004","top5:nicholas-pierini:1998","top5:nicola-zalewski:2002","top5:nicolo-barella:1997","top5:nicolo-bertola:2003","top5:nicolo-casale:1998","top5:nicolo-cavuoti:2003","top5:nicolo-zaniolo:1999","top5:nikola-moro:1998","top5:nikola-vasilj:1995","top5:nikola-vlasic:1997","top5:pasquale-mazzocchi:1995","top5:patrizio-masini:2001","top5:petar-sucic:2003","top5:pietro-comuzzo:2005","top5:pietro-terracciano:1990","top5:remy-cabella:1990","top5:riccardo-braschi:2006","top5:riccardo-calafiori:2002","top5:riccardo-orsolini:1997","top5:riyad-idrissi:2005","top5:rolando-mandragora:1997","top5:samuele-angori:2003","top5:samuele-ricci:2001","top5:sebastiano-esposito:2002","top5:sebastiano-luperto:1996","top5:simone-canestrelli:2000","top5:simone-perilli:1995","top5:simone-scuffet:1996","top5:stefano-sabelli:1993","top5:stephan-el-shaarawy:1992","top5:tjas-begic:2003","top5:tommaso-baldanzi:2003","top5:tommaso-barbieri:2002","top5:tommaso-pobega:1999","top5:walid-cheddira:1998","top5:wladimiro-falcone:1995","top5:youssef-maleh:1998"],"label":"Rome","country":"Italy"},"geometry":{"type":"Polygon","coordinates":[[[7.509948,43.786609],[8.045142,39.402136],[13.244313,37.523712],[18.32526,39.988178],[18.31474,44.47068],[12.677318,46.406957],[7.509948,43.786609]]]}},{"type":"Feature","properties":{"hex_id":"811efffffffffff","population":50991723,"population_year":2025,"area_km2":666617.1,"population_density":76.5,"all_players":53,"reference_cell":false,"players_per_million":1.04,"player_ids":["top5:adam-marusic:1992","top5:amir-rrahmani:1994","top5:anastasios-douvikas:1999","top5:andrei-ratiu:1998","top5:andrija-bulatovic:2006","top5:andrija-maksimovic:2007","top5:ardian-ismajli:1996","top5:babis-lykogiannis:1993","top5:bertug-yldrm:2002","top5:bojan-miovski:1999","top5:charalampos-kostoulas:2007","top5:danel-sinani:1997","top5:dimitris-giannoulis:1995","top5:dusan-vlahovic:2000","top5:edin-dzeko:1986","top5:elif-elmas:1999","top5:elseid-hysaj:1994","top5:elvis-rexhbecaj:1997","top5:emir-sahiti:1998","top5:emirhan-ilkhan:2004","top5:filip-kostic:1992","top5:ilia-gruev:2000","top5:ionut-radu:1997","top5:ivan-ilic:2001","top5:jovan-milosevic:2005","top5:konstantinos-mavropanos:1997","top5:kosta-nedeljkovic:2005","top5:kostas-tsimikas:1996","top5:kristjan-asllani:2002","top5:luka-ilic:1999","top5:mihailo-ristic:1995","top5:milan-uric:1990","top5:nemanja-gudelj:1991","top5:nemanja-matic:1988","top5:nicolae-stanciu:1993","top5:nikola-krstovic:2000","top5:nikola-milenkovic:1997","top5:nikola-stulic:2001","top5:ore-petrovic:1999","top5:panos-katseris:2001","top5:petar-ratkov:2003","top5:radu-dragusin:2002","top5:rosen-bozhinov:2005","top5:sasa-lukic:1996","top5:semih-klcsoy:2005","top5:stefanos-tzimas:2006","top5:stole-dimitrievski:1993","top5:strahinja-pavlovic:2001","top5:uros-radakovic:1994","top5:vasilije-adzic:2006","top5:vedat-muriqi:1994","top5:veljko-birmancevic:1998","top5:veljko-milosavljevic:2007"],"label":"Belgrade","country":"Serbia"},"geometry":{"type":"Polygon","coordinates":[[[18.31474,44.47068],[18.32526,39.988178],[23.474781,37.630343],[28.846869,39.643311],[29.387082,44.107766],[24.013384,46.595885],[18.31474,44.47068]]]}},{"type":"Feature","properties":{"hex_id":"811f3ffffffffff","population":49754999,"population_year":2025,"area_km2":510516.1,"population_density":97.5,"all_players":160,"reference_cell":false,"players_per_million":3.22,"player_ids":["top5:adam-daghim:2005","top5:adrian-benedyczak:2000","top5:adrian-przyborek:2007","top5:alexander-nubel:1996","top5:aljoscha-kemlein:2004","top5:almugera-kabar:2006","top5:amin-sarr:2001","top5:amos-pieper:1998","top5:andreas-christensen:1996","top5:andreas-skov-olsen:1999","top5:ansgar-knauff:2002","top5:anthony-elanga:2002","top5:anton-kade:2004","top5:anton-stach:1998","top5:antonio-rudiger:1993","top5:armindo-sieb:2003","top5:arne-maier:1999","top5:bence-dardai:2006","top5:charles-herrmann:2006","top5:christian-conteh:1999","top5:christian-eriksen:1992","top5:christian-nrgaard:1994","top5:conrad-harder:2005","top5:david-odogu:2006","top5:deniz-undav:1996","top5:derrick-kohn:1999","top5:derry-scherhant:2002","top5:edon-zhegrova:1999","top5:elias-saad:1999","top5:emil-holm:2000","top5:emil-krafth:1994","top5:eren-dinkci:2001","top5:eric-smith:1997","top5:ermedin-demirovic:1998","top5:ernest-poku:2004","top5:fabio-balde:2005","top5:fabio-chiarodia:2005","top5:felix-agu:1999","top5:felix-nmecha:2000","top5:filip-jrgensen:2002","top5:fisnik-asllani:2002","top5:frederik-rnnow:1992","top5:gabriel-gudmundsson:1999","top5:gustav-isaksen:2001","top5:hans-hateboer:1994","top5:hauke-wahl:1994","top5:henrik-meister:2003","top5:hugo-bolin:2003","top5:hugo-larsson:2004","top5:ibrahim-maza:2005","top5:idrissa-toure:1998","top5:isak-jansson:2002","top5:jacob-bruun-larsen:1998","top5:jacob-ondrejka:2002","top5:jan-burger:2007","top5:jan-niklas-beste:1999","top5:jens-odgaard:1999","top5:jens-stage:1996","top5:jesper-lindstrm:2000","top5:jessic-ngankam:2000","top5:joachim-andersen:1996","top5:joakim-mhle:1997","top5:jonas-wind:1999","top5:jonathan-fischer:2001","top5:jonathan-tah:1996","top5:jordan-torunarigha:1997","top5:josha-vagnoman:2000","top5:julian-brandt:1996","top5:julian-niehues:2001","top5:justin-njinmah:2000","top5:karl-johan-johnsson:1990","top5:keke-topp:2004","top5:kevin-schade:2001","top5:kristoffer-lund:2002","top5:lars-ritzka:1998","top5:laurs-skjellerup:2002","top5:lazar-samardzic:2002","top5:leart-paqarada:1994","top5:lennard-maloney:1999","top5:leonardo-bittencourt:1993","top5:linton-maina:1999","top5:linus-guther:2010","top5:louis-oppie:2002","top5:luca-netz:2003","top5:lucas-hgsberg:2006","top5:lucas-holer:1994","top5:lukas-nmecha:1998","top5:lukas-ullrich:2004","top5:mads-hermansen:2000","top5:mads-pedersen:1996","top5:malthe-hojholt:2001","top5:marius-bulter:1993","top5:marnon-busch:1994","top5:martin-frese:1998","top5:marvin-friedrich:1995","top5:mathias-jensen:1996","top5:mats-wieffer:1999","top5:matteo-palma:2008","top5:mattias-svanberg:1999","top5:maximilian-arnold:1994","top5:maximilian-beier:2002","top5:maximilian-eggestein:1996","top5:maximilian-mittelstadt:1997","top5:maximilian-philipp:1994","top5:melker-ellborg:2003","top5:merlin-rohl:2002","top5:mick-schmetgens:2007","top5:mikkel-damsgaard:2000","top5:mikkel-kaufmann:2001","top5:moritz-jenz:1999","top5:morten-frendrup:2001","top5:muhammed-damar:2004","top5:nick-woltemade:2002","top5:niclas-fullkrug:1993","top5:nicolai-remberg:2000","top5:nicolas-gerrit-kuhn:2000","top5:nikolas-nartey:2000","top5:nils-zatterstrom:2005","top5:noah-nartey:2005","top5:oliver-christensen:1999","top5:oliver-jensen:2002","top5:oliver-sonne:2000","top5:omar-traore:1998","top5:oscar-fraulo:2003","top5:oscar-hjlund:2005","top5:otto-stange:2007","top5:pascal-stenzel:1996","top5:patrice-covic:2007","top5:patrick-dorgu:2004","top5:patrick-mainka:1994","top5:patrick-osterhage:2000","top5:phillip-tietz:1997","top5:pierre-hjbjerg:1995","top5:ransford-konigsdorffer:2001","top5:rasmus-hjlund:2003","top5:rasmus-kristensen:1997","top5:rasmus-nicolaisen:1997","top5:reda-khadra:2001","top5:robert-andrich:1994","top5:sebastian-nanasi:2002","top5:sebastian-otoa:2004","top5:sebastian-walukiewicz:2000","top5:sirlord-conteh:1996","top5:stefan-ortega:1992","top5:thijs-dallinga:2000","top5:thomas-kristensen:2002","top5:tim-kleindienst:1995","top5:tim-siersleben:2000","top5:timo-hubers:1996","top5:tobias-slotsager:2006","top5:tom-krau:2001","top5:tom-rothe:2004","top5:victor-nelsson:1998","top5:vitaly-janelt:1998","top5:william-bving:2003","top5:william-osula:2003","top5:yannik-engelhardt:2001","top5:younes-namli:1994","top5:yussuf-poulsen:1994","top5:zachary-athekame:2004"],"label":"Berlin","country":"Germany"},"geometry":{"type":"Polygon","coordinates":[[[5.523647,55.706768],[6.259687,51.96477],[12.345747,50.554275],[18.289963,52.819052],[18.275236,56.632953],[11.555978,58.130531],[5.523647,55.706768]]]}},{"type":"Feature","properties":{"hex_id":"811f7ffffffffff","population":25290714,"population_year":2025,"area_km2":523941.7,"population_density":48.3,"all_players":8,"reference_cell":false,"players_per_million":0.32,"player_ids":["top5:adam-dzwigaa:1995","top5:gvidas-gineitis:2004","top5:jakub-piotrowski:1997","top5:jan-ziokowski:2005","top5:przemysaw-frankowski:1995","top5:robert-lewandowski:1988","top5:sebastian-szymanski:1999","top5:wojciech-szczesny:1990"],"label":"Warsaw","country":"Poland"},"geometry":{"type":"Polygon","coordinates":[[[18.275236,56.632953],[18.289963,52.819052],[24.329,50.776322],[30.654128,52.413789],[31.017704,54.340219],[31.095814,56.470005],[25.082722,58.401545],[18.275236,56.632953]]]}},{"type":"Feature","properties":{"hex_id":"811fbffffffffff","population":119418410,"population_year":2025,"area_km2":565620.1,"population_density":211.1,"all_players":536,"reference_cell":false,"players_per_million":4.49,"player_ids":["top5:aaron-zehnter:2004","top5:aboubaka-soumahoro:2005","top5:adam-kolle:2006","top5:adama-camara:1996","top5:adil-hamdani:2009","top5:adnan-januzaj:1995","top5:adrian-beck:1997","top5:adrien-rabiot:1995","top5:adrien-thomasson:1993","top5:adrien-truffert:2001","top5:aiman-dardari:2005","top5:aissa-mandi:1991","top5:al-musrati:1996","top5:albert-sambi-lokonga:1999","top5:alberto-dossena:1998","top5:alberto-grassi:1995","top5:alberto-paleari:1992","top5:albian-hajdari:2003","top5:aleksandar-pavlovic:2004","top5:alessandro-buongiorno:1999","top5:alessandro-marcandalli:2002","top5:alessio-castro-montes:1997","top5:alessio-zerbin:1999","top5:alexis-claude-maurice:1998","top5:alexis-saelemaekers:1999","top5:alexis-vossah:2008","top5:allan-nyom:1988","top5:allan-saint-maximin:1997","top5:alphonse-areola:1993","top5:amine-gouiri:2000","top5:andrea-belotti:1993","top5:andrea-le-borgne:2006","top5:andrea-pinamonti:1999","top5:andreas-hountondji:2002","top5:andy-diouf:2003","top5:ange-yoan-bonny:2003","top5:angelo-stiller:2001","top5:anthony-bermont:2005","top5:anthony-caci:1997","top5:anthony-lopes:1990","top5:antoine-bernede:1999","top5:antoine-griezmann:1991","top5:ardon-jashari:2002","top5:arijanet-muric:1998","top5:arijon-ibrahimovic:2005","top5:armand-lauriente:1998","top5:armel-bella-kotchap:2001","top5:arnaud-bodart:1998","top5:arnaud-kalimuendo:2002","top5:arnaud-nordin:1998","top5:arthur-theate:2000","top5:assan-ouedraogo:2006","top5:aster-vranckx:2002","top5:atakan-karazor:1996","top5:aurele-amenda:2003","top5:axel-disasi:1998","top5:axel-witsel:1989","top5:ayyoub-bouaddi:2007","top5:balthazar-pierret:2000","top5:baptiste-santamaria:1995","top5:believe-munongo:2009","top5:ben-bobzien:2003","top5:benedict-hollerbach:2001","top5:benedikt-gimber:1997","top5:benjamin-henrichs:1997","top5:benjamin-pavard:1996","top5:berat-djimsiti:1993","top5:bernd-leno:1992","top5:bilal-brahimi:2000","top5:bilal-el-khannouss:2004","top5:bingourou-kamara:1996","top5:boulaye-dia:1996","top5:bouna-sarr:1992","top5:bradley-barcola:2002","top5:bradley-locko:2002","top5:brajan-gruda:2004","top5:branco-van-den-boomen:1995","top5:bryan-mbeumo:1999","top5:calvin-bassey:1999","top5:cameron-puertas:1998","top5:can-uzun:2005","top5:carl-klaus:1994","top5:cassiano-kiala:2009","top5:castello-lukeba:2002","top5:cedric-bakambu:1991","top5:cedric-zesiger:1998","top5:charles-pickel:1997","top5:chemsdine-talbi:2005","top5:cher-ndour:2004","top5:chris-fuhrich:1998","top5:chrislain-matsima:2002","top5:christ-owen-kouassi:2003","top5:christian-gunter:1993","top5:christopher-nkunku:1997","top5:christopher-wooh:2001","top5:clemens-riedel:2003","top5:clement-akpa:2001","top5:clement-lenglet:1995","top5:clinton-mata:1992","top5:cody-gakpo:1999","top5:corentin-tolisso:1994","top5:cristiano-biraghi:1992","top5:cyril-ngonge:2000","top5:damion-downs:2004","top5:dan-axel-zagadou:1999","top5:dan-ndoye:2000","top5:daniel-batz:1991","top5:daniel-elfadli:1997","top5:daniel-heuer-fernandes:1992","top5:daniel-maldini:2001","top5:daniele-padelli:1985","top5:danny-da-costa:1993","top5:darryl-bakola:2007","top5:david-daiber:2007","top5:david-raum:1998","top5:davide-bartesaghi:2005","top5:dehmaine-assoumani:2005","top5:denis-huseinbasic:2001","top5:denis-zakaria:1996","top5:deniz-ofli:2007","top5:diant-ramaj:2001","top5:diego-moreira:2004","top5:dilane-bakwa:2002","top5:dimitri-foulquier:1993","top5:dimitri-lucea:2007","top5:djaoui-cisse:2004","top5:djibril-sidibe:1992","top5:djibril-sow:1997","top5:dodi-lukebakio:1997","top5:dominik-kohr:1994","top5:dominique-heintz:1993","top5:dzenan-pejcinovic:2005","top5:edoardo-goldaniga:1993","top5:edoardo-motta:2005","top5:el-chadaille-bitshiabu:2005","top5:elias-baum:2005","top5:elisha-owusu:1997","top5:elye-wahi:2003","top5:emre-can:1994","top5:enrico-delprato:1999","top5:enzo-ebosse:1999","top5:enzo-molebe:2007","top5:eray-comert:1998","top5:esteban-lepaul:2000","top5:ethan-mbappe:2006","top5:fabian-rieder:2002","top5:fabian-schar:1991","top5:fabien-centonze:1996","top5:fabio-miretti:2003","top5:federico-bonazzoli:1997","top5:federico-dimarco:1997","top5:federico-gatti:1998","top5:felipe-chavez:2007","top5:felix-mambimbi:2001","top5:ferland-mendy:1995","top5:filip-stojilkovic:2000","top5:filip-ugrinic:1999","top5:finn-dahmen:1998","top5:finn-jeltsch:2006","top5:florian-lejeune:1991","top5:florian-neuhaus:1997","top5:florian-thauvin:1993","top5:florian-wirtz:2003","top5:fode-ballo-toure:1997","top5:fode-sylla:2006","top5:francesco-acerbi:1988","top5:francesco-camarda:2008","top5:francesco-coppola:2005","top5:frank-feller:2004","top5:gabriele-zappa:1999","top5:gaby-jean:2000","top5:gaetan-perrin:1996","top5:gauthier-hein:1996","top5:geoffrey-kondogbia:1993","top5:georges-mikautadze:2000","top5:giorgio-scalvini:2003","top5:giovanni-bonfanti:2003","top5:godson-kyeremeh:2000","top5:granit-xhaka:1992","top5:gregor-kobel:1997","top5:grischa-promel:1995","top5:haissem-hassan:2002","top5:hakan-calhanoglu:1994","top5:han-noah-massengo:2001","top5:hannibal-mejbri:2003","top5:hans-nicolussi-caviglia:2000","top5:haris-belkebla:1994","top5:haris-tabakovic:1994","top5:hassane-kamara:1994","top5:hugo-ekitike:2002","top5:ibrahim-mbaye:2008","top5:ibrahim-salah:2001","top5:ibrahima-konate:1999","top5:ibrahima-sissoko:1997","top5:igor-matanovic:2003","top5:ilyas-ansah:2004","top5:isaac-schmidt:1999","top5:ismael-gharbi:2004","top5:ismael-guerti:2004","top5:jackson-tchatchoua:2001","top5:jamal-musiala:2003","top5:jamie-leweling:2001","top5:jamil-siebert:2002","top5:jan-schoppner:1999","top5:jan-thielmann:2002","top5:jan-urbich:2004","top5:janik-haberer:1994","top5:janis-blaswich:1991","top5:jay-idzes:2000","top5:jaydee-canvot:2006","top5:jean-luc-dompe:1995","top5:jean-matteo-bahoya:2005","top5:jean-philippe-krasso:1997","top5:jean-philippe-mateta:1997","top5:jean-ricner-bellegarde:1998","top5:jean-victor-makengo:1998","top5:jeremy-jacquet:2005","top5:jeremy-toljan:1994","top5:joel-schmied:1998","top5:johan-bakayoko:2003","top5:johan-manzambi:2005","top5:jonas-fohrenbach:1996","top5:jonas-hofmann:1992","top5:jonas-meffert:1994","top5:jonas-urbig:2003","top5:jonathan-burkardt:2000","top5:jonathan-clauss:1992","top5:jonathan-ikone:1998","top5:jordan-lefort:1993","top5:jordy-makengo:2001","top5:joseph-nduquidi:2004","top5:joshua-kimmich:1995","top5:josip-stanisic:2000","top5:jules-kounde:1998","top5:julian-chabot:1998","top5:junior-dina-ebimbe:2000","top5:junior-mwanga:2003","top5:kai-havertz:1999","top5:karim-adeyemi:2002","top5:kassoum-ouattara:2004","top5:kenan-yldz:2005","top5:kenny-lala:1991","top5:keven-schlotterbeck:1997","top5:kevin-akpoguma:1995","top5:kevin-kampl:1990","top5:kevin-trapp:1990","top5:khalis-merah:2007","top5:kilian-fischer:2000","top5:kingsley-ehizibue:1995","top5:kylian-mbappe:1998","top5:kyllian-antonio:2008","top5:lamine-sy:2002","top5:largie-ramazani:2001","top5:lasse-rie:2001","top5:leandro-trossard:1994","top5:lennart-karl:2008","top5:leny-yoro:2005","top5:leo-petrot:1997","top5:leon-avdullahu:2004","top5:leon-goretzka:1995","top5:leonidas-stergiou:2002","top5:lilian-brassier:1999","top5:lionel-mpasi:1994","top5:livan-burcu:2004","top5:logan-costa:2001","top5:loic-bade:2000","top5:loic-nego:1991","top5:lois-openda:2000","top5:lorenzo-bernasconi:2003","top5:lorenzo-colombo:2002","top5:lorenzo-lucca:2000","top5:lorenzo-montipo:1996","top5:louis-buffon:2007","top5:louis-mouton:2002","top5:luca-jaquez:2003","top5:luca-kerber:2002","top5:luca-waldschmidt:1996","top5:lucas-da-cunha:2001","top5:lucas-digne:1993","top5:lucas-gourna-douath:2003","top5:lucas-michal:2005","top5:ludovic-blas:1997","top5:luka-uric:2003","top5:lukas-klostermann:1996","top5:lukas-kubler:1992","top5:maarten-vandevoordt:2002","top5:maduka-okoye:1999","top5:maghnes-akliouche:2002","top5:malick-thiaw:2001","top5:malik-tillman:2002","top5:malo-gusto:2003","top5:mamadou-coulibaly:2004","top5:mandela-keita:2002","top5:manu-kone:2001","top5:manuel-akanji:1995","top5:manuel-de-luca:1998","top5:manuel-locatelli:1998","top5:manuel-neuer:1986","top5:marc-andre-ter-stegen:1992","top5:marc-oliver-kempf:1995","top5:marco-brescianini:2000","top5:marco-friedl:1998","top5:marco-palestra:2005","top5:marco-sportiello:1992","top5:marin-pongracic:1997","top5:mario-gotze:1992","top5:mario-pasalic:1995","top5:marius-wolf:1995","top5:mark-flekken:1993","top5:marvin-pieringer:1999","top5:marvin-schwabe:1995","top5:marvin-senaya:2001","top5:massimo-pessina:2007","top5:matheo-raab:1998","top5:mathias-pereira-lage:1996","top5:mathieu-cafaro:1997","top5:mathieu-gorgelin:1990","top5:mathis-amougou:2006","top5:mathis-jangeal:2008","top5:mathys-de-carvalho:2005","top5:mathys-tel:2005","top5:matias-fernandez-pardo:2005","top5:matteo-bianchetti:1993","top5:matteo-darmian:1989","top5:matteo-gabbia:1999","top5:matteo-guendouzi:1999","top5:matteo-lavelli:2006","top5:matteo-ruggeri:2002","top5:matthias-ginter:1994","top5:matthieu-udol:1996","top5:mattia-mosconi:2007","top5:max-finkgrafe:2004","top5:max-moerstedt:2006","top5:max-rosenfelder:2003","top5:max-wei:2004","top5:maxence-caqueret:2000","top5:maxence-lacroix:2000","top5:maxim-leitsch:1998","top5:medon-berisha:2003","top5:melvin-bard:2000","top5:mergim-vojvoda:1995","top5:mert-komur:2005","top5:michael-kayode:2004","top5:michael-zetterer:1995","top5:michel-aebischer:1997","top5:michel-ndary-adopo:2000","top5:michele-di-gregorio:1997","top5:michy-batshuayi:1993","top5:mike-penders:2005","top5:mike-tresor:1999","top5:mio-backhaus:2004","top5:miro-muheim:1998","top5:mohamed-ali-cho:2004","top5:mohamed-kaba:2001","top5:moise-kean:2000","top5:montassar-talbi:1998","top5:montrell-culbreath:2007","top5:morgan-sanson:1994","top5:moritz-nicolas:1997","top5:mory-diaw:1993","top5:moussa-diarra:2000","top5:nadiem-amiri:1996","top5:nathan-ngoy:2003","top5:nathaniel-brown:2003","top5:neal-maupay:1996","top5:neil-el-aynaoui:2001","top5:nelson-weiper:2005","top5:nesta-elphege:2001","top5:nhoa-sangui:2006","top5:nico-elvedi:1996","top5:nico-schlotterbeck:1999","top5:nicola-leali:1993","top5:nicolas-hofler:1990","top5:nicolas-pepe:1995","top5:nicolo-cambiaghi:2000","top5:nicolo-fagioli:2001","top5:nicolo-rovella:2001","top5:nicolo-savona:2003","top5:niels-nkounkou:2000","top5:niklas-dorsch:1998","top5:niklas-stark:1995","top5:niklas-sule:1995","top5:nnamdi-collins:2004","top5:noah-atubolu:2002","top5:noah-edjouma:2005","top5:noah-nsoki:2007","top5:noah-okafor:2000","top5:noah-sadiki:2004","top5:noham-kamara:2007","top5:nordi-mukiele:1997","top5:nouha-dicko:1992","top5:obed-nkambadio:2003","top5:obite-n-dicka:1999","top5:odysseas-vlachodimos:1994","top5:oliver-baumann:1990","top5:olivier-giroud:1986","top5:orel-mangala:1998","top5:oumar-solet:2000","top5:ousmane-dembele:1997","top5:pablo-pagis:2002","top5:pape-gueye:1999","top5:paris-brunner:2006","top5:pascal-gro:1991","top5:patrick-cutrone:1998","top5:paul-nebel:2002","top5:paul-pogba:1993","top5:philipp-kohn:1998","top5:philipp-sander:1998","top5:philipp-treu:2000","top5:pierre-kalulu:2000","top5:prosper-peter:2007","top5:quentin-ndjantou-mbitcha:2007","top5:rachid-ghezzal:1992","top5:raffaele-di-gennaro:1993","top5:rafik-belghali:2002","top5:ragnar-ache:1998","top5:randal-kolo-muani:1998","top5:randy-nteka:1997","top5:rani-khedira:1994","top5:raoul-bellanova:2000","top5:raphael-guerreiro:1993","top5:rassoul-ndiaye:2001","top5:rayan-ait-nouri:2001","top5:rayan-cherki:2003","top5:rayan-fofana:2006","top5:reda-belahyane:2004","top5:remi-himbert:2008","top5:remo-freuler:1992","top5:ricardo-rodriguez:1992","top5:riccardo-sottil:1999","top5:ridle-baku:1998","top5:robert-glatzel:1994","top5:roberto-gagliardini:1994","top5:roberto-piccoli:2001","top5:robin-fellhauer:1998","top5:robin-gosens:1994","top5:robin-hack:1998","top5:robin-koch:1996","top5:robin-risser:2004","top5:robin-zentner:1994","top5:robinio-vaz:2007","top5:rocco-reitz:2002","top5:romain-del-castillo:1996","top5:romain-faivre:1998","top5:romeo-lavia:2004","top5:rouven-tarnutzer:2007","top5:ruben-aguilar:1993","top5:ruben-vargas:1998","top5:rudy-matondo:2008","top5:ryan-rodin:2006","top5:sacha-boey:2000","top5:sadik-fofana:2003","top5:said-el-mala:2006","top5:salih-ozcan:1998","top5:samir-chergui:1999","top5:samir-el-mourabet:2005","top5:samuel-essende:1998","top5:samuel-mbangula:2004","top5:samuel-nibombe:2007","top5:sandro-tonali:2000","top5:sascha-britschgi:2006","top5:sead-kolasinac:1993","top5:sebastiaan-bornauw:1999","top5:seko-fofana:1995","top5:sekou-mara:2002","top5:senny-mayulu:2006","top5:serge-gnabry:1995","top5:silvan-widmer:1993","top5:simon-sohm:2001","top5:skelly-alvero:2002","top5:sofiane-boufal:1993","top5:soumaila-coulibaly:2003","top5:soungoutou-magassa:2003","top5:stanis-idumbo:2005","top5:stanley-n-soki:1999","top5:steeve-kango:2006","top5:stefan-bell:1991","top5:stefan-schimmer:1994","top5:stefano-moreo:1993","top5:stefano-turati:2001","top5:suat-serdar:1997","top5:sven-ulreich:1988","top5:tanguy-ndombele:1996","top5:tanguy-nianzou:2002","top5:thibault-de-smet:1998","top5:thibaut-courtois:1992","top5:thierno-barry:2002","top5:thilo-kehrer:1996","top5:thomas-delaine:1992","top5:thomas-keller:1999","top5:thomas-meunier:1991","top5:tidiam-gomis:2006","top5:tidiane-devernois:2007","top5:tim-lemperle:2002","top5:tim-oermann:2003","top5:tim-skarke:1996","top5:timo-werner:1996","top5:timothee-pembele:2002","top5:timothy-castagne:1995","top5:timothy-chandler:1990","top5:tobias-weigel:2007","top5:tom-bischof:2005","top5:tylel-tati:2008","top5:umut-tohumcu:2004","top5:valentin-gendrey:2000","top5:valentin-rongier:1994","top5:vincent-burlet:2005","top5:vincent-marchetti:1997","top5:vincenzo-grifo:1993","top5:warren-bondo:2003","top5:warren-zaire-emery:2006","top5:wesley-said:1995","top5:wilfried-gnonto:2003","top5:willem-geubbels:2001","top5:willi-orban:1992","top5:william-mikelbrencis:2004","top5:william-saliba:2001","top5:wilson-odobert:2004","top5:wisdom-mike:2008","top5:wout-faes:1998","top5:woyo-coulibaly:1999","top5:yann-aurel-bisseck:2000","top5:yann-sommer:1988","top5:yannick-gerhardt:1994","top5:yannik-keitel:2000","top5:yannik-wagner:2007","top5:yassin-belkhdim:2002","top5:yassine-kechta:2002","top5:yehvann-diouf:1999","top5:ylber-ramadani:1996","top5:yoane-wissa:1996","top5:younes-ebnoutalib:2003","top5:youri-tielemans:1997","top5:youssouf-fofana:1999","top5:zeki-amdouni:2000","top5:zoumana-diallo:2005"],"label":"Paris","country":"France"},"geometry":{"type":"Polygon","coordinates":[[[1.18851,49.470279],[2.026569,45.184249],[7.509948,43.786609],[12.677318,46.406957],[12.345747,50.554275],[6.259687,51.96477],[3.630009,50.610463],[1.18851,49.470279]]]}},{"type":"Feature","properties":{"hex_id":"81203ffffffffff","population":7957080,"population_year":2025,"area_km2":729486.9,"population_density":10.9,"all_players":0,"reference_cell":true,"players_per_million":0.0,"player_ids":[],"label":"Mapped area","country":"Kazakhstan"},"geometry":{"type":"Polygon","coordinates":[[[64.65954,46.076794],[68.048608,41.985775],[74.436338,41.761837],[78.337155,45.598111],[75.550129,49.975877],[68.13563,50.235864],[64.65954,46.076794]]]}},{"type":"Feature","properties":{"hex_id":"81207ffffffffff","population":4191912,"population_year":2025,"area_km2":707475.0,"population_density":5.9,"all_players":0,"reference_cell":true,"players_per_million":0.0,"player_ids":[],"label":"Mapped area","country":"Kazakhstan"},"geometry":{"type":"Polygon","coordinates":[[[75.550129,49.975877],[78.337155,45.598111],[84.903315,44.772027],[89.577507,48.132924],[87.772964,52.654203],[80.202852,53.696279],[75.550129,49.975877]]]}},{"type":"Feature","properties":{"hex_id":"8120bffffffffff","population":103642617,"population_year":2025,"area_km2":707475.0,"population_density":146.5,"all_players":2,"reference_cell":false,"players_per_million":0.02,"player_ids":["top5:abdukodir-khusanov:2004","top5:waldemar-anton:1996"],"label":"Olmaliq","country":"Uzbekistan"},"geometry":{"type":"Polygon","coordinates":[[[65.030331,37.894404],[67.98289,33.902397],[73.592618,33.705753],[76.945351,37.477284],[74.436338,41.761837],[68.048608,41.985775],[65.030331,37.894404]]]}},{"type":"Feature","properties":{"hex_id":"8120fffffffffff","population":18723403,"population_year":2025,"area_km2":707475.0,"population_density":26.5,"all_players":0,"reference_cell":true,"players_per_million":0.0,"player_ids":[],"label":"Mapped area","country":"China"},"geometry":{"type":"Polygon","coordinates":[[[74.436338,41.761837],[76.945351,37.477284],[82.728687,36.835377],[86.70821,40.312767],[84.903315,44.772027],[78.337155,45.598111],[74.436338,41.761837]]]}},{"type":"Feature","properties":{"hex_id":"81213ffffffffff","population":3926618,"population_year":2025,"area_km2":707475.0,"population_density":5.6,"all_players":0,"reference_cell":true,"players_per_million":0.0,"player_ids":[],"label":"Mapped area","country":"Kazakhstan"},"geometry":{"type":"Polygon","coordinates":[[[53.670494,49.372118],[57.92568,45.709642],[64.65954,46.076794],[68.13563,50.235864],[64.158618,54.257565],[56.286118,53.745323],[53.670494,49.372118]]]}},{"type":"Feature","properties":{"hex_id":"81217ffffffffff","population":6571788,"population_year":2025,"area_km2":707475.0,"population_density":9.3,"all_players":0,"reference_cell":true,"players_per_million":0.0,"player_ids":[],"label":"Mapped area","country":"Kazakhstan"},"geometry":{"type":"Polygon","coordinates":[[[64.158618,54.257565],[68.13563,50.235864],[75.550129,49.975877],[80.202852,53.696279],[77.086922,58.009332],[68.256323,58.319104],[64.158618,54.257565]]]}},{"type":"Feature","properties":{"hex_id":"8121bffffffffff","population":13990866,"population_year":2025,"area_km2":707475.0,"population_density":19.8,"all_players":0,"reference_cell":true,"players_per_million":0.0,"player_ids":[],"label":"Mapped area","country":"Uzbekistan"},"geometry":{"type":"Polygon","coordinates":[[[55.527294,41.39291],[59.150327,37.656443],[65.030331,37.894404],[68.048608,41.985775],[64.65954,46.076794],[57.92568,45.709642],[55.527294,41.39291]]]}},{"type":"Feature","properties":{"hex_id":"81243ffffffffff","population":529103,"population_year":2025,"area_km2":595741.2,"population_density":0.9,"all_players":0,"reference_cell":true,"players_per_million":0.0,"player_ids":[],"label":"Mapped area","country":"Mongolia"},"geometry":{"type":"Polygon","coordinates":[[[95.845115,46.679222],[96.77092,42.206941],[101.933828,40.61512],[106.535601,43.139813],[106.499377,47.463169],[100.985874,49.434628],[95.845115,46.679222]]]}},{"type":"Feature","properties":{"hex_id":"81247ffffffffff","population":735331,"population_year":2025,"area_km2":510516.1,"population_density":1.4,"all_players":0,"reference_cell":true,"players_per_million":0.0,"player_ids":[],"label":"Mapped area","country":"Mongolia"},"geometry":{"type":"Polygon","coordinates":[[[106.499377,47.463169],[106.535601,43.139813],[110.981139,41.216599],[115.501139,43.254142],[116.212896,47.309451],[111.70886,49.606695],[106.499377,47.463169]]]}},{"type":"Feature","properties":{"hex_id":"8124bffffffffff","population":6863442,"population_year":2025,"area_km2":595741.2,"population_density":11.5,"all_players":0,"reference_cell":true,"players_per_million":0.0,"player_ids":[],"label":"Mapped area","country":"China"},"geometry":{"type":"Polygon","coordinates":[[[92.347744,39.173813],[93.431668,34.856934],[98.228504,33.62107],[102.303253,36.369976],[101.933828,40.61512],[96.77092,42.206941],[92.347744,39.173813]]]}},{"type":"Feature","properties":{"hex_id":"8124fffffffffff","population":30996370,"population_year":2025,"area_km2":523941.7,"population_density":59.2,"all_players":0,"reference_cell":true,"players_per_million":0.0,"player_ids":[],"label":"Mapped area","country":"China"},"geometry":{"type":"Polygon","coordinates":[[[101.933828,40.61512],[102.303253,36.369976],[104.504316,35.604157],[106.967721,34.902991],[110.694611,37.163896],[110.981139,41.216599],[106.535601,43.139813],[101.933828,40.61512]]]}},{"type":"Feature","properties":{"hex_id":"81253ffffffffff","population":1473867,"population_year":2025,"area_km2":647632.6,"population_density":2.3,"all_players":0,"reference_cell":true,"players_per_million":0.0,"player_ids":[],"label":"Mapped area","country":"Russia"},"geometry":{"type":"Polygon","coordinates":[[[87.772964,52.654203],[89.577507,48.132924],[95.845115,46.679222],[100.985874,49.434628],[100.363977,53.907861],[93.387021,55.707268],[87.772964,52.654203]]]}},{"type":"Feature","properties":{"hex_id":"81257ffffffffff","population":4712572,"population_year":2025,"area_km2":565620.1,"population_density":8.3,"all_players":0,"reference_cell":true,"players_per_million":0.0,"player_ids":[],"label":"Mapped area","country":"Russia"},"geometry":{"type":"Polygon","coordinates":[[[100.363977,53.907861],[100.985874,49.434628],[106.499377,47.463169],[111.70886,49.606695],[111.933609,51.732178],[112.463708,53.643972],[106.403496,56.210611],[100.363977,53.907861]]]}},{"type":"Feature","properties":{"hex_id":"8125bffffffffff","population":9359979,"population_year":2025,"area_km2":666617.1,"population_density":14.0,"all_players":0,"reference_cell":true,"players_per_million":0.0,"player_ids":[],"label":"Mapped area","country":"China"},"geometry":{"type":"Polygon","coordinates":[[[84.903315,44.772027],[86.70821,40.312767],[92.347744,39.173813],[96.77092,42.206941],[95.845115,46.679222],[89.577507,48.132924],[84.903315,44.772027]]]}},{"type":"Feature","properties":{"hex_id":"81263ffffffffff","population":10240947,"population_year":2025,"area_km2":614937.0,"population_density":16.7,"all_players":0,"reference_cell":true,"players_per_million":0.0,"player_ids":[],"label":"Mapped area","country":"United States of America"},"geometry":{"type":"Polygon","coordinates":[[[-99.917049,47.471519],[-102.323756,45.197628],[-103.535954,44.08338],[-101.04033,40.088597],[-95.246862,39.326803],[-92.81941,41.451207],[-91.476262,42.44496],[-93.395849,46.63002],[-99.917049,47.471519]]]}},{"type":"Feature","properties":{"hex_id":"81267ffffffffff","population":25791718,"population_year":2025,"area_km2":602082.0,"population_density":42.8,"all_players":0,"reference_cell":true,"players_per_million":0.0,"player_ids":[],"label":"Mapped area","country":"United States of America"},"geometry":{"type":"Polygon","coordinates":[[[-88.065886,34.059836],[-84.585167,37.099589],[-85.703199,41.161269],[-91.476262,42.44496],[-92.81941,41.451207],[-95.246862,39.326803],[-93.265212,35.090108],[-88.065886,34.059836]]]}},{"type":"Feature","properties":{"hex_id":"8126bffffffffff","population":8947665,"population_year":2025,"area_km2":647632.6,"population_density":13.8,"all_players":0,"reference_cell":true,"players_per_million":0.0,"player_ids":[],"label":"Mapped area","country":"United States of America"},"geometry":{"type":"Polygon","coordinates":[[[-104.454816,36.494369],[-101.04033,40.088597],[-103.535954,44.08338],[-109.788387,44.413071],[-113.046271,40.72062],[-110.257485,36.800197],[-104.454816,36.494369]]]}},{"type":"Feature","properties":{"hex_id":"8126fffffffffff","population":17160726,"population_year":2025,"area_km2":666617.1,"population_density":25.7,"all_players":1,"reference_cell":false,"players_per_million":0.06,"player_ids":["top5:weston-mckennie:1998"],"label":"Little Elm","country":"United States of America"},"geometry":{"type":"Polygon","coordinates":[[[-96.66289,31.619531],[-93.265212,35.090108],[-95.246862,39.326803],[-101.04033,40.088597],[-104.454816,36.494369],[-102.093235,32.268747],[-96.66289,31.619531]]]}},{"type":"Feature","properties":{"hex_id":"81273ffffffffff","population":1973811,"population_year":2025,"area_km2":666617.1,"population_density":3.0,"all_players":0,"reference_cell":true,"players_per_million":0.0,"player_ids":[],"label":"Mapped area","country":"Canada"},"geometry":{"type":"Polygon","coordinates":[[[-98.561848,55.218551],[-102.902298,51.556776],[-99.917049,47.471519],[-93.395849,46.63002],[-88.654124,49.812423],[-90.651446,54.300916],[-98.561848,55.218551]]]}},{"type":"Feature","properties":{"hex_id":"81277ffffffffff","population":23070026,"population_year":2025,"area_km2":647632.6,"population_density":35.6,"all_players":0,"reference_cell":true,"players_per_million":0.0,"player_ids":[],"label":"Mapped area","country":"United States of America"},"geometry":{"type":"Polygon","coordinates":[[[-88.654124,49.812423],[-93.395849,46.63002],[-91.476262,42.44496],[-85.703199,41.161269],[-80.982253,43.86012],[-81.919627,48.295316],[-88.654124,49.812423]]]}},{"type":"Feature","properties":{"hex_id":"8127bffffffffff","population":1471275,"population_year":2025,"area_km2":602082.0,"population_density":2.4,"all_players":0,"reference_cell":true,"players_per_million":0.0,"player_ids":[],"label":"Mapped area","country":"United States of America"},"geometry":{"type":"Polygon","coordinates":[[[-109.994611,51.754866],[-112.788004,48.011188],[-109.788387,44.413071],[-103.535954,44.08338],[-102.323756,45.197628],[-99.917049,47.471519],[-102.902298,51.556776],[-109.994611,51.754866]]]}},{"type":"Feature","properties":{"hex_id":"8128bffffffffff","population":4004885,"population_year":2025,"area_km2":595741.2,"population_density":6.7,"all_players":0,"reference_cell":true,"players_per_million":0.0,"player_ids":[],"label":"Mapped area","country":"United States of America"},"geometry":{"type":"Polygon","coordinates":[[[-113.046271,40.72062],[-109.788387,44.413071],[-112.788004,48.011188],[-119.232215,47.804097],[-122.134831,44.057691],[-119.002282,40.570572],[-113.046271,40.72062]]]}},{"type":"Feature","properties":{"hex_id":"8129bffffffffff","population":31485482,"population_year":2025,"area_km2":666617.1,"population_density":47.2,"all_players":0,"reference_cell":true,"players_per_million":0.0,"player_ids":[],"label":"Mapped area","country":"United States of America"},"geometry":{"type":"Polygon","coordinates":[[[-113.268008,32.856905],[-110.257485,36.800197],[-113.046271,40.72062],[-119.002282,40.570572],[-121.707157,36.574218],[-118.804528,32.779438],[-113.268008,32.856905]]]}},{"type":"Feature","properties":{"hex_id":"812a3ffffffffff","population":39671228,"population_year":2025,"area_km2":595741.2,"population_density":66.6,"all_players":11,"reference_cell":false,"players_per_million":0.28,"player_ids":["top5:brenden-aaronson:2000","top5:folarin-balogun:2001","top5:james-sands:2000","top5:joe-scally:2002","top5:johnny-cardoso:2001","top5:jonathan-david:2000","top5:luca-koleosho:2004","top5:timothy-weah:2000","top5:tyler-adams:1999","top5:yunus-musah:2002","top5:zion-suzuki:2002"],"label":"New York City","country":"United States"},"geometry":{"type":"Polygon","coordinates":[[[-69.955068,44.277849],[-75.333452,42.029564],[-75.063317,37.849069],[-70.311412,35.933887],[-65.448142,37.822091],[-64.835193,41.948534],[-69.955068,44.277849]]]}},{"type":"Feature","properties":{"hex_id":"812abffffffffff","population":54889027,"population_year":2025,"area_km2":595741.2,"population_density":92.1,"all_players":3,"reference_cell":false,"players_per_million":0.05,"player_ids":["top5:christian-pulisic:1998","top5:kevin-paredes:2003","top5:mark-mckenzie:1999"],"label":"Hershey","country":"United States"},"geometry":{"type":"Polygon","coordinates":[[[-80.982253,43.86012],[-85.703199,41.161269],[-84.585167,37.099589],[-79.557618,35.583567],[-75.063317,37.849069],[-75.333452,42.029564],[-80.982253,43.86012]]]}},{"type":"Feature","properties":{"hex_id":"812bbffffffffff","population":23927662,"population_year":2025,"area_km2":666617.1,"population_density":35.9,"all_players":5,"reference_cell":false,"players_per_million":0.21,"player_ids":["top5:derek-cornelius:1997","top5:jacen-russell-rowe:2002","top5:moise-bombito:2000","top5:tajon-buchanan:1999","top5:theo-bair:1999"],"label":"Ottawa","country":"Canada"},"geometry":{"type":"Polygon","coordinates":[[[-76.057729,50.990211],[-81.919627,48.295316],[-80.982253,43.86012],[-75.333452,42.029564],[-69.955068,44.277849],[-69.719479,48.757432],[-76.057729,50.990211]]]}},{"type":"Feature","properties":{"hex_id":"812c3ffffffffff","population":48394646,"population_year":2025,"area_km2":614937.0,"population_density":78.7,"all_players":9,"reference_cell":false,"players_per_million":0.19,"player_ids":["top5:budu-zivzivadze:1994","top5:giorgi-abuashvili:2003","top5:giorgi-gocholeishvili:2001","top5:giorgi-kvilitaia:1993","top5:giorgi-mamardashvili:2000","top5:henrikh-mkhitaryan:1989","top5:khvicha-kvaratskhelia:2001","top5:mahmoud-dahoud:1996","top5:saba-goglichidze:2004"],"label":"Kutaisi","country":"Georgia"},"geometry":{"type":"Polygon","coordinates":[[[38.930218,38.400687],[43.074401,35.326156],[46.40451,36.114445],[48.114436,36.404919],[49.670644,40.636123],[45.504839,43.945519],[41.788831,43.124283],[39.938746,42.736298],[38.930218,38.400687]]]}},{"type":"Feature","properties":{"hex_id":"812c7ffffffffff","population":5336968,"population_year":2025,"area_km2":666617.1,"population_density":8.0,"all_players":0,"reference_cell":true,"players_per_million":0.0,"player_ids":[],"label":"Mapped area","country":"Kazakhstan"},"geometry":{"type":"Polygon","coordinates":[[[45.504839,43.945519],[49.670644,40.636123],[55.527294,41.39291],[57.92568,45.709642],[53.670494,49.372118],[47.038223,48.339942],[45.504839,43.945519]]]}},{"type":"Feature","properties":{"hex_id":"812cbffffffffff","population":60698353,"population_year":2025,"area_km2":602082.0,"population_density":100.8,"all_players":2,"reference_cell":false,"players_per_million":0.03,"player_ids":["top5:ameen-al-dakhil:2002","top5:roony-bardghji:2005"],"label":"Kuwait City","country":"Iraq"},"geometry":{"type":"Polygon","coordinates":[[[43.074401,35.326156],[42.026294,30.891357],[45.678762,27.848758],[50.187904,29.089392],[51.71868,33.03025],[48.114436,36.404919],[46.40451,36.114445],[43.074401,35.326156]]]}},{"type":"Feature","properties":{"hex_id":"812d3ffffffffff","population":35376976,"population_year":2025,"area_km2":647632.6,"population_density":54.6,"all_players":5,"reference_cell":false,"players_per_million":0.14,"player_ids":["top5:altay-bayndr:1998","top5:arda-guler:2005","top5:enes-unal:1997","top5:ozan-kabak:2000","top5:zeki-celik:1997"],"label":"Osmangazi","country":"Turkey"},"geometry":{"type":"Polygon","coordinates":[[[29.387082,44.107766],[28.846869,39.643311],[33.614584,36.858664],[38.930218,38.400687],[39.938746,42.736298],[35.197789,45.672385],[29.387082,44.107766]]]}},{"type":"Feature","properties":{"hex_id":"812d7ffffffffff","population":24372623,"population_year":2025,"area_km2":602082.0,"population_density":40.5,"all_players":1,"reference_cell":false,"players_per_million":0.04,"player_ids":["top5:matvei-safonov:1999"],"label":"Stavropol","country":"Russia"},"geometry":{"type":"Polygon","coordinates":[[[35.197789,45.672385],[39.938746,42.736298],[41.788831,43.124283],[45.504839,43.945519],[47.038223,48.339942],[42.136829,51.409437],[36.116724,49.779343],[35.197789,45.672385]]]}},{"type":"Feature","properties":{"hex_id":"812dbffffffffff","population":70393013,"population_year":2025,"area_km2":666617.1,"population_density":105.6,"all_players":7,"reference_cell":false,"players_per_million":0.1,"player_ids":["top5:grigoris-kastanos:1998","top5:heorhii-tsitaishvili:2000","top5:manor-solomon:1999","top5:musa-al-taamari:1997","top5:omri-gandelman:2000","top5:tay-abed:2004","top5:viktor-tsyhankov:1997"],"label":"Kfar Saba","country":"Israel"},"geometry":{"type":"Polygon","coordinates":[[[33.614584,36.858664],[32.928331,32.240102],[37.164282,29.339076],[42.026294,30.891357],[43.074401,35.326156],[38.930218,38.400687],[33.614584,36.858664]]]}},{"type":"Feature","properties":{"hex_id":"812e3ffffffffff","population":12920451,"population_year":2025,"area_km2":595741.2,"population_density":21.7,"all_players":1,"reference_cell":false,"players_per_million":0.08,"player_ids":["top5:koki-machida:1997"],"label":"Ibaraki Prefecture","country":"Japan"},"geometry":{"type":"Polygon","coordinates":[[[148.856926,38.18238],[147.817284,42.633407],[142.305844,43.816095],[138.515018,40.617501],[139.948213,36.441778],[144.831325,35.18743],[148.856926,38.18238]]]}},{"type":"Feature","properties":{"hex_id":"812e7ffffffffff","population":52072688,"population_year":2025,"area_km2":510516.1,"population_density":102.0,"all_players":10,"reference_cell":false,"players_per_million":0.19,"player_ids":["top5:ayumu-seko:2000","top5:hiroki-ito:1999","top5:kaishu-sano:2000","top5:ritsu-doan:1998","top5:shuto-machino:1999","top5:sota-kawasaki:2001","top5:takuma-asano:1994","top5:takumi-minamino:1995","top5:tomoya-ando:1999","top5:yukinari-sugawara:2000"],"label":"Hamamatsu","country":"Japan"},"geometry":{"type":"Polygon","coordinates":[[[139.948213,36.441778],[138.515018,40.617501],[133.570126,41.410447],[130.657533,38.194564],[132.308377,34.331159],[136.697641,33.378798],[139.948213,36.441778]]]}},{"type":"Feature","properties":{"hex_id":"812f7ffffffffff","population":38419612,"population_year":2025,"area_km2":565620.1,"population_density":67.9,"all_players":9,"reference_cell":false,"players_per_million":0.23,"player_ids":["top5:ao-tanaka:1998","top5:joel-fujita:2002","top5:kaoru-mitoma:1997","top5:kento-shiogai:2005","top5:kota-takai:2004","top5:taichi-hara:1999","top5:takefusa-kubo:2001","top5:wataru-endo:1993","top5:yuito-suzuki:2001"],"label":"Tokyo","country":"Japan"},"geometry":{"type":"Polygon","coordinates":[[[145.91104,30.789834],[144.831325,35.18743],[139.948213,36.441778],[136.697641,33.378798],[137.3956,31.331749],[137.800087,29.424814],[142.433222,27.949606],[145.91104,30.789834]]]}},{"type":"Feature","properties":{"hex_id":"8130bffffffffff","population":241379936,"population_year":2025,"area_km2":447684.2,"population_density":539.2,"all_players":0,"reference_cell":true,"players_per_million":0.0,"player_ids":[],"label":"Mapped area","country":"China"},"geometry":{"type":"Polygon","coordinates":[[[124.020556,32.661445],[123.162765,36.005614],[121.690154,36.205283],[118.869299,37.429854],[115.340961,35.522424],[116.2613,31.680908],[120.503394,29.892985],[124.020556,32.661445]]]}},{"type":"Feature","properties":{"hex_id":"8130fffffffffff","population":61653931,"population_year":2025,"area_km2":447684.2,"population_density":137.7,"all_players":6,"reference_cell":false,"players_per_million":0.1,"player_ids":["top5:hong-hyunseok:1999","top5:hwang-hee-chan:1996","top5:jeong-woo-yeong:1999","top5:kim-min-jae:1996","top5:lee-jae-sung:1992","top5:lee-kang-in:2001"],"label":"Incheon","country":"South Korea"},"geometry":{"type":"Polygon","coordinates":[[[123.162765,36.005614],[124.020556,32.661445],[128.534469,31.786712],[132.308377,34.331159],[130.657533,38.194564],[126.346943,38.738746],[125.585234,37.691245],[123.162765,36.005614]]]}},{"type":"Feature","properties":{"hex_id":"81313ffffffffff","population":23213423,"population_year":2025,"area_km2":447684.2,"population_density":51.9,"all_players":0,"reference_cell":true,"players_per_million":0.0,"player_ids":[],"label":"Mapped area","country":"China"},"geometry":{"type":"Polygon","coordinates":[[[115.501139,43.254142],[119.13691,41.148271],[120.555881,41.717194],[123.984121,41.999374],[125.981142,45.096434],[122.152595,47.997963],[116.212896,47.309451],[115.501139,43.254142]]]}},{"type":"Feature","properties":{"hex_id":"81317ffffffffff","population":34330554,"population_year":2025,"area_km2":447684.2,"population_density":76.7,"all_players":0,"reference_cell":true,"players_per_million":0.0,"player_ids":[],"label":"Mapped area","country":"North Korea"},"geometry":{"type":"Polygon","coordinates":[[[133.570126,41.410447],[131.774401,45.253613],[125.981142,45.096434],[123.984121,41.999374],[125.085829,41.118552],[126.346943,38.738746],[130.657533,38.194564],[133.570126,41.410447]]]}},{"type":"Feature","properties":{"hex_id":"8131bffffffffff","population":167852256,"population_year":2025,"area_km2":447684.2,"population_density":374.9,"all_players":0,"reference_cell":true,"players_per_million":0.0,"player_ids":[],"label":"Mapped area","country":"China"},"geometry":{"type":"Polygon","coordinates":[[[110.981139,41.216599],[110.694611,37.163896],[115.340961,35.522424],[118.869299,37.429854],[118.582885,38.614967],[119.13691,41.148271],[115.501139,43.254142],[110.981139,41.216599]]]}},{"type":"Feature","properties":{"hex_id":"81347ffffffffff","population":2240102,"population_year":2025,"area_km2":707475.0,"population_density":3.2,"all_players":13,"reference_cell":false,"players_per_million":5.8,"player_ids":["top5:alberto-moleiro:2003","top5:ayoze-perez:1993","top5:fabio-moreno-fell:2000","top5:jairo-izquierdo:1993","top5:javi-lopez:2002","top5:jorge-cabello:2004","top5:nicolas-paz:2004","top5:omar-mascarell:1993","top5:pedri:2002","top5:pedro:1987","top5:raul-asencio:2003","top5:saul-coco:1999","top5:yeremi-pino:2002"],"label":"Santa Cruz de Tenerife","country":"Spain"},"geometry":{"type":"Polygon","coordinates":[[[-20.108383,33.794128],[-23.542517,30.029487],[-21.487401,25.694857],[-16.394663,25.007863],[-12.948555,28.514936],[-14.570452,32.954386],[-20.108383,33.794128]]]}},{"type":"Feature","properties":{"hex_id":"81383ffffffffff","population":31514301,"population_year":2025,"area_km2":614937.0,"population_density":51.2,"all_players":14,"reference_cell":false,"players_per_million":0.44,"player_ids":["top5:abde-rebbach:1998","top5:adam-boayar:2005","top5:alex-baena:2001","top5:german-valera:2002","top5:gonzalo-villar:1998","top5:hicham-boudaoui:1999","top5:hugo-lopez:2007","top5:john-donald:2000","top5:mourad-el-ghezouani:1998","top5:patric:1993","top5:rafa-mir:1997","top5:robert-sanchez:1997","top5:toni-martinez:1997","top5:yellu-santiago:2004"],"label":"Murcia","country":"Spain"},"geometry":{"type":"Polygon","coordinates":[[[-5.442348,35.124424],[-4.341769,30.698974],[-1.240802,29.828776],[0.260947,29.300375],[4.204174,32.110107],[3.543589,36.597898],[0.238716,37.588846],[-1.416234,38.115997],[-5.442348,35.124424]]]}},{"type":"Feature","properties":{"hex_id":"81387ffffffffff","population":36845141,"population_year":2025,"area_km2":666617.1,"population_density":55.3,"all_players":3,"reference_cell":false,"players_per_million":0.08,"player_ids":["top5:ali-abdi:1993","top5:mohamed-amoura:2000","top5:ramy-bensebaini:1995"],"label":"Constantine","country":"Tunisia"},"geometry":{"type":"Polygon","coordinates":[[[3.543589,36.597898],[4.204174,32.110107],[8.974636,30.254841],[13.48858,32.875015],[13.244313,37.523712],[8.045142,39.402136],[3.543589,36.597898]]]}},{"type":"Feature","properties":{"hex_id":"8138bffffffffff","population":500531,"population_year":2025,"area_km2":602082.0,"population_density":0.8,"all_players":0,"reference_cell":true,"players_per_million":0.0,"player_ids":[],"label":"Mapped area","country":"Algeria"},"geometry":{"type":"Polygon","coordinates":[[[-4.341769,30.698974],[-8.002014,27.502909],[-6.846166,23.22581],[-2.483865,22.197541],[0.994677,24.858336],[0.260947,29.300375],[-1.240802,29.828776],[-4.341769,30.698974]]]}},{"type":"Feature","properties":{"hex_id":"8138fffffffffff","population":290452,"population_year":2025,"area_km2":647632.6,"population_density":0.4,"all_players":0,"reference_cell":true,"players_per_million":0.0,"player_ids":[],"label":"Mapped area","country":"Algeria"},"geometry":{"type":"Polygon","coordinates":[[[0.260947,29.300375],[0.994677,24.858336],[5.367574,23.011147],[9.380677,25.603703],[8.974636,30.254841],[4.204174,32.110107],[0.260947,29.300375]]]}},{"type":"Feature","properties":{"hex_id":"81393ffffffffff","population":34532782,"population_year":2025,"area_km2":647632.6,"population_density":53.3,"all_players":171,"reference_cell":false,"players_per_million":4.95,"player_ids":["top5:abel-bretones:2000","top5:achraf-hakimi:1998","top5:adrian-de-la-fuente:1999","top5:adrian:1987","top5:afonso-moreira:2005","top5:alberto-moreno:1992","top5:alejandro-garnacho:2004","top5:alex-jimenez:2005","top5:alex-sanchez:2006","top5:alex-sancris:1997","top5:alfon:1999","top5:alfonso-pedraza:1996","top5:alvaro-carreras:2003","top5:alvaro-fidalgo:1997","top5:alvaro-garcia:1992","top5:alvaro-morata:1992","top5:andre-gomes:1993","top5:andre-silva:1995","top5:andres-antanon:2007","top5:angelino:1997","top5:antonio-blanco:2000","top5:antonio-raillo:1991","top5:bernardo-silva:1994","top5:beto:1998","top5:borja-iglesias:1993","top5:borja-mayoral:1997","top5:borja-sanchez-laborde:1996","top5:brahim-diaz:1999","top5:brais-mendez:1997","top5:bruno-fernandes:1994","top5:bryan-gil:2001","top5:bryan-zaragoza:2001","top5:carlos-alvarez:2003","top5:carlos-martin:2002","top5:cesar-palacios:2004","top5:damian-rodriguez:2003","top5:dani-carvajal:1992","top5:dani-ceballos:1996","top5:dani-rodriguez:1988","top5:daniel-parejo:1989","top5:daniel-yanez:2007","top5:danilo-veiga:2002","top5:dario-essugo:2005","top5:david-carmo:1999","top5:david-costas:1995","top5:david-de-gea:1990","top5:david-jimenez:2004","top5:david-soria:1993","top5:davinchi:2007","top5:denis-suarez:1994","top5:diego-aguado:2007","top5:diego-llorente:1993","top5:diego-pampin:2000","top5:diego-rico:1993","top5:diogo-dalot:1999","top5:diogo-leite:1999","top5:domingos-andre-ribeiro-almeida:2000","top5:domingos-duarte:1995","top5:dro-fernandez:2008","top5:fabian-ruiz-pena:1996","top5:fabio-cardoso:1994","top5:fabio-carvalho:2002","top5:fabio-silva:2002","top5:fabio-vieira:2000","top5:fali-cande:1998","top5:federico-redondo:2003","top5:felix-correia:2001","top5:fer-lopez:2004","top5:fernando-calero:1995","top5:fran-beltran:1999","top5:francisco-conceicao:2002","top5:gavi:2004","top5:goncalo-guedes:1996","top5:goncalo-ramos:2001","top5:gonzalo-garcia:2004","top5:guilherme-ramos:1997","top5:hugo-alvarez:2003","top5:hugo-bueno:2002","top5:hugo-duro:1999","top5:hugo-sotelo:2003","top5:iago-aspas:1987","top5:iker-benito:2002","top5:iker-losada:2001","top5:iker-luque:2005","top5:isaac-romero:2000","top5:isco:1992","top5:ivan-corralejo:2007","top5:ivan-romero:2001","top5:jacobo-ramon:2005","top5:javi-galan:1994","top5:javi-rodriguez:2003","top5:javi-rueda:2002","top5:javier-bonar:2005","top5:javier-munoz:1995","top5:jeremy-sarmiento:2002","top5:joao-cancelo:1994","top5:joao-neves:2004","top5:joao-palhinha:1995","top5:jonny-castro:1994","top5:jorge-cuenca:1999","top5:jorge-de-frutos:1997","top5:jose-luis-morales:1987","top5:jose-sa:1993","top5:jota-silva:1999","top5:juan-cruz-armada:1992","top5:juan-miranda:2000","top5:juanlu-sanchez:2003","top5:juanmi:1993","top5:julio-diaz:2005","top5:kevin-carlos:2001","top5:kike-salas:2002","top5:koke:1992","top5:lucas-ahijado:1995","top5:lucas-vazquez:1991","top5:luis-milla:1994","top5:luis-rioja:1993","top5:manu-bueno:2004","top5:manu-fernandez:2001","top5:manu-sanchez:2000","top5:manuel-angel:2004","top5:marco-esteban:2006","top5:marcos-alonso:1990","top5:mario-hermoso:1995","top5:mario-martin:2004","top5:martim-neto:2003","top5:mateus-fernandes:2004","top5:miguel-cubo:2008","top5:miguel-gutierrez:2001","top5:miguel-roman:2002","top5:nuno-mendes:2002","top5:nuno-tavares:2000","top5:oscar-valentin:1994","top5:pablo-barrios:2003","top5:pablo-duran:2001","top5:pablo-marin:2003","top5:pablo:2004","top5:paco-cortes:2007","top5:pedro-diaz:1998","top5:pedro-neto:2000","top5:pedro-porro:1999","top5:pol-lozano:1999","top5:rafa-marin:2002","top5:rafael-leao:1999","top5:renato-veiga:2003","top5:robert-skov:1996","top5:rodri:1996","top5:rodrigo-gomes:2003","top5:rodrigo-ribeiro:2005","top5:rodrigo-riquelme:2000","top5:ruben-dias:1997","top5:rui-modesto:1999","top5:samu-becerra:2006","top5:samu-costa:2000","top5:santi-cazorla:1984","top5:santi-comesana:1996","top5:sergio-camello:2001","top5:sergio-carreira:2000","top5:sergio-herrera:1993","top5:tete-morente:1996","top5:thierry-correia:1999","top5:tiago-gouveia:2001","top5:tiago-santos:2002","top5:tiago-tomas:2002","top5:tomas-esteves:2002","top5:ulisses-garcia:1996","top5:vanja-milinkovic-savic:1997","top5:victor-parada:2002","top5:vitinha:2000","top5:yago-santiago:2003","top5:yoel-lago:2004","top5:youssef-lekhedim:2005"],"label":"Madrid","country":"Spain"},"geometry":{"type":"Polygon","coordinates":[[[-8.101589,44.050631],[-12.384127,40.869133],[-10.744488,36.38323],[-5.442348,35.124424],[-1.416234,38.115997],[-2.417796,42.54048],[-8.101589,44.050631]]]}},{"type":"Feature","properties":{"hex_id":"81397ffffffffff","population":31465600,"population_year":2025,"area_km2":602082.0,"population_density":52.3,"all_players":214,"reference_cell":false,"players_per_million":6.8,"player_ids":["top5:aaron-escandell:1995","top5:aaron-martin:1997","top5:abdon-prats:1992","top5:abel-ruiz:2000","top5:adama-traore:1996","top5:adria-altimira:2001","top5:adria-pedrosa:1998","top5:adrian-bernabe:2001","top5:adrian-liso:2005","top5:aihen-munoz:1997","top5:aimar-oroz:2001","top5:aitor-ruibal:1996","top5:aleix-febas:1996","top5:aleix-garcia:1997","top5:alejandro-balde:2003","top5:alejandro-frances:2002","top5:alex-berenguer:1995","top5:alex-fores:2001","top5:alex-grimaldo:1995","top5:alex-moreno:1993","top5:alex-remiro:1995","top5:alex-sala:2001","top5:alex-valle:2004","top5:alvaro-cortes:2005","top5:alvaro-rodriguez:2004","top5:amine-adli:2000","top5:amir-richardson:2002","top5:anthony-jung:1991","top5:anthony-rouault:2001","top5:antoine-mendy:2004","top5:antonio-sanchez:1997","top5:antonio-sivera:1996","top5:arnau-martinez:2003","top5:arnau-tenas:2001","top5:asier-osambela:2004","top5:aymeric-laporte:1994","top5:bafode-diakite:2001","top5:bambo-diaby:1997","top5:benat-prados:2001","top5:benjamin-andre:1990","top5:benjamin-stambouli:1990","top5:bilal-nadir:2003","top5:boubacar-kamara:1999","top5:carles-alena:1998","top5:carlos-espi:2005","top5:carlos-macia:2008","top5:carlos-romero:2001","top5:carlos-soler:1997","top5:carlos-vicente:1999","top5:cesar-azpilicueta:1989","top5:cesar-tarrega:2002","top5:chadi-riad:2003","top5:christian-mawissa:2005","top5:cristhian-mosquera:2004","top5:dani-calvo:1994","top5:dani-cardenas:1997","top5:dani-olmo:1998","top5:david-lopez:1989","top5:david-lopez:2003","top5:david-raya:1995","top5:dawda-camara:2002","top5:edu-exposito:1996","top5:eliesse-ben-seghir:2005","top5:eliezer-mayenda:2005","top5:ellyes-skhiri:1995","top5:eric-garcia:2001","top5:ferran-jutgla:1999","top5:ferran-torres:2000","top5:florian-sotoca:1990","top5:franck-honorat:1996","top5:frank-magri:1999","top5:gautier-lloris:1995","top5:gerard-gumbau:1994","top5:gerard-martin:2002","top5:gerard-moreno:1992","top5:gessime-yassine:2005","top5:gregoire-coudert:1999","top5:guillaume-restes:2005","top5:hector-bellerin:1995","top5:hector-fort:2006","top5:hugo-gonzalez:2003","top5:hugo-magnetti:1998","top5:hugo-rincon:2003","top5:iker-bravo:2005","top5:iker-munoz:2002","top5:ilan-kebbal:1998","top5:ilias-akhomach:2004","top5:ilyas-azizi:2008","top5:ilyas-chaira:2001","top5:inaki-pena:1999","top5:inaki-ruperez:2003","top5:inigo-arguibide:2005","top5:isaac-palazon-camacho:1994","top5:issa-diop:1997","top5:ivan-balliu:1992","top5:jan-salas:2005","top5:jan-virgili:2006","top5:jano-monserrate:2006","top5:javi-morcillo:2006","top5:javi-puado:1998","top5:javier-llabres:2002","top5:javier-olaizola:2007","top5:jean-daniel-akpa-akpro:1992","top5:jeremie-boga:1997","top5:jesus-areso:1999","top5:jim-allevinah:1995","top5:joan-garcia:2001","top5:joan-jordan:1994","top5:joaquin-martinez-gauna:2003","top5:joel-roca:2005","top5:jofre-torrents:2007","top5:jon-moncayola:1998","top5:jorge-cestero:2006","top5:jorge-herrando:2001","top5:joris-chotard:2001","top5:josan:1989","top5:jose-luis-garcia-vaya:1998","top5:jose-luis-gaya:1995","top5:jose-salinas:2000","top5:josep-martinez:1998","top5:julien-lopez:1992","top5:kail-boudache:2006","top5:kelvin-amian:1998","top5:kike-barja:1997","top5:kiko-femenia:1991","top5:lamine-yamal:2007","top5:lander-pinillos:2003","top5:laurent-abergel:1993","top5:leo-roman:2000","top5:lorenz-assignon:2000","top5:lucas-hernandez:1996","top5:lucas-torro:1994","top5:mahdi-camara:1998","top5:malang-sarr:1999","top5:mamadou-sarr:2005","top5:manu-morlanes:1999","top5:marc-aguado:2000","top5:marc-bartra:1991","top5:marc-bernal:2007","top5:marc-casado:2003","top5:marc-cucurella:1998","top5:marc-guiu:2006","top5:marc-pubill:2003","top5:marc-roca:1996","top5:marcos-llorente:1995","top5:mario-gila:2000","top5:mateo-pellegrino:2001","top5:mateu-morey:2000","top5:maxime-esteve:2002","top5:maxime-lopez:1997","top5:mezian-soares:2009","top5:mikel-merino:1996","top5:moi-gomez:1994","top5:morgan-guilavogui:1998","top5:nacho-perez:2008","top5:nacho-vidal:1995","top5:naouirou-ahamada:2002","top5:nico-williams:2002","top5:nicolas-cozza:1999","top5:nicolas-serrano:2003","top5:oihan-sancet:2000","top5:olivier-boscagli:1997","top5:omar-el-hilali:2003","top5:oriol-rey:1998","top5:oscar-mingueza:1999","top5:ousmane-camara:2003","top5:pablo-cunat:2002","top5:pablo-fornals:1996","top5:pablo-ibanez:1998","top5:pablo-maffeo:1997","top5:pablo-mari:1993","top5:pau-cabanes:2005","top5:pau-cubarsi:2007","top5:pau-lopez:1994","top5:pau-navarro:2005","top5:pau-torres:1997","top5:pedro-bigas:1990","top5:pep-chavarria:1998","top5:peque:2002","top5:pere-milla:1992","top5:pol-lirola:1997","top5:portu:1992","top5:rafik-messali:2003","top5:ramon-terrats:2000","top5:raul-albiol:1985","top5:raul-moro:2002","top5:rayan-philippe:2000","top5:rayane-belaid:2005","top5:roberto-navarro:2002","top5:rodrigo-mendoza:2005","top5:romain-perraud:1997","top5:ruben-garcia:1993","top5:sergi-altimira:2001","top5:sergi-cardona:1999","top5:sergi-darder:1993","top5:sergi-roberto:1992","top5:sergio-gomez:2000","top5:sergio-lozano:1999","top5:serhou-guirassy:1996","top5:tadjidine-mmadi:2007","top5:theo-de-percin:2001","top5:tiago-gabriel:2004","top5:tom-louchet:2003","top5:tomas-marques:2006","top5:toni-fernandez:2008","top5:toni-lato:1997","top5:valentin-rosier:1996","top5:victor-chust:2000","top5:victor-garcia:1997","top5:victor-munoz:2003","top5:wesley-fofana:2000","top5:xavi-espart:2007","top5:yanis-zouaoui:1998","top5:yassine-benhattab:2002"],"label":"Barcelona","country":"Spain"},"geometry":{"type":"Polygon","coordinates":[[[-2.417796,42.54048],[-1.416234,38.115997],[0.238716,37.588846],[3.543589,36.597898],[8.045142,39.402136],[7.509948,43.786609],[2.026569,45.184249],[-2.417796,42.54048]]]}},{"type":"Feature","properties":{"hex_id":"8139bffffffffff","population":29060879,"population_year":2025,"area_km2":666617.1,"population_density":43.6,"all_players":11,"reference_cell":false,"players_per_million":0.38,"player_ids":["top5:abde-ezzalzouli:2001","top5:abdel-abqar:1999","top5:abdelhamid-ait-boudlal:2006","top5:abdelhamid-sabiri:1996","top5:adam-masina:1994","top5:azzedine-ounahi:2000","top5:hamza-igamane:2002","top5:hamza-koutoune:2006","top5:mohamed-amine-sbai:2000","top5:nayef-aguerd:1996","top5:yassir-zabiri:2005"],"label":"Casablanca","country":"Morocco"},"geometry":{"type":"Polygon","coordinates":[[[-10.744488,36.38323],[-14.570452,32.954386],[-12.948555,28.514936],[-8.002014,27.502909],[-4.341769,30.698974],[-5.442348,35.124424],[-10.744488,36.38323]]]}},{"type":"Feature","properties":{"hex_id":"813c3ffffffffff","population":249963695,"population_year":2025,"area_km2":614937.0,"population_density":406.5,"all_players":0,"reference_cell":true,"players_per_million":0.0,"player_ids":[],"label":"Mapped area","country":"China"},"geometry":{"type":"Polygon","coordinates":[[[81.028378,29.173754],[82.168245,26.544149],[82.644974,25.201987],[87.416541,24.410902],[90.911168,27.664083],[89.98325,30.360711],[89.579772,31.726685],[84.479601,32.589943],[81.028378,29.173754]]]}},{"type":"Feature","properties":{"hex_id":"813c7ffffffffff","population":11928196,"population_year":2025,"area_km2":602082.0,"population_density":19.8,"all_players":0,"reference_cell":true,"players_per_million":0.0,"player_ids":[],"label":"Mapped area","country":"China"},"geometry":{"type":"Polygon","coordinates":[[[99.516939,29.61536],[98.228504,33.62107],[93.431668,34.856934],[89.579772,31.726685],[89.98325,30.360711],[90.911168,27.664083],[95.855137,26.622305],[99.516939,29.61536]]]}},{"type":"Feature","properties":{"hex_id":"813cbffffffffff","population":190047760,"population_year":2025,"area_km2":647632.6,"population_density":293.4,"all_players":0,"reference_cell":true,"players_per_million":0.0,"player_ids":[],"label":"Mapped area","country":"India"},"geometry":{"type":"Polygon","coordinates":[[[88.797306,20.114256],[87.416541,24.410902],[82.644974,25.201987],[79.445503,21.802903],[80.850069,17.60337],[85.445337,16.70096],[88.797306,20.114256]]]}},{"type":"Feature","properties":{"hex_id":"813cfffffffffff","population":285984465,"population_year":2025,"area_km2":666617.1,"population_density":429.0,"all_players":0,"reference_cell":true,"players_per_million":0.0,"player_ids":[],"label":"Mapped area","country":"India"},"geometry":{"type":"Polygon","coordinates":[[[97.148502,22.297036],[95.855137,26.622305],[90.911168,27.664083],[87.416541,24.410902],[88.797306,20.114256],[93.60132,19.035204],[97.148502,22.297036]]]}},{"type":"Feature","properties":{"hex_id":"813d3ffffffffff","population":80376689,"population_year":2025,"area_km2":666617.1,"population_density":120.6,"all_players":0,"reference_cell":true,"players_per_million":0.0,"player_ids":[],"label":"Mapped area","country":"China"},"geometry":{"type":"Polygon","coordinates":[[[73.592618,33.705753],[75.868402,29.662739],[81.028378,29.173754],[84.479601,32.589943],[82.728687,36.835377],[76.945351,37.477284],[73.592618,33.705753]]]}},{"type":"Feature","properties":{"hex_id":"813d7ffffffffff","population":161350,"population_year":2025,"area_km2":647632.6,"population_density":0.2,"all_players":0,"reference_cell":true,"players_per_million":0.0,"player_ids":[],"label":"Mapped area","country":"China"},"geometry":{"type":"Polygon","coordinates":[[[82.728687,36.835377],[84.479601,32.589943],[89.579772,31.726685],[93.431668,34.856934],[92.347744,39.173813],[86.70821,40.312767],[82.728687,36.835377]]]}},{"type":"Feature","properties":{"hex_id":"813dbffffffffff","population":338594846,"population_year":2025,"area_km2":602082.0,"population_density":562.4,"all_players":0,"reference_cell":true,"players_per_million":0.0,"player_ids":[],"label":"Mapped area","country":"India"},"geometry":{"type":"Polygon","coordinates":[[[72.931624,26.106099],[75.010886,22.410566],[79.445503,21.802903],[82.644974,25.201987],[82.168245,26.544149],[81.028378,29.173754],[75.868402,29.662739],[72.931624,26.106099]]]}},{"type":"Feature","properties":{"hex_id":"813e3ffffffffff","population":617777,"population_year":2025,"area_km2":729486.9,"population_density":0.8,"all_players":0,"reference_cell":true,"players_per_million":0.0,"player_ids":[],"label":"Mapped area","country":"Libya"},"geometry":{"type":"Polygon","coordinates":[[[18.343416,30.627348],[18.351305,25.86678],[22.839298,23.41169],[27.504443,25.566739],[27.91173,30.313709],[23.243175,32.934452],[18.343416,30.627348]]]}},{"type":"Feature","properties":{"hex_id":"813e7ffffffffff","population":111131590,"population_year":2025,"area_km2":707475.0,"population_density":157.1,"all_players":3,"reference_cell":false,"players_per_million":0.03,"player_ids":["top5:mohamed-salah:1992","top5:mostafa-mohamed:1997","top5:omar-marmoush:1999"],"label":"Nagrig","country":"Egypt"},"geometry":{"type":"Polygon","coordinates":[[[27.91173,30.313709],[27.504443,25.566739],[31.724402,22.868397],[36.387576,24.725676],[37.164282,29.339076],[32.928331,32.240102],[27.91173,30.313709]]]}},{"type":"Feature","properties":{"hex_id":"813ebffffffffff","population":130456,"population_year":2025,"area_km2":707475.0,"population_density":0.2,"all_players":0,"reference_cell":true,"players_per_million":0.0,"player_ids":[],"label":"Mapped area","country":"Chad"},"geometry":{"type":"Polygon","coordinates":[[[13.915184,23.450438],[14.102532,18.800744],[18.365179,16.505948],[22.662175,18.714905],[22.839298,23.41169],[18.351305,25.86678],[13.915184,23.450438]]]}},{"type":"Feature","properties":{"hex_id":"813efffffffffff","population":784792,"population_year":2025,"area_km2":707475.0,"population_density":1.1,"all_players":0,"reference_cell":true,"players_per_million":0.0,"player_ids":[],"label":"Mapped area","country":"Sudan"},"geometry":{"type":"Polygon","coordinates":[[[22.839298,23.41169],[22.662175,18.714905],[26.786746,16.229863],[31.193691,18.242013],[31.724402,22.868397],[27.504443,25.566739],[22.839298,23.41169]]]}},{"type":"Feature","properties":{"hex_id":"813f3ffffffffff","population":7824989,"population_year":2025,"area_km2":707475.0,"population_density":11.1,"all_players":1,"reference_cell":false,"players_per_million":0.13,"player_ids":["top5:stanislav-lobotka:1994"],"label":"Messina","country":"Italy"},"geometry":{"type":"Polygon","coordinates":[[[13.244313,37.523712],[13.48858,32.875015],[18.343416,30.627348],[23.243175,32.934452],[23.474781,37.630343],[18.32526,39.988178],[13.244313,37.523712]]]}},{"type":"Feature","properties":{"hex_id":"813f7ffffffffff","population":23244108,"population_year":2025,"area_km2":707475.0,"population_density":32.9,"all_players":4,"reference_cell":false,"players_per_million":0.17,"player_ids":["top5:berke-ozer:2000","top5:cenk-ozkacar:2000","top5:konstantinos-koulierakis:2003","top5:manolis-saliakas:1996"],"label":"Konak","country":"Turkey"},"geometry":{"type":"Polygon","coordinates":[[[23.474781,37.630343],[23.243175,32.934452],[27.91173,30.313709],[32.928331,32.240102],[33.614584,36.858664],[28.846869,39.643311],[23.474781,37.630343]]]}},{"type":"Feature","properties":{"hex_id":"813fbffffffffff","population":2057989,"population_year":2025,"area_km2":707475.0,"population_density":2.9,"all_players":0,"reference_cell":true,"players_per_million":0.0,"player_ids":[],"label":"Mapped area","country":"Libya"},"geometry":{"type":"Polygon","coordinates":[[[8.974636,30.254841],[9.380677,25.603703],[13.915184,23.450438],[18.351305,25.86678],[18.343416,30.627348],[13.48858,32.875015],[8.974636,30.254841]]]}},{"type":"Feature","properties":{"hex_id":"81403ffffffffff","population":152073664,"population_year":2025,"area_km2":595741.2,"population_density":255.3,"all_players":0,"reference_cell":true,"players_per_million":0.0,"player_ids":[],"label":"Mapped area","country":"China"},"geometry":{"type":"Polygon","coordinates":[[[113.703767,25.199133],[112.740922,29.367232],[108.088674,30.953537],[104.42056,28.291742],[105.568,24.011141],[110.205767,22.499632],[113.703767,25.199133]]]}},{"type":"Feature","properties":{"hex_id":"81407ffffffffff","population":61337955,"population_year":2025,"area_km2":647632.6,"population_density":94.7,"all_players":0,"reference_cell":true,"players_per_million":0.0,"player_ids":[],"label":"Mapped area","country":"China"},"geometry":{"type":"Polygon","coordinates":[[[105.568,24.011141],[104.42056,28.291742],[99.516939,29.61536],[95.855137,26.622305],[97.148502,22.297036],[101.970677,21.002365],[105.568,24.011141]]]}},{"type":"Feature","properties":{"hex_id":"8140bffffffffff","population":191913808,"population_year":2025,"area_km2":510516.1,"population_density":375.9,"all_players":0,"reference_cell":true,"players_per_million":0.0,"player_ids":[],"label":"Mapped area","country":"China"},"geometry":{"type":"Polygon","coordinates":[[[116.2613,31.680908],[115.340961,35.522424],[110.694611,37.163896],[106.967721,34.902991],[108.088674,30.953537],[112.740922,29.367232],[116.2613,31.680908]]]}},{"type":"Feature","properties":{"hex_id":"8140fffffffffff","population":91641032,"population_year":2025,"area_km2":565620.1,"population_density":162.0,"all_players":0,"reference_cell":true,"players_per_million":0.0,"player_ids":[],"label":"Mapped area","country":"China"},"geometry":{"type":"Polygon","coordinates":[[[108.088674,30.953537],[106.967721,34.902991],[104.504316,35.604157],[102.303253,36.369976],[98.228504,33.62107],[99.516939,29.61536],[104.42056,28.291742],[108.088674,30.953537]]]}},{"type":"Feature","properties":{"hex_id":"8141bffffffffff","population":147726784,"population_year":2025,"area_km2":523941.7,"population_density":282.0,"all_players":0,"reference_cell":true,"players_per_million":0.0,"player_ids":[],"label":"Mapped area","country":"China"},"geometry":{"type":"Polygon","coordinates":[[[121.347514,26.200276],[120.503394,29.892985],[116.2613,31.680908],[112.740922,29.367232],[113.703767,25.199133],[117.990477,23.508952],[119.641465,24.728661],[121.347514,26.200276]]]}},{"type":"Feature","properties":{"hex_id":"81423ffffffffff","population":11405173,"population_year":2025,"area_km2":595741.2,"population_density":19.1,"all_players":0,"reference_cell":true,"players_per_million":0.0,"player_ids":[],"label":"Mapped area","country":"Pakistan"},"geometry":{"type":"Polygon","coordinates":[[[58.073275,26.118996],[60.855323,22.699925],[65.542467,22.742171],[67.931507,26.281366],[65.31585,30.032245],[60.099069,29.90356],[58.073275,26.118996]]]}},{"type":"Feature","properties":{"hex_id":"81427ffffffffff","population":198959790,"population_year":2025,"area_km2":647632.6,"population_density":307.2,"all_players":0,"reference_cell":true,"players_per_million":0.0,"player_ids":[],"label":"Mapped area","country":"Pakistan"},"geometry":{"type":"Polygon","coordinates":[[[65.31585,30.032245],[67.931507,26.281366],[72.931624,26.106099],[75.868402,29.662739],[73.592618,33.705753],[67.98289,33.902397],[65.31585,30.032245]]]}},{"type":"Feature","properties":{"hex_id":"8142fffffffffff","population":127932236,"population_year":2025,"area_km2":565620.1,"population_density":226.2,"all_players":0,"reference_cell":true,"players_per_million":0.0,"player_ids":[],"label":"Mapped area","country":"India"},"geometry":{"type":"Polygon","coordinates":[[[65.542467,22.742171],[67.89023,19.324159],[70.146166,19.258937],[72.178712,18.993494],[75.010886,22.410566],[72.931624,26.106099],[67.931507,26.281366],[65.542467,22.742171]]]}},{"type":"Feature","properties":{"hex_id":"81433ffffffffff","population":17470032,"population_year":2025,"area_km2":595741.2,"population_density":29.3,"all_players":0,"reference_cell":true,"players_per_million":0.0,"player_ids":[],"label":"Mapped area","country":"Iran"},"geometry":{"type":"Polygon","coordinates":[[[50.187904,29.089392],[53.353616,25.802498],[58.073275,26.118996],[60.099069,29.90356],[56.949853,33.546049],[51.71868,33.03025],[50.187904,29.089392]]]}},{"type":"Feature","properties":{"hex_id":"81437ffffffffff","population":23771688,"population_year":2025,"area_km2":666617.1,"population_density":35.7,"all_players":0,"reference_cell":true,"players_per_million":0.0,"player_ids":[],"label":"Mapped area","country":"Afghanistan"},"geometry":{"type":"Polygon","coordinates":[[[56.949853,33.546049],[60.099069,29.90356],[65.31585,30.032245],[67.98289,33.902397],[65.030331,37.894404],[59.150327,37.656443],[56.949853,33.546049]]]}},{"type":"Feature","properties":{"hex_id":"8143bffffffffff","population":15997723,"population_year":2025,"area_km2":523941.7,"population_density":30.5,"all_players":0,"reference_cell":true,"players_per_million":0.0,"player_ids":[],"label":"Mapped area","country":"Oman"},"geometry":{"type":"Polygon","coordinates":[[[51.981036,21.936732],[54.686969,19.148859],[58.982288,19.310274],[60.855323,22.699925],[58.073275,26.118996],[53.353616,25.802498],[52.589722,23.991946],[51.981036,21.936732]]]}},{"type":"Feature","properties":{"hex_id":"81447ffffffffff","population":18780862,"population_year":2025,"area_km2":647632.6,"population_density":29.0,"all_players":2,"reference_cell":false,"players_per_million":0.11,"player_ids":["top5:bryan-okoh:2003","top5:cole-campbell:2006"],"label":"Houston","country":"United States"},"geometry":{"type":"Polygon","coordinates":[[[-89.807712,26.426478],[-86.545778,29.759287],[-88.065886,34.059836],[-93.265212,35.090108],[-96.66289,31.619531],[-94.743568,27.264006],[-89.807712,26.426478]]]}},{"type":"Feature","properties":{"hex_id":"8144bffffffffff","population":13618822,"population_year":2025,"area_km2":510516.1,"population_density":26.7,"all_players":1,"reference_cell":false,"players_per_million":0.07,"player_ids":["top5:alex-freeman:2004"],"label":"Fort Lauderdale","country":"United States"},"geometry":{"type":"Polygon","coordinates":[[[-76.831217,23.342863],[-73.868279,26.190449],[-74.640468,30.219492],[-78.735928,31.57726],[-81.966494,28.631807],[-80.82969,24.429618],[-76.831217,23.342863]]]}},{"type":"Feature","properties":{"hex_id":"8144fffffffffff","population":31558550,"population_year":2025,"area_km2":565620.1,"population_density":55.8,"all_players":3,"reference_cell":false,"players_per_million":0.1,"player_ids":["top5:chris-richards:2000","top5:mathis-albert:2009","top5:tanner-tessmann:2001"],"label":"Birmingham","country":"United States"},"geometry":{"type":"Polygon","coordinates":[[[-81.966494,28.631807],[-78.735928,31.57726],[-79.270109,33.659462],[-79.557618,35.583567],[-84.585167,37.099589],[-88.065886,34.059836],[-86.545778,29.759287],[-81.966494,28.631807]]]}},{"type":"Feature","properties":{"hex_id":"81453ffffffffff","population":15454662,"population_year":2025,"area_km2":595741.2,"population_density":25.9,"all_players":1,"reference_cell":false,"players_per_million":0.06,"player_ids":["top5:kervin-arriaga:1998"],"label":"Puerto Cortés","country":"Honduras"},"geometry":{"type":"Polygon","coordinates":[[[-85.631069,13.836854],[-82.727942,17.133437],[-83.891248,21.244199],[-88.2959,22.120731],[-91.359302,18.628702],[-89.864907,14.465456],[-85.631069,13.836854]]]}},{"type":"Feature","properties":{"hex_id":"8145bffffffffff","population":6770206,"population_year":2025,"area_km2":523941.7,"population_density":12.9,"all_players":1,"reference_cell":false,"players_per_million":0.15,"player_ids":["top5:leon-bailey:1997"],"label":"Jamaica","country":""},"geometry":{"type":"Polygon","coordinates":[[[-78.539302,16.469566],[-75.998548,19.358823],[-76.831217,23.342863],[-80.82969,24.429618],[-83.891248,21.244199],[-82.727942,17.133437],[-80.745134,16.733205],[-78.539302,16.469566]]]}},{"type":"Feature","properties":{"hex_id":"81467ffffffffff","population":1069513,"population_year":2025,"area_km2":666617.1,"population_density":1.6,"all_players":1,"reference_cell":false,"players_per_million":0.94,"player_ids":["top5:noahkai-banks:2006"],"label":"Honolulu","country":"United States"},"geometry":{"type":"Polygon","coordinates":[[[-164.456478,26.673265],[-165.758017,22.310289],[-162.396941,19.114486],[-157.606849,20.259692],[-156.089989,24.696711],[-159.565972,27.919872],[-164.456478,26.673265]]]}},{"type":"Feature","properties":{"hex_id":"81483ffffffffff","population":7791173,"population_year":2025,"area_km2":729486.9,"population_density":10.7,"all_players":1,"reference_cell":false,"players_per_million":0.13,"player_ids":["top5:johan-vasquez:1998"],"label":"Navojoa","country":"Mexico"},"geometry":{"type":"Polygon","coordinates":[[[-105.946435,20.212679],[-103.011626,24.121727],[-105.250678,28.43866],[-110.662618,28.72381],[-113.460448,24.671634],[-111.016001,20.479742],[-105.946435,20.212679]]]}},{"type":"Feature","properties":{"hex_id":"8148bffffffffff","population":22495747,"population_year":2025,"area_km2":707475.0,"population_density":31.8,"all_players":0,"reference_cell":true,"players_per_million":0.0,"player_ids":[],"label":"Mapped area","country":"United States of America"},"geometry":{"type":"Polygon","coordinates":[[[-97.905634,23.589794],[-94.743568,27.264006],[-96.66289,31.619531],[-102.093235,32.268747],[-105.250678,28.43866],[-103.011626,24.121727],[-97.905634,23.589794]]]}},{"type":"Feature","properties":{"hex_id":"8148fffffffffff","population":14949273,"population_year":2025,"area_km2":707475.0,"population_density":21.1,"all_players":0,"reference_cell":true,"players_per_million":0.0,"player_ids":[],"label":"Mapped area","country":"United States of America"},"geometry":{"type":"Polygon","coordinates":[[[-105.250678,28.43866],[-102.093235,32.268747],[-104.454816,36.494369],[-110.257485,36.800197],[-113.268008,32.856905],[-110.662618,28.72381],[-105.250678,28.43866]]]}},{"type":"Feature","properties":{"hex_id":"8149bffffffffff","population":82320512,"population_year":2025,"area_km2":707475.0,"population_density":116.4,"all_players":1,"reference_cell":false,"players_per_million":0.01,"player_ids":["top5:raul-jimenez:1991"],"label":"Tepeji del Río de Ocampo Municipality","country":"Mexico"},"geometry":{"type":"Polygon","coordinates":[[[-99.004086,15.55132],[-96.05021,19.269007],[-97.905634,23.589794],[-103.011626,24.121727],[-105.946435,20.212679],[-103.819339,15.969878],[-99.004086,15.55132]]]}},{"type":"Feature","properties":{"hex_id":"814b7ffffffffff","population":8198106,"population_year":2025,"area_km2":523941.7,"population_density":15.6,"all_players":1,"reference_cell":false,"players_per_million":0.12,"player_ids":["top5:daichi-kamada:1996"],"label":"Ehime Prefecture","country":"Japan"},"geometry":{"type":"Polygon","coordinates":[[[128.534469,31.786712],[129.381002,28.043997],[133.976139,26.829336],[137.800087,29.424814],[137.3956,31.331749],[136.697641,33.378798],[132.308377,34.331159],[128.534469,31.786712]]]}},{"type":"Feature","properties":{"hex_id":"814cfffffffffff","population":13993933,"population_year":2025,"area_km2":447684.2,"population_density":31.3,"all_players":1,"reference_cell":false,"players_per_million":0.07,"player_ids":["top5:junior-firpo:1996"],"label":"Santo Domingo","country":"Dominican Republic"},"geometry":{"type":"Polygon","coordinates":[[[-69.383269,21.326184],[-71.730136,18.713931],[-69.89993,15.209504],[-65.768822,14.482401],[-63.616,18.007411],[-65.407239,20.979704],[-66.686099,20.812431],[-69.383269,21.326184]]]}},{"type":"Feature","properties":{"hex_id":"81523ffffffffff","population":18012468,"population_year":2025,"area_km2":595741.2,"population_density":30.2,"all_players":0,"reference_cell":true,"players_per_million":0.0,"player_ids":[],"label":"Mapped area","country":"Saudi Arabia"},"geometry":{"type":"Polygon","coordinates":[[[40.165446,21.8868],[39.336569,17.433883],[42.722899,14.799802],[46.820519,16.390229],[47.86784,20.598095],[44.621776,23.461153],[40.165446,21.8868]]]}},{"type":"Feature","properties":{"hex_id":"81527ffffffffff","population":2354207,"population_year":2025,"area_km2":510516.1,"population_density":4.6,"all_players":0,"reference_cell":true,"players_per_million":0.0,"player_ids":[],"label":"Mapped area","country":"Yemen"},"geometry":{"type":"Polygon","coordinates":[[[47.86784,20.598095],[46.820519,16.390229],[49.728526,13.808566],[53.502191,15.222612],[54.686969,19.148859],[51.981036,21.936732],[47.86784,20.598095]]]}},{"type":"Feature","properties":{"hex_id":"8152bffffffffff","population":49347689,"population_year":2025,"area_km2":595741.2,"population_density":82.8,"all_players":0,"reference_cell":true,"players_per_million":0.0,"player_ids":[],"label":"Mapped area","country":"Ethiopia"},"geometry":{"type":"Polygon","coordinates":[[[35.008409,15.638246],[34.393733,11.276322],[37.848935,8.893463],[41.867809,10.627354],[42.722899,14.799802],[39.336569,17.433883],[35.008409,15.638246]]]}},{"type":"Feature","properties":{"hex_id":"81533ffffffffff","population":5602904,"population_year":2025,"area_km2":647632.6,"population_density":8.7,"all_players":0,"reference_cell":true,"players_per_million":0.0,"player_ids":[],"label":"Mapped area","country":"Saudi Arabia"},"geometry":{"type":"Polygon","coordinates":[[[37.164282,29.339076],[36.387576,24.725676],[40.165446,21.8868],[44.621776,23.461153],[45.678762,27.848758],[42.026294,30.891357],[37.164282,29.339076]]]}},{"type":"Feature","properties":{"hex_id":"81537ffffffffff","population":16988306,"population_year":2025,"area_km2":565620.1,"population_density":30.0,"all_players":0,"reference_cell":true,"players_per_million":0.0,"player_ids":[],"label":"Mapped area","country":"Saudi Arabia"},"geometry":{"type":"Polygon","coordinates":[[[45.678762,27.848758],[44.621776,23.461153],[47.86784,20.598095],[51.981036,21.936732],[52.589722,23.991946],[53.353616,25.802498],[50.187904,29.089392],[45.678762,27.848758]]]}},{"type":"Feature","properties":{"hex_id":"8153bffffffffff","population":9917218,"population_year":2025,"area_km2":666617.1,"population_density":14.9,"all_players":1,"reference_cell":false,"players_per_million":0.1,"player_ids":["top5:saud-abdulhamid:1999"],"label":"Jeddah","country":"Sudan"},"geometry":{"type":"Polygon","coordinates":[[[31.724402,22.868397],[31.193691,18.242013],[35.008409,15.638246],[39.336569,17.433883],[40.165446,21.8868],[36.387576,24.725676],[31.724402,22.868397]]]}},{"type":"Feature","properties":{"hex_id":"81543ffffffffff","population":18200762,"population_year":2025,"area_km2":595741.2,"population_density":30.6,"all_players":11,"reference_cell":false,"players_per_million":0.6,"player_ids":["top5:abdoulaye-faye:2004","top5:alpha-toure:2006","top5:bahmed-deuff:2006","top5:cheikh-niasse:2000","top5:fallou-cham:2006","top5:habib-diallo:1995","top5:ismaila-sarr:1998","top5:issa-soumare:2000","top5:malick-mbaye:2004","top5:nicolas-jackson:2001","top5:pape-mamadou-sy:1997"],"label":"Senegal","country":"Senegal"},"geometry":{"type":"Polygon","coordinates":[[[-14.809543,20.769716],[-17.936911,17.348672],[-16.398619,13.434493],[-12.071696,12.842516],[-9.006464,15.985985],[-10.188115,19.984229],[-14.809543,20.769716]]]}},{"type":"Feature","properties":{"hex_id":"81547ffffffffff","population":25863682,"population_year":2025,"area_km2":510516.1,"population_density":50.7,"all_players":7,"reference_cell":false,"players_per_million":0.27,"player_ids":["top5:amadou-haidara:1998","top5:amady-camara:2005","top5:boubacar-traore:2001","top5:fode-doucoure:2001","top5:kamory-doumbia:2003","top5:lassine-sinayoko:1999","top5:yves-bissouma:1996"],"label":"Bamako","country":"Mali"},"geometry":{"type":"Polygon","coordinates":[[[-9.006464,15.985985],[-12.071696,12.842516],[-10.883976,9.211077],[-6.957445,8.664197],[-4.013998,11.545296],[-4.866872,15.219885],[-9.006464,15.985985]]]}},{"type":"Feature","properties":{"hex_id":"8154bffffffffff","population":6936761,"population_year":2025,"area_km2":595741.2,"population_density":11.6,"all_players":24,"reference_cell":false,"players_per_million":3.46,"player_ids":["top5:abdallah-sima:2001","top5:abdoulie-ceesay:2004","top5:adama-boiro:2002","top5:alieu-fadera:2001","top5:amadou-onana:2001","top5:arouna-sangante:2002","top5:assane-diao:2005","top5:assane-diousse:1997","top5:bakery-jatta:1998","top5:bamba-dieng:2000","top5:formose-mendy:2001","top5:habib-diarra:2004","top5:idrissa-gana-gueye:1989","top5:idrissa-gueye:2006","top5:krepin-diatta:1999","top5:moustapha-mbow:2000","top5:nobel-mendy:2004","top5:pape-demba-diop:2003","top5:pape-matar-sarr:2002","top5:pathe-ciss:1994","top5:pathe-mboup:2003","top5:paul-mendy:2007","top5:sambou-soumano:2001","top5:yankuba-minteh:2004"],"label":"Dakar","country":"Senegal"},"geometry":{"type":"Polygon","coordinates":[[[-22.644744,17.902725],[-25.454791,14.423931],[-23.629131,10.672391],[-19.256081,10.227431],[-16.398619,13.434493],[-17.936911,17.348672],[-22.644744,17.902725]]]}},{"type":"Feature","properties":{"hex_id":"8154fffffffffff","population":17673803,"population_year":2025,"area_km2":523941.7,"population_density":33.7,"all_players":15,"reference_cell":false,"players_per_million":0.85,"player_ids":["top5:abdoulaye-camara:2008","top5:abdoulaye-ndiaye:2002","top5:abdulai-juma-bah:2006","top5:alassane-diatta:2005","top5:ansu-fati:2002","top5:cheikh-tidiane-sabaly:1999","top5:el-hadji-malick-diouf:2004","top5:ibou-sane:2005","top5:ilaix-moriba:2003","top5:lamine-camara:2004","top5:mama-samba-balde:1995","top5:sadibou-sane:2004","top5:sidiki-cherif:2006","top5:toti-gomes:1999","top5:trevoh-chalobah:1999"],"label":"Diouloulou","country":"Senegal"},"geometry":{"type":"Polygon","coordinates":[[[-16.398619,13.434493],[-19.256081,10.227431],[-18.496978,8.439383],[-17.487884,6.558659],[-13.708147,6.270965],[-10.883976,9.211077],[-12.071696,12.842516],[-16.398619,13.434493]]]}},{"type":"Feature","properties":{"hex_id":"81553ffffffffff","population":154892,"population_year":2025,"area_km2":647632.6,"population_density":0.2,"all_players":0,"reference_cell":true,"players_per_million":0.0,"player_ids":[],"label":"Mapped area","country":"Mauritania"},"geometry":{"type":"Polygon","coordinates":[[[-12.948555,28.514936],[-16.394663,25.007863],[-14.809543,20.769716],[-10.188115,19.984229],[-6.846166,23.22581],[-8.002014,27.502909],[-12.948555,28.514936]]]}},{"type":"Feature","properties":{"hex_id":"81557ffffffffff","population":798744,"population_year":2025,"area_km2":565620.1,"population_density":1.4,"all_players":4,"reference_cell":false,"players_per_million":5.01,"player_ids":["top5:daouda-guindo:2002","top5:hamari-traore:1992","top5:lassana-coulibaly:1996","top5:mamadou-sangare:2002"],"label":"Mali","country":"Mali"},"geometry":{"type":"Polygon","coordinates":[[[-6.846166,23.22581],[-10.188115,19.984229],[-9.006464,15.985985],[-4.866872,15.219885],[-3.292565,16.71898],[-1.71131,17.935405],[-2.483865,22.197541],[-6.846166,23.22581]]]}},{"type":"Feature","properties":{"hex_id":"81583ffffffffff","population":76278201,"population_year":2025,"area_km2":595741.2,"population_density":128.0,"all_players":3,"reference_cell":false,"players_per_million":0.04,"player_ids":["top5:chidera-ejuke:1998","top5:junior-adamu:2001","top5:umar-sadiq:1997"],"label":"Kano","country":"Nigeria"},"geometry":{"type":"Polygon","coordinates":[[[2.302843,16.098689],[2.888108,11.881771],[6.801169,9.899743],[10.416288,12.057325],[10.097978,16.449183],[5.882263,18.516052],[2.302843,16.098689]]]}},{"type":"Feature","properties":{"hex_id":"81587ffffffffff","population":23604913,"population_year":2025,"area_km2":647632.6,"population_density":36.4,"all_players":2,"reference_cell":false,"players_per_million":0.08,"player_ids":["top5:frank-onyeka:1998","top5:loum-tchaouna:2003"],"label":"Maiduguri","country":"Chad"},"geometry":{"type":"Polygon","coordinates":[[[10.097978,16.449183],[10.416288,12.057325],[14.435042,9.913391],[18.371313,12.023443],[18.365179,16.505948],[14.102532,18.800744],[10.097978,16.449183]]]}},{"type":"Feature","properties":{"hex_id":"8158bffffffffff","population":107607985,"population_year":2025,"area_km2":510516.1,"population_density":210.8,"all_players":12,"reference_cell":false,"players_per_million":0.11,"player_ids":["top5:alex-iwobi:1996","top5:arnaut-danjuma:1997","top5:david-okereke:1997","top5:dermane-karim:2003","top5:fisayo-dele-bashiru:2001","top5:george-ilenikhena:2006","top5:ihlas-bebou:1994","top5:rafiu-durosinmi:2003","top5:taiwo-awoniyi:1997","top5:tolu-arokodare:2000","top5:tosin-aiyegun:1998","top5:victor-boniface:2000"],"label":"Lagos","country":"Nigeria"},"geometry":{"type":"Polygon","coordinates":[[[-0.319183,9.731837],[0.309804,5.864518],[3.943036,3.968797],[7.212915,5.860392],[6.801169,9.899743],[2.888108,11.881771],[-0.319183,9.731837]]]}},{"type":"Feature","properties":{"hex_id":"8158fffffffffff","population":72024112,"population_year":2025,"area_km2":565620.1,"population_density":127.3,"all_players":8,"reference_cell":false,"players_per_million":0.11,"player_ids":["top5:akor-adams:2000","top5:chidozie-awaziem:1997","top5:ebenezer-akinsanmiro:2004","top5:gift-orban:2002","top5:moses-simon:1995","top5:tani-oluwaseyi:2000","top5:terem-moffi:1999","top5:uchenna-ogundu:2006"],"label":"Nigeria","country":"Nigeria"},"geometry":{"type":"Polygon","coordinates":[[[6.801169,9.899743],[7.212915,5.860392],[9.102371,4.860812],[10.722778,3.789625],[14.58325,5.76286],[14.435042,9.913391],[10.416288,12.057325],[6.801169,9.899743]]]}},{"type":"Feature","properties":{"hex_id":"81593ffffffffff","population":181215,"population_year":2025,"area_km2":595741.2,"population_density":0.3,"all_players":0,"reference_cell":true,"players_per_million":0.0,"player_ids":[],"label":"Mapped area","country":"Mali"},"geometry":{"type":"Polygon","coordinates":[[[-2.483865,22.197541],[-1.71131,17.935405],[2.302843,16.098689],[5.882263,18.516052],[5.367574,23.011147],[0.994677,24.858336],[-2.483865,22.197541]]]}},{"type":"Feature","properties":{"hex_id":"81597ffffffffff","population":508107,"population_year":2025,"area_km2":666617.1,"population_density":0.8,"all_players":0,"reference_cell":true,"players_per_million":0.0,"player_ids":[],"label":"Mapped area","country":"Niger"},"geometry":{"type":"Polygon","coordinates":[[[5.367574,23.011147],[5.882263,18.516052],[10.097978,16.449183],[14.102532,18.800744],[13.915184,23.450438],[9.380677,25.603703],[5.367574,23.011147]]]}},{"type":"Feature","properties":{"hex_id":"8159bffffffffff","population":32198434,"population_year":2025,"area_km2":523941.7,"population_density":61.5,"all_players":3,"reference_cell":false,"players_per_million":0.09,"player_ids":["top5:dango-ouattara:2002","top5:djene:1991","top5:edmond-tapsoba:1999"],"label":"Ouagadougou","country":"Burkina Faso"},"geometry":{"type":"Polygon","coordinates":[[[-4.866872,15.219885],[-4.013998,11.545296],[-0.319183,9.731837],[2.888108,11.881771],[2.302843,16.098689],[-1.71131,17.935405],[-3.292565,16.71898],[-4.866872,15.219885]]]}},{"type":"Feature","properties":{"hex_id":"815e7ffffffffff","population":716269,"population_year":2025,"area_km2":510516.1,"population_density":1.4,"all_players":5,"reference_cell":false,"players_per_million":6.98,"player_ids":["top5:jeanuel-belocian:2005","top5:josue-casimir:2001","top5:kevin-danois:2004","top5:remy-labeau-lascary:2003","top5:thomas-lemar:1995"],"label":"Baie-Mahault","country":"France"},"geometry":{"type":"Polygon","coordinates":[[[-59.834917,11.355368],[-57.535307,15.054266],[-59.510088,18.366344],[-63.616,18.007411],[-65.768822,14.482401],[-63.969049,11.14894],[-59.834917,11.355368]]]}},{"type":"Feature","properties":{"hex_id":"815f3ffffffffff","population":1690028,"population_year":2025,"area_km2":647632.6,"population_density":2.6,"all_players":4,"reference_cell":false,"players_per_million":2.37,"player_ids":["top5:donovan-leon:1992","top5:jean-clair-todibo:1999","top5:mike-maignan:1995","top5:odsonne-edouard:1998"],"label":"Cayenne","country":"France"},"geometry":{"type":"Polygon","coordinates":[[[-53.682044,-0.170178],[-51.252816,3.813395],[-53.403819,7.752291],[-57.846431,7.694211],[-60.165868,3.84262],[-58.16364,-0.07918],[-53.682044,-0.170178]]]}},{"type":"Feature","properties":{"hex_id":"815f7ffffffffff","population":6903837,"population_year":2025,"area_km2":565620.1,"population_density":12.2,"all_players":0,"reference_cell":true,"players_per_million":0.0,"player_ids":[],"label":"Mapped area","country":"Venezuela"},"geometry":{"type":"Polygon","coordinates":[[[-60.165868,3.84262],[-57.846431,7.694211],[-59.834917,11.355368],[-63.969049,11.14894],[-65.058471,9.308112],[-66.195256,7.728775],[-64.328272,3.824532],[-60.165868,3.84262]]]}},{"type":"Feature","properties":{"hex_id":"8160bffffffffff","population":212304176,"population_year":2025,"area_km2":595741.2,"population_density":356.4,"all_players":0,"reference_cell":true,"players_per_million":0.0,"player_ids":[],"label":"Mapped area","country":"India"},"geometry":{"type":"Polygon","coordinates":[[[80.850069,17.60337],[79.445503,21.802903],[75.010886,22.410566],[72.178712,18.993494],[73.552971,14.946524],[77.800917,14.162484],[80.850069,17.60337]]]}},{"type":"Feature","properties":{"hex_id":"8164bffffffffff","population":56913507,"population_year":2025,"area_km2":707475.0,"population_density":80.4,"all_players":0,"reference_cell":true,"players_per_million":0.0,"player_ids":[],"label":"Mapped area","country":"Thailand"},"geometry":{"type":"Polygon","coordinates":[[[103.137733,16.48245],[101.970677,21.002365],[97.148502,22.297036],[93.60132,19.035204],[94.893577,14.501203],[99.621042,13.236333],[103.137733,16.48245]]]}},{"type":"Feature","properties":{"hex_id":"81653ffffffffff","population":56430944,"population_year":2025,"area_km2":707475.0,"population_density":79.8,"all_players":0,"reference_cell":true,"players_per_million":0.0,"player_ids":[],"label":"Mapped area","country":"Malaysia"},"geometry":{"type":"Polygon","coordinates":[[[106.411683,2.770303],[105.357168,7.303219],[100.801361,8.618891],[97.373041,5.289412],[98.560859,0.741795],[103.053645,-0.468955],[106.411683,2.770303]]]}},{"type":"Feature","properties":{"hex_id":"8165bffffffffff","population":97524895,"population_year":2025,"area_km2":707475.0,"population_density":137.8,"all_players":0,"reference_cell":true,"players_per_million":0.0,"player_ids":[],"label":"Mapped area","country":"Cambodia"},"geometry":{"type":"Polygon","coordinates":[[[108.772478,10.507688],[107.742624,15.063301],[103.137733,16.48245],[99.621042,13.236333],[100.801361,8.618891],[105.357168,7.303219],[108.772478,10.507688]]]}},{"type":"Feature","properties":{"hex_id":"81663ffffffffff","population":31391637,"population_year":2025,"area_km2":595741.2,"population_density":52.7,"all_players":6,"reference_cell":false,"players_per_million":0.19,"player_ids":["top5:daniel-munoz:1996","top5:jhon-arias:1997","top5:juan-cuadrado:1988","top5:luis-diaz:1997","top5:nelson-deossa:2000","top5:yerson-mosquera:2001"],"label":"Barrancas","country":"Colombia"},"geometry":{"type":"Polygon","coordinates":[[[-76.701678,12.819508],[-79.317401,9.553624],[-77.440699,5.563142],[-72.936618,4.995193],[-70.443514,8.370077],[-72.317998,12.204723],[-76.701678,12.819508]]]}},{"type":"Feature","properties":{"hex_id":"81667ffffffffff","population":1837404,"population_year":2025,"area_km2":595741.2,"population_density":3.1,"all_players":0,"reference_cell":true,"players_per_million":0.0,"player_ids":[],"label":"Mapped area","country":"Colombia"},"geometry":{"type":"Polygon","coordinates":[[[-70.443514,8.370077],[-72.936618,4.995193],[-71.016075,0.901274],[-66.644556,0.376039],[-64.328272,3.824532],[-66.195256,7.728775],[-70.443514,8.370077]]]}},{"type":"Feature","properties":{"hex_id":"8166bffffffffff","population":5417626,"population_year":2025,"area_km2":647632.6,"population_density":8.4,"all_players":1,"reference_cell":false,"players_per_million":0.18,"player_ids":["top5:michael-amir-murillo:1996"],"label":"Panama City","country":"Panama"},"geometry":{"type":"Polygon","coordinates":[[[-83.843685,10.069625],[-86.589994,6.605187],[-84.773307,2.504605],[-80.134859,1.975922],[-77.440699,5.563142],[-79.317401,9.553624],[-83.843685,10.069625]]]}},{"type":"Feature","properties":{"hex_id":"8166fffffffffff","population":32644277,"population_year":2025,"area_km2":666617.1,"population_density":49.0,"all_players":13,"reference_cell":false,"players_per_million":0.4,"player_ids":["top5:daniel-mosquera:1999","top5:deiver-machado:1993","top5:duvan-zapata:1991","top5:jefferson-lerma:1994","top5:jhon-lucumi:1998","top5:johan-mojica:1992","top5:juan-arizala:2005","top5:juan-david-cabal:2001","top5:nilson-angulo:2003","top5:pervis-estupinan:1998","top5:piero-hincapie:2002","top5:yaser-asprilla:2003","top5:yerry-mina:1994"],"label":"Cali","country":"Colombia"},"geometry":{"type":"Polygon","coordinates":[[[-77.440699,5.563142],[-80.134859,1.975922],[-78.218164,-2.264143],[-73.588317,-2.770303],[-71.016075,0.901274],[-72.936618,4.995193],[-77.440699,5.563142]]]}},{"type":"Feature","properties":{"hex_id":"81673ffffffffff","population":8373126,"population_year":2025,"area_km2":510516.1,"population_density":16.4,"all_players":1,"reference_cell":false,"players_per_million":0.12,"player_ids":["top5:carlens-arcus:1996"],"label":"Port-au-Prince","country":"Haiti"},"geometry":{"type":"Polygon","coordinates":[[[-75.998548,19.358823],[-78.539302,16.469566],[-76.701678,12.819508],[-72.317998,12.204723],[-69.89993,15.209504],[-71.730136,18.713931],[-75.998548,19.358823]]]}},{"type":"Feature","properties":{"hex_id":"81677ffffffffff","population":16563585,"population_year":2025,"area_km2":523941.7,"population_density":31.6,"all_players":4,"reference_cell":false,"players_per_million":0.24,"player_ids":["top5:cristian-casseres-jr:2000","top5:jon-aramburu:2002","top5:salomon-rondon:1989","top5:yangel-herrera:1998"],"label":"Caracas","country":"Venezuela"},"geometry":{"type":"Polygon","coordinates":[[[-69.89993,15.209504],[-72.317998,12.204723],[-70.443514,8.370077],[-66.195256,7.728775],[-65.058471,9.308112],[-63.969049,11.14894],[-65.768822,14.482401],[-69.89993,15.209504]]]}},{"type":"Feature","properties":{"hex_id":"8168bffffffffff","population":13341248,"population_year":2025,"area_km2":602082.0,"population_density":22.2,"all_players":0,"reference_cell":true,"players_per_million":0.0,"player_ids":[],"label":"Mapped area","country":"Indonesia"},"geometry":{"type":"Polygon","coordinates":[[[118.801447,-1.090818],[117.998885,3.326713],[116.677233,3.822102],[113.985132,4.672131],[110.723994,1.535866],[111.648325,-2.768743],[115.671728,-3.824532],[118.801447,-1.090818]]]}},{"type":"Feature","properties":{"hex_id":"816a3ffffffffff","population":7175940,"population_year":2025,"area_km2":614937.0,"population_density":11.7,"all_players":0,"reference_cell":true,"players_per_million":0.0,"player_ids":[],"label":"Mapped area","country":"South Sudan"},"geometry":{"type":"Polygon","coordinates":[[[22.348181,9.745677],[22.25383,6.931187],[22.136132,5.52702],[25.886011,3.202074],[29.961298,5.181923],[30.105009,7.994339],[30.2491,9.396155],[26.468997,11.757965],[22.348181,9.745677]]]}},{"type":"Feature","properties":{"hex_id":"816a7ffffffffff","population":39281735,"population_year":2025,"area_km2":602082.0,"population_density":65.2,"all_players":0,"reference_cell":true,"players_per_million":0.0,"player_ids":[],"label":"Mapped area","country":"South Sudan"},"geometry":{"type":"Polygon","coordinates":[[[37.776764,4.740955],[37.848935,8.893463],[34.393733,11.276322],[30.2491,9.396155],[30.105009,7.994339],[29.961298,5.181923],[33.814945,2.80266],[37.776764,4.740955]]]}},{"type":"Feature","properties":{"hex_id":"816abffffffffff","population":18206613,"population_year":2025,"area_km2":647632.6,"population_density":28.1,"all_players":1,"reference_cell":false,"players_per_million":0.05,"player_ids":["top5:chancel-mbemba:1994"],"label":"Kisangani","country":"Democratic Republic of the Congo"},"geometry":{"type":"Polygon","coordinates":[[[25.586785,-1.270444],[25.886011,3.202074],[22.136132,5.52702],[18.099816,3.534623],[17.669408,-0.846984],[21.400325,-3.335735],[25.586785,-1.270444]]]}},{"type":"Feature","properties":{"hex_id":"816afffffffffff","population":97315062,"population_year":2025,"area_km2":666617.1,"population_density":146.0,"all_players":1,"reference_cell":false,"players_per_million":0.01,"player_ids":["top5:axel-tuanzebe:1997"],"label":"Bunia","country":"Democratic Republic of the Congo"},"geometry":{"type":"Polygon","coordinates":[[[33.663619,-1.677295],[33.814945,2.80266],[29.961298,5.181923],[25.886011,3.202074],[25.586785,-1.270444],[29.508441,-3.781048],[33.663619,-1.677295]]]}},{"type":"Feature","properties":{"hex_id":"816b3ffffffffff","population":13893991,"population_year":2025,"area_km2":666617.1,"population_density":20.8,"all_players":0,"reference_cell":true,"players_per_million":0.0,"player_ids":[],"label":"Mapped area","country":"Sudan"},"geometry":{"type":"Polygon","coordinates":[[[18.365179,16.505948],[18.371313,12.023443],[22.348181,9.745677],[26.468997,11.757965],[26.786746,16.229863],[22.662175,18.714905],[18.365179,16.505948]]]}},{"type":"Feature","properties":{"hex_id":"816b7ffffffffff","population":30957514,"population_year":2025,"area_km2":647632.6,"population_density":47.8,"all_players":0,"reference_cell":true,"players_per_million":0.0,"player_ids":[],"label":"Mapped area","country":"Sudan"},"geometry":{"type":"Polygon","coordinates":[[[26.786746,16.229863],[26.468997,11.757965],[30.2491,9.396155],[34.393733,11.276322],[35.008409,15.638246],[31.193691,18.242013],[26.786746,16.229863]]]}},{"type":"Feature","properties":{"hex_id":"816bbffffffffff","population":14575299,"population_year":2025,"area_km2":602082.0,"population_density":24.2,"all_players":1,"reference_cell":false,"players_per_million":0.07,"player_ids":["top5:goduine-koyalipou:2000"],"label":"Bangui","country":"Central African Republic"},"geometry":{"type":"Polygon","coordinates":[[[14.435042,9.913391],[14.58325,5.76286],[18.099816,3.534623],[22.136132,5.52702],[22.25383,6.931187],[22.348181,9.745677],[18.371313,12.023443],[14.435042,9.913391]]]}},{"type":"Feature","properties":{"hex_id":"8172bffffffffff","population":4309750,"population_year":2025,"area_km2":707475.0,"population_density":6.1,"all_players":0,"reference_cell":true,"players_per_million":0.0,"player_ids":[],"label":"Mapped area","country":"Indonesia"},"geometry":{"type":"Polygon","coordinates":[[[130.666262,-1.486994],[131.465804,-6.071099],[135.859587,-7.725285],[139.508211,-4.809916],[138.74799,-0.171969],[134.291728,1.504004],[130.666262,-1.486994]]]}},{"type":"Feature","properties":{"hex_id":"81743ffffffffff","population":653492,"population_year":2025,"area_km2":328434.6,"population_density":2.0,"all_players":1,"reference_cell":false,"players_per_million":1.53,"player_ids":["top5:jean-philippe-gbamin:1995"],"label":"San-Pédro","country":"Ivory Coast"},"geometry":{"type":"Polygon","coordinates":[[[-6.064496,5.36274],[-7.899841,3.559838],[-8.412776,2.46758],[-7.263796,0.169972],[-6.384788,-0.656325],[-3.844032,-0.277784],[-2.785858,0.301587],[-2.356665,2.834223],[-2.579035,4.020024],[-4.862616,5.210611],[-6.064496,5.36274]]]}},{"type":"Feature","properties":{"hex_id":"81753ffffffffff","population":54458211,"population_year":2025,"area_km2":447684.2,"population_density":121.6,"all_players":40,"reference_cell":false,"players_per_million":0.73,"player_ids":["top5:abakar-sylla:2002","top5:abdoulaye-bamba:1990","top5:abdul-mumin:1998","top5:alidu-seidu:2000","top5:alphonso-davies:2000","top5:amad-diallo:2002","top5:arsene-kouassi:2004","top5:bamo-meite:2001","top5:bazoumana-toure:2006","top5:bertrand-traore:1995","top5:christian-kouame:1997","top5:david-datro-fofana:2002","top5:emmanuel-agbadou:1997","top5:emmanuel-biumla:2005","top5:eric-bailly:1994","top5:ernest-nuamah:2003","top5:gideon-mensah:1998","top5:hamed-junior-traore:2000","top5:herve-koffi:1996","top5:ibrahim-osman:2004","top5:ibrahim-sangare:1997","top5:ibrahim-sulemana:2003","top5:ismael-kone:2002","top5:jonas-adjetey:2003","top5:kamaldeen-sulemana:2002","top5:koffi-kouao:1998","top5:kojo-peprah-oppong:2004","top5:kwasi-sibo:1998","top5:lasso-coulibaly:2002","top5:marc-guehi:2000","top5:maxwel-cornet:1996","top5:mohamed-bamba:2001","top5:mohammed-kudus:2000","top5:mohammed-salisu:1999","top5:odilon-kossounou:2001","top5:salis-abdul-samed:2000","top5:simon-adingra:2002","top5:sinaly-diomande:2001","top5:thomas-partey:1993","top5:vakoun-bayo:1997"],"label":"Abidjan","country":"Ivory Coast"},"geometry":{"type":"Polygon","coordinates":[[[-6.957445,8.664197],[-6.064496,5.36274],[-4.862616,5.210611],[-2.579035,4.020024],[0.309804,5.864518],[-0.319183,9.731837],[-4.013998,11.545296],[-6.957445,8.664197]]]}},{"type":"Feature","properties":{"hex_id":"81757ffffffffff","population":530906,"population_year":2025,"area_km2":447684.2,"population_density":1.2,"all_players":1,"reference_cell":false,"players_per_million":1.88,"player_ids":["top5:nathaniel-adjei:2002"],"label":"Teshie","country":"Ghana"},"geometry":{"type":"Polygon","coordinates":[[[3.340666,-0.045101],[3.943036,3.968797],[0.309804,5.864518],[-2.579035,4.020024],[-2.356665,2.834223],[-2.785858,0.301587],[-0.133689,-1.855493],[3.340666,-0.045101]]]}},{"type":"Feature","properties":{"hex_id":"8175bffffffffff","population":18609698,"population_year":2025,"area_km2":447684.2,"population_density":41.6,"all_players":2,"reference_cell":false,"players_per_million":0.11,"player_ids":["top5:abdoul-ouattara:2005","top5:yann-gboho:2001"],"label":"Zoukpangbeu","country":"Ivory Coast"},"geometry":{"type":"Polygon","coordinates":[[[-10.883976,9.211077],[-13.708147,6.270965],[-11.830187,2.638933],[-8.412776,2.46758],[-7.899841,3.559838],[-6.064496,5.36274],[-6.957445,8.664197],[-10.883976,9.211077]]]}},{"type":"Feature","properties":{"hex_id":"8176bffffffffff","population":552011,"population_year":2025,"area_km2":595741.2,"population_density":0.9,"all_players":0,"reference_cell":true,"players_per_million":0.0,"player_ids":[],"label":"Mapped area","country":"Papua New Guinea"},"geometry":{"type":"Polygon","coordinates":[[[151.738196,-5.002988],[152.369119,-9.360958],[156.370869,-10.672391],[159.651733,-7.807441],[159.114456,-3.58618],[155.201059,-2.088476],[151.738196,-5.002988]]]}},{"type":"Feature","properties":{"hex_id":"817a7ffffffffff","population":65758369,"population_year":2025,"area_km2":647632.6,"population_density":101.5,"all_players":0,"reference_cell":true,"players_per_million":0.0,"player_ids":[],"label":"Mapped area","country":"Kenya"},"geometry":{"type":"Polygon","coordinates":[[[41.586655,-2.043983],[41.590006,2.35869],[37.776764,4.740955],[33.814945,2.80266],[33.663619,-1.677295],[37.624159,-4.150913],[41.586655,-2.043983]]]}},{"type":"Feature","properties":{"hex_id":"817abffffffffff","population":5472685,"population_year":2025,"area_km2":510516.1,"population_density":10.7,"all_players":0,"reference_cell":true,"players_per_million":0.0,"player_ids":[],"label":"Mapped area","country":"Somalia"},"geometry":{"type":"Polygon","coordinates":[[[52.316592,3.692753],[52.139414,7.605969],[48.701817,9.876091],[45.240404,8.29213],[45.302588,4.23272],[48.947069,1.89827],[52.316592,3.692753]]]}},{"type":"Feature","properties":{"hex_id":"817afffffffffff","population":61077402,"population_year":2025,"area_km2":565620.1,"population_density":108.0,"all_players":0,"reference_cell":true,"players_per_million":0.0,"player_ids":[],"label":"Mapped area","country":"Ethiopia"},"geometry":{"type":"Polygon","coordinates":[[[45.302588,4.23272],[45.240404,8.29213],[43.424424,9.440448],[41.867809,10.627354],[37.848935,8.893463],[37.776764,4.740955],[41.590006,2.35869],[45.302588,4.23272]]]}},{"type":"Feature","properties":{"hex_id":"817b7ffffffffff","population":19543201,"population_year":2025,"area_km2":666617.1,"population_density":29.3,"all_players":1,"reference_cell":false,"players_per_million":0.05,"player_ids":["top5:mbwana-samatta:1992"],"label":"Dar es Salaam","country":"Tanzania"},"geometry":{"type":"Polygon","coordinates":[[[45.503245,-8.948659],[45.433877,-4.428419],[41.586655,-2.043983],[37.624159,-4.150913],[37.543405,-8.803195],[41.579563,-11.222876],[45.503245,-8.948659]]]}},{"type":"Feature","properties":{"hex_id":"81803ffffffffff","population":18450764,"population_year":2025,"area_km2":729486.9,"population_density":25.3,"all_players":3,"reference_cell":false,"players_per_million":0.16,"player_ids":["top5:evanilson:1999","top5:isaac:2004","top5:luiz-lucio-reis-junior:2001"],"label":"Fortaleza","country":"Brazil"},"geometry":{"type":"Polygon","coordinates":[[[-39.695155,-8.696744],[-37.243135,-4.606029],[-39.563133,-0.447483],[-44.322949,-0.356209],[-46.800487,-4.422917],[-44.509635,-8.604422],[-39.695155,-8.696744]]]}},{"type":"Feature","properties":{"hex_id":"81807ffffffffff","population":6662960,"population_year":2025,"area_km2":707475.0,"population_density":9.4,"all_players":1,"reference_cell":false,"players_per_million":0.15,"player_ids":["top5:igor-paixao:2000"],"label":"Macapá","country":"Brazil"},"geometry":{"type":"Polygon","coordinates":[[[-46.800487,-4.422917],[-44.322949,-0.356209],[-46.589943,3.761384],[-51.252816,3.813395],[-53.682044,-0.170178],[-51.511828,-4.287153],[-46.800487,-4.422917]]]}},{"type":"Feature","properties":{"hex_id":"81813ffffffffff","population":15238334,"population_year":2025,"area_km2":707475.0,"population_density":21.5,"all_players":4,"reference_cell":false,"players_per_million":0.26,"player_ids":["top5:alisson-santos:2002","top5:andre:2001","top5:dante:1983","top5:gleison-bremer:1997"],"label":"Itapitanga","country":"Brazil"},"geometry":{"type":"Polygon","coordinates":[[[-39.830275,-16.779215],[-37.348487,-12.792371],[-39.695155,-8.696744],[-44.509635,-8.604422],[-47.015769,-12.607157],[-44.70061,-16.685821],[-39.830275,-16.779215]]]}},{"type":"Feature","properties":{"hex_id":"81817ffffffffff","population":4224246,"population_year":2025,"area_km2":707475.0,"population_density":6.0,"all_players":1,"reference_cell":false,"players_per_million":0.24,"player_ids":["top5:wesley:2003"],"label":"Açailândia","country":"Brazil"},"geometry":{"type":"Polygon","coordinates":[[[-47.015769,-12.607157],[-44.509635,-8.604422],[-46.800487,-4.422917],[-51.511828,-4.287153],[-53.966092,-8.249606],[-51.776426,-12.387612],[-47.015769,-12.607157]]]}},{"type":"Feature","properties":{"hex_id":"8181bffffffffff","population":21939270,"population_year":2025,"area_km2":707475.0,"population_density":31.0,"all_players":5,"reference_cell":false,"players_per_million":0.23,"player_ids":["top5:igor:1998","top5:joelinton:1996","top5:luis-guilherme:2006","top5:luis-henrique:2001","top5:matheus-cunha:1999"],"label":"João Pessoa","country":"Brazil"},"geometry":{"type":"Polygon","coordinates":[[[-32.577536,-12.754155],[-30.225126,-8.70174],[-32.528268,-4.64962],[-37.243135,-4.606029],[-39.695155,-8.696744],[-37.348487,-12.792371],[-32.577536,-12.754155]]]}},{"type":"Feature","properties":{"hex_id":"81823ffffffffff","population":6613515,"population_year":2025,"area_km2":595741.2,"population_density":11.1,"all_players":2,"reference_cell":false,"players_per_million":0.3,"player_ids":["top5:eduardo-camavinga:2002","top5:m-bala-nzola:1996"],"label":"Buco-Zau","country":"Angola"},"geometry":{"type":"Polygon","coordinates":[[[13.101649,-7.336896],[13.611699,-2.844753],[10.189894,-0.431885],[6.386374,-2.341804],[5.789351,-6.624088],[9.073557,-9.206516],[13.101649,-7.336896]]]}},{"type":"Feature","properties":{"hex_id":"8182bffffffffff","population":9666174,"population_year":2025,"area_km2":595741.2,"population_density":16.2,"all_players":8,"reference_cell":false,"players_per_million":0.83,"player_ids":["top5:andre-frank-zambo-anguissa:1995","top5:arthur-avom:2004","top5:breel-embolo:1997","top5:faris-pemi-moumbagna:2000","top5:jean-onana:2000","top5:lucien-agoume:2002","top5:simon-ebonog:2004","top5:yvon-mvogo:1994"],"label":"Yaoundé","country":"Cameroon"},"geometry":{"type":"Polygon","coordinates":[[[17.669408,-0.846984],[18.099816,3.534623],[14.58325,5.76286],[10.722778,3.789625],[10.189894,-0.431885],[13.611699,-2.844753],[17.669408,-0.846984]]]}},{"type":"Feature","properties":{"hex_id":"8182fffffffffff","population":36110101,"population_year":2025,"area_km2":523941.7,"population_density":68.9,"all_players":11,"reference_cell":false,"players_per_million":0.3,"player_ids":["top5:carlos-baleba:2004","top5:christantus-uche:2003","top5:christian-kofane:2006","top5:darlin-yongwa:2000","top5:ignatius-ganago:1999","top5:jacques-ekomie:2003","top5:karl-etta-eyong:2003","top5:mahamadou-nagida:2005","top5:philip-otele:1999","top5:samuel-chukwueze:1999","top5:yvan-neyou:1997"],"label":"Douala","country":"Cameroon"},"geometry":{"type":"Polygon","coordinates":[[[10.189894,-0.431885],[10.722778,3.789625],[9.102371,4.860812],[7.212915,5.860392],[3.943036,3.968797],[3.340666,-0.045101],[6.386374,-2.341804],[10.189894,-0.431885]]]}},{"type":"Feature","properties":{"hex_id":"81833ffffffffff","population":25074496,"population_year":2025,"area_km2":647632.6,"population_density":38.7,"all_players":2,"reference_cell":false,"players_per_million":0.08,"player_ids":["top5:florentino-luis:1999","top5:zito-luvumbo:2002"],"label":"Lobito","country":"Angola"},"geometry":{"type":"Polygon","coordinates":[[[16.28544,-14.623075],[16.762979,-9.981512],[13.101649,-7.336896],[9.073557,-9.206516],[8.488704,-13.659571],[12.029259,-16.433715],[16.28544,-14.623075]]]}},{"type":"Feature","properties":{"hex_id":"8183bffffffffff","population":37999192,"population_year":2025,"area_km2":666617.1,"population_density":57.0,"all_players":5,"reference_cell":false,"players_per_million":0.13,"player_ids":["top5:brice-samba:1994","top5:grady-diangana:1998","top5:nathan-mbala:2008","top5:silas-katompa:1998","top5:willy-kambwala:2004"],"label":"Kinshasa","country":"Democratic Republic of the Congo"},"geometry":{"type":"Polygon","coordinates":[[[21.012272,-7.972666],[21.400325,-3.335735],[17.669408,-0.846984],[13.611699,-2.844753],[13.101649,-7.336896],[16.762979,-9.981512],[21.012272,-7.972666]]]}},{"type":"Feature","properties":{"hex_id":"818a3ffffffffff","population":1617341,"population_year":2025,"area_km2":614937.0,"population_density":2.6,"all_players":0,"reference_cell":true,"players_per_million":0.0,"player_ids":[],"label":"Mapped area","country":"Brazil"},"geometry":{"type":"Polygon","coordinates":[[[-60.846751,-11.739864],[-58.487095,-8.000708],[-60.503094,-3.948691],[-63.322767,-3.822102],[-64.728104,-3.684742],[-67.11855,-7.389407],[-65.150174,-11.472124],[-62.279488,-11.610617],[-60.846751,-11.739864]]]}},{"type":"Feature","properties":{"hex_id":"818a7ffffffffff","population":638010,"population_year":2025,"area_km2":647632.6,"population_density":1.0,"all_players":0,"reference_cell":true,"players_per_million":0.0,"player_ids":[],"label":"Mapped area","country":"Brazil"},"geometry":{"type":"Polygon","coordinates":[[[-71.016075,0.901274],[-73.588317,-2.770303],[-71.619868,-7.003124],[-67.11855,-7.389407],[-64.728104,-3.684742],[-66.644556,0.376039],[-71.016075,0.901274]]]}},{"type":"Feature","properties":{"hex_id":"818abffffffffff","population":2638701,"population_year":2025,"area_km2":666617.1,"population_density":4.0,"all_players":0,"reference_cell":true,"players_per_million":0.0,"player_ids":[],"label":"Mapped area","country":"Brazil"},"geometry":{"type":"Polygon","coordinates":[[[-53.966092,-8.249606],[-51.511828,-4.287153],[-53.682044,-0.170178],[-58.16364,-0.07918],[-60.503094,-3.948691],[-58.487095,-8.000708],[-53.966092,-8.249606]]]}},{"type":"Feature","properties":{"hex_id":"818afffffffffff","population":2617941,"population_year":2025,"area_km2":602082.0,"population_density":4.3,"all_players":0,"reference_cell":true,"players_per_million":0.0,"player_ids":[],"label":"Mapped area","country":"Brazil"},"geometry":{"type":"Polygon","coordinates":[[[-60.503094,-3.948691],[-58.16364,-0.07918],[-60.165868,3.84262],[-64.328272,3.824532],[-66.644556,0.376039],[-64.728104,-3.684742],[-63.322767,-3.822102],[-60.503094,-3.948691]]]}},{"type":"Feature","properties":{"hex_id":"818b3ffffffffff","population":6848445,"population_year":2025,"area_km2":602082.0,"population_density":11.4,"all_players":1,"reference_cell":false,"players_per_million":0.15,"player_ids":["top5:nicolas-andrade:1988"],"label":"Colorado do Oeste","country":"Bolivia"},"geometry":{"type":"Polygon","coordinates":[[[-65.150174,-11.472124],[-67.619263,-15.302305],[-65.596341,-19.258865],[-61.196998,-19.252195],[-58.81696,-15.773842],[-60.846751,-11.739864],[-62.279488,-11.610617],[-65.150174,-11.472124]]]}},{"type":"Feature","properties":{"hex_id":"818b7ffffffffff","population":3308888,"population_year":2025,"area_km2":666617.1,"population_density":5.0,"all_players":0,"reference_cell":true,"players_per_million":0.0,"player_ids":[],"label":"Mapped area","country":"Peru"},"geometry":{"type":"Polygon","coordinates":[[[-71.619868,-7.003124],[-74.275639,-10.846247],[-72.257376,-15.063301],[-67.619263,-15.302305],[-65.150174,-11.472124],[-67.11855,-7.389407],[-71.619868,-7.003124]]]}},{"type":"Feature","properties":{"hex_id":"818bbffffffffff","population":3093743,"population_year":2025,"area_km2":647632.6,"population_density":4.8,"all_players":2,"reference_cell":false,"players_per_million":0.65,"player_ids":["top5:alexandre-alemao:1998","top5:igor-jesus:2001"],"label":"Cuiabá","country":"Brazil"},"geometry":{"type":"Polygon","coordinates":[[[-54.256132,-16.171868],[-51.776426,-12.387612],[-53.966092,-8.249606],[-58.487095,-8.000708],[-60.846751,-11.739864],[-58.81696,-15.773842],[-54.256132,-16.171868]]]}},{"type":"Feature","properties":{"hex_id":"818f3ffffffffff","population":13520599,"population_year":2025,"area_km2":707475.0,"population_density":19.1,"all_players":3,"reference_cell":false,"players_per_million":0.22,"player_ids":["top5:kendry-paez:2007","top5:moises-caicedo:2001","top5:willian-pacho:2001"],"label":"Santo Domingo","country":"Ecuador"},"geometry":{"type":"Polygon","coordinates":[[[-84.773307,2.504605],[-87.594004,-1.196428],[-85.748308,-5.520061],[-80.994381,-6.061929],[-78.218164,-2.264143],[-80.134859,1.975922],[-84.773307,2.504605]]]}},{"type":"Feature","properties":{"hex_id":"818f7ffffffffff","population":11503257,"population_year":2025,"area_km2":707475.0,"population_density":16.3,"all_players":0,"reference_cell":true,"players_per_million":0.0,"player_ids":[],"label":"Mapped area","country":"Peru"},"geometry":{"type":"Polygon","coordinates":[[[-78.218164,-2.264143],[-80.994381,-6.061929],[-79.036844,-10.410684],[-74.275639,-10.846247],[-71.619868,-7.003124],[-73.588317,-2.770303],[-78.218164,-2.264143]]]}},{"type":"Feature","properties":{"hex_id":"8194fffffffffff","population":18863,"population_year":2025,"area_km2":565620.1,"population_density":0.0,"all_players":0,"reference_cell":true,"players_per_million":0.0,"player_ids":[],"label":"Mapped area","country":"Australia"},"geometry":{"type":"Polygon","coordinates":[[[125.297865,-15.691264],[126.089695,-19.680475],[128.186152,-20.493739],[130.032911,-21.378733],[133.817525,-18.914757],[133.041616,-14.828509],[128.72923,-13.199443],[125.297865,-15.691264]]]}},{"type":"Feature","properties":{"hex_id":"81953ffffffffff","population":16534048,"population_year":2025,"area_km2":595741.2,"population_density":27.8,"all_players":0,"reference_cell":true,"players_per_million":0.0,"player_ids":[],"label":"Mapped area","country":"Indonesia"},"geometry":{"type":"Polygon","coordinates":[[[115.671728,-3.824532],[116.456435,-8.076966],[120.39857,-9.791751],[123.699174,-7.171745],[122.892848,-2.722889],[118.801447,-1.090818],[115.671728,-3.824532]]]}},{"type":"Feature","properties":{"hex_id":"8195bffffffffff","population":5133804,"population_year":2025,"area_km2":523941.7,"population_density":9.8,"all_players":1,"reference_cell":false,"players_per_million":0.19,"player_ids":["top5:emil-audero:1997"],"label":"Mataram","country":"Indonesia"},"geometry":{"type":"Polygon","coordinates":[[[113.400655,-10.803502],[114.231178,-14.482401],[118.020847,-16.249349],[121.192543,-13.975216],[120.39857,-9.791751],[116.456435,-8.076966],[114.941529,-9.308112],[113.400655,-10.803502]]]}},{"type":"Feature","properties":{"hex_id":"81963ffffffffff","population":26858215,"population_year":2025,"area_km2":729486.9,"population_density":36.8,"all_players":2,"reference_cell":false,"players_per_million":0.07,"player_ids":["top5:christian-kabasele:1991","top5:lameck-banda:2001"],"label":"Lusaka","country":"Democratic Republic of the Congo"},"geometry":{"type":"Polygon","coordinates":[[[33.173278,-15.790435],[33.34314,-11.032729],[29.268943,-8.474704],[24.9542,-10.610164],[24.619558,-15.359563],[28.761238,-17.991301],[33.173278,-15.790435]]]}},{"type":"Feature","properties":{"hex_id":"81967ffffffffff","population":7082184,"population_year":2025,"area_km2":707475.0,"population_density":10.0,"all_players":1,"reference_cell":false,"players_per_million":0.14,"player_ids":["top5:aurelio-buta:1997"],"label":"Angola","country":"Angola"},"geometry":{"type":"Polygon","coordinates":[[[24.619558,-15.359563],[24.9542,-10.610164],[21.012272,-7.972666],[16.762979,-9.981512],[16.28544,-14.623075],[20.192244,-17.370809],[24.619558,-15.359563]]]}},{"type":"Feature","properties":{"hex_id":"8196bffffffffff","population":46355702,"population_year":2025,"area_km2":707475.0,"population_density":65.5,"all_players":1,"reference_cell":false,"players_per_million":0.02,"player_ids":["top5:youssouf-ndayishimiye:1998"],"label":"Burundi","country":"United Republic of Tanzania"},"geometry":{"type":"Polygon","coordinates":[[[37.543405,-8.803195],[37.624159,-4.150913],[33.663619,-1.677295],[29.508441,-3.781048],[29.268943,-8.474704],[33.34314,-11.032729],[37.543405,-8.803195]]]}},{"type":"Feature","properties":{"hex_id":"8196fffffffffff","population":27572765,"population_year":2025,"area_km2":707475.0,"population_density":39.0,"all_players":0,"reference_cell":true,"players_per_million":0.0,"player_ids":[],"label":"Mapped area","country":"Democratic Republic of the Congo"},"geometry":{"type":"Polygon","coordinates":[[[29.268943,-8.474704],[29.508441,-3.781048],[25.586785,-1.270444],[21.400325,-3.335735],[21.012272,-7.972666],[24.9542,-10.610164],[29.268943,-8.474704]]]}},{"type":"Feature","properties":{"hex_id":"81973ffffffffff","population":25257526,"population_year":2025,"area_km2":707475.0,"population_density":35.7,"all_players":1,"reference_cell":false,"players_per_million":0.04,"player_ids":["top5:reinildo-mandava:1994"],"label":"Beira","country":"Mozambique"},"geometry":{"type":"Polygon","coordinates":[[[37.281129,-22.885971],[37.372092,-18.233776],[33.173278,-15.790435],[28.761238,-17.991301],[28.491882,-22.684204],[32.812319,-25.145186],[37.281129,-22.885971]]]}},{"type":"Feature","properties":{"hex_id":"81977ffffffffff","population":4813685,"population_year":2025,"area_km2":707475.0,"population_density":6.8,"all_players":1,"reference_cell":false,"players_per_million":0.21,"player_ids":["top5:marshall-munetsi:1996"],"label":"Bulawayo","country":"Botswana"},"geometry":{"type":"Polygon","coordinates":[[[28.491882,-22.684204],[28.761238,-17.991301],[24.619558,-15.359563],[20.192244,-17.370809],[19.75867,-22.005854],[23.910011,-24.696711],[28.491882,-22.684204]]]}},{"type":"Feature","properties":{"hex_id":"8197bffffffffff","population":44444875,"population_year":2025,"area_km2":707475.0,"population_density":62.8,"all_players":0,"reference_cell":true,"players_per_million":0.0,"player_ids":[],"label":"Mapped area","country":"Mozambique"},"geometry":{"type":"Polygon","coordinates":[[[41.575805,-15.887814],[41.579563,-11.222876],[37.543405,-8.803195],[33.34314,-11.032729],[33.173278,-15.790435],[37.372092,-18.233776],[41.575805,-15.887814]]]}},{"type":"Feature","properties":{"hex_id":"819c3ffffffffff","population":298853,"population_year":2025,"area_km2":614937.0,"population_density":0.5,"all_players":0,"reference_cell":true,"players_per_million":0.0,"player_ids":[],"label":"Mapped area","country":"Australia"},"geometry":{"type":"Polygon","coordinates":[[[149.681051,-16.397259],[149.087925,-13.640092],[148.867731,-12.247496],[144.610282,-10.838676],[140.99787,-13.663289],[141.485259,-16.439723],[141.660737,-17.838744],[146.041409,-19.302203],[149.681051,-16.397259]]]}},{"type":"Feature","properties":{"hex_id":"819c7ffffffffff","population":15885,"population_year":2025,"area_km2":602082.0,"population_density":0.0,"all_players":0,"reference_cell":true,"players_per_million":0.0,"player_ids":[],"label":"Mapped area","country":"Australia"},"geometry":{"type":"Polygon","coordinates":[[[133.041616,-14.828509],[133.817525,-18.914757],[137.872609,-20.552278],[141.660737,-17.838744],[141.485259,-16.439723],[140.99787,-13.663289],[136.629853,-12.143151],[133.041616,-14.828509]]]}},{"type":"Feature","properties":{"hex_id":"819d7ffffffffff","population":38786,"population_year":2025,"area_km2":647632.6,"population_density":0.1,"all_players":0,"reference_cell":true,"players_per_million":0.0,"player_ids":[],"label":"Mapped area","country":"Australia"},"geometry":{"type":"Polygon","coordinates":[[[146.846074,-23.721804],[146.041409,-19.302203],[141.660737,-17.838744],[137.872609,-20.552278],[138.247909,-24.941337],[142.844847,-26.664336],[146.846074,-23.721804]]]}},{"type":"Feature","properties":{"hex_id":"81a27ffffffffff","population":880506,"population_year":2025,"area_km2":666617.1,"population_density":1.3,"all_players":2,"reference_cell":false,"players_per_million":2.27,"player_ids":["top5:ludovic-ajorque:1994","top5:mathieu-acapandie:2004"],"label":"Saint-Denis","country":"France"},"geometry":{"type":"Polygon","coordinates":[[[53.433411,-17.577652],[53.738877,-22.089283],[58.14006,-24.011695],[62.146283,-21.187586],[61.518134,-16.5727],[57.208075,-14.874845],[53.433411,-17.577652]]]}},{"type":"Feature","properties":{"hex_id":"81a33ffffffffff","population":5040710,"population_year":2025,"area_km2":647632.6,"population_density":7.8,"all_players":1,"reference_cell":false,"players_per_million":0.2,"player_ids":["top5:warmed-omari:2000"],"label":"Bandraboua","country":"France"},"geometry":{"type":"Polygon","coordinates":[[[49.493251,-15.682906],[49.349103,-11.195314],[45.503245,-8.948659],[41.579563,-11.222876],[41.575805,-15.887814],[45.650154,-18.104553],[49.493251,-15.682906]]]}},{"type":"Feature","properties":{"hex_id":"81a7bffffffffff","population":34363,"population_year":2025,"area_km2":447684.2,"population_density":0.1,"all_players":0,"reference_cell":true,"players_per_million":0.0,"player_ids":[],"label":"Mapped area","country":"Australia"},"geometry":{"type":"Polygon","coordinates":[[[122.384483,-25.858085],[122.769888,-21.814639],[118.799983,-20.095984],[115.759316,-22.002086],[116.013581,-23.185424],[115.570257,-25.722246],[118.588203,-27.826272],[122.384483,-25.858085]]]}},{"type":"Feature","properties":{"hex_id":"81a83ffffffffff","population":63293155,"population_year":2025,"area_km2":595741.2,"population_density":106.2,"all_players":34,"reference_cell":false,"players_per_million":0.54,"player_ids":["top5:antony:2000","top5:arthur-chaves:2001","top5:bernardo:1995","top5:caio-henrique-oliveira-silva:1997","top5:calebe:2000","top5:carlos-augusto:1999","top5:casemiro:1992","top5:david-neres:1997","top5:diego-carlos:1993","top5:eder-militao:1998","top5:emerson-palmieri:1994","top5:estevao-willian:2007","top5:gabriel-jesus:1997","top5:gabriel-magalhaes:1997","top5:gabriel-martinelli:2001","top5:gabriel-strefezza:1997","top5:giovane:2003","top5:joao-pedro:2001","top5:john:1996","top5:kevin:2003","top5:lucas-beraldo:2003","top5:lucas-perri:1997","top5:marcao:1996","top5:marquinhos:1994","top5:mateus-lusuardi:2004","top5:morato:2001","top5:murillo:2002","top5:natan:2001","top5:renato-marin:2006","top5:rodrygo:2001","top5:romulo:2002","top5:vitor-reis:2006","top5:wesley:2005","top5:yan-couto:2002"],"label":"São Paulo","country":"Brazil"},"geometry":{"type":"Polygon","coordinates":[[[-47.461171,-27.760044],[-44.896021,-24.304788],[-47.235943,-20.470042],[-52.046783,-20.176039],[-54.552341,-23.657242],[-52.323074,-27.407025],[-47.461171,-27.760044]]]}},{"type":"Feature","properties":{"hex_id":"81a87ffffffffff","population":3352562,"population_year":2025,"area_km2":595741.2,"population_density":5.6,"all_players":2,"reference_cell":false,"players_per_million":0.6,"player_ids":["top5:ederson:1999","top5:vanderson:2001"],"label":"Campo Grande","country":"Brazil"},"geometry":{"type":"Polygon","coordinates":[[[-54.552341,-23.657242],[-52.046783,-20.176039],[-54.256132,-16.171868],[-58.81696,-15.773842],[-61.196998,-19.252195],[-59.153405,-23.133384],[-54.552341,-23.657242]]]}},{"type":"Feature","properties":{"hex_id":"81a8bffffffffff","population":38630964,"population_year":2025,"area_km2":647632.6,"population_density":59.6,"all_players":21,"reference_cell":false,"players_per_million":0.54,"player_ids":["top5:alexsandro-ribeiro:1999","top5:andrey-santos:2004","top5:arthur:2003","top5:bruno-guimaraes:1997","top5:dodo:1998","top5:douglas-luiz:1998","top5:emersonn:2004","top5:hernani:1994","top5:igor-carioca:1996","top5:joao-gomes:2001","top5:juan-jesus:1991","top5:junior-messias:1991","top5:kaua-santos:2003","top5:lorran:2006","top5:lucas-paqueta:1997","top5:matheus-nunes:1998","top5:rayan:2006","top5:richarlison:1997","top5:savio:2004","top5:vinicius-junior:2000","top5:vinicius-souza:1999"],"label":"Rio de Janeiro","country":"Brazil"},"geometry":{"type":"Polygon","coordinates":[[[-39.968603,-24.399277],[-37.456339,-20.657406],[-39.830275,-16.779215],[-44.70061,-16.685821],[-47.235943,-20.470042],[-44.896021,-24.304788],[-39.968603,-24.399277]]]}},{"type":"Feature","properties":{"hex_id":"81a8fffffffffff","population":14363422,"population_year":2025,"area_km2":666617.1,"population_density":21.5,"all_players":2,"reference_cell":false,"players_per_million":0.14,"player_ids":["top5:endrick:2006","top5:igor-thiago:2001"],"label":"Gama","country":"Brazil"},"geometry":{"type":"Polygon","coordinates":[[[-47.235943,-20.470042],[-44.70061,-16.685821],[-47.015769,-12.607157],[-51.776426,-12.387612],[-54.256132,-16.171868],[-52.046783,-20.176039],[-47.235943,-20.470042]]]}},{"type":"Feature","properties":{"hex_id":"81a93ffffffffff","population":11046986,"population_year":2025,"area_km2":510516.1,"population_density":21.6,"all_players":3,"reference_cell":false,"players_per_million":0.27,"player_ids":["top5:alisson:1992","top5:leo-scienza:1998","top5:raphinha:1996"],"label":"Porto Alegre","country":"Brazil"},"geometry":{"type":"Polygon","coordinates":[[[-47.691623,-34.331159],[-45.096018,-31.259854],[-47.461171,-27.760044],[-52.323074,-27.407025],[-54.854902,-30.51203],[-52.605486,-33.936306],[-47.691623,-34.331159]]]}},{"type":"Feature","properties":{"hex_id":"81a97ffffffffff","population":13851468,"population_year":2025,"area_km2":523941.7,"population_density":26.4,"all_players":6,"reference_cell":false,"players_per_million":0.43,"player_ids":["top5:antonio-sanabria:1996","top5:claudio-echeverri:2006","top5:julio-enciso:2004","top5:julio-soler:2005","top5:omar-alderete:1996","top5:walter-benitez:1993"],"label":"Asunción","country":"Paraguay"},"geometry":{"type":"Polygon","coordinates":[[[-54.854902,-30.51203],[-52.323074,-27.407025],[-54.552341,-23.657242],[-59.153405,-23.133384],[-60.358535,-24.728661],[-61.529913,-26.578843],[-59.496606,-29.892985],[-54.854902,-30.51203]]]}},{"type":"Feature","properties":{"hex_id":"81acbffffffffff","population":4367763,"population_year":2025,"area_km2":666617.1,"population_density":6.6,"all_players":0,"reference_cell":true,"players_per_million":0.0,"player_ids":[],"label":"Mapped area","country":"Namibia"},"geometry":{"type":"Polygon","coordinates":[[[19.75867,-22.005854],[20.192244,-17.370809],[16.28544,-14.623075],[12.029259,-16.433715],[11.465301,-20.922822],[15.277564,-23.752624],[19.75867,-22.005854]]]}},{"type":"Feature","properties":{"hex_id":"81adbffffffffff","population":1065402,"population_year":2025,"area_km2":647632.6,"population_density":1.6,"all_players":0,"reference_cell":true,"players_per_million":0.0,"player_ids":[],"label":"Mapped area","country":"Namibia"},"geometry":{"type":"Polygon","coordinates":[[[23.533518,-29.166646],[23.910011,-24.696711],[19.75867,-22.005854],[15.277564,-23.752624],[14.745412,-28.129236],[18.839987,-30.861032],[23.533518,-29.166646]]]}},{"type":"Feature","properties":{"hex_id":"81b27ffffffffff","population":8941500,"population_year":2025,"area_km2":510516.1,"population_density":17.5,"all_players":19,"reference_cell":false,"players_per_million":2.12,"player_ids":["top5:cristian-romero:1998","top5:exequiel-palacios:1998","top5:facundo-garces:1999","top5:franco-vazquez:1989","top5:joaquin-panichelli:2002","top5:julian-alvarez:2000","top5:julian-malatini:2001","top5:julian-vignolo:2006","top5:leonardo-balerdi:1999","top5:lucas-beltran:2001","top5:luis-vazquez:2001","top5:mariano-troilo:2003","top5:martin-payero:1998","top5:nahuel-molina:1998","top5:oscar-trejo:1988","top5:paulo-dybala:1993","top5:renzo-saravia:1993","top5:santiago-colombatto:1997","top5:santiago-hidalgo:2005"],"label":"Córdoba","country":"Argentina"},"geometry":{"type":"Polygon","coordinates":[[[-66.068669,-26.766212],[-68.710054,-30.4154],[-66.569458,-33.770896],[-61.882735,-33.439024],[-59.496606,-29.892985],[-61.529913,-26.578843],[-66.068669,-26.766212]]]}},{"type":"Feature","properties":{"hex_id":"81b2fffffffffff","population":17138003,"population_year":2025,"area_km2":523941.7,"population_density":32.7,"all_players":8,"reference_cell":false,"players_per_million":0.47,"player_ids":["top5:damian-pizarro:2005","top5:felipe-loyola:2000","top5:francisco-sierralta:1997","top5:gabriel-suazo:1997","top5:guillermo-maripan:1994","top5:lucas-cepeda:2002","top5:valentin-castellanos:1998","top5:zaid-romero:1999"],"label":"Santiago","country":"Chile"},"geometry":{"type":"Polygon","coordinates":[[[-73.644747,-30.428475],[-76.580606,-33.882664],[-75.495684,-35.604157],[-74.031951,-37.379975],[-69.305389,-37.163896],[-66.569458,-33.770896],[-68.710054,-30.4154],[-73.644747,-30.428475]]]}},{"type":"Feature","properties":{"hex_id":"81b33ffffffffff","population":7923462,"population_year":2025,"area_km2":647632.6,"population_density":12.2,"all_players":1,"reference_cell":false,"players_per_million":0.13,"player_ids":["top5:alexis-sanchez:1988"],"label":"Tocopilla","country":"Chile"},"geometry":{"type":"Polygon","coordinates":[[[-72.257376,-15.063301],[-75.001372,-18.920583],[-72.931331,-22.965031],[-68.148935,-23.06606],[-65.596341,-19.258865],[-67.619263,-15.302305],[-72.257376,-15.063301]]]}},{"type":"Feature","properties":{"hex_id":"81b37ffffffffff","population":4253214,"population_year":2025,"area_km2":565620.1,"population_density":7.5,"all_players":0,"reference_cell":true,"players_per_million":0.0,"player_ids":[],"label":"Mapped area","country":"Argentina"},"geometry":{"type":"Polygon","coordinates":[[[-65.596341,-19.258865],[-68.148935,-23.06606],[-66.068669,-26.766212],[-61.529913,-26.578843],[-60.358535,-24.728661],[-59.153405,-23.133384],[-61.196998,-19.252195],[-65.596341,-19.258865]]]}},{"type":"Feature","properties":{"hex_id":"81b83ffffffffff","population":5427,"population_year":2025,"area_km2":595741.2,"population_density":0.0,"all_players":0,"reference_cell":true,"players_per_million":0.0,"player_ids":[],"label":"Mapped area","country":"Australia"},"geometry":{"type":"Polygon","coordinates":[[[134.339984,-32.08928],[134.147284,-27.571603],[129.997591,-25.633576],[125.979916,-27.923491],[125.724358,-32.241268],[129.914908,-34.478008],[134.339984,-32.08928]]]}},{"type":"Feature","properties":{"hex_id":"81b87ffffffffff","population":61414,"population_year":2025,"area_km2":510516.1,"population_density":0.1,"all_players":0,"reference_cell":true,"players_per_million":0.0,"player_ids":[],"label":"Mapped area","country":"Australia"},"geometry":{"type":"Polygon","coordinates":[[[125.724358,-32.241268],[125.979916,-27.923491],[122.384483,-25.858085],[118.588203,-27.826272],[117.977474,-31.877886],[121.490696,-34.22805],[125.724358,-32.241268]]]}},{"type":"Feature","properties":{"hex_id":"81b8bffffffffff","population":44135,"population_year":2025,"area_km2":595741.2,"population_density":0.1,"all_players":0,"reference_cell":true,"players_per_million":0.0,"player_ids":[],"label":"Mapped area","country":"Australia"},"geometry":{"type":"Polygon","coordinates":[[[138.247909,-24.941337],[137.872609,-20.552278],[133.817525,-18.914757],[130.032911,-21.378733],[129.997591,-25.633576],[134.147284,-27.571603],[138.247909,-24.941337]]]}},{"type":"Feature","properties":{"hex_id":"81b8fffffffffff","population":2591,"population_year":2025,"area_km2":523941.7,"population_density":0.0,"all_players":0,"reference_cell":true,"players_per_million":0.0,"player_ids":[],"label":"Mapped area","country":"Australia"},"geometry":{"type":"Polygon","coordinates":[[[129.997591,-25.633576],[130.032911,-21.378733],[128.186152,-20.493739],[126.089695,-19.680475],[122.769888,-21.814639],[122.384483,-25.858085],[125.979916,-27.923491],[129.997591,-25.633576]]]}},{"type":"Feature","properties":{"hex_id":"81b9bffffffffff","population":103823,"population_year":2025,"area_km2":666617.1,"population_density":0.2,"all_players":0,"reference_cell":true,"players_per_million":0.0,"player_ids":[],"label":"Mapped area","country":"Australia"},"geometry":{"type":"Polygon","coordinates":[[[143.536871,-31.277795],[142.844847,-26.664336],[138.247909,-24.941337],[134.147284,-27.571603],[134.339984,-32.08928],[139.129671,-34.088237],[143.536871,-31.277795]]]}},{"type":"Feature","properties":{"hex_id":"81bb7ffffffffff","population":2835946,"population_year":2025,"area_km2":666617.1,"population_density":4.3,"all_players":1,"reference_cell":false,"players_per_million":0.35,"player_ids":["top5:chris-wood:1991"],"label":"Auckland","country":"New Zealand"},"geometry":{"type":"Polygon","coordinates":[[[176.688659,-37.499409],[174.332728,-33.405709],[169.018604,-32.862675],[165.511402,-36.515279],[167.615873,-40.869133],[173.535818,-41.30856],[176.688659,-37.499409]]]}},{"type":"Feature","properties":{"hex_id":"81bc7ffffffffff","population":10279782,"population_year":2025,"area_km2":595741.2,"population_density":17.3,"all_players":0,"reference_cell":true,"players_per_million":0.0,"player_ids":[],"label":"Mapped area","country":"South Africa"},"geometry":{"type":"Polygon","coordinates":[[[27.613905,-35.822076],[27.918941,-31.644147],[23.533518,-29.166646],[18.839987,-30.861032],[18.352922,-34.994007],[22.732651,-37.488282],[27.613905,-35.822076]]]}},{"type":"Feature","properties":{"hex_id":"81bcfffffffffff","population":54771011,"population_year":2025,"area_km2":666617.1,"population_density":82.2,"all_players":1,"reference_cell":false,"players_per_million":0.02,"player_ids":["top5:lyle-foster:2000"],"label":"Soweto","country":"South Africa"},"geometry":{"type":"Polygon","coordinates":[[[32.620327,-29.624454],[32.812319,-25.145186],[28.491882,-22.684204],[23.910011,-24.696711],[23.533518,-29.166646],[27.918941,-31.644147],[32.620327,-29.624454]]]}},{"type":"Feature","properties":{"hex_id":"81be3ffffffffff","population":7422285,"population_year":2025,"area_km2":729486.9,"population_density":10.2,"all_players":4,"reference_cell":false,"players_per_million":0.54,"player_ids":["top5:antonio-arena:2009","top5:connor-metcalfe:1999","top5:cristian-volpato:2003","top5:mathew-ryan:1992"],"label":"Plumpton","country":"Australia"},"geometry":{"type":"Polygon","coordinates":[[[159.810679,-35.59178],[158.196039,-31.026208],[152.877292,-29.753699],[148.729494,-32.935272],[149.839959,-37.608844],[155.640338,-39.007712],[159.810679,-35.59178]]]}},{"type":"Feature","properties":{"hex_id":"81be7ffffffffff","population":7973734,"population_year":2025,"area_km2":707475.0,"population_density":11.3,"all_players":1,"reference_cell":false,"players_per_million":0.13,"player_ids":["top5:jackson-irvine:1993"],"label":"Melbourne","country":"Australia"},"geometry":{"type":"Polygon","coordinates":[[[149.839959,-37.608844],[148.729494,-32.935272],[143.536871,-31.277795],[139.129671,-34.088237],[139.652226,-38.734209],[145.182884,-40.615783],[149.839959,-37.608844]]]}},{"type":"Feature","properties":{"hex_id":"81befffffffffff","population":652227,"population_year":2025,"area_km2":707475.0,"population_density":0.9,"all_players":0,"reference_cell":true,"players_per_million":0.0,"player_ids":[],"label":"Mapped area","country":"Australia"},"geometry":{"type":"Polygon","coordinates":[[[152.877292,-29.753699],[151.703594,-25.170738],[146.846074,-23.721804],[142.844847,-26.664336],[143.536871,-31.277795],[148.729494,-32.935272],[152.877292,-29.753699]]]}},{"type":"Feature","properties":{"hex_id":"81c23ffffffffff","population":1573459,"population_year":2025,"area_km2":328434.6,"population_density":4.8,"all_players":3,"reference_cell":false,"players_per_million":1.91,"player_ids":["top5:emi-buendia:1996","top5:emiliano-martinez:1992","top5:franco-mastantuono:2007"],"label":"Mar del Plata","country":"Argentina"},"geometry":{"type":"Polygon","coordinates":[[[-57.995322,-42.261113],[-54.914171,-41.118552],[-53.849703,-40.222115],[-54.414766,-37.691245],[-55.164004,-36.642936],[-58.309846,-36.205283],[-59.788176,-36.394827],[-61.417115,-38.614967],[-61.702806,-39.800882],[-59.444119,-41.717194],[-57.995322,-42.261113]]]}},{"type":"Feature","properties":{"hex_id":"81c2fffffffffff","population":24752838,"population_year":2025,"area_km2":447684.2,"population_density":55.3,"all_players":58,"reference_cell":false,"players_per_million":2.34,"player_ids":["top5:agustin-albarracin:2005","top5:alan-matturro:2004","top5:alejo-sarco:2006","top5:alfonso-espino:1992","top5:augusto-batalla:1996","top5:benjamin-dominguez:2003","top5:carlos-alcaraz:2002","top5:carlos-benavidez:1998","top5:christian-ordonez:2004","top5:cristhian-stuani:1986","top5:enzo-fernandez:2001","top5:ezequiel-avila:1994","top5:facundo-buonanotte:2004","top5:facundo-medina:1999","top5:federico-gattoni:1999","top5:federico-valverde:1998","top5:federico-vinas:1998","top5:franco-carboni:2003","top5:franco-israel:2000","top5:geronimo-rulli:1992","top5:giovani-lo-celso:1996","top5:giovanni-simeone:1995","top5:giuliano-simeone:2002","top5:guido-rodriguez:1994","top5:jose-maria-gimenez:1995","top5:juan-foyth:1998","top5:juan-musso:1994","top5:lautaro-valenti:1999","top5:leandro-cabrera:1991","top5:lisandro-martinez:1998","top5:manuel-ugarte:2001","top5:marcos-senesi:1997","top5:martin-satriano:2001","top5:mathias-olivera:1997","top5:matias-dituro:1987","top5:matias-vecino:1991","top5:mauro-arambarri:1995","top5:maximo-perrone:2003","top5:nahuel-estevez:1995","top5:nahuel-tenaglia:1996","top5:nicolas-dominguez:1998","top5:nicolas-gonzalez:1998","top5:nicolas-tagliafico:1992","top5:nicolas-valentini:2001","top5:rodrigo-bentancur:1997","top5:ronald-araujo:1999","top5:santiago-bueno:1998","top5:santiago-castro:2004","top5:santiago-gimenez:2001","top5:santiago-mourino:2002","top5:santiago-pierotti:2001","top5:sebastian-boselli:2003","top5:thiago-almada:2001","top5:thiago-borbas:2002","top5:thiago-fernandez:2004","top5:valentin-barco:2004","top5:valentin-carboni:2005","top5:valentin-gomez:2003"],"label":"Montevideo","country":"Argentina"},"geometry":{"type":"Polygon","coordinates":[[[-55.164004,-36.642936],[-52.605486,-33.936306],[-54.854902,-30.51203],[-59.496606,-29.892985],[-61.882735,-33.439024],[-59.788176,-36.394827],[-58.309846,-36.205283],[-55.164004,-36.642936]]]}},{"type":"Feature","properties":{"hex_id":"81c37ffffffffff","population":2105932,"population_year":2025,"area_km2":447684.2,"population_density":4.7,"all_players":6,"reference_cell":false,"players_per_million":2.85,"player_ids":["top5:aaron-anselmino:2005","top5:alexis-mac-allister:1998","top5:lautaro-martinez:1997","top5:lucas-boye:1996","top5:nicolas-capaldo:1998","top5:paulo-gazzaniga:1992"],"label":"Santa Rosa","country":"Argentina"},"geometry":{"type":"Polygon","coordinates":[[[-66.569458,-33.770896],[-69.305389,-37.163896],[-66.103092,-40.399611],[-61.702806,-39.800882],[-61.417115,-38.614967],[-59.788176,-36.394827],[-61.882735,-33.439024],[-66.569458,-33.770896]]]}},{"type":"Feature","properties":{"hex_id":"81cebffffffffff","population":4208885,"population_year":2025,"area_km2":510516.1,"population_density":8.2,"all_players":0,"reference_cell":true,"players_per_million":0.0,"player_ids":[],"label":"Mapped area","country":"Argentina"},"geometry":{"type":"Polygon","coordinates":[[[-67.492505,-44.179727],[-66.103092,-40.399611],[-69.305389,-37.163896],[-74.031951,-37.379975],[-76.084187,-41.116232],[-72.784934,-44.702354],[-67.492505,-44.179727]]]}},{"type":"Feature","properties":{"hex_id":"81cfbffffffffff","population":662070,"population_year":2025,"area_km2":523941.7,"population_density":1.3,"all_players":0,"reference_cell":true,"players_per_million":0.0,"player_ids":[],"label":"Mapped area","country":"Argentina"},"geometry":{"type":"Polygon","coordinates":[[[-64.854902,-51.011346],[-63.787104,-47.309451],[-67.492505,-44.179727],[-72.784934,-44.702354],[-75.027717,-48.669965],[-71.143116,-52.131924],[-68.066391,-51.732178],[-64.854902,-51.011346]]]}},{"type":"Feature","properties":{"hex_id":"81dabffffffffff","population":1120976,"population_year":2025,"area_km2":647632.6,"population_density":1.7,"all_players":0,"reference_cell":true,"players_per_million":0.0,"player_ids":[],"label":"Mapped area","country":"New Zealand"},"geometry":{"type":"Polygon","coordinates":[[[176.129353,-45.286766],[173.535818,-41.30856],[167.615873,-40.869133],[163.614305,-44.491235],[165.865034,-48.699061],[172.539491,-49.056818],[176.129353,-45.286766]]]}},{"type":"Feature","properties":{"hex_id":"81df7ffffffffff","population":351362,"population_year":2025,"area_km2":565620.1,"population_density":0.6,"all_players":0,"reference_cell":true,"players_per_million":0.0,"player_ids":[],"label":"Mapped area","country":"Argentina"},"geometry":{"type":"Polygon","coordinates":[[[-67.919514,-59.044467],[-60.006521,-57.368694],[-59.318039,-53.234044],[-64.854902,-51.011346],[-68.066391,-51.732178],[-71.143116,-52.131924],[-73.596504,-56.210611],[-67.919514,-59.044467]]]}}]}