{"type":"FeatureCollection","metadata":{"population_source":"WorldPop Global 2 R2025A","population_source_url":"https://hub.worldpop.org/project/categories?id=3","population_license":"CC BY 4.0","population_year":2025,"raster_resolution":"1km","h3_resolution":2,"population_method":"official_country_rasters","occupied_cells":263,"mapped_players":2423},"features":[{"type":"Feature","properties":{"hex_id":"820747fffffffff","population":53546,"population_year":2025,"area_km2":74863.4,"population_density":0.7,"all_players":2,"players_per_million":37.35,"player_ids":["top5:hakon-haraldsson:2003","top5:hakon-valdimarsson:2001"],"label":"Iceland","country":"Iceland"},"geometry":{"type":"Polygon","coordinates":[[[-14.94239,65.109825],[-17.546112,66.095565],[-20.90437,65.434808],[-21.32794,63.819532],[-18.741713,62.920399],[-15.697123,63.552517],[-14.94239,65.109825]]]}},{"type":"Feature","properties":{"hex_id":"82075ffffffffff","population":310230,"population_year":2025,"area_km2":79647.5,"population_density":3.9,"all_players":4,"players_per_million":12.89,"player_ids":["top5:albert-gumundsson:1997","top5:mikael-ellertsson:2002","top5:orir-johann-helgason:2000","top5:orri-steinn-oskarsson:2004"],"label":"Reykjavík","country":"Iceland"},"geometry":{"type":"Polygon","coordinates":[[[-20.90437,65.434808],[-23.89271,66.331197],[-27.216822,65.518953],[-27.260803,63.861293],[-24.371526,63.054486],[-21.32794,63.819532],[-20.90437,65.434808]]]}},{"type":"Feature","properties":{"hex_id":"820807fffffffff","population":119952,"population_year":2025,"area_km2":44930.9,"population_density":2.7,"all_players":1,"players_per_million":8.34,"player_ids":["top5:warren-kamanzi:2000"],"label":"Namsos Municipality","country":"Norway"},"geometry":{"type":"Polygon","coordinates":[[[7.646201,64.66507],[9.693861,63.519707],[12.823919,63.960727],[12.930937,65.413228],[9.586063,65.870719],[7.646201,64.66507]]]}},{"type":"Feature","properties":{"hex_id":"820817fffffffff","population":476534,"population_year":2025,"area_km2":56786.6,"population_density":8.4,"all_players":4,"players_per_million":8.39,"player_ids":["top5:alexander-srloth:1995","top5:marius-broholm:2004","top5:sander-tangvik:2002","top5:torbjrn-heggem:1999"],"label":"Trondheim","country":"Norway"},"geometry":{"type":"Polygon","coordinates":[[[9.693861,63.519707],[8.89917,62.303935],[11.08066,61.540515],[14.102102,61.963541],[15.046207,63.166721],[12.823919,63.960727],[9.693861,63.519707]]]}},{"type":"Feature","properties":{"hex_id":"82082ffffffffff","population":128471,"population_year":2025,"area_km2":56786.6,"population_density":2.3,"all_players":1,"players_per_million":7.78,"player_ids":["top5:andreas-hanche-olsen:1997"],"label":"Bodø","country":"Norway"},"geometry":{"type":"Polygon","coordinates":[[[12.930937,65.413228],[15.52329,66.103485],[14.813659,67.351769],[11.13328,67.859953],[8.516906,67.065242],[9.586063,65.870719],[12.930937,65.413228]]]}},{"type":"Feature","properties":{"hex_id":"820837fffffffff","population":246541,"population_year":2025,"area_km2":56786.6,"population_density":4.3,"all_players":1,"players_per_million":4.06,"player_ids":["top5:leo-skiri-stigard:1999"],"label":"Molde Municipality","country":"Norway"},"geometry":{"type":"Polygon","coordinates":[[[7.646201,64.66507],[4.694919,64.570858],[4.012621,63.327061],[6.159096,62.205005],[8.89917,62.303935],[9.693861,63.519707],[7.646201,64.66507]]]}},{"type":"Feature","properties":{"hex_id":"820887fffffffff","population":3462230,"population_year":2025,"area_km2":63447.1,"population_density":54.6,"all_players":15,"players_per_million":4.33,"player_ids":["top5:alexander-isak:1999","top5:carl-starfelt:1995","top5:daniel-svensson:2002","top5:hjalmar-ekdal:1998","top5:isak-hien:1999","top5:isak-vural:2006","top5:jesper-karlstrom:1995","top5:joel-asoro:1999","top5:love-arrhov:2008","top5:lucas-bergvall:2006","top5:mayckel-lahdo:2002","top5:victor-lindelof:1994","top5:viktor-gyokeres:1998","top5:williot-swedberg:2004","top5:yasin-ayari:2003"],"label":"Stockholm","country":"Sweden"},"geometry":{"type":"Polygon","coordinates":[[[16.213285,61.104087],[15.277419,59.851205],[17.2862,58.926343],[20.235913,59.22587],[21.289182,60.46251],[19.280999,61.41675],[16.213285,61.104087]]]}},{"type":"Feature","properties":{"hex_id":"82088ffffffffff","population":1060279,"population_year":2025,"area_km2":63447.1,"population_density":16.7,"all_players":1,"players_per_million":0.94,"player_ids":["top5:glen-kamara:1995"],"label":"Tampere","country":"Finland"},"geometry":{"type":"Polygon","coordinates":[[[19.280999,61.41675],[21.289182,60.46251],[23.838471,60.96689],[24.517172,62.478113],[22.407229,63.469342],[19.718783,62.910504],[19.280999,61.41675]]]}},{"type":"Feature","properties":{"hex_id":"82089ffffffffff","population":2635076,"population_year":2025,"area_km2":65980.3,"population_density":39.9,"all_players":1,"players_per_million":0.38,"player_ids":["top5:lucas-bergstrom:2002"],"label":"Pargas","country":"Finland"},"geometry":{"type":"Polygon","coordinates":[[[20.235913,59.22587],[22.144282,58.209221],[25.082722,58.401545],[25.77412,59.916287],[23.838471,60.96689],[21.289182,60.46251],[20.235913,59.22587]]]}},{"type":"Feature","properties":{"hex_id":"8208a7fffffffff","population":799956,"population_year":2025,"area_km2":61279.2,"population_density":13.1,"all_players":4,"players_per_million":5.0,"player_ids":["top5:alexander-rssing-lelesiit:2007","top5:alieu-njie:2005","top5:aron-dnnum:1998","top5:patrik-carlgren:1992"],"label":"Nittedal","country":"Norway"},"geometry":{"type":"Polygon","coordinates":[[[11.08066,61.540515],[10.279089,60.275949],[12.360313,59.444957],[15.277419,59.851205],[16.213285,61.104087],[14.102102,61.963541],[11.08066,61.540515]]]}},{"type":"Feature","properties":{"hex_id":"8208b7fffffffff","population":2250279,"population_year":2025,"area_km2":65961.6,"population_density":34.1,"all_players":2,"players_per_million":0.89,"player_ids":["top5:hugo-bolin:2003","top5:pontus-almqvist:1999"],"label":"Borås","country":"Sweden"},"geometry":{"type":"Polygon","coordinates":[[[12.360313,59.444957],[11.555978,58.130531],[13.543636,57.232114],[16.36093,57.622703],[17.2862,58.926343],[15.277419,59.851205],[12.360313,59.444957]]]}},{"type":"Feature","properties":{"hex_id":"8208d7fffffffff","population":665473,"population_year":2025,"area_km2":65961.6,"population_density":10.1,"all_players":1,"players_per_million":1.5,"player_ids":["top5:tuomas-ollila:2000"],"label":"Finland","country":"Finland"},"geometry":{"type":"Polygon","coordinates":[[[22.407229,63.469342],[24.517172,62.478113],[27.374489,62.947785],[28.306772,64.458481],[26.107236,65.493326],[23.060012,64.971629],[22.407229,63.469342]]]}},{"type":"Feature","properties":{"hex_id":"8208effffffffff","population":157079,"population_year":2025,"area_km2":63447.1,"population_density":2.5,"all_players":1,"players_per_million":6.37,"player_ids":["top5:isak-hansen-aaren:2004"],"label":"Tromsø Municipality","country":"Norway"},"geometry":{"type":"Polygon","coordinates":[[[21.353092,67.385691],[24.610963,67.960676],[24.492647,69.305022],[20.597244,70.052152],[17.152179,69.363207],[17.780068,68.047781],[21.353092,67.385691]]]}},{"type":"Feature","properties":{"hex_id":"820987fffffffff","population":1027156,"population_year":2025,"area_km2":63447.1,"population_density":16.2,"all_players":4,"players_per_million":3.89,"player_ids":["top5:david-mller-wolfe:2002","top5:joel-mvuka:2002","top5:kristian-thorstvedt:1999","top5:sebastian-sebulonsen:2000"],"label":"Stavanger","country":"Norway"},"geometry":{"type":"Polygon","coordinates":[[[5.479069,60.921986],[2.767528,60.73321],[2.198216,59.383886],[4.229785,58.252026],[6.766113,58.447096],[7.438464,59.76718],[5.479069,60.921986]]]}},{"type":"Feature","properties":{"hex_id":"820997fffffffff","population":68343,"population_year":2025,"area_km2":65980.3,"population_density":1.0,"all_players":2,"players_per_million":29.26,"player_ids":["top5:julian-ryerson:1997","top5:mathias-rasmussen:1997"],"label":"Flekkefjord Municipality","country":"Norway"},"geometry":{"type":"Polygon","coordinates":[[[4.229785,58.252026],[3.654941,56.866321],[5.523647,55.706768],[8.115982,56.270471],[8.799628,57.640256],[6.766113,58.447096],[4.229785,58.252026]]]}},{"type":"Feature","properties":{"hex_id":"82099ffffffffff","population":2587703,"population_year":2025,"area_km2":63447.1,"population_density":40.8,"all_players":12,"players_per_million":4.64,"player_ids":["top5:antonio-nusa:2005","top5:dennis-johnsen:1998","top5:fredrik-oppegard:2002","top5:jones-el-abdellaoui:2006","top5:jrgen-strand-larsen:2000","top5:kjetil-haug:1998","top5:kristoffer-ajer:1998","top5:martin-degaard:1998","top5:morten-thorsby:1996","top5:osame-sahraoui:2001","top5:oscar-bobb:2003","top5:sander-berge:1998"],"label":"Oslo","country":"Norway"},"geometry":{"type":"Polygon","coordinates":[[[7.438464,59.76718],[6.766113,58.447096],[8.799628,57.640256],[11.555978,58.130531],[12.360313,59.444957],[10.279089,60.275949],[7.438464,59.76718]]]}},{"type":"Feature","properties":{"hex_id":"8209affffffffff","population":81756,"population_year":2025,"area_km2":61279.2,"population_density":1.3,"all_players":1,"players_per_million":12.23,"player_ids":["top5:rjan-nyland:1990"],"label":"Volda Municipality","country":"Norway"},"geometry":{"type":"Polygon","coordinates":[[[4.012621,63.327061],[1.104046,63.138955],[0.54802,61.828865],[2.767528,60.73321],[5.479069,60.921986],[6.159096,62.205005],[4.012621,63.327061]]]}},{"type":"Feature","properties":{"hex_id":"820b97fffffffff","population":2307395,"population_year":2025,"area_km2":96323.1,"population_density":24.0,"all_players":1,"players_per_million":0.43,"player_ids":["top5:aleksandr-golovin:1996"],"label":"Kaltan","country":"Russia"},"geometry":{"type":"Polygon","coordinates":[[[85.45179,55.383011],[85.343121,53.637138],[87.772964,52.654203],[90.356682,53.365663],[90.656161,55.086997],[88.185607,56.123457],[85.45179,55.383011]]]}},{"type":"Feature","properties":{"hex_id":"820c77fffffffff","population":442048,"population_year":2025,"area_km2":77902.3,"population_density":5.7,"all_players":1,"players_per_million":2.26,"player_ids":["top5:obed-vargas:2005"],"label":"Anchorage","country":"United States"},"geometry":{"type":"Polygon","coordinates":[[[-149.202517,63.948243],[-152.41831,63.127542],[-152.502076,61.583335],[-149.734494,60.884637],[-146.754537,61.634869],[-146.313176,63.149544],[-149.202517,63.948243]]]}},{"type":"Feature","properties":{"hex_id":"821087fffffffff","population":3828605,"population_year":2025,"area_km2":92775.6,"population_density":41.3,"all_players":1,"players_per_million":0.26,"player_ids":["top5:arsen-zakharyan:2003"],"label":"Samara","country":"Russia"},"geometry":{"type":"Polygon","coordinates":[[[46.15294,52.857013],[47.346013,51.327847],[50.006843,51.196513],[51.649132,52.608933],[50.540162,54.190111],[47.695719,54.306703],[46.15294,52.857013]]]}},{"type":"Feature","properties":{"hex_id":"821127fffffffff","population":1543517,"population_year":2025,"area_km2":68186.6,"population_density":22.6,"all_players":1,"players_per_million":0.65,"player_ids":["top5:ville-koski:2002"],"label":"Tuusula","country":"Finland"},"geometry":{"type":"Polygon","coordinates":[[[23.838471,60.96689],[25.77412,59.916287],[28.460566,60.334788],[29.377404,61.853155],[27.374489,62.947785],[24.517172,62.478113],[23.838471,60.96689]]]}},{"type":"Feature","properties":{"hex_id":"821137fffffffff","population":1136423,"population_year":2025,"area_km2":70058.2,"population_density":16.2,"all_players":2,"players_per_million":1.76,"player_ids":["top5:karl-jakob-hein:2002","top5:karol-mets:1993"],"label":"Viljandi","country":"Estonia"},"geometry":{"type":"Polygon","coordinates":[[[25.082722,58.401545],[26.868471,57.29788],[29.401091,57.66587],[30.297301,59.186368],[28.460566,60.334788],[25.77412,59.916287],[25.082722,58.401545]]]}},{"type":"Feature","properties":{"hex_id":"821197fffffffff","population":5411512,"population_year":2025,"area_km2":81458.9,"population_density":66.4,"all_players":1,"players_per_million":0.18,"player_ids":["top5:vladyslav-krapyvtsov:2005"],"label":"Kharkiv","country":"Ukraine"},"geometry":{"type":"Polygon","coordinates":[[[34.739692,51.127123],[36.116724,49.779343],[38.481259,49.879789],[39.607695,51.365697],[38.242666,52.766684],[35.733455,52.627433],[34.739692,51.127123]]]}},{"type":"Feature","properties":{"hex_id":"8212cffffffffff","population":1447775,"population_year":2025,"area_km2":81458.9,"population_density":17.8,"all_players":1,"players_per_million":0.69,"player_ids":["top5:fikayo-tomori:1997"],"label":"Calgary","country":"Canada"},"geometry":{"type":"Polygon","coordinates":[[[-114.293343,51.131925],[-115.913157,50.003546],[-115.101052,48.471845],[-112.788004,48.011188],[-111.127907,49.073528],[-111.813584,50.661988],[-114.293343,51.131925]]]}},{"type":"Feature","properties":{"hex_id":"821827fffffffff","population":1306538,"population_year":2025,"area_km2":80544.7,"population_density":16.2,"all_players":2,"players_per_million":1.53,"player_ids":["top5:conor-bradley:2003","top5:seamus-coleman:1988"],"label":"Donegal","country":"Ireland"},"geometry":{"type":"Polygon","coordinates":[[[-8.7409,56.382588],[-11.31933,55.81836],[-11.464478,54.262489],[-9.166993,53.289084],[-6.713499,53.841054],[-6.436337,55.37739],[-8.7409,56.382588]]]}},{"type":"Feature","properties":{"hex_id":"82182ffffffffff","population":4166502,"population_year":2025,"area_km2":82705.0,"population_density":50.4,"all_players":9,"players_per_million":2.16,"player_ids":["top5:alex-murphy:2004","top5:andrew-omobamidele:2002","top5:caoimhin-kelleher:1998","top5:corrie-ndaba:1999","top5:dennis-cirkin:2002","top5:evan-ferguson:2004","top5:jake-o-brien:2001","top5:matt-doherty:1992","top5:nathan-collins:2001"],"label":"Dublin","country":"Ireland"},"geometry":{"type":"Polygon","coordinates":[[[-6.713499,53.841054],[-9.166993,53.289084],[-9.362891,51.696863],[-7.224494,50.679047],[-4.88976,51.223728],[-4.578382,52.792439],[-6.713499,53.841054]]]}},{"type":"Feature","properties":{"hex_id":"821847fffffffff","population":2723406,"population_year":2025,"area_km2":85294.5,"population_density":31.9,"all_players":10,"players_per_million":3.67,"player_ids":["top5:abdoulaye-toure:1994","top5:batista-mendy:2000","top5:eli-junior-kroupi:2006","top5:enzo-le-fee:2000","top5:georginio-rutter:2002","top5:junior-diaz:2003","top5:lohann-doucet:2002","top5:marius-louer:2007","top5:maxime-dupe:1993","top5:quentin-merlin:2002"],"label":"Nantes","country":"France"},"geometry":{"type":"Polygon","coordinates":[[[-3.243656,48.547301],[-5.466445,48.005645],[-5.733942,46.36037],[-3.870647,45.286766],[-1.752798,45.828917],[-1.396608,47.443512],[-3.243656,48.547301]]]}},{"type":"Feature","properties":{"hex_id":"82184ffffffffff","population":5386228,"population_year":2025,"area_km2":85627.7,"population_density":62.9,"all_players":73,"players_per_million":13.55,"player_ids":["top5:aihen-munoz:1997","top5:aimar-oroz:2001","top5:aitor-fernandez:1991","top5:aitor-paredes:2000","top5:alejandro-rego:2003","top5:alex-berenguer:1995","top5:alex-padilla:2003","top5:alex-sola:1999","top5:alvaro-nunez:2000","top5:alvaro-odriozola:1995","top5:ander-barrenetxea:2001","top5:ander-guevara:1997","top5:andoni-gorosabel:1996","top5:aritz-elustondo:1994","top5:arkaitz-mariezkurrena:2005","top5:asier-hierro:2005","top5:benat-prados:2001","top5:benat-turrientes:2002","top5:cesar-azpilicueta:1989","top5:dani-raba:1995","top5:daniel-vivian:1999","top5:eder-garcia:2004","top5:gorka-carrera:2005","top5:gorka-guruzeta:1996","top5:ibai-aguirre:2007","top5:igor-zubeldia:1997","top5:inaki-ruperez:2003","top5:inaki-williams:1994","top5:inigo-arguibide:2005","top5:inigo-lekue:1993","top5:inigo-ruiz-de-galarreta:1993","top5:ivan-martin:1999","top5:jeremy-arevalo:2005","top5:jon-gorrotxategi:2002","top5:jon-guridi:1995","top5:jon-karrikaburu:2002","top5:jon-martin:2006","top5:jon-pacheco:2001","top5:jonathan-gradit:1992","top5:julen-agirrezabala:2000","top5:kepa-arrizabalaga:1994","top5:lander-astiazaran:2006","top5:lander-pinillos:2003","top5:luken-beitia:2004","top5:maroan-sannadi:2001","top5:martin-zubimendi:1999","top5:mateo-joseph:2003","top5:mehdi-leris:1998","top5:mikel-goti:2002","top5:mikel-jauregizar:2003","top5:mikel-merino:1996","top5:mikel-oyarzabal:1997","top5:mikel-vesga:1993","top5:nico-williams:2002","top5:nicolas-serrano:2003","top5:oier-luengo:1997","top5:oier-zarraga:1999","top5:oihan-sancet:2000","top5:pablo-ibanez:1998","top5:pablo-torre:2003","top5:pierre-lees-melou:1993","top5:selton-sanchez:2007","top5:unai-elgezabal:1993","top5:unai-gomez:2003","top5:unai-lopez:1995","top5:unai-marrero:2001","top5:unai-nunez:1997","top5:unai-simon:1997","top5:unai-vencedor-paris:2000","top5:urko-gonzalez:2001","top5:urko-izeta:1999","top5:yeray-alvarez:1995","top5:yuri-berchiche:1990"],"label":"San Sebastián","country":"Spain"},"geometry":{"type":"Polygon","coordinates":[[[-1.752798,45.828917],[-3.870647,45.286766],[-4.162635,43.625899],[-2.417796,42.54048],[-0.397973,43.08589],[-0.028005,44.712978],[-1.752798,45.828917]]]}},{"type":"Feature","properties":{"hex_id":"82185ffffffffff","population":956632,"population_year":2025,"area_km2":89440.6,"population_density":10.7,"all_players":8,"players_per_million":8.36,"player_ids":["top5:abel-bretones:2000","top5:alvaro-fidalgo:1997","top5:borja-sanchez-laborde:1996","top5:lucas-ahijado:1995","top5:marco-esteban:2006","top5:pablo-agudin:2007","top5:pedro-diaz:1998","top5:santi-cazorla:1984"],"label":"Oviedo","country":"Spain"},"geometry":{"type":"Polygon","coordinates":[[[-5.733942,46.36037],[-7.898252,45.74022],[-8.101589,44.050631],[-6.231988,43.009176],[-4.162635,43.625899],[-3.870647,45.286766],[-5.733942,46.36037]]]}},{"type":"Feature","properties":{"hex_id":"821867fffffffff","population":5245763,"population_year":2025,"area_km2":80847.5,"population_density":64.9,"all_players":23,"players_per_million":4.38,"player_ids":["top5:alex-scott:2003","top5:alimami-gory:1996","top5:arthur-atta:2003","top5:aurelien-tchouameni:2000","top5:daren-mosengo:2006","top5:enzo-koffi-vinette:2006","top5:florent-hanin:1990","top5:francis-coquelin:1991","top5:frederic-guilbert:1994","top5:himad-abdelli:1999","top5:iliman-ndiaye:2000","top5:jessy-deminguet:1998","top5:johann-lepenant:2002","top5:julien-le-cardinal:1997","top5:justin-bourgault:2005","top5:lesley-ugochukwu:2004","top5:marius-courcoul:2007","top5:paul-argney:2006","top5:pierre-emerick-aubameyang:1989","top5:robin-le-normand:1996","top5:samba-konate:2009","top5:wilson-isidor:2000","top5:youssef-el-arabi:1987"],"label":"Rennes","country":"France"},"geometry":{"type":"Polygon","coordinates":[[[-0.631095,50.601911],[-2.906528,50.142292],[-3.243656,48.547301],[-1.396608,47.443512],[0.764026,47.90745],[1.18851,49.470279],[-0.631095,50.601911]]]}},{"type":"Feature","properties":{"hex_id":"82186ffffffffff","population":5547991,"population_year":2025,"area_km2":81458.9,"population_density":68.1,"all_players":16,"players_per_million":2.88,"player_ids":["top5:bahereba-guirassy:2006","top5:benoit-badiashile:2001","top5:dan-sinate:2006","top5:desire-doue:2005","top5:djaoui-cisse:2004","top5:felix-lemarechal:2003","top5:guela-doue:2002","top5:ilane-toure:2006","top5:lilian-raolisoa:2000","top5:loic-bade:2000","top5:louis-leroux:2006","top5:matthis-abline:2003","top5:oumar-ngom:2004","top5:sofiane-diop:2000","top5:thomas-delaine:1992","top5:vincent-marchetti:1997"],"label":"Angers","country":"France"},"geometry":{"type":"Polygon","coordinates":[[[0.764026,47.90745],[-1.396608,47.443512],[-1.752798,45.828917],[-0.028005,44.712978],[2.026569,45.184249],[2.458902,46.763731],[0.764026,47.90745]]]}},{"type":"Feature","properties":{"hex_id":"821877fffffffff","population":1812218,"population_year":2025,"area_km2":84307.8,"population_density":21.5,"all_players":5,"players_per_million":2.76,"player_ids":["top5:axel-camblan:2003","top5:brendan-chardonnet:1994","top5:ollie-watkins:1995","top5:pierre-yves-hamel:1994","top5:theo-le-bris:2002"],"label":"Brest","country":"France"},"geometry":{"type":"Polygon","coordinates":[[[-4.88976,51.223728],[-7.224494,50.679047],[-7.460509,49.056818],[-5.466445,48.005645],[-3.243656,48.547301],[-2.906528,50.142292],[-4.88976,51.223728]]]}},{"type":"Feature","properties":{"hex_id":"82190ffffffffff","population":1891088,"population_year":2025,"area_km2":75672.4,"population_density":25.0,"all_players":6,"players_per_million":3.17,"player_ids":["top5:aaron-hickey:2002","top5:andrew-robertson:1994","top5:ben-gannon-doak:2005","top5:john-mcginn:1994","top5:nathan-patterson:2001","top5:ryan-christie:1995"],"label":"Glasgow","country":"United Kingdom"},"geometry":{"type":"Polygon","coordinates":[[[-5.83227,58.353838],[-8.508655,57.881131],[-8.7409,56.382588],[-6.436337,55.37739],[-3.903181,55.840606],[-3.536381,57.317288],[-5.83227,58.353838]]]}},{"type":"Feature","properties":{"hex_id":"821927fffffffff","population":54042,"population_year":2025,"area_km2":68186.6,"population_density":0.8,"all_players":1,"players_per_million":18.5,"player_ids":["top5:andrias-edmundsson:2000"],"label":"Toftir","country":"Faroe Islands"},"geometry":{"type":"Polygon","coordinates":[[[-4.777634,62.563773],[-7.720042,62.172199],[-7.999682,60.776647],[-5.502335,59.791855],[-2.735623,60.170509],[-2.297526,61.54551],[-4.777634,62.563773]]]}},{"type":"Feature","properties":{"hex_id":"821947fffffffff","population":12519310,"population_year":2025,"area_km2":74863.4,"population_density":167.2,"all_players":24,"players_per_million":1.92,"player_ids":["top5:angus-gunn:1996","top5:archie-gray:2006","top5:brennan-johnson:2001","top5:daniel-james:1997","top5:dominic-calvert-lewin:1997","top5:erling-haaland:2000","top5:george-hemmings:2007","top5:harry-maguire:1993","top5:jamaal-lascelles:1993","top5:james-milner:1986","top5:jamie-vardy:1987","top5:joe-worrall:1997","top5:john-stones:1994","top5:jonathan-rowe:2003","top5:keane-lewis-potter:2001","top5:kiernan-dewsbury-hall:1998","top5:kyle-walker:1990","top5:lewis-cook:1997","top5:marcus-tavernier:1999","top5:mason-greenwood:2001","top5:nick-pope:1992","top5:ryan-yates:1997","top5:tom-cairney:1991","top5:tom-watson:2006"],"label":"Nottingham","country":"United Kingdom"},"geometry":{"type":"Polygon","coordinates":[[[0.670759,55.133806],[-1.785543,54.762388],[-2.178886,53.251551],[-0.219137,52.141681],[2.101314,52.517134],[2.592789,53.997752],[0.670759,55.133806]]]}},{"type":"Feature","properties":{"hex_id":"82194ffffffffff","population":23325550,"population_year":2025,"area_km2":76219.8,"population_density":306.0,"all_players":110,"players_per_million":4.72,"player_ids":["top5:aaron-wan-bissaka:1997","top5:abu-kamara:2003","top5:adam-smith:1991","top5:ademola-lookman:1997","top5:adrien-tameze:1994","top5:ainsley-maitland-niles:1997","top5:angel-gomes:2000","top5:antoine-semenyo:2000","top5:arthur-masuaku:1993","top5:ayden-heaven:2006","top5:badredine-bouanani:2004","top5:brooke-norton-cuffy:2004","top5:bukayo-saka:2001","top5:callum-hudson-odoi:2000","top5:charles-de-ketelaere:2001","top5:charles-vanhoutte:1998","top5:conor-gallagher:2000","top5:daniel-ballard:1999","top5:daniel-bentley:1993","top5:daniel-oyegoke:2003","top5:dapo-afolayan:1997","top5:declan-rice:1999","top5:djed-spence:2000","top5:eberechi-eze:1998","top5:eddie-nketiah:1999","top5:emile-smith-rowe:2000","top5:enzo-ebosse:1999","top5:ethan-nwaneri:2007","top5:ethan-pinnock:1993","top5:ezra-mayers:2007","top5:ezri-konsa:1997","top5:finley-stevens:2003","top5:fode-sylla:2006","top5:freddie-potts:2003","top5:freddie-woodman:1997","top5:george-earthy:2004","top5:harrison-reed:1995","top5:harry-kane:1993","top5:ismael-doukoure:2003","top5:ismaelo-ganiou:2005","top5:jack-hinshelwood:2005","top5:jacob-murphy:1995","top5:jadon-sancho:2000","top5:jaidon-anthony:1999","top5:james-rowswell:2006","top5:jamie-gittens:2004","top5:jan-paul-van-hecke:2000","top5:jari-vandeputte:1996","top5:jean-butez:1995","top5:joe-gomez:1997","top5:joe-willock:1999","top5:jordan-zemura:1999","top5:josh-cullen:1996","top5:josh-dasilva:1998","top5:josh-laurent:1995","top5:jun-ai-byfield:2008","top5:justin-noel-kalumba:2004","top5:keinan-davis:1998","top5:kevin-de-bruyne:1991","top5:kyle-walker-peters:1997","top5:leander-dendoncker:1995","top5:lewis-dunk:1991","top5:lucas-chevalier:2001","top5:lucas-tousart:1997","top5:luke-shaw:1995","top5:marcus-edwards:1998","top5:martial-godo:2003","top5:martin-terrier:1997","top5:matt-o-riley:2000","top5:max-dowman:2009","top5:max-kilman:1997","top5:maxim-de-cuyper:2000","top5:maxima-goffi:2008","top5:maxime-colin:1991","top5:michael-olise:2001","top5:mika-biereth:2003","top5:moussa-niakhate:1996","top5:myles-lewis-skelly:2006","top5:myles-peart-harris:2002","top5:nabil-bentaleb:1994","top5:nathan-tella:1999","top5:nathaniel-clyne:1991","top5:noah-cadiou:1998","top5:noni-madueke:2002","top5:ola-aina:1996","top5:omari-hutchinson:2003","top5:ovie-ejaria:1997","top5:patrick-roberts:1997","top5:pierrick-capelle:1987","top5:rabby-nzingoula:2005","top5:reece-james:1999","top5:reiss-nelson:1999","top5:remy-descamps:1996","top5:rio-cardines:2006","top5:rio-ngumoha:2008","top5:romain-esse:2005","top5:romaine-mundle:2003","top5:ruben-loftus-cheek:1996","top5:ryan-sessegnon:2000","top5:sam-byram:1993","top5:samuel-iling-junior:2003","top5:solly-march:1994","top5:soriba-diaoune:2007","top5:tammy-abraham:1997","top5:tawanda-chirewa:2003","top5:timothee-kolodziejczak:1991","top5:tosin-adarabioyo:1997","top5:tyrick-mitchell:1999","top5:tyrique-george:2006","top5:valentino-livramento:2002"],"label":"London","country":"United Kingdom"},"geometry":{"type":"Polygon","coordinates":[[[2.101314,52.517134],[-0.219137,52.141681],[-0.631095,50.601911],[1.18851,49.470279],[3.384772,49.85377],[3.881134,51.360376],[2.101314,52.517134]]]}},{"type":"Feature","properties":{"hex_id":"821957fffffffff","population":9970811,"population_year":2025,"area_km2":77902.3,"population_density":128.0,"all_players":37,"players_per_million":3.71,"player_ids":["top5:adam-wharton:2004","top5:anthony-gordon:2001","top5:billy-gilmour:2001","top5:charlie-cresswell:2002","top5:cj-egan-riley:2003","top5:cole-palmer:2002","top5:curtis-jones:2001","top5:danny-welbeck:1990","top5:david-brooks:1997","top5:dean-henderson:1997","top5:dwight-mcneil:1999","top5:harrison-armstrong:2007","top5:harvey-barnes:1997","top5:jahmai-simpson-pusey:2005","top5:james-garner:2001","top5:james-tarkowski:1992","top5:james-trafford:2002","top5:jarell-quansah:2003","top5:jarrad-branthwaite:2002","top5:justin-devenny:2003","top5:kieran-trippier:1990","top5:kobbie-mainoo:2005","top5:lennon-miller:2006","top5:lewis-ferguson:1999","top5:marcus-rashford:1997","top5:max-oyedele:2004","top5:michael-keane:1993","top5:phil-foden:2000","top5:rico-lewis:2004","top5:ross-barkley:1993","top5:sam-johnstone:1993","top5:scott-mctominay:1996","top5:trai-hume:2002","top5:trent-alexander-arnold:1998","top5:tyler-fletcher:2007","top5:tyler-morton:2002","top5:tyrhys-dolan:2001"],"label":"Manchester","country":"United Kingdom"},"geometry":{"type":"Polygon","coordinates":[[[-3.903181,55.840606],[-6.436337,55.37739],[-6.713499,53.841054],[-4.578382,52.792439],[-2.178886,53.251551],[-1.785543,54.762388],[-3.903181,55.840606]]]}},{"type":"Feature","properties":{"hex_id":"82195ffffffffff","population":22721748,"population_year":2025,"area_km2":79647.5,"population_density":285.3,"all_players":52,"players_per_million":2.29,"player_ids":["top5:aaron-ramsdale:1998","top5:antonee-robinson:1997","top5:armando-broja:2001","top5:ashley-barnes:1989","top5:bashir-humphreys:2003","top5:ben-chilwell:1996","top5:ben-davies:1993","top5:ben-white:1997","top5:callum-wilson:1992","top5:che-adams:1996","top5:dane-scarlett:2004","top5:danny-loader:2000","top5:dominic-solanke:1997","top5:eric-dier:1994","top5:ethan-ampadu:2000","top5:faustino-anjorin:2001","top5:gabriel-osho:1998","top5:harry-wilson:1997","top5:harvey-elliott:2003","top5:isak-johannesson:2003","top5:jack-grealish:1995","top5:jack-harrison:1996","top5:jacob-ramsey:2001","top5:jamaldeen-jimoh:2006","top5:james-hill:2002","top5:james-justin:1998","top5:james-maddison:1996","top5:james-ward-prowse:1994","top5:jarrod-bowen:1996","top5:jayden-bogle:2000","top5:jobe-bellingham:2005","top5:joe-rodon:1997","top5:jude-bellingham:2003","top5:karl-darlow:1990","top5:levi-colwill:2003","top5:lewis-hall:2004","top5:liam-delap:2003","top5:lloyd-kelly:1998","top5:luke-o-nien:1994","top5:mason-mount:1999","top5:matty-cash:1997","top5:max-alleyne:2005","top5:morgan-gibbs-white:2000","top5:morgan-rogers:2002","top5:neco-williams:2001","top5:rico-henry:1997","top5:tariq-lamptey:2000","top5:tim-iroegbunam:2003","top5:trey-nyoni:2007","top5:tyler-dibling:2006","top5:tyrone-mings:1993","top5:will-hughes:1995"],"label":"Reading","country":"United Kingdom"},"geometry":{"type":"Polygon","coordinates":[[[-2.178886,53.251551],[-4.578382,52.792439],[-4.88976,51.223728],[-2.906528,50.142292],[-0.631095,50.601911],[-0.219137,52.141681],[-2.178886,53.251551]]]}},{"type":"Feature","properties":{"hex_id":"82196ffffffffff","population":13271725,"population_year":2025,"area_km2":72289.7,"population_density":183.6,"all_players":73,"players_per_million":5.5,"player_ids":["top5:abdou-harroui:1998","top5:antoni-milambo:2005","top5:bart-verbruggen:2002","top5:brian-brobbey:2002","top5:calvin-stengs:1998","top5:calvin-verdonk:1997","top5:cas-odenthal:2000","top5:crysencio-summerville:2001","top5:daley-blind:1990","top5:danilho-doekhi:1998","top5:dean-huijsen:2005","top5:denzel-dumfries:1996","top5:devyne-rensch:2003","top5:donny-van-de-beek:1997","top5:donyell-malen:1999","top5:emanuel-emegha:2003","top5:ferdi-kadioglu:1999","top5:frenkie-de-jong:1997","top5:ian-maatsen:2002","top5:immanuel-pherai:2001","top5:jayden-addai:2005","top5:jaydon-amauri-banel:2004","top5:jeffrey-de-lange:1998","top5:jeffrey-gouweleeuw:1991","top5:jenson-seelt:2003","top5:jeremie-frimpong:2000","top5:joel-veltman:1992","top5:jordan-teze:1999","top5:jorrel-hato:2006","top5:joshua-zirkzee:2001","top5:jozhua-vertrouwd:2004","top5:jurgen-ekkelenkamp:2000","top5:jurrien-timber:2001","top5:justin-bijlow:1998","top5:justin-kluivert:1999","top5:kenneth-taylor:2002","top5:kenny-tete:1995","top5:kevin-diks:1996","top5:ki-jana-hoever:2002","top5:lamare-bogarde:2004","top5:lutsharel-geertruida:2000","top5:marco-bizot:1991","top5:marten-de-roon:1991","top5:martijn-kaars:1999","top5:matthijs-de-ligt:1999","top5:micky-van-de-ven:2001","top5:mitchel-bakker:2000","top5:nathan-ake:1995","top5:noa-lang:1999","top5:noussair-mazraoui:1997","top5:oussama-el-azzouzi:2001","top5:pablo-rosario:1997","top5:quilindschy-hartman:2001","top5:quinten-timber:2001","top5:ramon-hendriks:2001","top5:rav-van-den-berg:2004","top5:ruben-kluivert:2001","top5:ryan-gravenberch:2002","top5:sam-beukema:1998","top5:sepp-van-den-berg:2001","top5:sheraldo-becker:1995","top5:sofyan-amrabat:1996","top5:stefan-de-vrij:1992","top5:sven-botman:2000","top5:teun-koopmeiners:1998","top5:thijs-dallinga:2000","top5:tijjani-noslin:1999","top5:tijjani-reijnders:1998","top5:tyrell-malacia:1999","top5:wouter-burger:2001","top5:xavi-simons:2003","top5:zakaria-aboukhlal:2000","top5:zian-flemming:1998"],"label":"Amsterdam","country":"Netherlands"},"geometry":{"type":"Polygon","coordinates":[[[4.948742,54.288287],[2.592789,53.997752],[2.101314,52.517134],[3.881134,51.360376],[6.259687,51.96477],[6.848229,53.43156],[4.948742,54.288287]]]}},{"type":"Feature","properties":{"hex_id":"821977fffffffff","population":4073107,"population_year":2025,"area_km2":73030.9,"population_density":55.8,"all_players":15,"players_per_million":3.68,"player_ids":["top5:adam-armstrong:1997","top5:andy-irving:2000","top5:chris-rigg:2007","top5:dan-burn:1992","top5:dan-neil:2001","top5:elliot-anderson:2002","top5:gio-reyna:2002","top5:jordan-henderson:1990","top5:jordan-pickford:1994","top5:josh-doig:2002","top5:kieron-bowie:2002","top5:lewis-miley:2006","top5:oliver-burke:1997","top5:sean-longstaff:1997","top5:sean-neave:2007"],"label":"Sunderland","country":"United Kingdom"},"geometry":{"type":"Polygon","coordinates":[[[-0.931587,57.689497],[-3.536381,57.317288],[-3.903181,55.840606],[-1.785543,54.762388],[0.670759,55.133806],[1.152198,56.583354],[-0.931587,57.689497]]]}},{"type":"Feature","properties":{"hex_id":"821e07fffffffff","population":15880792,"population_year":2025,"area_km2":85294.5,"population_density":186.2,"all_players":21,"players_per_million":1.32,"player_ids":["top5:adam-hlozek:2002","top5:adam-obert:2002","top5:alex-toth:2005","top5:arkadiusz-milik:1994","top5:david-alaba:1992","top5:david-hancko:1997","top5:denis-vavro:1996","top5:dominik-greif:1997","top5:ladislav-krejci:1999","top5:leopold-querfeld:2003","top5:lukas-hradecky:1989","top5:mario-sauer:2004","top5:martin-dubravka:1989","top5:martin-valjent:1995","top5:mathias-honsak:1996","top5:maximilian-wober:1998","top5:patrick-wimmer:2001","top5:peter-gulacsi:1990","top5:phillipp-mwene:1994","top5:sasa-kalajdzic:1997","top5:tomas-suslov:2002"],"label":"Vienna","country":"Slovakia"},"geometry":{"type":"Polygon","coordinates":[[[16.606047,49.899182],[15.817384,48.388123],[17.489488,47.234679],[19.952961,47.57214],[20.822886,49.074367],[19.15135,50.248654],[16.606047,49.899182]]]}},{"type":"Feature","properties":{"hex_id":"821e0ffffffffff","population":6622895,"population_year":2025,"area_km2":87326.6,"population_density":75.8,"all_players":1,"players_per_million":0.15,"player_ids":["top5:alex-kral:1998"],"label":"Košice","country":"Slovakia"},"geometry":{"type":"Polygon","coordinates":[[[20.822886,49.074367],[19.952961,47.57214],[21.555106,46.342738],[24.013384,46.595885],[24.952412,48.084867],[23.367705,49.334469],[20.822886,49.074367]]]}},{"type":"Feature","properties":{"hex_id":"821e17fffffffff","population":8258126,"population_year":2025,"area_km2":87326.6,"population_density":94.6,"all_players":33,"players_per_million":4.0,"player_ids":["top5:adrian-semper:1998","top5:alex-meret:1997","top5:andras-schafer:1999","top5:andrej-kramaric:1991","top5:benjamin-sesko:2003","top5:borna-sosa:1998","top5:carney-chukwuemeka:2003","top5:christopher-trimmel:1987","top5:david-affengruber:2001","top5:florian-kainz:1992","top5:guglielmo-vicario:1996","top5:jaka-bijol:1999","top5:jan-oblak:1993","top5:josip-brekalo:1998","top5:josip-juranovic:1995","top5:josko-gvardiol:2002","top5:kevin-danso:1998","top5:kevin-stoger:1993","top5:lovro-majer:1998","top5:luka-topalovic:2006","top5:marco-grull:1998","top5:michael-gregoritsch:1994","top5:nicolas-seiwald:2001","top5:nikolas-veratschnig:2003","top5:philipp-lienhart:1996","top5:romano-schmid:2000","top5:samson-baidoo:2004","top5:sandro-kulenovic:1999","top5:simone-scuffet:1996","top5:stefan-posch:1997","top5:tarik-muharemovic:2003","top5:toma-basic:1996","top5:valentino-lazaro:1996"],"label":"Zagreb","country":"Austria"},"geometry":{"type":"Polygon","coordinates":[[[13.374348,47.965938],[12.677318,46.406957],[14.337206,45.273432],[16.708897,45.679719],[17.489488,47.234679],[15.817384,48.388123],[13.374348,47.965938]]]}},{"type":"Feature","properties":{"hex_id":"821e1ffffffffff","population":8697926,"population_year":2025,"area_km2":89801.2,"population_density":96.9,"all_players":19,"players_per_million":2.18,"player_ids":["top5:adam-marusic:1992","top5:danel-sinani:1997","top5:dominik-szoboszlai:2000","top5:dusan-vlahovic:2000","top5:emir-sahiti:1998","top5:marko-dmitrovic:1992","top5:mihailo-ristic:1995","top5:milan-uric:1990","top5:milos-kerkez:2003","top5:nemanja-gudelj:1991","top5:nemanja-matic:1988","top5:nikola-krstovic:2000","top5:nikola-milenkovic:1997","top5:nikola-stulic:2001","top5:petar-ratkov:2003","top5:sasa-lukic:1996","top5:strahinja-pavlovic:2001","top5:uros-radakovic:1994","top5:veljko-birmancevic:1998"],"label":"Belgrade","country":"Serbia"},"geometry":{"type":"Polygon","coordinates":[[[17.489488,47.234679],[16.708897,45.679719],[18.31474,44.47068],[20.700526,44.796864],[21.555106,46.342738],[19.952961,47.57214],[17.489488,47.234679]]]}},{"type":"Feature","properties":{"hex_id":"821e27fffffffff","population":12111129,"population_year":2025,"area_km2":80544.7,"population_density":150.4,"all_players":4,"players_per_million":0.33,"player_ids":["top5:jakub-kaminski:2002","top5:kamil-grabara:1999","top5:piotr-zielinski:1994","top5:ukasz-skorupski:1991"],"label":"Ruda Śląska","country":"Poland"},"geometry":{"type":"Polygon","coordinates":[[[15.658506,52.45677],[14.863027,50.992748],[16.606047,49.899182],[19.15135,50.248654],[20.036282,51.703743],[18.289963,52.819052],[15.658506,52.45677]]]}},{"type":"Feature","properties":{"hex_id":"821e2ffffffffff","population":9972390,"population_year":2025,"area_km2":82705.0,"population_density":120.6,"all_players":3,"players_per_million":0.3,"player_ids":["top5:adam-buksa:1996","top5:arkadiusz-pyrka:2002","top5:radosaw-majecki:1999"],"label":"Starachowice","country":"Poland"},"geometry":{"type":"Polygon","coordinates":[[[20.036282,51.703743],[19.15135,50.248654],[20.822886,49.074367],[23.367705,49.334469],[24.329,50.776322],[22.6731,51.971887],[20.036282,51.703743]]]}},{"type":"Feature","properties":{"hex_id":"821e37fffffffff","population":10279073,"population_year":2025,"area_km2":82705.0,"population_density":124.3,"all_players":20,"players_per_million":1.95,"player_ids":["top5:adam-karabec:2003","top5:alexander-prass:2001","top5:antonin-kinsky:2003","top5:can-uzun:2005","top5:christoph-baumgartner:1999","top5:eric-martel:2002","top5:kenan-yldz:2005","top5:luka-sucic:2002","top5:marcel-sabitzer:1994","top5:martin-vitik:2003","top5:mateo-kovacic:1994","top5:nathaniel-brown:2003","top5:patrik-schick:1996","top5:pavel-sulc:2000","top5:robin-hranac:2000","top5:tomas-soucek:1995","top5:vaclav-cerny:1997","top5:vladimir-coufal:1992","top5:xaver-schlager:1997","top5:yannick-eduardo:2006"],"label":"Prague","country":"Czech Republic"},"geometry":{"type":"Polygon","coordinates":[[[12.345747,50.554275],[11.648396,49.039345],[13.374348,47.965938],[15.817384,48.388123],[16.606047,49.899182],[14.863027,50.992748],[12.345747,50.554275]]]}},{"type":"Feature","properties":{"hex_id":"821e67fffffffff","population":5717680,"population_year":2025,"area_km2":80847.5,"population_density":70.7,"all_players":3,"players_per_million":0.52,"player_ids":["top5:illia-zabarnyi:2002","top5:oleksandr-zinchenko:1996","top5:ruslan-malinovskyi:1993"],"label":"Zhytomyr","country":"Ukraine"},"geometry":{"type":"Polygon","coordinates":[[[27.993406,52.327164],[26.940864,50.952157],[28.492806,49.683116],[31.052695,49.771325],[32.156918,51.126789],[30.654128,52.413789],[27.993406,52.327164]]]}},{"type":"Feature","properties":{"hex_id":"821e6ffffffffff","population":3688124,"population_year":2025,"area_km2":81458.9,"population_density":45.3,"all_players":5,"players_per_million":1.36,"player_ids":["top5:andriy-lunin:1999","top5:artem-dovbyk:1997","top5:nikita-contini-baranovsky:1996","top5:vitaliy-mykolenko:1999","top5:yehor-yarmoliuk:2004"],"label":"Cherkasy","country":"Ukraine"},"geometry":{"type":"Polygon","coordinates":[[[32.156918,51.126789],[31.052695,49.771325],[32.491778,48.437419],[34.97725,48.445115],[36.116724,49.779343],[34.739692,51.127123],[32.156918,51.126789]]]}},{"type":"Feature","properties":{"hex_id":"821e77fffffffff","population":6819278,"population_year":2025,"area_km2":84307.8,"population_density":80.9,"all_players":2,"players_per_million":0.29,"player_ids":["top5:roman-yaremchuk:1995","top5:vladyslav-vanat:2002"],"label":"Kamianets-Podilskyi","country":"Ukraine"},"geometry":{"type":"Polygon","coordinates":[[[24.329,50.776322],[23.367705,49.334469],[24.952412,48.084867],[27.469819,48.258057],[28.492806,49.683116],[26.940864,50.952157],[24.329,50.776322]]]}},{"type":"Feature","properties":{"hex_id":"821e87fffffffff","population":12834722,"population_year":2025,"area_km2":92775.6,"population_density":138.3,"all_players":40,"players_per_million":3.12,"player_ids":["top5:alessio-romagnoli:1995","top5:arturo-calabresi:1996","top5:daniel-boloca:1998","top5:danilo-cataldi:1994","top5:davide-frattesi:1999","top5:davide-zappacosta:1992","top5:edoardo-iannoni:2001","top5:emanuele-valeri:1998","top5:gennaro-borrelli:2000","top5:gianluca-gaetano:2000","top5:gianluca-scamacca:1999","top5:giuseppe-ambrosino:2003","top5:giuseppe-pezzella:1997","top5:honest-ahanor:2008","top5:leonardo-spinazzola:1993","top5:lorenzo-de-silvestri:1988","top5:lorenzo-pellegrini:1996","top5:luca-lezzerini:1995","top5:luca-mazzitelli:1995","top5:luca-pellegrini:1999","top5:matteo-cancellieri:2002","top5:matteo-politano:1993","top5:mattia-felici:2001","top5:mattia-perin:1992","top5:michael-folorunsho:1998","top5:niccolo-pisilli:2004","top5:nicola-zalewski:2002","top5:nicolo-cavuoti:2003","top5:pasquale-mazzocchi:1995","top5:pietro-terracciano:1990","top5:riccardo-calafiori:2002","top5:riccardo-orsolini:1997","top5:rolando-mandragora:1997","top5:samuele-angori:2003","top5:simone-canestrelli:2000","top5:simone-perilli:1995","top5:stefano-sabelli:1993","top5:tommaso-barbieri:2002","top5:walid-cheddira:1998","top5:wladimiro-falcone:1995"],"label":"Rome","country":"Italy"},"geometry":{"type":"Polygon","coordinates":[[[11.369193,43.208977],[10.754951,41.575053],[12.334661,40.405578],[14.548451,40.851244],[15.239936,42.485371],[13.642239,43.674337],[11.369193,43.208977]]]}},{"type":"Feature","properties":{"hex_id":"821e8ffffffffff","population":5543268,"population_year":2025,"area_km2":95515.4,"population_density":58.0,"all_players":3,"players_per_million":0.54,"player_ids":["top5:fabiano-parisi:2000","top5:michele-collocolo:1999","top5:sebastiano-luperto:1996"],"label":"Lecce","country":"Italy"},"geometry":{"type":"Polygon","coordinates":[[[15.239936,42.485371],[14.548451,40.851244],[16.087589,39.612646],[18.32526,39.988178],[19.087059,41.616885],[17.543183,42.876114],[15.239936,42.485371]]]}},{"type":"Feature","properties":{"hex_id":"821e97fffffffff","population":1460796,"population_year":2025,"area_km2":93159.0,"population_density":15.7,"all_players":4,"players_per_million":2.74,"player_ids":["top5:alessandro-deiola:1995","top5:antonio-caracciolo:1990","top5:nicolo-barella:1997","top5:riyad-idrissi:2005"],"label":"San Gavino Monreale","country":"Italy"},"geometry":{"type":"Polygon","coordinates":[[[8.584299,41.06115],[8.045142,39.402136],[9.598985,38.251433],[11.719175,38.741667],[12.334661,40.405578],[10.754951,41.575053],[8.584299,41.06115]]]}},{"type":"Feature","properties":{"hex_id":"821e9ffffffffff","population":2800256,"population_year":2025,"area_km2":96323.1,"population_density":29.1,"all_players":5,"players_per_million":1.79,"player_ids":["top5:antonino-gallo:2000","top5:ciro-immobile:1990","top5:gaetano-oristanio:2002","top5:gianluigi-donnarumma:1999","top5:sebastiano-esposito:2002"],"label":"Castellammare di Stabia","country":"Italy"},"geometry":{"type":"Polygon","coordinates":[[[12.334661,40.405578],[11.719175,38.741667],[13.244313,37.523712],[15.400739,37.949689],[16.087589,39.612646],[14.548451,40.851244],[12.334661,40.405578]]]}},{"type":"Feature","properties":{"hex_id":"821ea7fffffffff","population":14372848,"population_year":2025,"area_km2":88726.5,"population_density":162.0,"all_players":51,"players_per_million":3.55,"player_ids":["top5:alberto-dossena:1998","top5:alberto-grassi:1995","top5:alessandro-bastoni:1999","top5:alessandro-circati:2003","top5:alessandro-di-pardo:1999","top5:alessandro-zanoli:2000","top5:andrea-ghion:2000","top5:bryan-cristante:1995","top5:caleb-ekuban:1994","top5:cesare-casadei:2003","top5:cher-ndour:2004","top5:daniele-ghilardi:2003","top5:daniele-rugani:1994","top5:destiny-udogie:2002","top5:diego-coppola:2003","top5:eddy-kouadio:2006","top5:edoardo-corvi:2001","top5:elia-caprile:2001","top5:federico-baschirotto:1996","top5:federico-bernardeschi:1994","top5:federico-bonazzoli:1997","top5:federico-ravaglia:1999","top5:filippo-romagna:1997","top5:filippo-terracciano:2003","top5:gabriele-piccinini:2001","top5:giacomo-raspadori:2000","top5:giovanni-di-lorenzo:1993","top5:giovanni-fabbian:2003","top5:ivan-provedel:1994","top5:khephren-thuram:2001","top5:luca-moro:2001","top5:manuel-lazzari:1993","top5:marash-kumbulla:2000","top5:marco-carnesecchi:2000","top5:marco-silvestri:1991","top5:marcus-thuram:1997","top5:matteo-cocchi:2007","top5:matteo-prati:2003","top5:mattia-viti:2002","top5:mattia-zaccagni:1995","top5:nadir-zortea:1999","top5:nicholas-pierini:1998","top5:nicola-leali:1993","top5:nicolo-bertola:2003","top5:nicolo-casale:1998","top5:pietro-comuzzo:2005","top5:riccardo-braschi:2006","top5:tjas-begic:2003","top5:tommaso-baldanzi:2003","top5:tommaso-pobega:1999","top5:youssef-maleh:1998"],"label":"Verona","country":"Italy"},"geometry":{"type":"Polygon","coordinates":[[[10.343213,45.921928],[9.731941,44.323805],[11.369193,43.208977],[13.642239,43.674337],[14.337206,45.273432],[12.677318,46.406957],[10.343213,45.921928]]]}},{"type":"Feature","properties":{"hex_id":"821eaffffffffff","population":2469114,"population_year":2025,"area_km2":91641.3,"population_density":26.9,"all_players":11,"players_per_million":4.46,"player_ids":["top5:ante-budimir:1991","top5:domagoj-bradaric:1999","top5:duje-caleta-car:1996","top5:ivan-smolcic:2000","top5:kristijan-jakic:1997","top5:luka-modric:1985","top5:luka-vuskovic:2007","top5:martin-baturina:2003","top5:nikola-moro:1998","top5:nikola-vlasic:1997","top5:petar-sucic:2003"],"label":"Split","country":"Croatia"},"geometry":{"type":"Polygon","coordinates":[[[14.337206,45.273432],[13.642239,43.674337],[15.239936,42.485371],[17.543183,42.876114],[18.31474,44.47068],[16.708897,45.679719],[14.337206,45.273432]]]}},{"type":"Feature","properties":{"hex_id":"821eb7fffffffff","population":1850797,"population_year":2025,"area_km2":89440.6,"population_density":20.7,"all_players":13,"players_per_million":7.02,"player_ids":["top5:evann-guessand:2001","top5:federico-ceccherini:1992","top5:gianluca-mancini:1996","top5:jacopo-fazzini:2003","top5:leonardo-pavoletti:1988","top5:luca-marianucci:2004","top5:luca-ranieri:1999","top5:matteo-tramoni:2000","top5:niccolo-fortini:2006","top5:nicolo-zaniolo:1999","top5:patrizio-masini:2001","top5:remy-cabella:1990","top5:samuele-ricci:2001"],"label":"Ajaccio","country":"Italy"},"geometry":{"type":"Polygon","coordinates":[[[7.509948,43.786609],[6.97784,42.158616],[8.584299,41.06115],[10.754951,41.575053],[11.369193,43.208977],[9.731941,44.323805],[7.509948,43.786609]]]}},{"type":"Feature","properties":{"hex_id":"821ec7fffffffff","population":6669519,"population_year":2025,"area_km2":95515.4,"population_density":69.8,"all_players":6,"players_per_million":0.9,"player_ids":["top5:bojan-miovski:1999","top5:elif-elmas:1999","top5:ilia-gruev:2000","top5:kostas-tsimikas:1996","top5:stefanos-tzimas:2006","top5:stole-dimitrievski:1993"],"label":"Thessaloniki","country":"North Macedonia"},"geometry":{"type":"Polygon","coordinates":[[[22.238177,43.517311],[21.399102,41.932468],[22.87671,40.608844],[25.176743,40.851016],[26.072885,42.421413],[24.614981,43.76451],[22.238177,43.517311]]]}},{"type":"Feature","properties":{"hex_id":"821ecffffffffff","population":24160946,"population_year":2025,"area_km2":96323.1,"population_density":250.8,"all_players":6,"players_per_million":0.25,"player_ids":["top5:altay-bayndr:1998","top5:bertug-yldrm:2002","top5:emirhan-ilkhan:2004","top5:enes-unal:1997","top5:semih-klcsoy:2005","top5:zeki-celik:1997"],"label":"Osmangazi","country":"Turkey"},"geometry":{"type":"Polygon","coordinates":[[[26.072885,42.421413],[25.176743,40.851016],[26.578016,39.470649],[28.846869,39.643311],[29.788911,41.195121],[28.419296,42.593125],[26.072885,42.421413]]]}},{"type":"Feature","properties":{"hex_id":"821ed7fffffffff","population":4290693,"population_year":2025,"area_km2":97556.0,"population_density":44.0,"all_players":2,"players_per_million":0.47,"player_ids":["top5:dimitris-giannoulis:1995","top5:kristjan-asllani:2002"],"label":"Katerini","country":"Greece"},"geometry":{"type":"Polygon","coordinates":[[[19.087059,41.616885],[18.32526,39.988178],[19.811123,38.685282],[22.053163,38.990886],[22.87671,40.608844],[21.399102,41.932468],[19.087059,41.616885]]]}},{"type":"Feature","properties":{"hex_id":"821edffffffffff","population":5052529,"population_year":2025,"area_km2":98815.5,"population_density":51.1,"all_players":5,"players_per_million":0.99,"player_ids":["top5:anastasios-douvikas:1999","top5:babis-lykogiannis:1993","top5:charalampos-kostoulas:2007","top5:konstantinos-mavropanos:1997","top5:panos-katseris:2001"],"label":"Athens","country":"Greece"},"geometry":{"type":"Polygon","coordinates":[[[22.87671,40.608844],[22.053163,38.990886],[23.474781,37.630343],[25.702401,37.868316],[26.578016,39.470649],[25.176743,40.851016],[22.87671,40.608844]]]}},{"type":"Feature","properties":{"hex_id":"821ee7fffffffff","population":5038047,"population_year":2025,"area_km2":91641.3,"population_density":55.0,"all_players":7,"players_per_million":1.39,"player_ids":["top5:andrei-ratiu:1998","top5:kosta-nedeljkovic:2005","top5:marius-marin:1998","top5:nicolae-stanciu:1993","top5:ore-petrovic:1999","top5:razvan-sava:2002","top5:veljko-milosavljevic:2007"],"label":"Požarevac","country":"Romania"},"geometry":{"type":"Polygon","coordinates":[[[21.555106,46.342738],[20.700526,44.796864],[22.238177,43.517311],[24.614981,43.76451],[25.532273,45.296738],[24.013384,46.595885],[21.555106,46.342738]]]}},{"type":"Feature","properties":{"hex_id":"821eeffffffffff","population":7816430,"population_year":2025,"area_km2":92775.6,"population_density":84.3,"all_players":3,"players_per_million":0.38,"player_ids":["top5:ionut-radu:1997","top5:radu-dragusin:2002","top5:rosen-bozhinov:2005"],"label":"Bucharest","country":"Romania"},"geometry":{"type":"Polygon","coordinates":[[[25.532273,45.296738],[24.614981,43.76451],[26.072885,42.421413],[28.419296,42.593125],[29.387082,44.107766],[27.961374,45.468587],[25.532273,45.296738]]]}},{"type":"Feature","properties":{"hex_id":"821ef7fffffffff","population":5580375,"population_year":2025,"area_km2":93933.6,"population_density":59.4,"all_players":14,"players_per_million":2.51,"player_ids":["top5:amir-rrahmani:1994","top5:andrija-bulatovic:2006","top5:andrija-maksimovic:2007","top5:ardian-ismajli:1996","top5:edin-dzeko:1986","top5:elseid-hysaj:1994","top5:elvis-rexhbecaj:1997","top5:filip-kostic:1992","top5:ivan-ilic:2001","top5:jovan-milosevic:2005","top5:luka-ilic:1999","top5:nikola-vasilj:1995","top5:vasilije-adzic:2006","top5:vedat-muriqi:1994"],"label":"Prizren","country":"Serbia"},"geometry":{"type":"Polygon","coordinates":[[[18.31474,44.47068],[17.543183,42.876114],[19.087059,41.616885],[21.399102,41.932468],[22.238177,43.517311],[20.700526,44.796864],[18.31474,44.47068]]]}},{"type":"Feature","properties":{"hex_id":"821f07fffffffff","population":6981829,"population_year":2025,"area_km2":73030.9,"population_density":95.6,"all_players":33,"players_per_million":4.73,"player_ids":["top5:adam-daghim:2005","top5:amin-sarr:2001","top5:anthony-elanga:2002","top5:christian-nrgaard:1994","top5:conrad-harder:2005","top5:filip-jrgensen:2002","top5:gabriel-gudmundsson:1999","top5:henrik-meister:2003","top5:jacob-bruun-larsen:1998","top5:jesper-lindstrm:2000","top5:joachim-andersen:1996","top5:jonas-wind:1999","top5:jonathan-fischer:2001","top5:kristoffer-lund:2002","top5:mads-hermansen:2000","top5:mattias-svanberg:1999","top5:mikkel-damsgaard:2000","top5:nikolas-nartey:2000","top5:nils-zatterstrom:2005","top5:noah-nartey:2005","top5:oliver-christensen:1999","top5:oliver-sonne:2000","top5:oscar-fraulo:2003","top5:oscar-hjlund:2005","top5:patrick-dorgu:2004","top5:pierre-hjbjerg:1995","top5:rasmus-hjlund:2003","top5:sebastian-otoa:2004","top5:tom-rothe:2004","top5:william-bving:2003","top5:younes-namli:1994","top5:yussuf-poulsen:1994","top5:zachary-athekame:2004"],"label":"Copenhagen","country":"Denmark"},"geometry":{"type":"Polygon","coordinates":[[[10.065692,55.394879],[9.374531,53.975514],[11.24517,53.03204],[13.839529,53.487245],[14.640207,54.902182],[12.739823,55.867327],[10.065692,55.394879]]]}},{"type":"Feature","properties":{"hex_id":"821f0ffffffffff","population":5507138,"population_year":2025,"area_km2":75672.4,"population_density":72.8,"all_players":4,"players_per_million":0.73,"player_ids":["top5:adrian-benedyczak:2000","top5:adrian-przyborek:2007","top5:przemysaw-frankowski:1995","top5:sebastian-walukiewicz:2000"],"label":"Koszalin","country":"Poland"},"geometry":{"type":"Polygon","coordinates":[[[14.640207,54.902182],[13.839529,53.487245],[15.658506,52.45677],[18.289963,52.819052],[19.189333,54.224652],[17.362293,55.278144],[14.640207,54.902182]]]}},{"type":"Feature","properties":{"hex_id":"821f17fffffffff","population":19193666,"population_year":2025,"area_km2":74863.4,"population_density":256.4,"all_players":55,"players_per_million":2.87,"player_ids":["top5:alexander-nubel:1996","top5:almugera-kabar:2006","top5:amos-pieper:1998","top5:ansgar-knauff:2002","top5:anton-stach:1998","top5:benjamin-henrichs:1997","top5:charles-herrmann:2006","top5:chris-fuhrich:1998","top5:christian-conteh:1999","top5:deniz-undav:1996","top5:derrick-kohn:1999","top5:edon-zhegrova:1999","top5:elias-saad:1999","top5:eren-dinkci:2001","top5:ermedin-demirovic:1998","top5:ernest-poku:2004","top5:fabio-balde:2005","top5:fabio-chiarodia:2005","top5:felix-agu:1999","top5:felix-nmecha:2000","top5:hans-hateboer:1994","top5:hauke-wahl:1994","top5:jan-niklas-beste:1999","top5:jonathan-tah:1996","top5:josha-vagnoman:2000","top5:julian-brandt:1996","top5:julian-niehues:2001","top5:justin-njinmah:2000","top5:keke-topp:2004","top5:lars-ritzka:1998","top5:leart-paqarada:1994","top5:lucas-holer:1994","top5:lukas-klostermann:1996","top5:lukas-nmecha:1998","top5:marius-bulter:1993","top5:marnon-busch:1994","top5:mats-wieffer:1999","top5:maximilian-eggestein:1996","top5:mick-schmetgens:2007","top5:nick-woltemade:2002","top5:niclas-fullkrug:1993","top5:nicolai-remberg:2000","top5:nicolas-gerrit-kuhn:2000","top5:omar-traore:1998","top5:otto-stange:2007","top5:paris-brunner:2006","top5:pascal-stenzel:1996","top5:patrick-mainka:1994","top5:patrick-osterhage:2000","top5:phillip-tietz:1997","top5:sirlord-conteh:1996","top5:stefan-ortega:1992","top5:timo-hubers:1996","top5:vitaly-janelt:1998","top5:yannik-engelhardt:2001"],"label":"Hamburg","country":"Germany"},"geometry":{"type":"Polygon","coordinates":[[[6.848229,53.43156],[6.259687,51.96477],[8.088631,51.039696],[10.549623,51.56399],[11.24517,53.03204],[9.374531,53.975514],[6.848229,53.43156]]]}},{"type":"Feature","properties":{"hex_id":"821f1ffffffffff","population":12840810,"population_year":2025,"area_km2":77902.3,"population_density":164.8,"all_players":38,"players_per_million":2.96,"player_ids":["top5:aljoscha-kemlein:2004","top5:anton-kade:2004","top5:antonio-rudiger:1993","top5:armindo-sieb:2003","top5:arne-maier:1999","top5:bence-dardai:2006","top5:david-odogu:2006","top5:derry-scherhant:2002","top5:fisnik-asllani:2002","top5:ibrahim-maza:2005","top5:idrissa-toure:1998","top5:jan-burger:2007","top5:jessic-ngankam:2000","top5:jordan-torunarigha:1997","top5:kevin-schade:2001","top5:lazar-samardzic:2002","top5:lennard-maloney:1999","top5:leonardo-bittencourt:1993","top5:linton-maina:1999","top5:linus-guther:2010","top5:louis-oppie:2002","top5:luca-netz:2003","top5:lukas-ullrich:2004","top5:matteo-palma:2008","top5:maximilian-arnold:1994","top5:maximilian-beier:2002","top5:maximilian-mittelstadt:1997","top5:maximilian-philipp:1994","top5:merlin-rohl:2002","top5:moritz-jenz:1999","top5:muhammed-damar:2004","top5:patrice-covic:2007","top5:ransford-konigsdorffer:2001","top5:reda-khadra:2001","top5:robert-andrich:1994","top5:tim-kleindienst:1995","top5:tim-siersleben:2000","top5:tom-krau:2001"],"label":"Berlin","country":"Germany"},"geometry":{"type":"Polygon","coordinates":[[[11.24517,53.03204],[10.549623,51.56399],[12.345747,50.554275],[14.863027,50.992748],[15.658506,52.45677],[13.839529,53.487245],[11.24517,53.03204]]]}},{"type":"Feature","properties":{"hex_id":"821f27fffffffff","population":4146711,"population_year":2025,"area_km2":68186.6,"population_density":60.8,"all_players":26,"players_per_million":6.27,"player_ids":["top5:andreas-christensen:1996","top5:andreas-skov-olsen:1999","top5:emil-holm:2000","top5:eric-smith:1997","top5:frederik-rnnow:1992","top5:gustav-isaksen:2001","top5:isak-jansson:2002","top5:jens-odgaard:1999","top5:jens-stage:1996","top5:joakim-mhle:1997","top5:karl-johan-johnsson:1990","top5:laurs-skjellerup:2002","top5:lucas-hgsberg:2006","top5:mads-pedersen:1996","top5:malthe-hojholt:2001","top5:martin-frese:1998","top5:mathias-jensen:1996","top5:mikkel-kaufmann:2001","top5:morten-frendrup:2001","top5:oliver-jensen:2002","top5:rasmus-kristensen:1997","top5:rasmus-nicolaisen:1997","top5:thomas-kristensen:2002","top5:tobias-slotsager:2006","top5:victor-nelsson:1998","top5:william-osula:2003"],"label":"Denmark","country":"Denmark"},"geometry":{"type":"Polygon","coordinates":[[[8.799628,57.640256],[8.115982,56.270471],[10.065692,55.394879],[12.739823,55.867327],[13.543636,57.232114],[11.555978,58.130531],[8.799628,57.640256]]]}},{"type":"Feature","properties":{"hex_id":"821f2ffffffffff","population":1311700,"population_year":2025,"area_km2":70782.3,"population_density":18.5,"all_players":5,"players_per_million":3.81,"player_ids":["top5:emil-krafth:1994","top5:hugo-larsson:2004","top5:jacob-ondrejka:2002","top5:melker-ellborg:2003","top5:sebastian-nanasi:2002"],"label":"Svarte","country":"Sweden"},"geometry":{"type":"Polygon","coordinates":[[[13.543636,57.232114],[12.739823,55.867327],[14.640207,54.902182],[17.362293,55.278144],[18.275236,56.632953],[16.36093,57.622703],[13.543636,57.232114]]]}},{"type":"Feature","properties":{"hex_id":"821f37fffffffff","population":1385190,"population_year":2025,"area_km2":70058.2,"population_density":19.8,"all_players":1,"players_per_million":0.72,"player_ids":["top5:christian-eriksen:1992"],"label":"Middelfart","country":"Denmark"},"geometry":{"type":"Polygon","coordinates":[[[5.523647,55.706768],[4.948742,54.288287],[6.848229,53.43156],[9.374531,53.975514],[10.065692,55.394879],[8.115982,56.270471],[5.523647,55.706768]]]}},{"type":"Feature","properties":{"hex_id":"821f57fffffffff","population":8583259,"population_year":2025,"area_km2":77902.3,"population_density":110.2,"all_players":5,"players_per_million":0.58,"player_ids":["top5:adam-dzwigaa:1995","top5:jakub-piotrowski:1997","top5:jan-ziokowski:2005","top5:robert-lewandowski:1988","top5:wojciech-szczesny:1990"],"label":"Warsaw","country":"Poland"},"geometry":{"type":"Polygon","coordinates":[[[19.189333,54.224652],[18.289963,52.819052],[20.036282,51.703743],[22.6731,51.971887],[23.657106,53.363901],[21.924017,54.501998],[19.189333,54.224652]]]}},{"type":"Feature","properties":{"hex_id":"821f5ffffffffff","population":2695690,"population_year":2025,"area_km2":79647.5,"population_density":33.8,"all_players":1,"players_per_million":0.37,"player_ids":["top5:sebastian-szymanski:1999"],"label":"Biała Podlaska","country":"Poland"},"geometry":{"type":"Polygon","coordinates":[[[23.657106,53.363901],[22.6731,51.971887],[24.329,50.776322],[26.940864,50.952157],[27.993406,52.327164],[26.370175,53.543763],[23.657106,53.363901]]]}},{"type":"Feature","properties":{"hex_id":"821f67fffffffff","population":1840881,"population_year":2025,"area_km2":70058.2,"population_density":26.3,"all_players":1,"players_per_million":0.54,"player_ids":["top5:gvidas-gineitis:2004"],"label":"Mažeikiai","country":"Lithuania"},"geometry":{"type":"Polygon","coordinates":[[[22.144282,58.209221],[21.114076,56.920734],[22.931053,55.842561],[25.752737,56.027899],[26.868471,57.29788],[25.082722,58.401545],[22.144282,58.209221]]]}},{"type":"Feature","properties":{"hex_id":"821f87fffffffff","population":16111686,"population_year":2025,"area_km2":80847.5,"population_density":199.3,"all_players":57,"players_per_million":3.54,"player_ids":["top5:adam-kolle:2006","top5:albian-hajdari:2003","top5:anthony-caci:1997","top5:ardon-jashari:2002","top5:arijanet-muric:1998","top5:aurele-amenda:2003","top5:believe-munongo:2009","top5:berat-djimsiti:1993","top5:cameron-puertas:1998","top5:cedric-zesiger:1998","top5:charles-pickel:1997","top5:christian-gunter:1993","top5:djibril-sow:1997","top5:eray-comert:1998","top5:fabian-rieder:2002","top5:felix-mambimbi:2001","top5:filip-stojilkovic:2000","top5:filip-ugrinic:1999","top5:granit-xhaka:1992","top5:gregor-kobel:1997","top5:haris-tabakovic:1994","top5:isaac-schmidt:1999","top5:joel-schmied:1998","top5:jonas-fohrenbach:1996","top5:joseph-nduquidi:2004","top5:joshua-kimmich:1995","top5:leon-avdullahu:2004","top5:luca-jaquez:2003","top5:manuel-akanji:1995","top5:matthias-ginter:1994","top5:matthieu-udol:1996","top5:max-rosenfelder:2003","top5:medon-berisha:2003","top5:miro-muheim:1998","top5:montrell-culbreath:2007","top5:neil-el-aynaoui:2001","top5:nico-elvedi:1996","top5:noah-atubolu:2002","top5:oliver-baumann:1990","top5:pablo-pagis:2002","top5:rassoul-ndiaye:2001","top5:remi-himbert:2008","top5:ricardo-rodriguez:1992","top5:robin-risser:2004","top5:rouven-tarnutzer:2007","top5:ruben-vargas:1998","top5:samir-el-mourabet:2005","top5:sascha-britschgi:2006","top5:sead-kolasinac:1993","top5:silvan-widmer:1993","top5:simon-sohm:2001","top5:thilo-kehrer:1996","top5:umut-tohumcu:2004","top5:william-mikelbrencis:2004","top5:yann-sommer:1988","top5:yannik-keitel:2000","top5:zoumana-diallo:2005"],"label":"Zurich","country":"Switzerland"},"geometry":{"type":"Polygon","coordinates":[[[5.163511,48.943764],[4.652435,47.393027],[6.371339,46.417017],[8.645314,46.977068],[9.251571,48.534678],[7.489806,49.526212],[5.163511,48.943764]]]}},{"type":"Feature","properties":{"hex_id":"821f8ffffffffff","population":12778297,"population_year":2025,"area_km2":84307.8,"population_density":151.6,"all_players":32,"players_per_million":2.5,"player_ids":["top5:aleksandar-pavlovic:2004","top5:andrea-pinamonti:1999","top5:angelo-stiller:2001","top5:benedict-hollerbach:2001","top5:deniz-ofli:2007","top5:dzenan-pejcinovic:2005","top5:fabian-schar:1991","top5:felipe-chavez:2007","top5:florian-neuhaus:1997","top5:janik-haberer:1994","top5:josip-stanisic:2000","top5:jusuf-gazibegovic:2000","top5:karim-adeyemi:2002","top5:kingsley-ehizibue:1995","top5:konrad-laimer:1997","top5:leonidas-stergiou:2002","top5:manuel-de-luca:1998","top5:marco-friedl:1998","top5:marin-pongracic:1997","top5:mario-gotze:1992","top5:mattia-mosconi:2007","top5:mert-komur:2005","top5:michael-zetterer:1995","top5:nicolas-hofler:1990","top5:remo-freuler:1992","top5:robert-glatzel:1994","top5:sandi-lovric:1998","top5:thomas-keller:1999","top5:tim-skarke:1996","top5:tobias-weigel:2007","top5:wisdom-mike:2008","top5:ylber-ramadani:1996"],"label":"Munich","country":"Germany"},"geometry":{"type":"Polygon","coordinates":[[[9.251571,48.534678],[8.645314,46.977068],[10.343213,45.921928],[12.677318,46.406957],[13.374348,47.965938],[11.648396,49.039345],[9.251571,48.534678]]]}},{"type":"Feature","properties":{"hex_id":"821f97fffffffff","population":9069390,"population_year":2025,"area_km2":81458.9,"population_density":111.3,"all_players":38,"players_per_million":4.19,"player_ids":["top5:amine-gouiri:2000","top5:anthony-lopes:1990","top5:antoine-griezmann:1991","top5:boulaye-dia:1996","top5:bouna-sarr:1992","top5:bradley-barcola:2002","top5:castello-lukeba:2002","top5:corentin-tolisso:1994","top5:dan-ndoye:2000","top5:denis-zakaria:1996","top5:enzo-molebe:2007","top5:fabien-centonze:1996","top5:gaby-jean:2000","top5:gaetan-perrin:1996","top5:georges-mikautadze:2000","top5:johan-manzambi:2005","top5:junior-mwanga:2003","top5:khalis-merah:2007","top5:leo-petrot:1997","top5:louis-mouton:2002","top5:lucas-da-cunha:2001","top5:malo-gusto:2003","top5:mathias-pereira-lage:1996","top5:mathieu-gorgelin:1990","top5:mathys-de-carvalho:2005","top5:maxence-caqueret:2000","top5:melvin-bard:2000","top5:olivier-giroud:1986","top5:pierre-kalulu:2000","top5:rachid-ghezzal:1992","top5:rayan-cherki:2003","top5:romain-del-castillo:1996","top5:ruben-aguilar:1993","top5:steeve-kango:2006","top5:thierno-barry:2002","top5:valentin-rongier:1994","top5:willem-geubbels:2001","top5:zeki-amdouni:2000"],"label":"Lyon","country":"France"},"geometry":{"type":"Polygon","coordinates":[[[2.458902,46.763731],[2.026569,45.184249],[3.696702,44.221235],[5.848477,44.82547],[6.371339,46.417017],[4.652435,47.393027],[2.458902,46.763731]]]}},{"type":"Feature","properties":{"hex_id":"821f9ffffffffff","population":16398717,"population_year":2025,"area_km2":85294.5,"population_density":192.3,"all_players":65,"players_per_million":3.96,"player_ids":["top5:adrien-thomasson:1993","top5:alberto-paleari:1992","top5:alessandro-buongiorno:1999","top5:alessandro-marcandalli:2002","top5:alessio-zerbin:1999","top5:andrea-belotti:1993","top5:andrea-cambiaso:2000","top5:calvin-bassey:1999","top5:cristiano-biraghi:1992","top5:daniel-maldini:2001","top5:daniele-padelli:1985","top5:daniele-sommariva:1997","top5:davide-bartesaghi:2005","top5:edoardo-goldaniga:1993","top5:edoardo-motta:2005","top5:enrico-delprato:1999","top5:fabio-miretti:2003","top5:federico-chiesa:1997","top5:federico-dimarco:1997","top5:federico-gatti:1998","top5:francesco-acerbi:1988","top5:francesco-camarda:2008","top5:francesco-coppola:2005","top5:gabriele-zappa:1999","top5:giorgio-scalvini:2003","top5:giovanni-bonfanti:2003","top5:hans-nicolussi-caviglia:2000","top5:jeff-ekhator:2006","top5:lorenzo-bernasconi:2003","top5:lorenzo-colombo:2002","top5:lorenzo-lucca:2000","top5:lorenzo-montipo:1996","top5:lorenzo-venturino:2006","top5:louis-buffon:2007","top5:luca-lipani:2005","top5:manuel-locatelli:1998","top5:marco-brescianini:2000","top5:marco-palestra:2005","top5:marco-sportiello:1992","top5:massimo-pessina:2007","top5:matteo-bianchetti:1993","top5:matteo-darmian:1989","top5:matteo-gabbia:1999","top5:matteo-lavelli:2006","top5:matteo-ruggeri:2002","top5:michael-kayode:2004","top5:michel-aebischer:1997","top5:michele-di-gregorio:1997","top5:moise-kean:2000","top5:nicolo-cambiaghi:2000","top5:nicolo-fagioli:2001","top5:nicolo-rovella:2001","top5:nicolo-savona:2003","top5:noah-okafor:2000","top5:patrick-cutrone:1998","top5:raffaele-di-gennaro:1993","top5:raoul-bellanova:2000","top5:riccardo-sottil:1999","top5:roberto-gagliardini:1994","top5:roberto-piccoli:2001","top5:sandro-tonali:2000","top5:stefano-moreo:1993","top5:stefano-turati:2001","top5:stephan-el-shaarawy:1992","top5:wilfried-gnonto:2003"],"label":"Milan","country":"Italy"},"geometry":{"type":"Polygon","coordinates":[[[6.371339,46.417017],[5.848477,44.82547],[7.509948,43.786609],[9.731941,44.323805],[10.343213,45.921928],[8.645314,46.977068],[6.371339,46.417017]]]}},{"type":"Feature","properties":{"hex_id":"821fa7fffffffff","population":28149582,"population_year":2025,"area_km2":76219.8,"population_density":369.3,"all_players":102,"players_per_million":3.62,"player_ids":["top5:adnan-januzaj:1995","top5:adrien-truffert:2001","top5:aiman-dardari:2005","top5:albert-sambi-lokonga:1999","top5:alessio-castro-montes:1997","top5:alexis-saelemaekers:1999","top5:arnaud-bodart:1998","top5:arthur-theate:2000","top5:arthur-vermeeren:2005","top5:assan-ouedraogo:2006","top5:aster-vranckx:2002","top5:atakan-karazor:1996","top5:axel-witsel:1989","top5:benjamin-pavard:1996","top5:bilal-el-khannouss:2004","top5:branco-van-den-boomen:1995","top5:chemsdine-talbi:2005","top5:clinton-mata:1992","top5:cody-gakpo:1999","top5:cyril-ngonge:2000","top5:daniel-heuer-fernandes:1992","top5:danny-da-costa:1993","top5:david-daiber:2007","top5:diego-moreira:2004","top5:dodi-lukebakio:1997","top5:dominik-kohr:1994","top5:florian-wirtz:2003","top5:gauthier-hein:1996","top5:ibrahim-salah:2001","top5:ignace-van-der-brempt:2002","top5:ilyas-ansah:2004","top5:jackson-tchatchoua:2001","top5:jamil-siebert:2002","top5:jan-thielmann:2002","top5:janis-blaswich:1991","top5:jay-idzes:2000","top5:jeremy-doku:2002","top5:joel-piroe:1999","top5:johan-bakayoko:2003","top5:jonas-meffert:1994","top5:jonas-urbig:2003","top5:kai-havertz:1999","top5:kevin-kampl:1990","top5:kevin-trapp:1990","top5:koni-de-winter:2002","top5:largie-ramazani:2001","top5:leandro-trossard:1994","top5:leon-goretzka:1995","top5:lois-openda:2000","top5:luca-kerber:2002","top5:luca-waldschmidt:1996","top5:lukas-kubler:1992","top5:maarten-vandevoordt:2002","top5:maduka-okoye:1999","top5:malick-fofana:2005","top5:malick-thiaw:2001","top5:mandela-keita:2002","top5:manuel-neuer:1986","top5:marc-andre-ter-stegen:1992","top5:mark-flekken:1993","top5:matias-fernandez-pardo:2005","top5:matz-sels:1992","top5:max-finkgrafe:2004","top5:maxim-leitsch:1998","top5:michy-batshuayi:1993","top5:mike-penders:2005","top5:mike-tresor:1999","top5:mile-svilar:1999","top5:mio-backhaus:2004","top5:moritz-nicolas:1997","top5:nathan-ngoy:2003","top5:nnamdi-collins:2004","top5:noah-sadiki:2004","top5:olivier-deman:2000","top5:orel-mangala:1998","top5:pascal-struijk:1999","top5:philipp-kohn:1998","top5:rafik-belghali:2002","top5:robin-gosens:1994","top5:robin-roefs:2003","top5:romelu-lukaku:1993","top5:romeo-lavia:2004","top5:sadik-fofana:2003","top5:said-el-mala:2006","top5:salih-ozcan:1998","top5:samuel-mbangula:2004","top5:samuel-nibombe:2007","top5:sebastiaan-bornauw:1999","top5:senne-lammens:2002","top5:senne-lynen:1999","top5:stefan-bell:1991","top5:thibault-de-smet:1998","top5:thibaut-courtois:1992","top5:thomas-meunier:1991","top5:tim-oermann:2003","top5:timothy-castagne:1995","top5:vincent-burlet:2005","top5:virgil-van-dijk:1991","top5:wout-faes:1998","top5:yann-aurel-bisseck:2000","top5:yannick-gerhardt:1994","top5:youri-tielemans:1997"],"label":"Liège","country":"Belgium"},"geometry":{"type":"Polygon","coordinates":[[[3.881134,51.360376],[3.384772,49.85377],[5.163511,48.943764],[7.489806,49.526212],[8.088631,51.039696],[6.259687,51.96477],[3.881134,51.360376]]]}},{"type":"Feature","properties":{"hex_id":"821faffffffffff","population":20512004,"population_year":2025,"area_km2":79647.5,"population_density":257.5,"all_players":84,"players_per_million":4.1,"player_ids":["top5:aaron-zehnter:2004","top5:adrian-beck:1997","top5:al-musrati:1996","top5:arijon-ibrahimovic:2005","top5:ben-bobzien:2003","top5:benedikt-gimber:1997","top5:bernd-leno:1992","top5:brajan-gruda:2004","top5:carl-klaus:1994","top5:cassiano-kiala:2009","top5:clemens-riedel:2003","top5:damion-downs:2004","top5:daniel-batz:1991","top5:daniel-elfadli:1997","top5:david-raum:1998","top5:denis-huseinbasic:2001","top5:diant-ramaj:2001","top5:dominique-heintz:1993","top5:elias-baum:2005","top5:emre-can:1994","top5:finn-dahmen:1998","top5:finn-jeltsch:2006","top5:frank-feller:2004","top5:grischa-promel:1995","top5:hakan-calhanoglu:1994","top5:igor-matanovic:2003","top5:jamal-musiala:2003","top5:jamie-leweling:2001","top5:jan-schoppner:1999","top5:jan-urbich:2004","top5:jean-philippe-krasso:1997","top5:jeremy-toljan:1994","top5:jonas-hofmann:1992","top5:jonathan-burkardt:2000","top5:julian-chabot:1998","top5:keven-schlotterbeck:1997","top5:kevin-akpoguma:1995","top5:kilian-fischer:2000","top5:lasse-rie:2001","top5:lennart-karl:2008","top5:livan-burcu:2004","top5:luka-uric:2003","top5:malik-tillman:2002","top5:marc-oliver-kempf:1995","top5:mario-pasalic:1995","top5:marius-wolf:1995","top5:marvin-friedrich:1995","top5:marvin-pieringer:1999","top5:marvin-schwabe:1995","top5:matheo-raab:1998","top5:max-moerstedt:2006","top5:max-wei:2004","top5:mergim-vojvoda:1995","top5:nadiem-amiri:1996","top5:nelson-weiper:2005","top5:nico-schlotterbeck:1999","top5:niklas-dorsch:1998","top5:niklas-stark:1995","top5:niklas-sule:1995","top5:odysseas-vlachodimos:1994","top5:pascal-gro:1991","top5:paul-nebel:2002","top5:philipp-sander:1998","top5:philipp-treu:2000","top5:ragnar-ache:1998","top5:rani-khedira:1994","top5:ridle-baku:1998","top5:robin-fellhauer:1998","top5:robin-hack:1998","top5:robin-koch:1996","top5:robin-zentner:1994","top5:rocco-reitz:2002","top5:serge-gnabry:1995","top5:stefan-schimmer:1994","top5:suat-serdar:1997","top5:sven-ulreich:1988","top5:tim-lemperle:2002","top5:timo-werner:1996","top5:timothy-chandler:1990","top5:tom-bischof:2005","top5:vincenzo-grifo:1993","top5:willi-orban:1992","top5:yannik-wagner:2007","top5:younes-ebnoutalib:2003"],"label":"Stuttgart","country":"Germany"},"geometry":{"type":"Polygon","coordinates":[[[8.088631,51.039696],[7.489806,49.526212],[9.251571,48.534678],[11.648396,49.039345],[12.345747,50.554275],[10.549623,51.56399],[8.088631,51.039696]]]}},{"type":"Feature","properties":{"hex_id":"821fb7fffffffff","population":17326098,"population_year":2025,"area_km2":77926.1,"population_density":222.3,"all_players":169,"players_per_million":9.75,"player_ids":["top5:aboubaka-soumahoro:2005","top5:adama-camara:1996","top5:adil-hamdani:2009","top5:adrien-rabiot:1995","top5:aissa-mandi:1991","top5:aladji-bamba:2006","top5:alexis-claude-maurice:1998","top5:alexis-vossah:2008","top5:allan-nyom:1988","top5:allan-saint-maximin:1997","top5:alphonse-areola:1993","top5:andrea-le-borgne:2006","top5:andreas-hountondji:2002","top5:andy-diouf:2003","top5:ange-yoan-bonny:2003","top5:anthony-bermont:2005","top5:antoine-bernede:1999","top5:armand-lauriente:1998","top5:armel-bella-kotchap:2001","top5:arnaud-kalimuendo:2002","top5:arnaud-nordin:1998","top5:axel-disasi:1998","top5:ayyoub-bouaddi:2007","top5:balthazar-pierret:2000","top5:baptiste-santamaria:1995","top5:bilal-brahimi:2000","top5:bingourou-kamara:1996","top5:bradley-locko:2002","top5:bryan-mbeumo:1999","top5:cedric-bakambu:1991","top5:chrislain-matsima:2002","top5:christ-owen-kouassi:2003","top5:christopher-nkunku:1997","top5:christopher-wooh:2001","top5:clement-akpa:2001","top5:clement-lenglet:1995","top5:dan-axel-zagadou:1999","top5:darryl-bakola:2007","top5:dayot-upamecano:1998","top5:dehmaine-assoumani:2005","top5:dilane-bakwa:2002","top5:dimitri-foulquier:1993","top5:dimitri-lucea:2007","top5:djibril-sidibe:1992","top5:el-chadaille-bitshiabu:2005","top5:elisha-owusu:1997","top5:elye-wahi:2003","top5:esteban-lepaul:2000","top5:ethan-mbappe:2006","top5:ferland-mendy:1995","top5:florian-lejeune:1991","top5:florian-thauvin:1993","top5:fode-ballo-toure:1997","top5:geoffrey-kondogbia:1993","top5:godson-kyeremeh:2000","top5:haissem-hassan:2002","top5:han-noah-massengo:2001","top5:hannibal-mejbri:2003","top5:haris-belkebla:1994","top5:hassane-kamara:1994","top5:hugo-ekitike:2002","top5:ibrahim-mbaye:2008","top5:ibrahima-konate:1999","top5:ibrahima-sissoko:1997","top5:ismael-gharbi:2004","top5:ismael-guerti:2004","top5:jaydee-canvot:2006","top5:jean-luc-dompe:1995","top5:jean-matteo-bahoya:2005","top5:jean-philippe-mateta:1997","top5:jean-ricner-bellegarde:1998","top5:jean-victor-makengo:1998","top5:jeremy-jacquet:2005","top5:jonathan-clauss:1992","top5:jonathan-ikone:1998","top5:jordan-lefort:1993","top5:jordy-makengo:2001","top5:jules-kounde:1998","top5:junior-dina-ebimbe:2000","top5:kassoum-ouattara:2004","top5:kenny-lala:1991","top5:kylian-mbappe:1998","top5:kyllian-antonio:2008","top5:lamine-sy:2002","top5:leny-yoro:2005","top5:lilian-brassier:1999","top5:lionel-mpasi:1994","top5:logan-costa:2001","top5:loic-nego:1991","top5:lucas-digne:1993","top5:lucas-gourna-douath:2003","top5:lucas-michal:2005","top5:ludovic-blas:1997","top5:maghnes-akliouche:2002","top5:mamadou-coulibaly:2004","top5:manu-kone:2001","top5:marvin-senaya:2001","top5:mathieu-cafaro:1997","top5:mathis-amougou:2006","top5:mathis-jangeal:2008","top5:mathys-tel:2005","top5:matteo-guendouzi:1999","top5:maxence-lacroix:2000","top5:michel-ndary-adopo:2000","top5:mohamed-ali-cho:2004","top5:mohamed-kaba:2001","top5:montassar-talbi:1998","top5:morgan-sanson:1994","top5:mory-diaw:1993","top5:mouctar-diakhaby:1996","top5:moussa-diarra:2000","top5:neal-maupay:1996","top5:nesta-elphege:2001","top5:nhoa-sangui:2006","top5:nicolas-pepe:1995","top5:niels-nkounkou:2000","top5:noah-edjouma:2005","top5:noah-nsoki:2007","top5:noham-kamara:2007","top5:nordi-mukiele:1997","top5:nouha-dicko:1992","top5:obed-nkambadio:2003","top5:obite-n-dicka:1999","top5:oumar-solet:2000","top5:ousmane-dembele:1997","top5:pape-gueye:1999","top5:paul-pogba:1993","top5:prosper-peter:2007","top5:quentin-ndjantou-mbitcha:2007","top5:randal-kolo-muani:1998","top5:randy-nteka:1997","top5:raphael-guerreiro:1993","top5:rayan-ait-nouri:2001","top5:rayan-fofana:2006","top5:reda-belahyane:2004","top5:robinio-vaz:2007","top5:romain-faivre:1998","top5:rudy-matondo:2008","top5:ryan-rodin:2006","top5:sacha-boey:2000","top5:samir-chergui:1999","top5:samuel-essende:1998","top5:seko-fofana:1995","top5:sekou-mara:2002","top5:senny-mayulu:2006","top5:skelly-alvero:2002","top5:sofiane-boufal:1993","top5:soumaila-coulibaly:2003","top5:soungoutou-magassa:2003","top5:stanis-idumbo:2005","top5:stanley-n-soki:1999","top5:tanguy-ndombele:1996","top5:tanguy-nianzou:2002","top5:tidiam-gomis:2006","top5:tidiane-devernois:2007","top5:timothee-pembele:2002","top5:tylel-tati:2008","top5:valentin-gendrey:2000","top5:warren-bondo:2003","top5:warren-zaire-emery:2006","top5:wesley-said:1995","top5:william-saliba:2001","top5:wilson-odobert:2004","top5:woyo-coulibaly:1999","top5:yassin-belkhdim:2002","top5:yassine-kechta:2002","top5:yehvann-diouf:1999","top5:yoane-wissa:1996","top5:youssouf-fofana:1999"],"label":"Paris","country":"France"},"geometry":{"type":"Polygon","coordinates":[[[1.18851,49.470279],[0.764026,47.90745],[2.458902,46.763731],[4.652435,47.393027],[5.163511,48.943764],[3.384772,49.85377],[1.18851,49.470279]]]}},{"type":"Feature","properties":{"hex_id":"8220a7fffffffff","population":19151502,"population_year":2025,"area_km2":102761.2,"population_density":186.4,"all_players":2,"players_per_million":0.1,"player_ids":["top5:abdukodir-khusanov:2004","top5:waldemar-anton:1996"],"label":"Olmaliq","country":"Uzbekistan"},"geometry":{"type":"Polygon","coordinates":[[[66.248113,40.813541],[66.718397,39.067301],[68.880863,38.470904],[70.665594,39.592304],[70.306377,41.359581],[68.048608,41.985775],[66.248113,40.813541]]]}},{"type":"Feature","properties":{"hex_id":"8226cffffffffff","population":9574277,"population_year":2025,"area_km2":96323.1,"population_density":99.4,"all_players":1,"players_per_million":0.1,"player_ids":["top5:weston-mckennie:1998"],"label":"Little Elm","country":"United States"},"geometry":{"type":"Polygon","coordinates":[[[-96.66289,31.619531],[-94.945821,32.516906],[-95.017507,34.246081],[-96.863145,35.093055],[-98.622726,34.188046],[-98.493873,32.444355],[-96.66289,31.619531]]]}},{"type":"Feature","properties":{"hex_id":"822a17fffffffff","population":30364242,"population_year":2025,"area_km2":87326.6,"population_density":347.7,"all_players":11,"players_per_million":0.36,"player_ids":["top5:brenden-aaronson:2000","top5:folarin-balogun:2001","top5:james-sands:2000","top5:joe-scally:2002","top5:johnny-cardoso:2001","top5:jonathan-david:2000","top5:luca-koleosho:2004","top5:timothy-weah:2000","top5:tyler-adams:1999","top5:yunus-musah:2002","top5:zion-suzuki:2002"],"label":"New York City","country":"United States"},"geometry":{"type":"Polygon","coordinates":[[[-73.076912,42.400493],[-75.333452,42.029564],[-75.960619,40.480497],[-74.442775,39.340569],[-72.307877,39.686062],[-71.573772,41.195725],[-73.076912,42.400493]]]}},{"type":"Feature","properties":{"hex_id":"822aaffffffffff","population":16213426,"population_year":2025,"area_km2":84307.8,"population_density":192.3,"all_players":3,"players_per_million":0.19,"player_ids":["top5:christian-pulisic:1998","top5:kevin-paredes:2003","top5:mark-mckenzie:1999"],"label":"Hershey","country":"United States"},"geometry":{"type":"Polygon","coordinates":[[[-75.960619,40.480497],[-78.104271,40.06406],[-78.619418,38.540002],[-77.099922,37.463561],[-75.063317,37.849069],[-74.442775,39.340569],[-75.960619,40.480497]]]}},{"type":"Feature","properties":{"hex_id":"822b87fffffffff","population":3438566,"population_year":2025,"area_km2":95515.4,"population_density":36.0,"all_players":1,"players_per_million":0.29,"player_ids":["top5:theo-bair:1999"],"label":"Ottawa","country":"Canada"},"geometry":{"type":"Polygon","coordinates":[[[-74.929476,48.066013],[-77.471719,47.634566],[-78.100366,45.982432],[-76.33587,44.798413],[-73.944231,45.197835],[-73.17262,46.811656],[-74.929476,48.066013]]]}},{"type":"Feature","properties":{"hex_id":"822b9ffffffffff","population":11744141,"population_year":2025,"area_km2":92775.6,"population_density":126.6,"all_players":3,"players_per_million":0.26,"player_ids":["top5:derek-cornelius:1997","top5:jacen-russell-rowe:2002","top5:tajon-buchanan:1999"],"label":"Ajax","country":"Canada"},"geometry":{"type":"Polygon","coordinates":[[[-78.100366,45.982432],[-80.490261,45.49319],[-80.982253,43.86012],[-79.227281,42.744533],[-76.966258,43.195408],[-76.33587,44.798413],[-78.100366,45.982432]]]}},{"type":"Feature","properties":{"hex_id":"822baffffffffff","population":6643169,"population_year":2025,"area_km2":93933.6,"population_density":70.7,"all_players":1,"players_per_million":0.15,"player_ids":["top5:moise-bombito:2000"],"label":"Montreal","country":"Canada"},"geometry":{"type":"Polygon","coordinates":[[[-70.65056,47.146099],[-73.17262,46.811656],[-73.944231,45.197835],[-72.323382,43.964363],[-69.955068,44.277849],[-69.060562,45.844655],[-70.65056,47.146099]]]}},{"type":"Feature","properties":{"hex_id":"822c07fffffffff","population":6356300,"population_year":2025,"area_km2":86328.2,"population_density":73.6,"all_players":1,"players_per_million":0.16,"player_ids":["top5:henrikh-mkhitaryan:1989"],"label":"Yerevan","country":"Armenia"},"geometry":{"type":"Polygon","coordinates":[[[42.116516,39.762213],[43.137521,38.257426],[45.179694,38.133333],[46.302583,39.484506],[45.333799,41.016526],[43.204832,41.142599],[42.116516,39.762213]]]}},{"type":"Feature","properties":{"hex_id":"822c27fffffffff","population":2993098,"population_year":2025,"area_km2":87326.6,"population_density":34.3,"all_players":1,"players_per_million":0.33,"player_ids":["top5:giorgi-kvilitaia:1993"],"label":"Abasha","country":"Georgia"},"geometry":{"type":"Polygon","coordinates":[[[39.938746,42.736298],[38.856463,41.330674],[39.97757,39.845483],[42.116516,39.762213],[43.204832,41.142599],[42.150674,42.631271],[39.938746,42.736298]]]}},{"type":"Feature","properties":{"hex_id":"822c2ffffffffff","population":6448334,"population_year":2025,"area_km2":87326.6,"population_density":73.8,"all_players":6,"players_per_million":0.93,"player_ids":["top5:budu-zivzivadze:1994","top5:giorgi-abuashvili:2003","top5:giorgi-gocholeishvili:2001","top5:giorgi-mamardashvili:2000","top5:khvicha-kvaratskhelia:2001","top5:saba-goglichidze:2004"],"label":"Kutaisi","country":"Georgia"},"geometry":{"type":"Polygon","coordinates":[[[42.150674,42.631271],[43.204832,41.142599],[45.333799,41.016526],[46.521525,42.40251],[45.504839,43.945519],[43.258395,44.047542],[42.150674,42.631271]]]}},{"type":"Feature","properties":{"hex_id":"822c37fffffffff","population":7119999,"population_year":2025,"area_km2":89801.2,"population_density":79.3,"all_players":1,"players_per_million":0.14,"player_ids":["top5:mahmoud-dahoud:1996"],"label":"Amoudah","country":"Syria"},"geometry":{"type":"Polygon","coordinates":[[[39.97757,39.845483],[38.930218,38.400687],[40.013904,36.899865],[42.08453,36.839638],[43.137521,38.257426],[42.116516,39.762213],[39.97757,39.845483]]]}},{"type":"Feature","properties":{"hex_id":"822c97fffffffff","population":5907395,"population_year":2025,"area_km2":85627.7,"population_density":69.0,"all_players":1,"players_per_million":0.17,"player_ids":["top5:roony-bardghji:2005"],"label":"Kuwait City","country":"Kuwait"},"geometry":{"type":"Polygon","coordinates":[[[45.812492,30.785266],[44.825547,29.34568],[45.678762,27.848758],[47.462705,27.790199],[48.442127,29.196465],[47.646374,30.694156],[45.812492,30.785266]]]}},{"type":"Feature","properties":{"hex_id":"822ca7fffffffff","population":20228544,"population_year":2025,"area_km2":88726.5,"population_density":228.0,"all_players":1,"players_per_million":0.05,"player_ids":["top5:ameen-al-dakhil:2002"],"label":"Baghdad","country":"Iraq"},"geometry":{"type":"Polygon","coordinates":[[[43.074401,35.326156],[42.054515,33.877596],[43.015091,32.363323],[44.936553,32.295608],[45.954267,33.713928],[45.054386,35.229859],[43.074401,35.326156]]]}},{"type":"Feature","properties":{"hex_id":"822d37fffffffff","population":12356000,"population_year":2025,"area_km2":96323.1,"population_density":128.3,"all_players":2,"players_per_million":0.16,"player_ids":["top5:arda-guler:2005","top5:ozan-kabak:2000"],"label":"Çankaya","country":"Turkey"},"geometry":{"type":"Polygon","coordinates":[[[29.788911,41.195121],[28.846869,39.643311],[30.164431,38.215301],[32.385359,38.324197],[33.362059,39.853917],[32.086152,41.296943],[29.788911,41.195121]]]}},{"type":"Feature","properties":{"hex_id":"822d57fffffffff","population":4982574,"population_year":2025,"area_km2":85321.7,"population_density":58.4,"all_players":1,"players_per_million":0.2,"player_ids":["top5:matvei-safonov:1999"],"label":"Stavropol","country":"Russia"},"geometry":{"type":"Polygon","coordinates":[[[38.777546,44.198571],[39.938746,42.736298],[42.150674,42.631271],[43.258395,44.047542],[42.146575,45.539505],[39.897167,45.559577],[38.777546,44.198571]]]}},{"type":"Feature","properties":{"hex_id":"822da7fffffffff","population":10847072,"population_year":2025,"area_km2":97556.0,"population_density":111.2,"all_players":1,"players_per_million":0.09,"player_ids":["top5:grigoris-kastanos:1998"],"label":"Sotira","country":"Cyprus"},"geometry":{"type":"Polygon","coordinates":[[[33.614584,36.858664],[32.6655,35.299894],[33.851253,33.82016],[35.941661,33.88647],[36.912602,35.41856],[35.773758,36.910957],[33.614584,36.858664]]]}},{"type":"Feature","properties":{"hex_id":"822db7fffffffff","population":31744678,"population_year":2025,"area_km2":98815.5,"population_density":321.3,"all_players":6,"players_per_million":0.19,"player_ids":["top5:heorhii-tsitaishvili:2000","top5:manor-solomon:1999","top5:musa-al-taamari:1997","top5:omri-gandelman:2000","top5:tay-abed:2004","top5:viktor-tsyhankov:1997"],"label":"Kfar Saba","country":"Israel"},"geometry":{"type":"Polygon","coordinates":[[[33.851253,33.82016],[32.928331,32.240102],[34.073508,30.754985],[36.099347,30.835944],[37.042325,32.387471],[35.941661,33.88647],[33.851253,33.82016]]]}},{"type":"Feature","properties":{"hex_id":"822e2ffffffffff","population":5113664,"population_year":2025,"area_km2":82705.0,"population_density":61.8,"all_players":1,"players_per_million":0.2,"player_ids":["top5:koki-machida:1997"],"label":"Ibaraki Prefecture","country":"Japan"},"geometry":{"type":"Polygon","coordinates":[[[143.252469,36.192692],[143.43958,37.868877],[141.809657,38.825701],[140.055179,38.090666],[139.948213,36.441778],[141.516472,35.500079],[143.252469,36.192692]]]}},{"type":"Feature","properties":{"hex_id":"822e67fffffffff","population":29949728,"population_year":2025,"area_km2":74863.4,"population_density":400.1,"all_players":8,"players_per_million":0.27,"player_ids":["top5:ayumu-seko:2000","top5:hiroki-ito:1999","top5:ritsu-doan:1998","top5:shuto-machino:1999","top5:takuma-asano:1994","top5:takumi-minamino:1995","top5:tomoya-ando:1999","top5:yukinari-sugawara:2000"],"label":"Hamamatsu","country":"Japan"},"geometry":{"type":"Polygon","coordinates":[[[138.240188,34.090249],[138.304265,35.714832],[136.756542,36.594877],[135.209181,35.840284],[135.213088,34.249062],[136.697641,33.378798],[138.240188,34.090249]]]}},{"type":"Feature","properties":{"hex_id":"822e6ffffffffff","population":11126476,"population_year":2025,"area_km2":70058.2,"population_density":158.8,"all_players":1,"players_per_million":0.09,"player_ids":["top5:kaishu-sano:2000"],"label":"Tsuyama","country":"Japan"},"geometry":{"type":"Polygon","coordinates":[[[135.213088,34.249062],[135.209181,35.840284],[133.690522,36.661487],[132.241949,35.885847],[132.308377,34.331159],[133.762313,33.515468],[135.213088,34.249062]]]}},{"type":"Feature","properties":{"hex_id":"822f5ffffffffff","population":40494200,"population_year":2025,"area_km2":79647.5,"population_density":508.4,"all_players":10,"players_per_million":0.25,"player_ids":["top5:ao-tanaka:1998","top5:joel-fujita:2002","top5:kaoru-mitoma:1997","top5:kento-shiogai:2005","top5:kota-takai:2004","top5:sota-kawasaki:2001","top5:taichi-hara:1999","top5:takefusa-kubo:2001","top5:wataru-endo:1993","top5:yuito-suzuki:2001"],"label":"Tokyo","country":"Japan"},"geometry":{"type":"Polygon","coordinates":[[[141.379662,33.846135],[141.516472,35.500079],[139.948213,36.441778],[138.304265,35.714832],[138.240188,34.090249],[139.748325,33.162808],[141.379662,33.846135]]]}},{"type":"Feature","properties":{"hex_id":"8230c7fffffffff","population":17897330,"population_year":2025,"area_km2":63447.1,"population_density":282.1,"all_players":3,"players_per_million":0.17,"player_ids":["top5:hong-hyunseok:1999","top5:kim-min-jae:1996","top5:lee-jae-sung:1992"],"label":"Tongyeong","country":"South Korea"},"geometry":{"type":"Polygon","coordinates":[[[126.253349,35.974736],[125.973267,34.659415],[127.394514,33.936306],[129.115986,34.537795],[129.409707,35.861246],[127.968639,36.57549],[126.253349,35.974736]]]}},{"type":"Feature","properties":{"hex_id":"8230e7fffffffff","population":32628938,"population_year":2025,"area_km2":59429.4,"population_density":549.0,"all_players":3,"players_per_million":0.09,"player_ids":["top5:hwang-hee-chan:1996","top5:jeong-woo-yeong:1999","top5:lee-kang-in:2001"],"label":"Incheon","country":"South Korea"},"geometry":{"type":"Polygon","coordinates":[[[125.111877,37.903324],[124.835996,36.642936],[126.253349,35.974736],[127.968639,36.57549],[127.809941,38.077868],[126.346943,38.738746],[125.111877,37.903324]]]}},{"type":"Feature","properties":{"hex_id":"82344ffffffffff","population":1061886,"population_year":2025,"area_km2":98815.5,"population_density":10.7,"all_players":2,"players_per_million":1.88,"player_ids":["top5:jorge-cabello:2004","top5:raul-asencio:2003"],"label":"Telde","country":"Spain"},"geometry":{"type":"Polygon","coordinates":[[[-16.393328,28.514587],[-18.117856,27.596488],[-18.084745,25.837419],[-16.394663,25.007863],[-14.71505,25.900304],[-14.681053,27.647052],[-16.393328,28.514587]]]}},{"type":"Feature","properties":{"hex_id":"82346ffffffffff","population":1021093,"population_year":2025,"area_km2":99241.3,"population_density":10.3,"all_players":11,"players_per_million":10.77,"player_ids":["top5:alberto-moleiro:2003","top5:ayoze-perez:1993","top5:fabio-moreno-fell:2000","top5:jairo-izquierdo:1993","top5:javi-lopez:2002","top5:nicolas-paz:2004","top5:omar-mascarell:1993","top5:pedri:2002","top5:pedro:1987","top5:saul-coco:1999","top5:yeremi-pino:2002"],"label":"Santa Cruz de Tenerife","country":"Spain"},"geometry":{"type":"Polygon","coordinates":[[[-14.608842,31.177353],[-16.392619,30.287385],[-16.393328,28.514587],[-14.681053,27.647052],[-12.948555,28.514936],[-12.877753,30.271572],[-14.608842,31.177353]]]}},{"type":"Feature","properties":{"hex_id":"823817fffffffff","population":648386,"population_year":2025,"area_km2":87326.6,"population_density":7.4,"all_players":1,"players_per_million":1.54,"player_ids":["top5:hicham-boudaoui:1999"],"label":"Béchar","country":"Algeria"},"geometry":{"type":"Polygon","coordinates":[[[-2.315335,33.072846],[-4.099405,32.398339],[-4.341769,30.698974],[-2.858282,29.709916],[-1.14368,30.38223],[-0.844902,32.045545],[-2.315335,33.072846]]]}},{"type":"Feature","properties":{"hex_id":"823827fffffffff","population":4893624,"population_year":2025,"area_km2":87326.6,"population_density":56.0,"all_players":7,"players_per_million":1.43,"player_ids":["top5:alex-baena:2001","top5:hugo-lopez:2007","top5:mourad-el-ghezouani:1998","top5:patric:1993","top5:rafa-mir:1997","top5:robert-sanchez:1997","top5:yellu-santiago:2004"],"label":"Cartagena","country":"Spain"},"geometry":{"type":"Polygon","coordinates":[[[-1.416234,38.115997],[-3.311341,37.499409],[-3.584806,35.801656],[-2.027587,34.757091],[-0.211854,35.375671],[0.123807,37.036562],[-1.416234,38.115997]]]}},{"type":"Feature","properties":{"hex_id":"82382ffffffffff","population":14969982,"population_year":2025,"area_km2":87326.6,"population_density":171.4,"all_players":1,"players_per_million":0.07,"player_ids":["top5:abde-rebbach:1998"],"label":"Blida","country":"Algeria"},"geometry":{"type":"Polygon","coordinates":[[[0.123807,37.036562],[-0.211854,35.375671],[1.272418,34.323247],[3.136479,34.918204],[3.543589,36.597898],[2.015255,37.664358],[0.123807,37.036562]]]}},{"type":"Feature","properties":{"hex_id":"823837fffffffff","population":7535346,"population_year":2025,"area_km2":89801.2,"population_density":83.9,"all_players":1,"players_per_million":0.13,"player_ids":["top5:adam-boayar:2005"],"label":"Melilla","country":"Spain"},"geometry":{"type":"Polygon","coordinates":[[[-3.584806,35.801656],[-5.442348,35.124424],[-5.667272,33.405709],[-4.099405,32.398339],[-2.315335,33.072846],[-2.027587,34.757091],[-3.584806,35.801656]]]}},{"type":"Feature","properties":{"hex_id":"82384ffffffffff","population":3516445,"population_year":2025,"area_km2":98815.5,"population_density":35.6,"all_players":1,"players_per_million":0.28,"player_ids":["top5:ali-abdi:1993"],"label":"Sfax","country":"Tunisia"},"geometry":{"type":"Polygon","coordinates":[[[10.558256,35.370372],[10.010436,33.669596],[11.466035,32.432807],[13.48858,32.875015],[14.102434,34.577453],[12.629035,35.836663],[10.558256,35.370372]]]}},{"type":"Feature","properties":{"hex_id":"823867fffffffff","population":4910351,"population_year":2025,"area_km2":92775.6,"population_density":52.9,"all_players":1,"players_per_million":0.2,"player_ids":["top5:ramy-bensebaini:1995"],"label":"Constantine","country":"Algeria"},"geometry":{"type":"Polygon","coordinates":[[[5.978055,38.850564],[5.50797,37.176342],[7.029881,36.043675],[9.054678,36.567851],[9.598985,38.251433],[8.045142,39.402136],[5.978055,38.850564]]]}},{"type":"Feature","properties":{"hex_id":"823877fffffffff","population":13459436,"population_year":2025,"area_km2":91641.3,"population_density":146.9,"all_players":1,"players_per_million":0.07,"player_ids":["top5:mohamed-amoura:2000"],"label":"Taher","country":"Algeria"},"geometry":{"type":"Polygon","coordinates":[[[3.543589,36.597898],[3.136479,34.918204],[4.622002,33.802925],[6.551514,34.350554],[7.029881,36.043675],[5.50797,37.176342],[3.543589,36.597898]]]}},{"type":"Feature","properties":{"hex_id":"823907fffffffff","population":2648705,"population_year":2025,"area_km2":92775.6,"population_density":28.5,"all_players":4,"players_per_million":1.51,"player_ids":["top5:fabio-cardoso:1994","top5:francisco-conceicao:2002","top5:javi-galan:1994","top5:pedro-porro:1999"],"label":"Badajoz","country":"Spain"},"geometry":{"type":"Polygon","coordinates":[[[-6.464182,41.30856],[-8.480681,40.6223],[-8.657648,38.889432],[-6.898506,37.871743],[-4.963456,38.552712],[-4.708227,40.256026],[-6.464182,41.30856]]]}},{"type":"Feature","properties":{"hex_id":"82390ffffffffff","population":8669237,"population_year":2025,"area_km2":88726.5,"population_density":97.7,"all_players":48,"players_per_million":5.54,"player_ids":["top5:achraf-hakimi:1998","top5:alejandro-garnacho:2004","top5:alex-jimenez:2005","top5:alex-sanchez:2006","top5:alex-sancris:1997","top5:alfon:1999","top5:alvaro-morata:1992","top5:borja-mayoral:1997","top5:carlos-martin:2002","top5:dani-carvajal:1992","top5:daniel-parejo:1989","top5:david-de-gea:1990","top5:david-jimenez:2004","top5:david-soria:1993","top5:diego-aguado:2007","top5:diego-llorente:1993","top5:federico-redondo:2003","top5:fer-lopez:2004","top5:fran-beltran:1999","top5:gonzalo-garcia:2004","top5:hugo-duro:1999","top5:iker-luque:2005","top5:isaac-palazon-camacho:1994","top5:ivan-romero:2001","top5:jacobo-ramon:2005","top5:javier-bonar:2005","top5:javier-munoz:1995","top5:jeremy-sarmiento:2002","top5:jorge-cuenca:1999","top5:jose-luis-morales:1987","top5:juan-cruz-armada:1992","top5:julio-diaz:2005","top5:koke:1992","top5:luis-milla:1994","top5:manu-sanchez:2000","top5:marcos-alonso:1990","top5:mario-hermoso:1995","top5:mario-martin:2004","top5:miguel-gutierrez:2001","top5:oscar-valentin:1994","top5:pablo-barrios:2003","top5:pol-lozano:1999","top5:rodri:1996","top5:rodrigo-riquelme:2000","top5:samu-becerra:2006","top5:sergio-camello:2001","top5:victor-parada:2002","top5:youssef-lekhedim:2005"],"label":"Madrid","country":"Spain"},"geometry":{"type":"Polygon","coordinates":[[[-2.728618,40.871785],[-4.708227,40.256026],[-4.963456,38.552712],[-3.311341,37.499409],[-1.416234,38.115997],[-1.091146,39.784657],[-2.728618,40.871785]]]}},{"type":"Feature","properties":{"hex_id":"823917fffffffff","population":1682178,"population_year":2025,"area_km2":95515.4,"population_density":17.6,"all_players":18,"players_per_million":10.7,"player_ids":["top5:bernardo-silva:1994","top5:beto:1998","top5:felix-correia:2001","top5:goncalo-ramos:2001","top5:guilherme-ramos:1997","top5:joao-cancelo:1994","top5:joao-neves:2004","top5:joao-palhinha:1995","top5:mateus-fernandes:2004","top5:nuno-tavares:2000","top5:rafael-leao:1999","top5:renato-veiga:2003","top5:rui-modesto:1999","top5:tiago-gouveia:2001","top5:tiago-santos:2002","top5:tiago-tomas:2002","top5:ulisses-garcia:1996","top5:vitinha:2000"],"label":"Lisbon","country":"Portugal"},"geometry":{"type":"Polygon","coordinates":[[[-8.657648,38.889432],[-10.618161,38.139996],[-10.744488,36.38323],[-8.989073,35.401916],[-7.101894,36.141695],[-6.898506,37.871743],[-8.657648,38.889432]]]}},{"type":"Feature","properties":{"hex_id":"82391ffffffffff","population":8248421,"population_year":2025,"area_km2":91641.3,"population_density":90.0,"all_players":31,"players_per_million":3.76,"player_ids":["top5:adrian:1987","top5:alberto-moreno:1992","top5:alfonso-pedraza:1996","top5:alvaro-garcia:1992","top5:antonio-blanco:2000","top5:antonio-raillo:1991","top5:brahim-diaz:1999","top5:bryan-gil:2001","top5:bryan-zaragoza:2001","top5:carlos-alvarez:2003","top5:dani-ceballos:1996","top5:daniel-yanez:2007","top5:davinchi:2007","top5:fabian-ruiz-pena:1996","top5:gavi:2004","top5:isaac-romero:2000","top5:isco:1992","top5:ivan-corralejo:2007","top5:javi-rueda:2002","top5:juan-miranda:2000","top5:juanlu-sanchez:2003","top5:juanmi:1993","top5:kevin-carlos:2001","top5:kike-salas:2002","top5:luis-rioja:1993","top5:manu-bueno:2004","top5:manuel-angel:2004","top5:paco-cortes:2007","top5:rafa-marin:2002","top5:robert-skov:1996","top5:tete-morente:1996"],"label":"Seville","country":"Spain"},"geometry":{"type":"Polygon","coordinates":[[[-4.963456,38.552712],[-6.898506,37.871743],[-7.101894,36.141695],[-5.442348,35.124424],[-3.584806,35.801656],[-3.311341,37.499409],[-4.963456,38.552712]]]}},{"type":"Feature","properties":{"hex_id":"823927fffffffff","population":6536997,"population_year":2025,"area_km2":93159.0,"population_density":70.2,"all_players":44,"players_per_million":6.73,"player_ids":["top5:afonso-moreira:2005","top5:alvaro-carreras:2003","top5:andre-gomes:1993","top5:andre-silva:1995","top5:andres-antanon:2007","top5:angelino:1997","top5:borja-iglesias:1993","top5:brais-mendez:1997","top5:bruno-fernandes:1994","top5:damian-rodriguez:2003","top5:dani-rodriguez:1988","top5:danilo-veiga:2002","top5:david-costas:1995","top5:denis-suarez:1994","top5:diego-pampin:2000","top5:diogo-dalot:1999","top5:diogo-leite:1999","top5:domingos-andre-ribeiro-almeida:2000","top5:dro-fernandez:2008","top5:fabio-silva:2002","top5:fabio-vieira:2000","top5:hugo-alvarez:2003","top5:hugo-bueno:2002","top5:hugo-sotelo:2003","top5:iago-aspas:1987","top5:iker-losada:2001","top5:javi-rodriguez:2003","top5:jonny-castro:1994","top5:jose-sa:1993","top5:jota-silva:1999","top5:lucas-vazquez:1991","top5:manu-fernandez:2001","top5:martim-neto:2003","top5:miguel-roman:2002","top5:pablo-duran:2001","top5:pablo:2004","top5:pedro-neto:2000","top5:rodrigo-ribeiro:2005","top5:santi-comesana:1996","top5:sergio-carreira:2000","top5:tomas-esteves:2002","top5:vanja-milinkovic-savic:1997","top5:yago-santiago:2003","top5:yoel-lago:2004"],"label":"Vigo","country":"Spain"},"geometry":{"type":"Polygon","coordinates":[[[-8.101589,44.050631],[-10.203219,43.356947],[-10.347941,41.63003],[-8.480681,40.6223],[-6.464182,41.30856],[-6.231988,43.009176],[-8.101589,44.050631]]]}},{"type":"Feature","properties":{"hex_id":"82392ffffffffff","population":3160870,"population_year":2025,"area_km2":89440.6,"population_density":35.3,"all_players":8,"players_per_million":2.53,"player_ids":["top5:adrian-de-la-fuente:1999","top5:diego-rico:1993","top5:fernando-calero:1995","top5:iker-benito:2002","top5:jorge-de-frutos:1997","top5:miguel-cubo:2008","top5:pablo-marin:2003","top5:sergio-herrera:1993"],"label":"Miranda de Ebro","country":"Spain"},"geometry":{"type":"Polygon","coordinates":[[[-4.162635,43.625899],[-6.231988,43.009176],[-6.464182,41.30856],[-4.708227,40.256026],[-2.728618,40.871785],[-2.417796,42.54048],[-4.162635,43.625899]]]}},{"type":"Feature","properties":{"hex_id":"823937fffffffff","population":3262075,"population_year":2025,"area_km2":96323.1,"population_density":33.9,"all_players":11,"players_per_million":3.37,"player_ids":["top5:dario-essugo:2005","top5:david-carmo:1999","top5:domingos-duarte:1995","top5:fabio-carvalho:2002","top5:fali-cande:1998","top5:goncalo-guedes:1996","top5:nuno-mendes:2002","top5:rodrigo-gomes:2003","top5:ruben-dias:1997","top5:samu-costa:2000","top5:thierry-correia:1999"],"label":"Aveiro","country":"Portugal"},"geometry":{"type":"Polygon","coordinates":[[[-10.347941,41.63003],[-12.384127,40.869133],[-12.4757,39.112815],[-10.618161,38.139996],[-8.657648,38.889432],[-8.480681,40.6223],[-10.347941,41.63003]]]}},{"type":"Feature","properties":{"hex_id":"823947fffffffff","population":8221573,"population_year":2025,"area_km2":85294.5,"population_density":96.4,"all_players":79,"players_per_million":9.61,"player_ids":["top5:aaron-martin:1997","top5:abdon-prats:1992","top5:adama-traore:1996","top5:adria-altimira:2001","top5:adria-pedrosa:1998","top5:adrian-bernabe:2001","top5:aitor-ruibal:1996","top5:alejandro-balde:2003","top5:alex-moreno:1993","top5:alex-sala:2001","top5:alex-valle:2004","top5:alvaro-rodriguez:2004","top5:antonio-sanchez:1997","top5:arnau-martinez:2003","top5:arnau-tenas:2001","top5:bambo-diaby:1997","top5:carles-alena:1998","top5:chadi-riad:2003","top5:dani-cardenas:1997","top5:dani-olmo:1998","top5:david-lopez:1989","top5:david-lopez:2003","top5:david-raya:1995","top5:dawda-camara:2002","top5:edu-exposito:1996","top5:eric-garcia:2001","top5:ferran-jutgla:1999","top5:gerard-gumbau:1994","top5:gerard-martin:2002","top5:gerard-moreno:1992","top5:hector-bellerin:1995","top5:hector-fort:2006","top5:iker-bravo:2005","top5:ilias-akhomach:2004","top5:ilyas-chaira:2001","top5:ivan-balliu:1992","top5:jan-salas:2005","top5:jan-virgili:2006","top5:javi-morcillo:2006","top5:javi-puado:1998","top5:javier-llabres:2002","top5:javier-olaizola:2007","top5:joan-garcia:2001","top5:joan-jordan:1994","top5:joel-roca:2005","top5:jofre-torrents:2007","top5:lamine-yamal:2007","top5:marc-bartra:1991","top5:marc-bernal:2007","top5:marc-casado:2003","top5:marc-cucurella:1998","top5:marc-guiu:2006","top5:marc-pubill:2003","top5:marc-roca:1996","top5:marcos-llorente:1995","top5:mario-gila:2000","top5:mateu-morey:2000","top5:omar-el-hilali:2003","top5:oriol-rey:1998","top5:oscar-mingueza:1999","top5:pablo-maffeo:1997","top5:pau-cubarsi:2007","top5:pau-lopez:1994","top5:pedro-bigas:1990","top5:pep-chavarria:1998","top5:peque:2002","top5:pol-lirola:1997","top5:ramon-terrats:2000","top5:raul-moro:2002","top5:roberto-navarro:2002","top5:sergi-altimira:2001","top5:sergi-cardona:1999","top5:sergi-darder:1993","top5:sergi-roberto:1992","top5:sergio-gomez:2000","top5:tomas-marques:2006","top5:toni-fernandez:2008","top5:victor-munoz:2003","top5:xavi-espart:2007"],"label":"Barcelona","country":"Spain"},"geometry":{"type":"Polygon","coordinates":[[[1.216871,41.967575],[0.837298,40.335353],[2.409691,39.323588],[4.408495,39.931959],[4.868332,41.580315],[3.24935,42.604792],[1.216871,41.967575]]]}},{"type":"Feature","properties":{"hex_id":"823957fffffffff","population":5978276,"population_year":2025,"area_km2":85321.7,"population_density":70.1,"all_players":47,"players_per_million":7.86,"player_ids":["top5:aaron-escandell:1995","top5:abel-ruiz:2000","top5:alex-fores:2001","top5:alex-grimaldo:1995","top5:anthony-jung:1991","top5:antonio-sivera:1996","top5:carlos-espi:2005","top5:carlos-macia:2008","top5:carlos-romero:2001","top5:carlos-soler:1997","top5:cesar-tarrega:2002","top5:cristhian-mosquera:2004","top5:ferran-torres:2000","top5:german-valera:2002","top5:gonzalo-villar:1998","top5:hugo-gonzalez:2003","top5:inaki-pena:1999","top5:joaquin-martinez-gauna:2003","top5:john-donald:2000","top5:josan:1989","top5:jose-luis-garcia-vaya:1998","top5:jose-luis-gaya:1995","top5:jose-salinas:2000","top5:josep-martinez:1998","top5:kiko-femenia:1991","top5:leo-roman:2000","top5:lucas-torro:1994","top5:mateo-pellegrino:2001","top5:moi-gomez:1994","top5:nacho-perez:2008","top5:nacho-vidal:1995","top5:pablo-cunat:2002","top5:pablo-fornals:1996","top5:pablo-mari:1993","top5:pau-cabanes:2005","top5:pau-navarro:2005","top5:pau-torres:1997","top5:portu:1992","top5:raul-albiol:1985","top5:rayane-belaid:2005","top5:rodrigo-mendoza:2005","top5:ruben-garcia:1993","top5:sergio-lozano:1999","top5:toni-lato:1997","top5:toni-martinez:1997","top5:victor-chust:2000","top5:victor-garcia:1997"],"label":"Valencia","country":"Spain"},"geometry":{"type":"Polygon","coordinates":[[[-1.091146,39.784657],[-1.416234,38.115997],[0.123807,37.036562],[2.015255,37.664358],[2.409691,39.323588],[0.837298,40.335353],[-1.091146,39.784657]]]}},{"type":"Feature","properties":{"hex_id":"823967fffffffff","population":5102029,"population_year":2025,"area_km2":82416.4,"population_density":61.9,"all_players":20,"players_per_million":3.92,"player_ids":["top5:amine-adli:2000","top5:anthony-rouault:2001","top5:aymeric-laporte:1994","top5:bafode-diakite:2001","top5:christian-mawissa:2005","top5:florian-sotoca:1990","top5:frank-magri:1999","top5:gregoire-coudert:1999","top5:guillaume-restes:2005","top5:ilyas-azizi:2008","top5:issa-diop:1997","top5:jean-daniel-akpa-akpro:1992","top5:jim-allevinah:1995","top5:kelvin-amian:1998","top5:ousmane-camara:2003","top5:rafik-messali:2003","top5:romain-perraud:1997","top5:theo-de-percin:2001","top5:tiago-gabriel:2004","top5:valentin-rosier:1996"],"label":"Toulouse","country":"France"},"geometry":{"type":"Polygon","coordinates":[[[-0.028005,44.712978],[-0.397973,43.08589],[1.216871,41.967575],[3.24935,42.604792],[3.696702,44.221235],[2.026569,45.184249],[-0.028005,44.712978]]]}},{"type":"Feature","properties":{"hex_id":"82396ffffffffff","population":6845595,"population_year":2025,"area_km2":85627.7,"population_density":79.9,"all_players":37,"players_per_million":5.4,"player_ids":["top5:amir-richardson:2002","top5:antoine-mendy:2004","top5:benjamin-andre:1990","top5:benjamin-stambouli:1990","top5:bilal-nadir:2003","top5:boubacar-kamara:1999","top5:eliesse-ben-seghir:2005","top5:ellyes-skhiri:1995","top5:franck-honorat:1996","top5:gautier-lloris:1995","top5:gessime-yassine:2005","top5:hugo-magnetti:1998","top5:ilan-kebbal:1998","top5:jeremie-boga:1997","top5:joris-chotard:2001","top5:julien-lopez:1992","top5:kail-boudache:2006","top5:laurent-abergel:1993","top5:lorenz-assignon:2000","top5:lucas-hernandez:1996","top5:mahdi-camara:1998","top5:malang-sarr:1999","top5:mamadou-sarr:2005","top5:maxime-esteve:2002","top5:maxime-lopez:1997","top5:mezian-soares:2009","top5:morgan-guilavogui:1998","top5:naouirou-ahamada:2002","top5:nicolas-cozza:1999","top5:olivier-boscagli:1997","top5:rayan-philippe:2000","top5:serhou-guirassy:1996","top5:tadjidine-mmadi:2007","top5:tom-louchet:2003","top5:wesley-fofana:2000","top5:yanis-zouaoui:1998","top5:yassine-benhattab:2002"],"label":"Marseille","country":"France"},"geometry":{"type":"Polygon","coordinates":[[[3.696702,44.221235],[3.24935,42.604792],[4.868332,41.580315],[6.97784,42.158616],[7.509948,43.786609],[5.848477,44.82547],[3.696702,44.221235]]]}},{"type":"Feature","properties":{"hex_id":"823977fffffffff","population":2453317,"population_year":2025,"area_km2":85294.5,"population_density":28.8,"all_players":22,"players_per_million":8.97,"player_ids":["top5:adrian-liso:2005","top5:aleix-febas:1996","top5:aleix-garcia:1997","top5:alejandro-frances:2002","top5:alex-remiro:1995","top5:alvaro-cortes:2005","top5:asier-osambela:2004","top5:carlos-vicente:1999","top5:cesar-palacios:2004","top5:dani-calvo:1994","top5:eliezer-mayenda:2005","top5:hugo-rincon:2003","top5:iker-munoz:2002","top5:jano-monserrate:2006","top5:jesus-areso:1999","top5:jon-moncayola:1998","top5:jorge-cestero:2006","top5:jorge-herrando:2001","top5:kike-barja:1997","top5:manu-morlanes:1999","top5:marc-aguado:2000","top5:pere-milla:1992"],"label":"Zaragoza","country":"Spain"},"geometry":{"type":"Polygon","coordinates":[[[-0.397973,43.08589],[-2.417796,42.54048],[-2.728618,40.871785],[-1.091146,39.784657],[0.837298,40.335353],[1.216871,41.967575],[-0.397973,43.08589]]]}},{"type":"Feature","properties":{"hex_id":"823987fffffffff","population":7177027,"population_year":2025,"area_km2":95515.4,"population_density":75.1,"all_players":2,"players_per_million":0.28,"player_ids":["top5:abdelhamid-ait-boudlal:2006","top5:yassir-zabiri:2005"],"label":"Marrakech","country":"Morocco"},"geometry":{"type":"Polygon","coordinates":[[[-9.144461,33.653759],[-10.981396,32.862675],[-11.092615,31.105564],[-9.436635,30.165059],[-7.663484,30.943314],[-7.483894,32.674254],[-9.144461,33.653759]]]}},{"type":"Feature","properties":{"hex_id":"82398ffffffffff","population":5616662,"population_year":2025,"area_km2":91641.3,"population_density":61.3,"all_players":3,"players_per_million":0.53,"player_ids":["top5:abde-ezzalzouli:2001","top5:abdelhamid-sabiri:1996","top5:adam-masina:1994"],"label":"Goulmima","country":"Morocco"},"geometry":{"type":"Polygon","coordinates":[[[-5.667272,33.405709],[-7.483894,32.674254],[-7.663484,30.943314],[-6.090863,29.97495],[-4.341769,30.698974],[-4.099405,32.398339],[-5.667272,33.405709]]]}},{"type":"Feature","properties":{"hex_id":"8239affffffffff","population":13874337,"population_year":2025,"area_km2":93933.6,"population_density":147.7,"all_players":6,"players_per_million":0.43,"player_ids":["top5:abdel-abqar:1999","top5:azzedine-ounahi:2000","top5:hamza-igamane:2002","top5:hamza-koutoune:2006","top5:mohamed-amine-sbai:2000","top5:nayef-aguerd:1996"],"label":"Casablanca","country":"Morocco"},"geometry":{"type":"Polygon","coordinates":[[[-7.101894,36.141695],[-8.989073,35.401916],[-9.144461,33.653759],[-7.483894,32.674254],[-5.667272,33.405709],[-5.442348,35.124424],[-7.101894,36.141695]]]}},{"type":"Feature","properties":{"hex_id":"823e67fffffffff","population":74086568,"population_year":2025,"area_km2":101417.2,"population_density":730.5,"all_players":3,"players_per_million":0.04,"player_ids":["top5:mohamed-salah:1992","top5:mostafa-mohamed:1997","top5:omar-marmoush:1999"],"label":"Nagrig","country":"Egypt"},"geometry":{"type":"Polygon","coordinates":[[[30.84614,32.114366],[29.97458,30.494221],[31.156426,29.02702],[33.175397,29.162053],[34.073508,30.754985],[32.928331,32.240102],[30.84614,32.114366]]]}},{"type":"Feature","properties":{"hex_id":"823f27fffffffff","population":1974664,"population_year":2025,"area_km2":98815.5,"population_density":20.0,"all_players":2,"players_per_million":1.01,"player_ids":["top5:domenico-berardi:1994","top5:stanislav-lobotka:1994"],"label":"Messina","country":"Italy"},"geometry":{"type":"Polygon","coordinates":[[[16.087589,39.612646],[15.400739,37.949689],[16.884717,36.66837],[19.059614,37.029019],[19.811123,38.685282],[18.32526,39.988178],[16.087589,39.612646]]]}},{"type":"Feature","properties":{"hex_id":"823f67fffffffff","population":10093818,"population_year":2025,"area_km2":99241.3,"population_density":101.7,"all_players":2,"players_per_million":0.2,"player_ids":["top5:berke-ozer:2000","top5:cenk-ozkacar:2000"],"label":"Konak","country":"Turkey"},"geometry":{"type":"Polygon","coordinates":[[[26.578016,39.470649],[25.702401,37.868316],[27.050977,36.45835],[29.24697,36.632905],[30.164431,38.215301],[28.846869,39.643311],[26.578016,39.470649]]]}},{"type":"Feature","properties":{"hex_id":"823f77fffffffff","population":729683,"population_year":2025,"area_km2":101417.2,"population_density":7.2,"all_players":2,"players_per_million":2.74,"player_ids":["top5:konstantinos-koulierakis:2003","top5:manolis-saliakas:1996"],"label":"Heraklion","country":"Greece"},"geometry":{"type":"Polygon","coordinates":[[[23.474781,37.630343],[22.666678,35.986218],[24.035998,34.596858],[26.195246,34.831357],[27.050977,36.45835],[25.702401,37.868316],[23.474781,37.630343]]]}},{"type":"Feature","properties":{"hex_id":"82446ffffffffff","population":9292440,"population_year":2025,"area_km2":96323.1,"population_density":96.5,"all_players":2,"players_per_million":0.22,"player_ids":["top5:bryan-okoh:2003","top5:cole-campbell:2006"],"label":"Houston","country":"United States"},"geometry":{"type":"Polygon","coordinates":[[[-94.808948,29.022702],[-93.135951,29.913303],[-93.177711,31.651131],[-94.945821,32.516906],[-96.66289,31.619531],[-96.567347,29.863731],[-94.808948,29.022702]]]}},{"type":"Feature","properties":{"hex_id":"8244a7fffffffff","population":5328381,"population_year":2025,"area_km2":75672.4,"population_density":70.4,"all_players":1,"players_per_million":0.19,"player_ids":["top5:alex-freeman:2004"],"label":"Fort Lauderdale","country":"United States"},"geometry":{"type":"Polygon","coordinates":[[[-79.508242,23.533066],[-78.073265,24.24011],[-77.908907,25.835601],[-79.211732,26.761492],[-80.698565,26.062694],[-80.82969,24.429618],[-79.508242,23.533066]]]}},{"type":"Feature","properties":{"hex_id":"8244dffffffffff","population":7412190,"population_year":2025,"area_km2":77926.1,"population_density":95.1,"all_players":1,"players_per_million":0.13,"player_ids":["top5:mathis-albert:2009"],"label":"Greenville","country":"United States"},"geometry":{"type":"Polygon","coordinates":[[[-81.592393,33.531156],[-79.985888,34.15372],[-79.557618,35.583567],[-81.068449,36.598719],[-82.992984,36.123996],[-83.104736,34.505705],[-81.592393,33.531156]]]}},{"type":"Feature","properties":{"hex_id":"8244effffffffff","population":3612428,"population_year":2025,"area_km2":85294.5,"population_density":42.4,"all_players":2,"players_per_million":0.55,"player_ids":["top5:chris-richards:2000","top5:tanner-tessmann:2001"],"label":"Birmingham","country":"United States"},"geometry":{"type":"Polygon","coordinates":[[[-86.487848,31.44625],[-84.845862,32.177532],[-84.761579,33.833075],[-86.366648,34.786557],[-88.065886,34.059836],[-88.101738,32.375354],[-86.487848,31.44625]]]}},{"type":"Feature","properties":{"hex_id":"824527fffffffff","population":8088946,"population_year":2025,"area_km2":85627.7,"population_density":94.5,"all_players":1,"players_per_million":0.12,"player_ids":["top5:kervin-arriaga:1998"],"label":"Puerto Cortés","country":"Honduras"},"geometry":{"type":"Polygon","coordinates":[[[-88.434553,13.711756],[-86.999519,14.59625],[-86.954405,16.244453],[-88.381314,17.034156],[-89.857391,16.13933],[-89.864907,14.465456],[-88.434553,13.711756]]]}},{"type":"Feature","properties":{"hex_id":"8245b7fffffffff","population":1038411,"population_year":2025,"area_km2":72289.7,"population_density":14.4,"all_players":1,"players_per_million":0.96,"player_ids":["top5:leon-bailey:1997"],"label":"Jamaica","country":""},"geometry":{"type":"Polygon","coordinates":[[[-78.539302,16.469566],[-77.180408,17.235914],[-77.336996,18.638235],[-78.541785,19.47005],[-79.925049,18.715079],[-80.057079,17.125741],[-78.539302,16.469566]]]}},{"type":"Feature","properties":{"hex_id":"82464ffffffffff","population":1076096,"population_year":2025,"area_km2":98815.5,"population_density":10.9,"all_players":1,"players_per_million":0.93,"player_ids":["top5:noahkai-banks:2006"],"label":"Honolulu","country":"United States"},"geometry":{"type":"Polygon","coordinates":[[[-159.133129,23.438175],[-160.24133,22.005854],[-159.475161,20.422209],[-157.606849,20.259692],[-156.478386,21.691033],[-157.237348,23.285729],[-159.133129,23.438175]]]}},{"type":"Feature","properties":{"hex_id":"82480ffffffffff","population":1252872,"population_year":2025,"area_km2":104135.0,"population_density":12.0,"all_players":1,"players_per_million":0.8,"player_ids":["top5:johan-vasquez:1998"],"label":"Navojoa","country":"Mexico"},"geometry":{"type":"Polygon","coordinates":[[[-110.067594,25.163543],[-108.490011,26.27498],[-108.763145,28.059391],[-110.662618,28.72381],[-112.248052,27.591432],[-111.927064,25.816224],[-110.067594,25.163543]]]}},{"type":"Feature","properties":{"hex_id":"824987fffffffff","population":19671826,"population_year":2025,"area_km2":101417.2,"population_density":194.0,"all_players":1,"players_per_million":0.05,"player_ids":["top5:raul-jimenez:1991"],"label":"Tepeji del Río de Ocampo Municipality","country":"Mexico"},"geometry":{"type":"Polygon","coordinates":[[[-100.786028,18.036674],[-99.246183,19.050422],[-99.372387,20.819245],[-101.084901,21.581818],[-102.651462,20.548282],[-102.478889,18.772634],[-100.786028,18.036674]]]}},{"type":"Feature","properties":{"hex_id":"824b67fffffffff","population":7712336,"population_year":2025,"area_km2":70058.2,"population_density":110.1,"all_players":1,"players_per_million":0.13,"player_ids":["top5:daichi-kamada:1996"],"label":"Ehime Prefecture","country":"Japan"},"geometry":{"type":"Polygon","coordinates":[[[130.557843,33.768644],[130.260732,32.389001],[131.702216,31.564914],[133.45368,32.12931],[133.762313,33.515468],[132.308377,34.331159],[130.557843,33.768644]]]}},{"type":"Feature","properties":{"hex_id":"824cd7fffffffff","population":7721610,"population_year":2025,"area_km2":65961.6,"population_density":117.1,"all_players":1,"players_per_million":0.13,"player_ids":["top5:junior-firpo:1996"],"label":"Santo Domingo","country":"Dominican Republic"},"geometry":{"type":"Polygon","coordinates":[[[-70.45385,19.381759],[-71.730136,18.713931],[-71.551099,17.332941],[-70.086138,16.633168],[-68.822887,17.323396],[-69.011224,18.690619],[-70.45385,19.381759]]]}},{"type":"Feature","properties":{"hex_id":"8253affffffffff","population":5839967,"population_year":2025,"area_km2":93933.6,"population_density":62.2,"all_players":1,"players_per_million":0.17,"player_ids":["top5:saud-abdulhamid:1999"],"label":"Jeddah","country":"Saudi Arabia"},"geometry":{"type":"Polygon","coordinates":[[[37.387531,23.259173],[36.51963,21.700529],[37.489955,20.26149],[39.288044,20.364056],[40.165446,21.8868],[39.236789,23.342537],[37.387531,23.259173]]]}},{"type":"Feature","properties":{"hex_id":"825417fffffffff","population":2336741,"population_year":2025,"area_km2":87326.6,"population_density":26.8,"all_players":2,"players_per_million":0.86,"player_ids":["top5:ismaila-sarr:1998","top5:pape-mamadou-sy:1997"],"label":"Saint-Louis","country":"Senegal"},"geometry":{"type":"Polygon","coordinates":[[[-16.397045,18.232262],[-17.936911,17.348672],[-17.910453,15.729652],[-16.398113,15.002856],[-14.894156,15.857368],[-14.866952,17.466871],[-16.397045,18.232262]]]}},{"type":"Feature","properties":{"hex_id":"82541ffffffffff","population":7222085,"population_year":2025,"area_km2":82705.0,"population_density":87.3,"all_players":7,"players_per_million":0.97,"player_ids":["top5:abdoulaye-faye:2004","top5:alpha-toure:2006","top5:cheikh-niasse:2000","top5:cheikh-tidiane-sabaly:1999","top5:fallou-cham:2006","top5:issa-soumare:2000","top5:nicolas-jackson:2001"],"label":"Senegal","country":"Senegal"},"geometry":{"type":"Polygon","coordinates":[[[-14.894156,15.857368],[-16.398113,15.002856],[-16.398619,13.434493],[-14.945816,12.730846],[-13.478121,13.55752],[-13.427371,15.114836],[-14.894156,15.857368]]]}},{"type":"Feature","properties":{"hex_id":"825437fffffffff","population":1457357,"population_year":2025,"area_km2":89801.2,"population_density":16.2,"all_players":1,"players_per_million":0.69,"player_ids":["top5:bahmed-deuff:2006"],"label":"Nouakchott","country":"Mauritania"},"geometry":{"type":"Polygon","coordinates":[[[-14.809543,20.769716],[-16.396482,19.889828],[-16.397045,18.232262],[-14.866952,17.466871],[-13.32045,18.320021],[-13.264083,19.964453],[-14.809543,20.769716]]]}},{"type":"Feature","properties":{"hex_id":"825447fffffffff","population":9530601,"population_year":2025,"area_km2":73030.9,"population_density":130.5,"all_players":7,"players_per_million":0.73,"player_ids":["top5:amadou-haidara:1998","top5:amady-camara:2005","top5:boubacar-traore:2001","top5:fode-doucoure:2001","top5:kamory-doumbia:2003","top5:lassine-sinayoko:1999","top5:yves-bissouma:1996"],"label":"Bamako","country":"Mali"},"geometry":{"type":"Polygon","coordinates":[[[-7.794022,13.699301],[-9.251135,12.921663],[-9.367549,11.435581],[-8.069918,10.746291],[-6.654609,11.503405],[-6.495884,12.96973],[-7.794022,13.699301]]]}},{"type":"Feature","properties":{"hex_id":"8254affffffffff","population":8214252,"population_year":2025,"area_km2":84307.8,"population_density":97.4,"all_players":25,"players_per_million":3.04,"player_ids":["top5:abdallah-sima:2001","top5:abdoulie-ceesay:2004","top5:adama-boiro:2002","top5:alieu-fadera:2001","top5:amadou-onana:2001","top5:arouna-sangante:2002","top5:assane-diao:2005","top5:assane-diousse:1997","top5:bamba-dieng:2000","top5:formose-mendy:2001","top5:habib-diallo:1995","top5:habib-diarra:2004","top5:idrissa-gana-gueye:1989","top5:idrissa-gueye:2006","top5:krepin-diatta:1999","top5:malick-mbaye:2004","top5:moustapha-mbow:2000","top5:nobel-mendy:2004","top5:pape-demba-diop:2003","top5:pape-matar-sarr:2002","top5:pathe-ciss:1994","top5:pathe-mboup:2003","top5:paul-mendy:2007","top5:sambou-soumano:2001","top5:yankuba-minteh:2004"],"label":"Dakar","country":"Senegal"},"geometry":{"type":"Polygon","coordinates":[[[-17.910453,15.729652],[-19.403783,14.850204],[-19.352866,13.27566],[-17.860226,12.585841],[-16.398619,13.434493],[-16.398113,15.002856],[-17.910453,15.729652]]]}},{"type":"Feature","properties":{"hex_id":"8254c7fffffffff","population":1781048,"population_year":2025,"area_km2":74863.4,"population_density":23.8,"all_players":2,"players_per_million":1.12,"player_ids":["top5:abdoulaye-camara:2008","top5:ilaix-moriba:2003"],"label":"Conakry","country":"Guinea"},"geometry":{"type":"Polygon","coordinates":[[[-14.970363,11.216545],[-16.399582,10.397267],[-16.40004,8.930403],[-15.017096,8.290872],[-13.620577,9.08223],[-13.574644,10.540215],[-14.970363,11.216545]]]}},{"type":"Feature","properties":{"hex_id":"8254cffffffffff","population":2099372,"population_year":2025,"area_km2":70058.2,"population_density":30.0,"all_players":2,"players_per_million":0.95,"player_ids":["top5:abdulai-juma-bah:2006","top5:trevoh-chalobah:1999"],"label":"Freetown","country":"Sierra Leone"},"geometry":{"type":"Polygon","coordinates":[[[-13.620577,9.08223],[-15.017096,8.290872],[-15.039357,6.880833],[-13.708147,6.270965],[-12.344346,7.035854],[-12.279429,8.4363],[-13.620577,9.08223]]]}},{"type":"Feature","properties":{"hex_id":"8254effffffffff","population":6371577,"population_year":2025,"area_km2":73030.9,"population_density":87.2,"all_players":1,"players_per_million":0.16,"player_ids":["top5:sidiki-cherif:2006"],"label":"Dubréka Prefecture","country":"Guinea"},"geometry":{"type":"Polygon","coordinates":[[[-12.14321,11.340312],[-13.574644,10.540215],[-13.620577,9.08223],[-12.279429,8.4363],[-10.883976,9.211077],[-10.794193,10.656349],[-12.14321,11.340312]]]}},{"type":"Feature","properties":{"hex_id":"8254f7fffffffff","population":3444912,"population_year":2025,"area_km2":79647.5,"population_density":43.3,"all_players":10,"players_per_million":2.9,"player_ids":["top5:abdoulaye-ndiaye:2002","top5:alassane-diatta:2005","top5:ansu-fati:2002","top5:bakery-jatta:1998","top5:el-hadji-malick-diouf:2004","top5:ibou-sane:2005","top5:lamine-camara:2004","top5:mama-samba-balde:1995","top5:sadibou-sane:2004","top5:toti-gomes:1999"],"label":"Diouloulou","country":"Senegal"},"geometry":{"type":"Polygon","coordinates":[[[-16.398619,13.434493],[-17.860226,12.585841],[-17.836368,11.063783],[-16.399582,10.397267],[-14.970363,11.216545],[-14.945816,12.730846],[-16.398619,13.434493]]]}},{"type":"Feature","properties":{"hex_id":"82554ffffffffff","population":510958,"population_year":2025,"area_km2":76219.8,"population_density":6.7,"all_players":4,"players_per_million":7.83,"player_ids":["top5:daouda-guindo:2002","top5:hamari-traore:1992","top5:lassana-coulibaly:1996","top5:mamadou-sangare:2002"],"label":"Mali","country":"Mali"},"geometry":{"type":"Polygon","coordinates":[[[-4.47288,18.297333],[-5.987552,17.542835],[-6.162619,15.990769],[-4.866872,15.219885],[-3.40063,15.959635],[-3.182724,17.484598],[-4.47288,18.297333]]]}},{"type":"Feature","properties":{"hex_id":"82580ffffffffff","population":21965913,"population_year":2025,"area_km2":87326.6,"population_density":251.5,"all_players":1,"players_per_million":0.05,"player_ids":["top5:junior-adamu:2001"],"label":"Kano","country":"Nigeria"},"geometry":{"type":"Polygon","coordinates":[[[7.98617,14.492671],[7.578742,12.932376],[8.784937,11.730952],[10.416288,12.057325],[10.869782,13.615008],[9.646406,14.849664],[7.98617,14.492671]]]}},{"type":"Feature","properties":{"hex_id":"82581ffffffffff","population":24750400,"population_year":2025,"area_km2":82705.0,"population_density":299.3,"all_players":2,"players_per_million":0.08,"player_ids":["top5:chidera-ejuke:1998","top5:umar-sadiq:1997"],"label":"Kaduna","country":"Nigeria"},"geometry":{"type":"Polygon","coordinates":[[[5.980953,12.584546],[5.614833,11.06822],[6.801169,9.899743],[8.37387,10.215394],[8.784937,11.730952],[7.578742,12.932376],[5.980953,12.584546]]]}},{"type":"Feature","properties":{"hex_id":"825857fffffffff","population":9654818,"population_year":2025,"area_km2":88726.5,"population_density":108.8,"all_players":1,"players_per_million":0.1,"player_ids":["top5:frank-onyeka:1998"],"label":"Maiduguri","country":"Nigeria"},"geometry":{"type":"Polygon","coordinates":[[[10.869782,13.615008],[10.416288,12.057325],[11.607495,10.83859],[13.264753,11.144077],[13.762355,12.69443],[12.559317,13.947331],[10.869782,13.615008]]]}},{"type":"Feature","properties":{"hex_id":"82585ffffffffff","population":9714459,"population_year":2025,"area_km2":89440.6,"population_density":108.6,"all_players":1,"players_per_million":0.1,"player_ids":["top5:loum-tchaouna:2003"],"label":"N'Djamena","country":"Chad"},"geometry":{"type":"Polygon","coordinates":[[[13.762355,12.69443],[13.264753,11.144077],[14.435042,9.913391],[16.110107,10.199095],[16.649194,11.737555],[15.472616,13.002851],[13.762355,12.69443]]]}},{"type":"Feature","properties":{"hex_id":"82588ffffffffff","population":31056194,"population_year":2025,"area_km2":74863.4,"population_density":414.8,"all_players":1,"players_per_million":0.03,"player_ids":["top5:victor-boniface:2000"],"label":"Akure","country":"Nigeria"},"geometry":{"type":"Polygon","coordinates":[[[4.915721,8.129175],[4.581792,6.708567],[5.720322,5.590237],[7.212915,5.860392],[7.588359,7.279048],[6.429971,8.430253],[4.915721,8.129175]]]}},{"type":"Feature","properties":{"hex_id":"82589ffffffffff","population":3121315,"population_year":2025,"area_km2":70058.2,"population_density":44.6,"all_players":8,"players_per_million":2.56,"player_ids":["top5:alex-iwobi:1996","top5:arnaut-danjuma:1997","top5:david-okereke:1997","top5:fisayo-dele-bashiru:2001","top5:george-ilenikhena:2006","top5:rafiu-durosinmi:2003","top5:tolu-arokodare:2000","top5:tosin-aiyegun:1998"],"label":"Lagos","country":"Nigeria"},"geometry":{"type":"Polygon","coordinates":[[[3.125247,6.42502],[2.826003,5.055078],[3.943036,3.968797],[5.380973,4.221154],[5.720322,5.590237],[4.581792,6.708567],[3.125247,6.42502]]]}},{"type":"Feature","properties":{"hex_id":"8258affffffffff","population":7035381,"population_year":2025,"area_km2":77902.3,"population_density":90.3,"all_players":1,"players_per_million":0.14,"player_ids":["top5:taiwo-awoniyi:1997"],"label":"Ilorin","country":"Nigeria"},"geometry":{"type":"Polygon","coordinates":[[[4.079007,10.734015],[3.751338,9.265211],[4.915721,8.129175],[6.429971,8.430253],[6.801169,9.899743],[5.614833,11.06822],[4.079007,10.734015]]]}},{"type":"Feature","properties":{"hex_id":"8258b7fffffffff","population":5386257,"population_year":2025,"area_km2":70782.3,"population_density":76.1,"all_players":2,"players_per_million":0.37,"player_ids":["top5:dermane-karim:2003","top5:ihlas-bebou:1994"],"label":"Sokodé","country":"Togo"},"geometry":{"type":"Polygon","coordinates":[[[-0.319183,9.731837],[-0.569486,8.31841],[0.568935,7.231941],[1.984396,7.529294],[2.276431,8.948133],[1.111258,10.06492],[-0.319183,9.731837]]]}},{"type":"Feature","properties":{"hex_id":"8258d7fffffffff","population":18519878,"population_year":2025,"area_km2":76219.8,"population_density":243.0,"all_players":3,"players_per_million":0.16,"player_ids":["top5:akor-adams:2000","top5:chidozie-awaziem:1997","top5:gift-orban:2002"],"label":"Benue State","country":"Nigeria"},"geometry":{"type":"Polygon","coordinates":[[[7.588359,7.279048],[7.212915,5.860392],[8.344199,4.732154],[9.867156,4.989684],[10.28318,6.402677],[9.136092,7.564542],[7.588359,7.279048]]]}},{"type":"Feature","properties":{"hex_id":"8258e7fffffffff","population":16207468,"population_year":2025,"area_km2":84307.8,"population_density":192.2,"all_players":1,"players_per_million":0.06,"player_ids":["top5:moses-simon:1995"],"label":"Jos","country":"Nigeria"},"geometry":{"type":"Polygon","coordinates":[[[8.784937,11.730952],[8.37387,10.215394],[9.549996,9.030648],[11.152828,9.328207],[11.607495,10.83859],[10.416288,12.057325],[8.784937,11.730952]]]}},{"type":"Feature","properties":{"hex_id":"8258f7fffffffff","population":16021633,"population_year":2025,"area_km2":79647.5,"population_density":201.2,"all_players":4,"players_per_million":0.25,"player_ids":["top5:ebenezer-akinsanmiro:2004","top5:tani-oluwaseyi:2000","top5:terem-moffi:1999","top5:uchenna-ogundu:2006"],"label":"Nigeria","country":"Nigeria"},"geometry":{"type":"Polygon","coordinates":[[[6.801169,9.899743],[6.429971,8.430253],[7.588359,7.279048],[9.136092,7.564542],[9.549996,9.030648],[8.37387,10.215394],[6.801169,9.899743]]]}},{"type":"Feature","properties":{"hex_id":"825997fffffffff","population":8910897,"population_year":2025,"area_km2":70058.2,"population_density":127.2,"all_players":2,"players_per_million":0.22,"player_ids":["top5:dango-ouattara:2002","top5:edmond-tapsoba:1999"],"label":"Ouagadougou","country":"Burkina Faso"},"geometry":{"type":"Polygon","coordinates":[[[-3.815957,12.988678],[-4.013998,11.545296],[-2.861842,10.477113],[-1.480168,10.825815],[-1.239631,12.281369],[-2.423468,13.376663],[-3.815957,12.988678]]]}},{"type":"Feature","properties":{"hex_id":"82599ffffffffff","population":7658758,"population_year":2025,"area_km2":73030.9,"population_density":104.9,"all_players":1,"players_per_million":0.13,"player_ids":["top5:djene:1991"],"label":"Durum Town","country":"Togo"},"geometry":{"type":"Polygon","coordinates":[[[-1.239631,12.281369],[-1.480168,10.825815],[-0.319183,9.731837],[1.111258,10.06492],[1.39518,11.529027],[0.205211,12.652178],[-1.239631,12.281369]]]}},{"type":"Feature","properties":{"hex_id":"825e47fffffffff","population":434822,"population_year":2025,"area_km2":73030.9,"population_density":6.0,"all_players":1,"players_per_million":2.3,"player_ids":["top5:kevin-danois:2004"],"label":"Basse-Terre","country":"France"},"geometry":{"type":"Polygon","coordinates":[[[-61.536047,13.315163],[-60.296727,14.395691],[-60.525074,15.869734],[-61.979153,16.249349],[-63.191495,15.181722],[-62.976789,13.721947],[-61.536047,13.315163]]]}},{"type":"Feature","properties":{"hex_id":"825e5ffffffffff","population":281447,"population_year":2025,"area_km2":70782.3,"population_density":4.0,"all_players":4,"players_per_million":14.21,"player_ids":["top5:jeanuel-belocian:2005","top5:josue-casimir:2001","top5:remy-labeau-lascary:2003","top5:thomas-lemar:1995"],"label":"Baie-Mahault","country":"France"},"geometry":{"type":"Polygon","coordinates":[[[-60.525074,15.869734],[-59.277584,16.935419],[-59.510088,18.366344],[-60.976707,18.720572],[-62.198208,17.668849],[-61.979153,16.249349],[-60.525074,15.869734]]]}},{"type":"Feature","properties":{"hex_id":"825f17fffffffff","population":258013,"population_year":2025,"area_km2":95515.4,"population_density":2.7,"all_players":4,"players_per_million":15.5,"player_ids":["top5:donovan-leon:1992","top5:jean-clair-todibo:1999","top5:mike-maignan:1995","top5:odsonne-edouard:1998"],"label":"Cayenne","country":"France"},"geometry":{"type":"Polygon","coordinates":[[[-52.603687,2.683173],[-51.252816,3.813395],[-51.526411,5.519499],[-53.138884,6.083512],[-54.471472,4.960947],[-54.210127,3.267081],[-52.603687,2.683173]]]}},{"type":"Feature","properties":{"hex_id":"826617fffffffff","population":733037,"population_year":2025,"area_km2":87326.6,"population_density":8.4,"all_players":2,"players_per_million":2.73,"player_ids":["top5:juan-cuadrado:1988","top5:yerson-mosquera:2001"],"label":"Necoclí","country":"Colombia"},"geometry":{"type":"Polygon","coordinates":[[[-77.92069,10.426959],[-79.317401,9.553624],[-79.165039,7.941424],[-77.602263,7.212914],[-76.209101,8.107689],[-76.374864,9.709052],[-77.92069,10.426959]]]}},{"type":"Feature","properties":{"hex_id":"82661ffffffffff","population":7780378,"population_year":2025,"area_km2":89801.2,"population_density":86.6,"all_players":4,"players_per_million":0.51,"player_ids":["top5:daniel-munoz:1996","top5:deiver-machado:1993","top5:jhon-arias:1997","top5:nelson-deossa:2000"],"label":"Amalfi","country":"Colombia"},"geometry":{"type":"Polygon","coordinates":[[[-76.209101,8.107689],[-77.602263,7.212914],[-77.440699,5.563142],[-75.87276,4.821344],[-74.485771,5.737922],[-74.660215,7.374064],[-76.209101,8.107689]]]}},{"type":"Feature","properties":{"hex_id":"826627fffffffff","population":5316653,"population_year":2025,"area_km2":80544.7,"population_density":66.0,"all_players":1,"players_per_million":0.19,"player_ids":["top5:luis-diaz:1997"],"label":"Barrancas","country":"Colombia"},"geometry":{"type":"Polygon","coordinates":[[[-73.826225,12.921604],[-75.173818,12.112028],[-75.004219,10.562835],[-73.475279,9.837525],[-72.136993,10.670248],[-72.317998,12.204723],[-73.826225,12.921604]]]}},{"type":"Feature","properties":{"hex_id":"8266a7fffffffff","population":3636018,"population_year":2025,"area_km2":88726.5,"population_density":41.0,"all_players":1,"players_per_million":0.28,"player_ids":["top5:michael-amir-murillo:1996"],"label":"Panama City","country":"Panama"},"geometry":{"type":"Polygon","coordinates":[[[-80.872255,10.262406],[-82.288061,9.37146],[-82.150191,7.752189],[-80.581771,7.030409],[-79.165039,7.941424],[-79.317401,9.553624],[-80.872255,10.262406]]]}},{"type":"Feature","properties":{"hex_id":"8266d7fffffffff","population":6196227,"population_year":2025,"area_km2":97556.0,"population_density":63.5,"all_players":5,"players_per_million":0.81,"player_ids":["top5:juan-arizala:2005","top5:nilson-angulo:2003","top5:pervis-estupinan:1998","top5:piero-hincapie:2002","top5:willian-pacho:2001"],"label":"Esmeraldas","country":"Ecuador"},"geometry":{"type":"Polygon","coordinates":[[[-78.698736,2.938488],[-80.134859,1.975922],[-79.982821,0.245335],[-78.379976,-0.512277],[-76.946355,0.468955],[-77.112766,2.188684],[-78.698736,2.938488]]]}},{"type":"Feature","properties":{"hex_id":"8266f7fffffffff","population":5409797,"population_year":2025,"area_km2":93933.6,"population_density":57.6,"all_players":8,"players_per_million":1.48,"player_ids":["top5:daniel-mosquera:1999","top5:duvan-zapata:1991","top5:jefferson-lerma:1994","top5:jhon-lucumi:1998","top5:johan-mojica:1992","top5:juan-david-cabal:2001","top5:yaser-asprilla:2003","top5:yerry-mina:1994"],"label":"Cali","country":"Colombia"},"geometry":{"type":"Polygon","coordinates":[[[-77.440699,5.563142],[-78.855727,4.631725],[-78.698736,2.938488],[-77.112766,2.188684],[-75.702142,3.140563],[-75.87276,4.821344],[-77.440699,5.563142]]]}},{"type":"Feature","properties":{"hex_id":"826727fffffffff","population":7393879,"population_year":2025,"area_km2":68186.6,"population_density":108.4,"all_players":1,"players_per_million":0.14,"player_ids":["top5:carlens-arcus:1996"],"label":"Port-au-Prince","country":"Haiti"},"geometry":{"type":"Polygon","coordinates":[[[-73.199201,19.391406],[-74.509206,18.697242],[-74.340779,17.3045],[-72.851414,16.617248],[-71.551099,17.332941],[-71.730136,18.713931],[-73.199201,19.391406]]]}},{"type":"Feature","properties":{"hex_id":"826747fffffffff","population":2825474,"population_year":2025,"area_km2":74863.4,"population_density":37.7,"all_players":1,"players_per_million":0.35,"player_ids":["top5:yangel-herrera:1998"],"label":"La Guaira","country":"Venezuela"},"geometry":{"type":"Polygon","coordinates":[[[-68.248432,13.029699],[-69.522732,12.26693],[-69.331709,10.750023],[-67.857439,10.015726],[-66.599345,10.803502],[-66.798949,12.300298],[-68.248432,13.029699]]]}},{"type":"Feature","properties":{"hex_id":"82674ffffffffff","population":6540188,"population_year":2025,"area_km2":76219.8,"population_density":85.8,"all_players":3,"players_per_million":0.46,"player_ids":["top5:cristian-casseres-jr:2000","top5:jon-aramburu:2002","top5:salomon-rondon:1989"],"label":"Caracas","country":"Venezuela"},"geometry":{"type":"Polygon","coordinates":[[[-66.599345,10.803502],[-67.857439,10.015726],[-67.659488,8.46691],[-66.195256,7.728775],[-64.955386,8.542069],[-65.161151,10.067792],[-66.599345,10.803502]]]}},{"type":"Feature","properties":{"hex_id":"826a8ffffffffff","population":3323288,"population_year":2025,"area_km2":95515.4,"population_density":34.8,"all_players":1,"players_per_million":0.3,"player_ids":["top5:chancel-mbemba:1994"],"label":"Kisangani","country":"Democratic Republic of the Congo"},"geometry":{"type":"Polygon","coordinates":[[[25.586785,-1.270444],[26.266523,0.318003],[25.212454,1.652508],[23.49025,1.416746],[22.800772,-0.152277],[23.842343,-1.505063],[25.586785,-1.270444]]]}},{"type":"Feature","properties":{"hex_id":"826ac7fffffffff","population":15686252,"population_year":2025,"area_km2":95515.4,"population_density":164.2,"all_players":1,"players_per_million":0.06,"player_ids":["top5:axel-tuanzebe:1997"],"label":"Bunia","country":"Democratic Republic of the Congo"},"geometry":{"type":"Polygon","coordinates":[[[30.825041,-0.559499],[31.469937,1.021249],[30.388097,2.35084],[28.664505,2.120198],[28.003538,0.553362],[29.081378,-0.796995],[30.825041,-0.559499]]]}},{"type":"Feature","properties":{"hex_id":"826adffffffffff","population":40098258,"population_year":2025,"area_km2":98815.5,"population_density":405.8,"all_players":1,"players_per_million":0.02,"player_ids":["top5:youssouf-ndayishimiye:1998"],"label":"Burundi","country":"Burundi"},"geometry":{"type":"Polygon","coordinates":[[[31.272445,-3.53636],[31.921816,-1.919557],[30.825041,-0.559499],[29.081378,-0.796995],[28.415031,-2.401486],[29.508441,-3.781048],[31.272445,-3.53636]]]}},{"type":"Feature","properties":{"hex_id":"826b9ffffffffff","population":2694352,"population_year":2025,"area_km2":85294.5,"population_density":31.6,"all_players":1,"players_per_million":0.37,"player_ids":["top5:goduine-koyalipou:2000"],"label":"Bangui","country":"Central African Republic"},"geometry":{"type":"Polygon","coordinates":[[[19.770318,3.777845],[20.458518,5.284276],[19.479242,6.522352],[17.830961,6.271911],[17.140514,4.790542],[18.099816,3.534623],[19.770318,3.777845]]]}},{"type":"Feature","properties":{"hex_id":"827437fffffffff","population":1013154,"population_year":2025,"area_km2":56786.6,"population_density":17.8,"all_players":1,"players_per_million":0.99,"player_ids":["top5:jean-philippe-gbamin:1995"],"label":"San-Pédro","country":"Ivory Coast"},"geometry":{"type":"Polygon","coordinates":[[[-6.064496,5.36274],[-7.378353,4.648344],[-7.510529,3.375793],[-6.362867,2.831978],[-5.08445,3.526635],[-4.918873,4.784299],[-6.064496,5.36274]]]}},{"type":"Feature","properties":{"hex_id":"827507fffffffff","population":4596499,"population_year":2025,"area_km2":63447.1,"population_density":72.4,"all_players":1,"players_per_million":0.22,"player_ids":["top5:ibrahim-sulemana:2003"],"label":"Sunyani","country":"Ghana"},"geometry":{"type":"Polygon","coordinates":[[[-4.392258,8.747781],[-4.572995,7.39511],[-3.471095,6.357653],[-2.159048,6.64558],[-1.939563,8.007194],[-3.07108,9.072581],[-4.392258,8.747781]]]}},{"type":"Feature","properties":{"hex_id":"827517fffffffff","population":4804122,"population_year":2025,"area_km2":63447.1,"population_density":75.7,"all_players":4,"players_per_million":0.83,"player_ids":["top5:bamo-meite:2001","top5:bazoumana-toure:2006","top5:emmanuel-agbadou:1997","top5:mohamed-bamba:2001"],"label":"Bouaké","country":"Ivory Coast"},"geometry":{"type":"Polygon","coordinates":[[[-5.582643,9.401522],[-6.957445,8.664197],[-7.101993,7.292743],[-5.908653,6.676867],[-4.572995,7.39511],[-4.392258,8.747781],[-5.582643,9.401522]]]}},{"type":"Feature","properties":{"hex_id":"82751ffffffffff","population":13058974,"population_year":2025,"area_km2":59429.4,"population_density":219.7,"all_players":17,"players_per_million":1.3,"player_ids":["top5:abakar-sylla:2002","top5:abdoulaye-bamba:1990","top5:amad-diallo:2002","top5:arsene-kouassi:2004","top5:christian-kouame:1997","top5:david-datro-fofana:2002","top5:emmanuel-biumla:2005","top5:eric-bailly:1994","top5:hamed-junior-traore:2000","top5:ibrahim-sangare:1997","top5:ismael-kone:2002","top5:koffi-kouao:1998","top5:marc-guehi:2000","top5:maxwel-cornet:1996","top5:odilon-kossounou:2001","top5:simon-adingra:2002","top5:sinaly-diomande:2001"],"label":"Abidjan","country":"Ivory Coast"},"geometry":{"type":"Polygon","coordinates":[[[-4.572995,7.39511],[-5.908653,6.676867],[-6.064496,5.36274],[-4.918873,4.784299],[-3.662397,5.048182],[-3.471095,6.357653],[-4.572995,7.39511]]]}},{"type":"Feature","properties":{"hex_id":"827527fffffffff","population":3055231,"population_year":2025,"area_km2":68186.6,"population_density":44.8,"all_players":1,"players_per_million":0.33,"player_ids":["top5:kwasi-sibo:1998"],"label":"Wa","country":"Ghana"},"geometry":{"type":"Polygon","coordinates":[[[-2.861842,10.477113],[-3.07108,9.072581],[-1.939563,8.007194],[-0.569486,8.31841],[-0.319183,9.731837],[-1.480168,10.825815],[-2.861842,10.477113]]]}},{"type":"Feature","properties":{"hex_id":"82752ffffffffff","population":11380330,"population_year":2025,"area_km2":65961.6,"population_density":172.5,"all_players":6,"players_per_million":0.53,"player_ids":["top5:abdul-mumin:1998","top5:ernest-nuamah:2003","top5:kamaldeen-sulemana:2002","top5:lasso-coulibaly:2002","top5:salis-abdul-samed:2000","top5:thomas-partey:1993"],"label":"Ghana","country":"Ghana"},"geometry":{"type":"Polygon","coordinates":[[[-1.939563,8.007194],[-2.159048,6.64558],[-1.048007,5.588679],[0.309804,5.864518],[0.568935,7.231941],[-0.569486,8.31841],[-1.939563,8.007194]]]}},{"type":"Feature","properties":{"hex_id":"827537fffffffff","population":3955898,"population_year":2025,"area_km2":65980.3,"population_density":60.0,"all_players":2,"players_per_million":0.51,"player_ids":["top5:bertrand-traore:1995","top5:herve-koffi:1996"],"label":"Bobo-Dioulasso","country":"Burkina Faso"},"geometry":{"type":"Polygon","coordinates":[[[-4.013998,11.545296],[-5.412035,10.811138],[-5.582643,9.401522],[-4.392258,8.747781],[-3.07108,9.072581],[-2.861842,10.477113],[-4.013998,11.545296]]]}},{"type":"Feature","properties":{"hex_id":"827577fffffffff","population":7460273,"population_year":2025,"area_km2":63447.1,"population_density":117.6,"all_players":9,"players_per_million":1.21,"player_ids":["top5:alidu-seidu:2000","top5:alphonso-davies:2000","top5:gideon-mensah:1998","top5:ibrahim-osman:2004","top5:jonas-adjetey:2003","top5:kojo-peprah-oppong:2004","top5:mohammed-kudus:2000","top5:mohammed-salisu:1999","top5:nathaniel-adjei:2002"],"label":"Accra","country":"Ghana"},"geometry":{"type":"Polygon","coordinates":[[[-1.048007,5.588679],[-1.27685,4.273266],[-0.186076,3.230001],[1.158904,3.472805],[1.425991,4.791199],[0.309804,5.864518],[-1.048007,5.588679]]]}},{"type":"Feature","properties":{"hex_id":"8275a7fffffffff","population":4668134,"population_year":2025,"area_km2":65961.6,"population_density":70.8,"all_players":1,"players_per_million":0.21,"player_ids":["top5:yann-gboho:2001"],"label":"Man","country":"Ivory Coast"},"geometry":{"type":"Polygon","coordinates":[[[-8.201403,9.317264],[-9.589455,8.560616],[-9.695281,7.173126],[-8.452417,6.557695],[-7.101993,7.292743],[-6.957445,8.664197],[-8.201403,9.317264]]]}},{"type":"Feature","properties":{"hex_id":"8275affffffffff","population":5213402,"population_year":2025,"area_km2":61279.2,"population_density":85.1,"all_players":2,"players_per_million":0.38,"player_ids":["top5:abdoul-ouattara:2005","top5:vakoun-bayo:1997"],"label":"Zoukpangbeu","country":"Ivory Coast"},"geometry":{"type":"Polygon","coordinates":[[[-7.101993,7.292743],[-8.452417,6.557695],[-8.572302,5.228007],[-7.378353,4.648344],[-6.064496,5.36274],[-5.908653,6.676867],[-7.101993,7.292743]]]}},{"type":"Feature","properties":{"hex_id":"827b4ffffffffff","population":13311020,"population_year":2025,"area_km2":97556.0,"population_density":136.4,"all_players":1,"players_per_million":0.08,"player_ids":["top5:mbwana-samatta:1992"],"label":"Dar es Salaam","country":"Tanzania"},"geometry":{"type":"Polygon","coordinates":[[[39.87875,-6.870649],[40.457967,-5.241721],[39.336558,-3.891569],[37.624159,-4.150913],[37.018681,-5.780085],[38.151196,-7.150038],[39.87875,-6.870649]]]}},{"type":"Feature","properties":{"hex_id":"828007fffffffff","population":3482760,"population_year":2025,"area_km2":104599.8,"population_density":33.3,"all_players":1,"players_per_million":0.29,"player_ids":["top5:isaac:2004"],"label":"Teresina","country":"Brazil"},"geometry":{"type":"Polygon","coordinates":[[[-41.713738,-6.308249],[-40.322212,-5.151417],[-40.633592,-3.37411],[-42.329578,-2.75193],[-43.719691,-3.904927],[-43.415682,-5.683541],[-41.713738,-6.308249]]]}},{"type":"Feature","properties":{"hex_id":"828017fffffffff","population":6268760,"population_year":2025,"area_km2":104135.0,"population_density":60.2,"all_players":1,"players_per_million":0.16,"player_ids":["top5:evanilson:1999"],"label":"Fortaleza","country":"Brazil"},"geometry":{"type":"Polygon","coordinates":[[[-38.62207,-5.766943],[-37.243135,-4.606029],[-37.560025,-2.835155],[-39.250812,-2.218386],[-40.633592,-3.37411],[-40.322212,-5.151417],[-38.62207,-5.766943]]]}},{"type":"Feature","properties":{"hex_id":"828037fffffffff","population":2852877,"population_year":2025,"area_km2":104135.0,"population_density":27.4,"all_players":1,"players_per_million":0.35,"player_ids":["top5:luiz-lucio-reis-junior:2001"],"label":"Picos","country":"Brazil"},"geometry":{"type":"Polygon","coordinates":[[[-39.695155,-8.696744],[-38.305671,-7.537486],[-38.62207,-5.766943],[-40.322212,-5.151417],[-41.713738,-6.308249],[-41.403553,-8.082641],[-39.695155,-8.696744]]]}},{"type":"Feature","properties":{"hex_id":"82806ffffffffff","population":804638,"population_year":2025,"area_km2":99241.3,"population_density":8.1,"all_players":1,"players_per_million":1.24,"player_ids":["top5:igor-paixao:2000"],"label":"Macapá","country":"Brazil"},"geometry":{"type":"Polygon","coordinates":[[[-51.787489,-2.531252],[-50.42144,-1.400332],[-50.700334,0.350394],[-52.333414,0.957171],[-53.682044,-0.170178],[-53.415293,-1.907546],[-51.787489,-2.531252]]]}},{"type":"Feature","properties":{"hex_id":"828117fffffffff","population":7248856,"population_year":2025,"area_km2":101417.2,"population_density":71.5,"all_players":2,"players_per_million":0.28,"player_ids":["top5:andre:2001","top5:dante:1983"],"label":"Salvador","country":"Brazil"},"geometry":{"type":"Polygon","coordinates":[[[-38.743962,-13.939409],[-37.348487,-12.792371],[-37.668868,-11.053571],[-39.379495,-10.457721],[-40.778688,-11.60628],[-40.464024,-13.348757],[-38.743962,-13.939409]]]}},{"type":"Feature","properties":{"hex_id":"828137fffffffff","population":2618720,"population_year":2025,"area_km2":99241.3,"population_density":26.4,"all_players":2,"players_per_million":0.76,"player_ids":["top5:alisson-santos:2002","top5:gleison-bremer:1997"],"label":"Itapitanga","country":"Brazil"},"geometry":{"type":"Polygon","coordinates":[[[-39.830275,-16.779215],[-38.424109,-15.653798],[-38.743962,-13.939409],[-40.464024,-13.348757],[-41.872036,-14.477922],[-41.558629,-16.193559],[-39.830275,-16.779215]]]}},{"type":"Feature","properties":{"hex_id":"82815ffffffffff","population":1719868,"population_year":2025,"area_km2":102761.2,"population_density":16.7,"all_players":1,"players_per_million":0.58,"player_ids":["top5:wesley:2003"],"label":"Açailândia","country":"Brazil"},"geometry":{"type":"Polygon","coordinates":[[[-47.898087,-7.331624],[-46.505589,-6.197677],[-46.800487,-4.422917],[-48.477574,-3.790659],[-49.858327,-4.923763],[-49.574102,-6.689606],[-47.898087,-7.331624]]]}},{"type":"Feature","properties":{"hex_id":"828187fffffffff","population":10223616,"population_year":2025,"area_km2":101417.2,"population_density":100.8,"all_players":4,"players_per_million":0.39,"player_ids":["top5:igor:1998","top5:joelinton:1996","top5:luis-henrique:2001","top5:matheus-cunha:1999"],"label":"João Pessoa","country":"Brazil"},"geometry":{"type":"Polygon","coordinates":[[[-34.589059,-10.472717],[-33.228016,-9.306023],[-33.551706,-7.562377],[-35.233892,-6.974007],[-36.605565,-8.138603],[-36.284909,-9.893325],[-34.589059,-10.472717]]]}},{"type":"Feature","properties":{"hex_id":"8281a7fffffffff","population":1533537,"population_year":2025,"area_km2":100537.4,"population_density":15.3,"all_players":1,"players_per_million":0.65,"player_ids":["top5:luis-guilherme:2006"],"label":"Aracaju","country":"Brazil"},"geometry":{"type":"Polygon","coordinates":[[[-35.639918,-13.362886],[-34.264943,-12.203098],[-34.589059,-10.472717],[-36.284909,-9.893325],[-37.668868,-11.053571],[-37.348487,-12.792371],[-35.639918,-13.362886]]]}},{"type":"Feature","properties":{"hex_id":"828237fffffffff","population":6650382,"population_year":2025,"area_km2":89801.2,"population_density":74.1,"all_players":2,"players_per_million":0.3,"player_ids":["top5:eduardo-camavinga:2002","top5:m-bala-nzola:1996"],"label":"Buco-Zau","country":"Angola"},"geometry":{"type":"Polygon","coordinates":[[[13.101649,-7.336896],[13.830599,-5.767147],[12.891758,-4.398547],[11.252899,-4.592551],[10.529931,-6.133852],[11.439145,-7.509362],[13.101649,-7.336896]]]}},{"type":"Feature","properties":{"hex_id":"82828ffffffffff","population":5899558,"population_year":2025,"area_km2":80847.5,"population_density":73.0,"all_players":8,"players_per_million":1.36,"player_ids":["top5:andre-frank-zambo-anguissa:1995","top5:arthur-avom:2004","top5:breel-embolo:1997","top5:faris-pemi-moumbagna:2000","top5:jean-onana:2000","top5:lucien-agoume:2002","top5:simon-ebonog:2004","top5:yvon-mvogo:1994"],"label":"Yaoundé","country":"Cameroon"},"geometry":{"type":"Polygon","coordinates":[[[12.488314,1.301614],[13.190831,2.802597],[12.294352,4.039836],[10.722778,3.789625],[10.026445,2.31899],[10.894897,1.068516],[12.488314,1.301614]]]}},{"type":"Feature","properties":{"hex_id":"8282d7fffffffff","population":6178816,"population_year":2025,"area_km2":76219.8,"population_density":81.1,"all_players":7,"players_per_million":1.13,"player_ids":["top5:carlos-baleba:2004","top5:christian-kofane:2006","top5:darlin-yongwa:2000","top5:ignatius-ganago:1999","top5:karl-etta-eyong:2003","top5:mahamadou-nagida:2005","top5:yvan-neyou:1997"],"label":"Douala","country":"Cameroon"},"geometry":{"type":"Polygon","coordinates":[[[10.026445,2.31899],[10.722778,3.789625],[9.867156,4.989684],[8.344199,4.732154],[7.656465,3.293009],[8.482577,2.080262],[10.026445,2.31899]]]}},{"type":"Feature","properties":{"hex_id":"8282dffffffffff","population":30257808,"population_year":2025,"area_km2":72289.7,"population_density":418.6,"all_players":3,"players_per_million":0.1,"player_ids":["top5:christantus-uche:2003","top5:philip-otele:1999","top5:samuel-chukwueze:1999"],"label":"Owerri","country":"Nigeria"},"geometry":{"type":"Polygon","coordinates":[[[7.656465,3.293009],[8.344199,4.732154],[7.212915,5.860392],[5.720322,5.590237],[5.380973,4.221154],[6.164724,3.047732],[7.656465,3.293009]]]}},{"type":"Feature","properties":{"hex_id":"8282f7fffffffff","population":2037648,"population_year":2025,"area_km2":79647.5,"population_density":25.6,"all_players":1,"players_per_million":0.49,"player_ids":["top5:jacques-ekomie:2003"],"label":"Libreville","country":"Gabon"},"geometry":{"type":"Polygon","coordinates":[[[10.189894,-0.431885],[10.894897,1.068516],[10.026445,2.31899],[8.482577,2.080262],[7.786228,0.611446],[8.624557,-0.649871],[10.189894,-0.431885]]]}},{"type":"Feature","properties":{"hex_id":"828307fffffffff","population":2191940,"population_year":2025,"area_km2":92775.6,"population_density":23.6,"all_players":1,"players_per_million":0.46,"player_ids":["top5:florentino-luis:1999"],"label":"Lobito","country":"Angola"},"geometry":{"type":"Polygon","coordinates":[[[13.538873,-13.318621],[14.286463,-11.741031],[13.317277,-10.315468],[11.630481,-10.465471],[10.888672,-12.018156],[11.827112,-13.445604],[13.538873,-13.318621]]]}},{"type":"Feature","properties":{"hex_id":"82831ffffffffff","population":10721390,"population_year":2025,"area_km2":91641.3,"population_density":117.0,"all_players":1,"players_per_million":0.09,"player_ids":["top5:zito-luvumbo:2002"],"label":"Luanda","country":"Angola"},"geometry":{"type":"Polygon","coordinates":[[[13.317277,-10.315468],[14.055441,-8.737647],[13.101649,-7.336896],[11.439145,-7.509362],[10.70687,-9.060308],[11.630481,-10.465471],[13.317277,-10.315468]]]}},{"type":"Feature","properties":{"hex_id":"82838ffffffffff","population":15649024,"population_year":2025,"area_km2":91641.3,"population_density":170.8,"all_players":5,"players_per_million":0.32,"player_ids":["top5:brice-samba:1994","top5:grady-diangana:1998","top5:nathan-mbala:2008","top5:silas-katompa:1998","top5:willy-kambwala:2004"],"label":"Kinshasa","country":"Democratic Republic of the Congo"},"geometry":{"type":"Polygon","coordinates":[[[15.516939,-5.572189],[16.239904,-3.990915],[15.274266,-2.632268],[13.611699,-2.844753],[12.891758,-4.398547],[13.830599,-5.767147],[15.516939,-5.572189]]]}},{"type":"Feature","properties":{"hex_id":"828ba7fffffffff","population":1215038,"population_year":2025,"area_km2":89440.6,"population_density":13.6,"all_players":1,"players_per_million":0.82,"player_ids":["top5:igor-jesus:2001"],"label":"Cuiabá","country":"Brazil"},"geometry":{"type":"Polygon","coordinates":[[[-57.232931,-16.471189],[-55.884479,-15.488093],[-56.145176,-13.797501],[-57.740216,-13.112603],[-59.063384,-14.106],[-58.81696,-15.773842],[-57.232931,-16.471189]]]}},{"type":"Feature","properties":{"hex_id":"828baffffffffff","population":248807,"population_year":2025,"area_km2":88726.5,"population_density":2.8,"all_players":1,"players_per_million":4.02,"player_ids":["top5:nicolas-andrade:1988"],"label":"Colorado do Oeste","country":"Brazil"},"geometry":{"type":"Polygon","coordinates":[[[-59.063384,-14.106],[-57.740216,-13.112603],[-57.991038,-11.415519],[-59.550634,-10.736966],[-60.846751,-11.739864],[-60.610441,-13.411731],[-59.063384,-14.106]]]}},{"type":"Feature","properties":{"hex_id":"828f2ffffffffff","population":10404469,"population_year":2025,"area_km2":100537.4,"population_density":103.5,"all_players":2,"players_per_million":0.19,"player_ids":["top5:kendry-paez:2007","top5:moises-caicedo:2001"],"label":"Santo Domingo","country":"Ecuador"},"geometry":{"type":"Polygon","coordinates":[[[-79.982821,0.245335],[-81.439141,-0.741795],[-81.292442,-2.502528],[-79.674015,-3.267721],[-78.218164,-2.264143],[-78.379976,-0.512277],[-79.982821,0.245335]]]}},{"type":"Feature","properties":{"hex_id":"8295a7fffffffff","population":6754744,"population_year":2025,"area_km2":76219.8,"population_density":88.6,"all_players":1,"players_per_million":0.15,"player_ids":["top5:emil-audero:1997"],"label":"Mataram","country":"Indonesia"},"geometry":{"type":"Polygon","coordinates":[[[115.044614,-8.542069],[114.838849,-10.067792],[116.030951,-11.14894],[117.457595,-10.713529],[117.677298,-9.16751],[116.456435,-8.076966],[115.044614,-8.542069]]]}},{"type":"Feature","properties":{"hex_id":"82960ffffffffff","population":5925456,"population_year":2025,"area_km2":104135.0,"population_density":56.9,"all_players":1,"players_per_million":0.17,"player_ids":["top5:christian-kabasele:1991"],"label":"Lubumbashi","country":"Democratic Republic of the Congo"},"geometry":{"type":"Polygon","coordinates":[[[27.182251,-13.475427],[27.887041,-11.807394],[26.767979,-10.380054],[24.9542,-10.610164],[24.236516,-12.265824],[25.344468,-13.703903],[27.182251,-13.475427]]]}},{"type":"Feature","properties":{"hex_id":"829627fffffffff","population":5815247,"population_year":2025,"area_km2":104135.0,"population_density":55.8,"all_players":1,"players_per_million":0.17,"player_ids":["top5:lameck-banda:2001"],"label":"Lusaka","country":"Zambia"},"geometry":{"type":"Polygon","coordinates":[[[30.632357,-17.73753],[31.325347,-16.066011],[30.166394,-14.65381],[28.318506,-14.904351],[27.6074,-16.570104],[28.761238,-17.991301],[30.632357,-17.73753]]]}},{"type":"Feature","properties":{"hex_id":"82964ffffffffff","population":2160558,"population_year":2025,"area_km2":98815.5,"population_density":21.9,"all_players":1,"players_per_million":0.46,"player_ids":["top5:aurelio-buta:1997"],"label":"Angola","country":"Angola"},"geometry":{"type":"Polygon","coordinates":[[[18.814367,-12.854632],[19.553926,-11.231115],[18.516528,-9.797621],[16.762979,-9.981512],[16.022259,-11.58367],[17.035318,-13.023262],[18.814367,-12.854632]]]}},{"type":"Feature","properties":{"hex_id":"82970ffffffffff","population":4593736,"population_year":2025,"area_km2":102761.2,"population_density":44.7,"all_players":1,"players_per_million":0.22,"player_ids":["top5:marshall-munetsi:1996"],"label":"Bulawayo","country":"Zimbabwe"},"geometry":{"type":"Polygon","coordinates":[[[31.110325,-20.792947],[31.808529,-19.135021],[30.632357,-17.73753],[28.761238,-17.991301],[28.04381,-19.645632],[29.215631,-21.050014],[31.110325,-20.792947]]]}},{"type":"Feature","properties":{"hex_id":"829717fffffffff","population":4109576,"population_year":2025,"area_km2":101417.2,"population_density":40.5,"all_players":1,"players_per_million":0.24,"player_ids":["top5:reinildo-mandava:1994"],"label":"Beira","country":"Mozambique"},"geometry":{"type":"Polygon","coordinates":[[[36.727367,-19.903397],[37.372092,-18.233776],[36.186504,-16.87583],[34.348791,-17.178754],[33.678039,-18.851575],[34.870107,-20.218527],[36.727367,-19.903397]]]}},{"type":"Feature","properties":{"hex_id":"82a257fffffffff","population":880506,"population_year":2025,"area_km2":93933.6,"population_density":9.4,"all_players":2,"players_per_million":2.27,"player_ids":["top5:ludovic-ajorque:1994","top5:mathieu-acapandie:2004"],"label":"Saint-Denis","country":"France"},"geometry":{"type":"Polygon","coordinates":[[[54.204855,-20.41598],[53.738877,-22.089283],[55.018763,-23.2975],[56.788786,-22.808559],[57.227772,-21.103657],[55.925026,-19.91922],[54.204855,-20.41598]]]}},{"type":"Feature","properties":{"hex_id":"82a307fffffffff","population":331759,"population_year":2025,"area_km2":92775.6,"population_density":3.6,"all_players":1,"players_per_million":3.01,"player_ids":["top5:warmed-omari:2000"],"label":"Bandraboua","country":"France"},"geometry":{"type":"Polygon","coordinates":[[[46.717767,-14.810317],[47.236007,-13.171016],[46.104792,-11.884131],[44.432655,-12.223526],[43.881952,-13.876871],[45.035443,-15.177012],[46.717767,-14.810317]]]}},{"type":"Feature","properties":{"hex_id":"82a807fffffffff","population":5285122,"population_year":2025,"area_km2":85294.5,"population_density":62.0,"all_players":2,"players_per_million":0.38,"player_ids":["top5:marcao:1996","top5:yan-couto:2002"],"label":"Curitiba","country":"Brazil"},"geometry":{"type":"Polygon","coordinates":[[[-49.487409,-25.620271],[-48.061859,-24.679886],[-48.35944,-23.093332],[-50.070903,-22.458019],[-51.481406,-23.408711],[-51.195854,-24.984006],[-49.487409,-25.620271]]]}},{"type":"Feature","properties":{"hex_id":"82a817fffffffff","population":35227396,"population_year":2025,"area_km2":87326.6,"population_density":403.4,"all_players":25,"players_per_million":0.71,"player_ids":["top5:antony:2000","top5:bernardo:1995","top5:caio-henrique-oliveira-silva:1997","top5:carlos-augusto:1999","top5:casemiro:1992","top5:david-neres:1997","top5:dodo:1998","top5:emerson-palmieri:1994","top5:gabriel-jesus:1997","top5:gabriel-magalhaes:1997","top5:gabriel-martinelli:2001","top5:gabriel-strefezza:1997","top5:giovane:2003","top5:john:1996","top5:kevin:2003","top5:lucas-beraldo:2003","top5:lucas-perri:1997","top5:marquinhos:1994","top5:morato:2001","top5:murillo:2002","top5:natan:2001","top5:renato-marin:2006","top5:rodrygo:2001","top5:vitor-reis:2006","top5:wesley:2005"],"label":"São Paulo","country":"Brazil"},"geometry":{"type":"Polygon","coordinates":[[[-46.329568,-25.285204],[-44.896021,-24.304788],[-45.204057,-22.710396],[-46.93561,-22.103817],[-48.35944,-23.093332],[-48.061859,-24.679886],[-46.329568,-25.285204]]]}},{"type":"Feature","properties":{"hex_id":"82a81ffffffffff","population":7721730,"population_year":2025,"area_km2":89801.2,"population_density":86.0,"all_players":6,"players_per_million":0.78,"player_ids":["top5:calebe:2000","top5:diego-carlos:1993","top5:eder-militao:1998","top5:estevao-willian:2007","top5:joao-pedro:2001","top5:mateus-lusuardi:2004"],"label":"Monte Azul Paulista","country":"Brazil"},"geometry":{"type":"Polygon","coordinates":[[[-48.35944,-23.093332],[-46.93561,-22.103817],[-47.235943,-20.470042],[-48.949081,-19.835922],[-50.359831,-20.834788],[-50.070903,-22.458019],[-48.35944,-23.093332]]]}},{"type":"Feature","properties":{"hex_id":"82a82ffffffffff","population":3537573,"population_year":2025,"area_km2":82705.0,"population_density":42.8,"all_players":1,"players_per_million":0.28,"player_ids":["top5:romulo:2002"],"label":"Marialva","country":"Brazil"},"geometry":{"type":"Polygon","coordinates":[[[-52.605017,-25.883021],[-51.195854,-24.984006],[-51.481406,-23.408711],[-53.163082,-22.746553],[-54.552341,-23.657242],[-54.280118,-25.218062],[-52.605017,-25.883021]]]}},{"type":"Feature","properties":{"hex_id":"82a857fffffffff","population":1234653,"population_year":2025,"area_km2":88726.5,"population_density":13.9,"all_players":1,"players_per_million":0.81,"player_ids":["top5:ederson:1999"],"label":"Campo Grande","country":"Brazil"},"geometry":{"type":"Polygon","coordinates":[[[-53.439218,-21.137466],[-52.046783,-20.176039],[-52.326619,-18.522782],[-53.985736,-17.847757],[-55.357384,-18.820086],[-55.090965,-20.456245],[-53.439218,-21.137466]]]}},{"type":"Feature","properties":{"hex_id":"82a85ffffffffff","population":744792,"population_year":2025,"area_km2":89440.6,"population_density":8.3,"all_players":1,"players_per_million":1.34,"player_ids":["top5:vanderson:2001"],"label":"Rondonópolis","country":"Brazil"},"geometry":{"type":"Polygon","coordinates":[[[-55.357384,-18.820086],[-53.985736,-17.847757],[-54.256132,-16.171868],[-55.884479,-15.488093],[-57.232931,-16.471189],[-56.976445,-18.12707],[-55.357384,-18.820086]]]}},{"type":"Feature","properties":{"hex_id":"82a867fffffffff","population":297263,"population_year":2025,"area_km2":80847.5,"population_density":3.7,"all_players":1,"players_per_million":3.36,"player_ids":["top5:julio-enciso:2004"],"label":"Paraguay","country":"Paraguay"},"geometry":{"type":"Polygon","coordinates":[[[-57.556366,-23.841124],[-56.195482,-22.970772],[-56.457731,-21.379153],[-58.066347,-20.678137],[-59.400975,-21.562235],[-59.153405,-23.133384],[-57.556366,-23.841124]]]}},{"type":"Feature","properties":{"hex_id":"82a887fffffffff","population":6514988,"population_year":2025,"area_km2":92775.6,"population_density":70.2,"all_players":1,"players_per_million":0.15,"player_ids":["top5:emersonn:2004"],"label":"Cachoeiro de Itapemirim","country":"Brazil"},"geometry":{"type":"Polygon","coordinates":[[[-42.034051,-22.260838],[-40.609178,-21.200843],[-40.927192,-19.557548],[-42.662641,-18.976573],[-44.08545,-20.043635],[-43.775354,-21.684143],[-42.034051,-22.260838]]]}},{"type":"Feature","properties":{"hex_id":"82a88ffffffffff","population":5538942,"population_year":2025,"area_km2":95515.4,"population_density":58.0,"all_players":3,"players_per_million":0.54,"player_ids":["top5:arthur:2003","top5:juan-jesus:1991","top5:junior-messias:1991"],"label":"Belo Horizonte","country":"Brazil"},"geometry":{"type":"Polygon","coordinates":[[[-44.08545,-20.043635],[-42.662641,-18.976573],[-42.974527,-17.295269],[-44.70061,-16.685821],[-46.117749,-17.759599],[-45.814924,-19.435672],[-44.08545,-20.043635]]]}},{"type":"Feature","properties":{"hex_id":"82a89ffffffffff","population":2133294,"population_year":2025,"area_km2":96323.1,"population_density":22.1,"all_players":2,"players_per_million":0.94,"player_ids":["top5:richarlison:1997","top5:savio:2004"],"label":"São Mateus","country":"Brazil"},"geometry":{"type":"Polygon","coordinates":[[[-40.927192,-19.557548],[-39.511209,-18.46145],[-39.830275,-16.779215],[-41.558629,-16.193559],[-42.974527,-17.295269],[-42.662641,-18.976573],[-40.927192,-19.557548]]]}},{"type":"Feature","properties":{"hex_id":"82a8a7fffffffff","population":15397379,"population_year":2025,"area_km2":88726.5,"population_density":173.5,"all_players":13,"players_per_million":0.84,"player_ids":["top5:alexsandro-ribeiro:1999","top5:andrey-santos:2004","top5:bruno-guimaraes:1997","top5:douglas-luiz:1998","top5:igor-carioca:1996","top5:joao-gomes:2001","top5:kaua-santos:2003","top5:lorran:2006","top5:lucas-paqueta:1997","top5:matheus-nunes:1998","top5:rayan:2006","top5:vinicius-junior:2000","top5:vinicius-souza:1999"],"label":"Rio de Janeiro","country":"Brazil"},"geometry":{"type":"Polygon","coordinates":[[[-43.150153,-24.877664],[-41.71736,-23.859502],[-42.034051,-22.260838],[-43.775354,-21.684143],[-45.204057,-22.710396],[-44.896021,-24.304788],[-43.150153,-24.877664]]]}},{"type":"Feature","properties":{"hex_id":"82a8affffffffff","population":4855487,"population_year":2025,"area_km2":91641.3,"population_density":53.0,"all_players":1,"players_per_million":0.21,"player_ids":["top5:hernani:1994"],"label":"São Gonçalo do Sapucaí","country":"Brazil"},"geometry":{"type":"Polygon","coordinates":[[[-45.204057,-22.710396],[-43.775354,-21.684143],[-44.08545,-20.043635],[-45.814924,-19.435672],[-47.235943,-20.470042],[-46.93561,-22.103817],[-45.204057,-22.710396]]]}},{"type":"Feature","properties":{"hex_id":"82a8c7fffffffff","population":6103080,"population_year":2025,"area_km2":95515.4,"population_density":63.9,"all_players":2,"players_per_million":0.33,"player_ids":["top5:endrick:2006","top5:igor-thiago:2001"],"label":"Gama","country":"Brazil"},"geometry":{"type":"Polygon","coordinates":[[[-49.241144,-18.169266],[-47.831229,-17.126909],[-48.126183,-15.422507],[-49.819767,-14.772325],[-51.215379,-15.82234],[-50.932065,-17.514519],[-49.241144,-18.169266]]]}},{"type":"Feature","properties":{"hex_id":"82a8cffffffffff","population":231674,"population_year":2025,"area_km2":96323.1,"population_density":2.4,"all_players":1,"players_per_million":4.32,"player_ids":["top5:alexandre-alemao:1998"],"label":"Brazil","country":"Brazil"},"geometry":{"type":"Polygon","coordinates":[[[-51.215379,-15.82234],[-49.819767,-14.772325],[-50.106332,-13.047598],[-51.776426,-12.387612],[-53.154789,-13.444724],[-52.880616,-15.154416],[-51.215379,-15.82234]]]}},{"type":"Feature","properties":{"hex_id":"82a90ffffffffff","population":5687266,"population_year":2025,"area_km2":75672.4,"population_density":75.2,"all_players":3,"players_per_million":0.53,"player_ids":["top5:alisson:1992","top5:leo-scienza:1998","top5:raphinha:1996"],"label":"Porto Alegre","country":"Brazil"},"geometry":{"type":"Polygon","coordinates":[[[-51.753337,-30.359872],[-50.327685,-29.525999],[-50.618998,-28.043997],[-52.323074,-27.407025],[-53.729804,-28.251992],[-53.451698,-29.722439],[-51.753337,-30.359872]]]}},{"type":"Feature","properties":{"hex_id":"82a91ffffffffff","population":2751227,"population_year":2025,"area_km2":77902.3,"population_density":35.3,"all_players":1,"players_per_million":0.36,"player_ids":["top5:arthur-chaves:2001"],"label":"Florianópolis","country":"Brazil"},"geometry":{"type":"Polygon","coordinates":[[[-48.598026,-30.12918],[-47.158063,-29.25093],[-47.461171,-27.760044],[-49.192836,-27.155857],[-50.618998,-28.043997],[-50.327685,-29.525999],[-48.598026,-30.12918]]]}},{"type":"Feature","properties":{"hex_id":"82a94ffffffffff","population":2872917,"population_year":2025,"area_km2":76219.8,"population_density":37.7,"all_players":3,"players_per_million":1.04,"player_ids":["top5:antonio-sanabria:1996","top5:julio-soler:2005","top5:omar-alderete:1996"],"label":"Asunción","country":"Paraguay"},"geometry":{"type":"Polygon","coordinates":[[[-58.652486,-26.200276],[-57.298468,-25.384508],[-57.556366,-23.841124],[-59.153405,-23.133384],[-60.479738,-23.963809],[-60.236852,-25.487093],[-58.652486,-26.200276]]]}},{"type":"Feature","properties":{"hex_id":"82a96ffffffffff","population":1609305,"population_year":2025,"area_km2":72289.7,"population_density":22.3,"all_players":2,"players_per_million":1.24,"player_ids":["top5:claudio-echeverri:2006","top5:walter-benitez:1993"],"label":"General José de San Martín","country":"Argentina"},"geometry":{"type":"Polygon","coordinates":[[[-59.7453,-28.452967],[-58.39911,-27.6928],[-58.652486,-26.200276],[-60.236852,-25.487093],[-61.529913,-26.578843],[-61.28715,-28.072875],[-59.7453,-28.452967]]]}},{"type":"Feature","properties":{"hex_id":"82b247fffffffff","population":2390059,"population_year":2025,"area_km2":73030.9,"population_density":32.7,"all_players":6,"players_per_million":2.51,"player_ids":["top5:cristian-romero:1998","top5:franco-vazquez:1989","top5:joaquin-panichelli:2002","top5:lucas-beltran:2001","top5:mariano-troilo:2003","top5:renzo-saravia:1993"],"label":"Córdoba","country":"Argentina"},"geometry":{"type":"Polygon","coordinates":[[[-64.2154,-28.744357],[-65.607305,-29.81272],[-65.373462,-31.289486],[-63.7387,-31.680908],[-62.373572,-30.614686],[-62.615887,-29.155222],[-64.2154,-28.744357]]]}},{"type":"Feature","properties":{"hex_id":"82b24ffffffffff","population":1747367,"population_year":2025,"area_km2":68186.6,"population_density":25.6,"all_players":4,"players_per_million":2.29,"player_ids":["top5:facundo-garces:1999","top5:julian-alvarez:2000","top5:julian-vignolo:2006","top5:martin-payero:1998"],"label":"Santa Fe","country":"Argentina"},"geometry":{"type":"Polygon","coordinates":[[[-62.373572,-30.614686],[-63.7387,-31.680908],[-63.49719,-33.101224],[-61.882735,-33.439024],[-60.546841,-32.376319],[-60.79563,-30.972609],[-62.373572,-30.614686]]]}},{"type":"Feature","properties":{"hex_id":"82b25ffffffffff","population":1268214,"population_year":2025,"area_km2":70782.3,"population_density":17.9,"all_players":5,"players_per_million":3.94,"player_ids":["top5:julian-malatini:2001","top5:leonardo-balerdi:1999","top5:nahuel-molina:1998","top5:paulo-dybala:1993","top5:santiago-colombatto:1997"],"label":"Embalse","country":"Argentina"},"geometry":{"type":"Polygon","coordinates":[[[-65.373462,-31.289486],[-66.801494,-32.33604],[-66.569458,-33.770896],[-64.899351,-34.14503],[-63.49719,-33.101224],[-63.7387,-31.680908],[-65.373462,-31.289486]]]}},{"type":"Feature","properties":{"hex_id":"82b267fffffffff","population":787699,"population_year":2025,"area_km2":74863.4,"population_density":10.5,"all_players":2,"players_per_million":2.54,"player_ids":["top5:oscar-trejo:1988","top5:santiago-hidalgo:2005"],"label":"Santiago del Estero","country":"Argentina"},"geometry":{"type":"Polygon","coordinates":[[[-63.094398,-26.146703],[-64.45063,-27.230124],[-64.2154,-28.744357],[-62.615887,-29.155222],[-61.28715,-28.072875],[-61.529913,-26.578843],[-63.094398,-26.146703]]]}},{"type":"Feature","properties":{"hex_id":"82b277fffffffff","population":1185348,"population_year":2025,"area_km2":77902.3,"population_density":15.2,"all_players":2,"players_per_million":1.69,"player_ids":["top5:exequiel-palacios:1998","top5:luis-vazquez:2001"],"label":"Recreo","country":"Argentina"},"geometry":{"type":"Polygon","coordinates":[[[-66.068669,-26.766212],[-67.484672,-27.835285],[-67.259078,-29.367232],[-65.607305,-29.81272],[-64.2154,-28.744357],[-64.45063,-27.230124],[-66.068669,-26.766212]]]}},{"type":"Feature","properties":{"hex_id":"82b2c7fffffffff","population":11329671,"population_year":2025,"area_km2":74863.4,"population_density":151.3,"all_players":6,"players_per_million":0.53,"player_ids":["top5:damian-pizarro:2005","top5:felipe-loyola:2000","top5:francisco-sierralta:1997","top5:gabriel-suazo:1997","top5:guillermo-maripan:1994","top5:lucas-cepeda:2002"],"label":"Santiago","country":"Chile"},"geometry":{"type":"Polygon","coordinates":[[[-71.701009,-32.457423],[-73.23859,-33.44609],[-73.032279,-34.902991],[-71.273842,-35.361914],[-69.752658,-34.374792],[-69.972956,-32.927676],[-71.701009,-32.457423]]]}},{"type":"Feature","properties":{"hex_id":"82b2effffffffff","population":1914597,"population_year":2025,"area_km2":73030.9,"population_density":26.2,"all_players":2,"players_per_million":1.04,"player_ids":["top5:valentin-castellanos:1998","top5:zaid-romero:1999"],"label":"Mendoza","country":"Argentina"},"geometry":{"type":"Polygon","coordinates":[[[-68.486872,-31.907057],[-69.972956,-32.927676],[-69.752658,-34.374792],[-68.033964,-34.789455],[-66.569458,-33.770896],[-66.801494,-32.33604],[-68.486872,-31.907057]]]}},{"type":"Feature","properties":{"hex_id":"82b31ffffffffff","population":31627,"population_year":2025,"area_km2":91641.3,"population_density":0.3,"all_players":1,"players_per_million":31.62,"player_ids":["top5:alexis-sanchez:1988"],"label":"Tocopilla","country":"Chile"},"geometry":{"type":"Polygon","coordinates":[[[-71.658692,-20.223235],[-73.129201,-21.285627],[-72.931331,-22.965031],[-71.249675,-23.565724],[-69.794233,-22.499632],[-70.00489,-20.836911],[-71.658692,-20.223235]]]}},{"type":"Feature","properties":{"hex_id":"82bb57fffffffff","population":2517968,"population_year":2025,"area_km2":91641.3,"population_density":27.5,"all_players":1,"players_per_million":0.4,"player_ids":["top5:chris-wood:1991"],"label":"Auckland","country":"New Zealand"},"geometry":{"type":"Polygon","coordinates":[[[176.688659,-37.499409],[176.415194,-35.801656],[174.557652,-35.124424],[172.898106,-36.141695],[173.101494,-37.871743],[175.036544,-38.552712],[176.688659,-37.499409]]]}},{"type":"Feature","properties":{"hex_id":"82bcc7fffffffff","population":16401038,"population_year":2025,"area_km2":95515.4,"population_density":171.7,"all_players":1,"players_per_million":0.06,"player_ids":["top5:lyle-foster:2000"],"label":"Soweto","country":"South Africa"},"geometry":{"type":"Polygon","coordinates":[[[29.424697,-28.585894],[30.161044,-27.015106],[28.952033,-25.669244],[27.013681,-25.892672],[26.259296,-27.461202],[27.460057,-28.808795],[29.424697,-28.585894]]]}},{"type":"Feature","properties":{"hex_id":"82be0ffffffffff","population":6793674,"population_year":2025,"area_km2":104135.0,"population_density":65.2,"all_players":4,"players_per_million":0.59,"player_ids":["top5:antonio-arena:2009","top5:connor-metcalfe:1999","top5:cristian-volpato:2003","top5:mathew-ryan:1992"],"label":"Plumpton","country":"Australia"},"geometry":{"type":"Polygon","coordinates":[[[152.177285,-35.125129],[152.420459,-33.332138],[150.704674,-32.253721],[148.729494,-32.935272],[148.409969,-34.714468],[150.140595,-35.826845],[152.177285,-35.125129]]]}},{"type":"Feature","properties":{"hex_id":"82be67fffffffff","population":5799918,"population_year":2025,"area_km2":101417.2,"population_density":57.2,"all_players":1,"players_per_million":0.17,"player_ids":["top5:jackson-irvine:1993"],"label":"Melbourne","country":"Australia"},"geometry":{"type":"Polygon","coordinates":[[[147.365513,-40.022078],[147.728894,-38.261419],[145.990588,-37.115507],[143.887418,-37.698406],[143.445429,-39.437203],[145.182884,-40.615783],[147.365513,-40.022078]]]}},{"type":"Feature","properties":{"hex_id":"82c21ffffffffff","population":718809,"population_year":2025,"area_km2":56786.6,"population_density":12.7,"all_players":2,"players_per_million":2.78,"player_ids":["top5:emi-buendia:1996","top5:emiliano-martinez:1992"],"label":"Mar del Plata","country":"Argentina"},"geometry":{"type":"Polygon","coordinates":[[[-56.300463,-38.517762],[-54.888123,-37.903324],[-55.164004,-36.642936],[-56.837235,-36.005614],[-58.223405,-36.629598],[-57.962724,-37.880975],[-56.300463,-38.517762]]]}},{"type":"Feature","properties":{"hex_id":"82c22ffffffffff","population":573019,"population_year":2025,"area_km2":56786.6,"population_density":10.1,"all_players":1,"players_per_million":1.75,"player_ids":["top5:franco-mastantuono:2007"],"label":"Azul","country":"Argentina"},"geometry":{"type":"Polygon","coordinates":[[[-59.788176,-36.394827],[-61.130701,-37.429854],[-60.875746,-38.693373],[-59.271995,-38.910054],[-57.962724,-37.880975],[-58.223405,-36.629598],[-59.788176,-36.394827]]]}},{"type":"Feature","properties":{"hex_id":"82c2c7fffffffff","population":788902,"population_year":2025,"area_km2":63447.1,"population_density":12.4,"all_players":1,"players_per_million":1.27,"player_ids":["top5:franco-israel:2000"],"label":"Nueva Helvecia","country":"Uruguay"},"geometry":{"type":"Polygon","coordinates":[[[-57.102564,-34.700194],[-55.709654,-34.021808],[-55.979444,-32.661445],[-57.627165,-31.991695],[-58.993312,-32.682213],[-58.738685,-34.029993],[-57.102564,-34.700194]]]}},{"type":"Feature","properties":{"hex_id":"82c2cffffffffff","population":1422209,"population_year":2025,"area_km2":65980.3,"population_density":21.6,"all_players":2,"players_per_million":1.41,"player_ids":["top5:marcos-senesi:1997","top5:mauro-arambarri:1995"],"label":"Concordia","country":"Argentina"},"geometry":{"type":"Polygon","coordinates":[[[-58.993312,-32.682213],[-57.627165,-31.991695],[-57.886462,-30.589507],[-59.496606,-29.892985],[-60.79563,-30.972609],[-60.546841,-32.376319],[-58.993312,-32.682213]]]}},{"type":"Feature","properties":{"hex_id":"82c2dffffffffff","population":339284,"population_year":2025,"area_km2":68186.6,"population_density":5.0,"all_players":1,"players_per_million":2.95,"player_ids":["top5:ronald-araujo:1999"],"label":"Rivera","country":"Uruguay"},"geometry":{"type":"Polygon","coordinates":[[[-55.979444,-32.661445],[-54.58085,-31.927643],[-54.854902,-30.51203],[-56.513005,-29.843289],[-57.886462,-30.589507],[-57.627165,-31.991695],[-55.979444,-32.661445]]]}},{"type":"Feature","properties":{"hex_id":"82c2e7fffffffff","population":16637306,"population_year":2025,"area_km2":59429.4,"population_density":280.0,"all_players":28,"players_per_million":1.68,"player_ids":["top5:augusto-batalla:1996","top5:benjamin-dominguez:2003","top5:carlos-alcaraz:2002","top5:christian-ordonez:2004","top5:enzo-fernandez:2001","top5:facundo-medina:1999","top5:federico-gattoni:1999","top5:franco-carboni:2003","top5:geronimo-rulli:1992","top5:giovanni-simeone:1995","top5:giuliano-simeone:2002","top5:guido-rodriguez:1994","top5:juan-foyth:1998","top5:maximo-perrone:2003","top5:nahuel-estevez:1995","top5:nahuel-tenaglia:1996","top5:nicolas-dominguez:1998","top5:nicolas-gonzalez:1998","top5:nicolas-tagliafico:1992","top5:rodrigo-bentancur:1997","top5:santiago-castro:2004","top5:santiago-gimenez:2001","top5:santiago-pierotti:2001","top5:thiago-almada:2001","top5:thiago-fernandez:2004","top5:valentin-barco:2004","top5:valentin-carboni:2005","top5:valentin-gomez:2003"],"label":"Buenos Aires","country":"Argentina"},"geometry":{"type":"Polygon","coordinates":[[[-58.223405,-36.629598],[-56.837235,-36.005614],[-57.102564,-34.700194],[-58.738685,-34.029993],[-60.04313,-35.087873],[-59.788176,-36.394827],[-58.223405,-36.629598]]]}},{"type":"Feature","properties":{"hex_id":"82c2effffffffff","population":3012497,"population_year":2025,"area_km2":63447.1,"population_density":47.5,"all_players":9,"players_per_million":2.99,"player_ids":["top5:alejo-sarco:2006","top5:ezequiel-avila:1994","top5:facundo-buonanotte:2004","top5:giovani-lo-celso:1996","top5:juan-musso:1994","top5:lautaro-valenti:1999","top5:lisandro-martinez:1998","top5:matias-dituro:1987","top5:nicolas-valentini:2001"],"label":"Rosario","country":"Argentina"},"geometry":{"type":"Polygon","coordinates":[[[-60.546841,-32.376319],[-61.882735,-33.439024],[-61.634178,-34.802491],[-60.04313,-35.087873],[-58.738685,-34.029993],[-58.993312,-32.682213],[-60.546841,-32.376319]]]}},{"type":"Feature","properties":{"hex_id":"82c2f7fffffffff","population":2188958,"population_year":2025,"area_km2":61279.2,"population_density":35.7,"all_players":17,"players_per_million":7.77,"player_ids":["top5:agustin-albarracin:2005","top5:alan-matturro:2004","top5:alfonso-espino:1992","top5:carlos-benavidez:1998","top5:cristhian-stuani:1986","top5:federico-valverde:1998","top5:federico-vinas:1998","top5:jose-maria-gimenez:1995","top5:leandro-cabrera:1991","top5:manuel-ugarte:2001","top5:martin-satriano:2001","top5:mathias-olivera:1997","top5:matias-vecino:1991","top5:santiago-bueno:1998","top5:santiago-mourino:2002","top5:sebastian-boselli:2003","top5:thiago-borbas:2002"],"label":"Montevideo","country":"Uruguay"},"geometry":{"type":"Polygon","coordinates":[[[-55.164004,-36.642936],[-53.746651,-35.974736],[-54.026733,-34.659415],[-55.709654,-34.021808],[-57.102564,-34.700194],[-56.837235,-36.005614],[-55.164004,-36.642936]]]}},{"type":"Feature","properties":{"hex_id":"82c347fffffffff","population":255999,"population_year":2025,"area_km2":63447.1,"population_density":4.0,"all_players":2,"players_per_million":7.81,"player_ids":["top5:alexis-mac-allister:1998","top5:nicolas-capaldo:1998"],"label":"Santa Rosa","country":"Argentina"},"geometry":{"type":"Polygon","coordinates":[[[-64.659039,-35.522424],[-66.098784,-36.538081],[-65.860099,-37.869616],[-64.171797,-38.174411],[-62.759792,-37.162506],[-63.007756,-35.842443],[-64.659039,-35.522424]]]}},{"type":"Feature","properties":{"hex_id":"82c34ffffffffff","population":487988,"population_year":2025,"area_km2":65961.6,"population_density":7.4,"all_players":3,"players_per_million":6.15,"player_ids":["top5:aaron-anselmino:2005","top5:lucas-boye:1996","top5:paulo-gazzaniga:1992"],"label":"San Gregorio","country":"Argentina"},"geometry":{"type":"Polygon","coordinates":[[[-63.49719,-33.101224],[-64.899351,-34.14503],[-64.659039,-35.522424],[-63.007756,-35.842443],[-61.634178,-34.802491],[-61.882735,-33.439024],[-63.49719,-33.101224]]]}},{"type":"Feature","properties":{"hex_id":"82c357fffffffff","population":588944,"population_year":2025,"area_km2":59429.4,"population_density":9.9,"all_players":1,"players_per_million":1.7,"player_ids":["top5:lautaro-martinez:1997"],"label":"Bahía Blanca","country":"Argentina"},"geometry":{"type":"Polygon","coordinates":[[[-62.759792,-37.162506],[-64.171797,-38.174411],[-63.392024,-39.554439],[-61.702806,-39.800882],[-60.875746,-38.693373],[-61.130701,-37.429854],[-62.759792,-37.162506]]]}}]}